CRITICAL - 2024-09-16 00:00:02 --> ErrorException: Constant LANG already defined
[Method: GET, Route: CronJob/envia_avisos]
in APPPATH/Controllers/CronJob.php on line 18.
 1 [internal function]: CodeIgniter\Debug\Exceptions->errorHandler(2, 'Constant LANG already defined', '/home/next0355/dev.next1crm.com.br/app/Controllers/CronJob.php', 18)
 2 APPPATH/Controllers/CronJob.php(18): define('LANG', 'portuguese_br')
 3 APPPATH/Controllers/DynamicController.php(19): App\Controllers\CronJob->__construct()
 4 SYSTEMPATH/CodeIgniter.php(933): App\Controllers\DynamicController->execute('CronJob', 'envia_avisos')
 5 SYSTEMPATH/CodeIgniter.php(509): CodeIgniter\CodeIgniter->runController(Object(App\Controllers\DynamicController))
 6 SYSTEMPATH/CodeIgniter.php(355): CodeIgniter\CodeIgniter->handleRequest(null, Object(Config\Cache), false)
 7 SYSTEMPATH/Boot.php(325): CodeIgniter\CodeIgniter->run()
 8 SYSTEMPATH/Boot.php(67): CodeIgniter\Boot::runCodeIgniter(Object(CodeIgniter\CodeIgniter))
 9 FCPATH/index.php(56): CodeIgniter\Boot::bootWeb(Object(Config\Paths))
CRITICAL - 2024-09-16 00:15:02 --> ErrorException: Constant LANG already defined
[Method: GET, Route: CronJob/envia_avisos]
in APPPATH/Controllers/CronJob.php on line 18.
 1 [internal function]: CodeIgniter\Debug\Exceptions->errorHandler(2, 'Constant LANG already defined', '/home/next0355/dev.next1crm.com.br/app/Controllers/CronJob.php', 18)
 2 APPPATH/Controllers/CronJob.php(18): define('LANG', 'portuguese_br')
 3 APPPATH/Controllers/DynamicController.php(19): App\Controllers\CronJob->__construct()
 4 SYSTEMPATH/CodeIgniter.php(933): App\Controllers\DynamicController->execute('CronJob', 'envia_avisos')
 5 SYSTEMPATH/CodeIgniter.php(509): CodeIgniter\CodeIgniter->runController(Object(App\Controllers\DynamicController))
 6 SYSTEMPATH/CodeIgniter.php(355): CodeIgniter\CodeIgniter->handleRequest(null, Object(Config\Cache), false)
 7 SYSTEMPATH/Boot.php(325): CodeIgniter\CodeIgniter->run()
 8 SYSTEMPATH/Boot.php(67): CodeIgniter\Boot::runCodeIgniter(Object(CodeIgniter\CodeIgniter))
 9 FCPATH/index.php(56): CodeIgniter\Boot::bootWeb(Object(Config\Paths))
CRITICAL - 2024-09-16 00:30:03 --> ErrorException: Constant LANG already defined
[Method: GET, Route: CronJob/envia_avisos]
in APPPATH/Controllers/CronJob.php on line 18.
 1 [internal function]: CodeIgniter\Debug\Exceptions->errorHandler(2, 'Constant LANG already defined', '/home/next0355/dev.next1crm.com.br/app/Controllers/CronJob.php', 18)
 2 APPPATH/Controllers/CronJob.php(18): define('LANG', 'portuguese_br')
 3 APPPATH/Controllers/DynamicController.php(19): App\Controllers\CronJob->__construct()
 4 SYSTEMPATH/CodeIgniter.php(933): App\Controllers\DynamicController->execute('CronJob', 'envia_avisos')
 5 SYSTEMPATH/CodeIgniter.php(509): CodeIgniter\CodeIgniter->runController(Object(App\Controllers\DynamicController))
 6 SYSTEMPATH/CodeIgniter.php(355): CodeIgniter\CodeIgniter->handleRequest(null, Object(Config\Cache), false)
 7 SYSTEMPATH/Boot.php(325): CodeIgniter\CodeIgniter->run()
 8 SYSTEMPATH/Boot.php(67): CodeIgniter\Boot::runCodeIgniter(Object(CodeIgniter\CodeIgniter))
 9 FCPATH/index.php(56): CodeIgniter\Boot::bootWeb(Object(Config\Paths))
CRITICAL - 2024-09-16 00:45:02 --> ErrorException: Constant LANG already defined
[Method: GET, Route: CronJob/envia_avisos]
in APPPATH/Controllers/CronJob.php on line 18.
 1 [internal function]: CodeIgniter\Debug\Exceptions->errorHandler(2, 'Constant LANG already defined', '/home/next0355/dev.next1crm.com.br/app/Controllers/CronJob.php', 18)
 2 APPPATH/Controllers/CronJob.php(18): define('LANG', 'portuguese_br')
 3 APPPATH/Controllers/DynamicController.php(19): App\Controllers\CronJob->__construct()
 4 SYSTEMPATH/CodeIgniter.php(933): App\Controllers\DynamicController->execute('CronJob', 'envia_avisos')
 5 SYSTEMPATH/CodeIgniter.php(509): CodeIgniter\CodeIgniter->runController(Object(App\Controllers\DynamicController))
 6 SYSTEMPATH/CodeIgniter.php(355): CodeIgniter\CodeIgniter->handleRequest(null, Object(Config\Cache), false)
 7 SYSTEMPATH/Boot.php(325): CodeIgniter\CodeIgniter->run()
 8 SYSTEMPATH/Boot.php(67): CodeIgniter\Boot::runCodeIgniter(Object(CodeIgniter\CodeIgniter))
 9 FCPATH/index.php(56): CodeIgniter\Boot::bootWeb(Object(Config\Paths))
CRITICAL - 2024-09-16 01:00:03 --> ErrorException: Constant LANG already defined
[Method: GET, Route: CronJob/envia_avisos]
in APPPATH/Controllers/CronJob.php on line 18.
 1 [internal function]: CodeIgniter\Debug\Exceptions->errorHandler(2, 'Constant LANG already defined', '/home/next0355/dev.next1crm.com.br/app/Controllers/CronJob.php', 18)
 2 APPPATH/Controllers/CronJob.php(18): define('LANG', 'portuguese_br')
 3 APPPATH/Controllers/DynamicController.php(19): App\Controllers\CronJob->__construct()
 4 SYSTEMPATH/CodeIgniter.php(933): App\Controllers\DynamicController->execute('CronJob', 'envia_avisos')
 5 SYSTEMPATH/CodeIgniter.php(509): CodeIgniter\CodeIgniter->runController(Object(App\Controllers\DynamicController))
 6 SYSTEMPATH/CodeIgniter.php(355): CodeIgniter\CodeIgniter->handleRequest(null, Object(Config\Cache), false)
 7 SYSTEMPATH/Boot.php(325): CodeIgniter\CodeIgniter->run()
 8 SYSTEMPATH/Boot.php(67): CodeIgniter\Boot::runCodeIgniter(Object(CodeIgniter\CodeIgniter))
 9 FCPATH/index.php(56): CodeIgniter\Boot::bootWeb(Object(Config\Paths))
CRITICAL - 2024-09-16 01:15:03 --> ErrorException: Constant LANG already defined
[Method: GET, Route: CronJob/envia_avisos]
in APPPATH/Controllers/CronJob.php on line 18.
 1 [internal function]: CodeIgniter\Debug\Exceptions->errorHandler(2, 'Constant LANG already defined', '/home/next0355/dev.next1crm.com.br/app/Controllers/CronJob.php', 18)
 2 APPPATH/Controllers/CronJob.php(18): define('LANG', 'portuguese_br')
 3 APPPATH/Controllers/DynamicController.php(19): App\Controllers\CronJob->__construct()
 4 SYSTEMPATH/CodeIgniter.php(933): App\Controllers\DynamicController->execute('CronJob', 'envia_avisos')
 5 SYSTEMPATH/CodeIgniter.php(509): CodeIgniter\CodeIgniter->runController(Object(App\Controllers\DynamicController))
 6 SYSTEMPATH/CodeIgniter.php(355): CodeIgniter\CodeIgniter->handleRequest(null, Object(Config\Cache), false)
 7 SYSTEMPATH/Boot.php(325): CodeIgniter\CodeIgniter->run()
 8 SYSTEMPATH/Boot.php(67): CodeIgniter\Boot::runCodeIgniter(Object(CodeIgniter\CodeIgniter))
 9 FCPATH/index.php(56): CodeIgniter\Boot::bootWeb(Object(Config\Paths))
CRITICAL - 2024-09-16 01:30:03 --> ErrorException: Constant LANG already defined
[Method: GET, Route: CronJob/envia_avisos]
in APPPATH/Controllers/CronJob.php on line 18.
 1 [internal function]: CodeIgniter\Debug\Exceptions->errorHandler(2, 'Constant LANG already defined', '/home/next0355/dev.next1crm.com.br/app/Controllers/CronJob.php', 18)
 2 APPPATH/Controllers/CronJob.php(18): define('LANG', 'portuguese_br')
 3 APPPATH/Controllers/DynamicController.php(19): App\Controllers\CronJob->__construct()
 4 SYSTEMPATH/CodeIgniter.php(933): App\Controllers\DynamicController->execute('CronJob', 'envia_avisos')
 5 SYSTEMPATH/CodeIgniter.php(509): CodeIgniter\CodeIgniter->runController(Object(App\Controllers\DynamicController))
 6 SYSTEMPATH/CodeIgniter.php(355): CodeIgniter\CodeIgniter->handleRequest(null, Object(Config\Cache), false)
 7 SYSTEMPATH/Boot.php(325): CodeIgniter\CodeIgniter->run()
 8 SYSTEMPATH/Boot.php(67): CodeIgniter\Boot::runCodeIgniter(Object(CodeIgniter\CodeIgniter))
 9 FCPATH/index.php(56): CodeIgniter\Boot::bootWeb(Object(Config\Paths))
CRITICAL - 2024-09-16 01:45:02 --> ErrorException: Constant LANG already defined
[Method: GET, Route: CronJob/envia_avisos]
in APPPATH/Controllers/CronJob.php on line 18.
 1 [internal function]: CodeIgniter\Debug\Exceptions->errorHandler(2, 'Constant LANG already defined', '/home/next0355/dev.next1crm.com.br/app/Controllers/CronJob.php', 18)
 2 APPPATH/Controllers/CronJob.php(18): define('LANG', 'portuguese_br')
 3 APPPATH/Controllers/DynamicController.php(19): App\Controllers\CronJob->__construct()
 4 SYSTEMPATH/CodeIgniter.php(933): App\Controllers\DynamicController->execute('CronJob', 'envia_avisos')
 5 SYSTEMPATH/CodeIgniter.php(509): CodeIgniter\CodeIgniter->runController(Object(App\Controllers\DynamicController))
 6 SYSTEMPATH/CodeIgniter.php(355): CodeIgniter\CodeIgniter->handleRequest(null, Object(Config\Cache), false)
 7 SYSTEMPATH/Boot.php(325): CodeIgniter\CodeIgniter->run()
 8 SYSTEMPATH/Boot.php(67): CodeIgniter\Boot::runCodeIgniter(Object(CodeIgniter\CodeIgniter))
 9 FCPATH/index.php(56): CodeIgniter\Boot::bootWeb(Object(Config\Paths))
CRITICAL - 2024-09-16 02:00:02 --> ErrorException: Constant LANG already defined
[Method: GET, Route: CronJob/envia_avisos]
in APPPATH/Controllers/CronJob.php on line 18.
 1 [internal function]: CodeIgniter\Debug\Exceptions->errorHandler(2, 'Constant LANG already defined', '/home/next0355/dev.next1crm.com.br/app/Controllers/CronJob.php', 18)
 2 APPPATH/Controllers/CronJob.php(18): define('LANG', 'portuguese_br')
 3 APPPATH/Controllers/DynamicController.php(19): App\Controllers\CronJob->__construct()
 4 SYSTEMPATH/CodeIgniter.php(933): App\Controllers\DynamicController->execute('CronJob', 'envia_avisos')
 5 SYSTEMPATH/CodeIgniter.php(509): CodeIgniter\CodeIgniter->runController(Object(App\Controllers\DynamicController))
 6 SYSTEMPATH/CodeIgniter.php(355): CodeIgniter\CodeIgniter->handleRequest(null, Object(Config\Cache), false)
 7 SYSTEMPATH/Boot.php(325): CodeIgniter\CodeIgniter->run()
 8 SYSTEMPATH/Boot.php(67): CodeIgniter\Boot::runCodeIgniter(Object(CodeIgniter\CodeIgniter))
 9 FCPATH/index.php(56): CodeIgniter\Boot::bootWeb(Object(Config\Paths))
CRITICAL - 2024-09-16 02:15:02 --> ErrorException: Constant LANG already defined
[Method: GET, Route: CronJob/envia_avisos]
in APPPATH/Controllers/CronJob.php on line 18.
 1 [internal function]: CodeIgniter\Debug\Exceptions->errorHandler(2, 'Constant LANG already defined', '/home/next0355/dev.next1crm.com.br/app/Controllers/CronJob.php', 18)
 2 APPPATH/Controllers/CronJob.php(18): define('LANG', 'portuguese_br')
 3 APPPATH/Controllers/DynamicController.php(19): App\Controllers\CronJob->__construct()
 4 SYSTEMPATH/CodeIgniter.php(933): App\Controllers\DynamicController->execute('CronJob', 'envia_avisos')
 5 SYSTEMPATH/CodeIgniter.php(509): CodeIgniter\CodeIgniter->runController(Object(App\Controllers\DynamicController))
 6 SYSTEMPATH/CodeIgniter.php(355): CodeIgniter\CodeIgniter->handleRequest(null, Object(Config\Cache), false)
 7 SYSTEMPATH/Boot.php(325): CodeIgniter\CodeIgniter->run()
 8 SYSTEMPATH/Boot.php(67): CodeIgniter\Boot::runCodeIgniter(Object(CodeIgniter\CodeIgniter))
 9 FCPATH/index.php(56): CodeIgniter\Boot::bootWeb(Object(Config\Paths))
CRITICAL - 2024-09-16 02:30:02 --> ErrorException: Constant LANG already defined
[Method: GET, Route: CronJob/envia_avisos]
in APPPATH/Controllers/CronJob.php on line 18.
 1 [internal function]: CodeIgniter\Debug\Exceptions->errorHandler(2, 'Constant LANG already defined', '/home/next0355/dev.next1crm.com.br/app/Controllers/CronJob.php', 18)
 2 APPPATH/Controllers/CronJob.php(18): define('LANG', 'portuguese_br')
 3 APPPATH/Controllers/DynamicController.php(19): App\Controllers\CronJob->__construct()
 4 SYSTEMPATH/CodeIgniter.php(933): App\Controllers\DynamicController->execute('CronJob', 'envia_avisos')
 5 SYSTEMPATH/CodeIgniter.php(509): CodeIgniter\CodeIgniter->runController(Object(App\Controllers\DynamicController))
 6 SYSTEMPATH/CodeIgniter.php(355): CodeIgniter\CodeIgniter->handleRequest(null, Object(Config\Cache), false)
 7 SYSTEMPATH/Boot.php(325): CodeIgniter\CodeIgniter->run()
 8 SYSTEMPATH/Boot.php(67): CodeIgniter\Boot::runCodeIgniter(Object(CodeIgniter\CodeIgniter))
 9 FCPATH/index.php(56): CodeIgniter\Boot::bootWeb(Object(Config\Paths))
CRITICAL - 2024-09-16 02:45:02 --> ErrorException: Constant LANG already defined
[Method: GET, Route: CronJob/envia_avisos]
in APPPATH/Controllers/CronJob.php on line 18.
 1 [internal function]: CodeIgniter\Debug\Exceptions->errorHandler(2, 'Constant LANG already defined', '/home/next0355/dev.next1crm.com.br/app/Controllers/CronJob.php', 18)
 2 APPPATH/Controllers/CronJob.php(18): define('LANG', 'portuguese_br')
 3 APPPATH/Controllers/DynamicController.php(19): App\Controllers\CronJob->__construct()
 4 SYSTEMPATH/CodeIgniter.php(933): App\Controllers\DynamicController->execute('CronJob', 'envia_avisos')
 5 SYSTEMPATH/CodeIgniter.php(509): CodeIgniter\CodeIgniter->runController(Object(App\Controllers\DynamicController))
 6 SYSTEMPATH/CodeIgniter.php(355): CodeIgniter\CodeIgniter->handleRequest(null, Object(Config\Cache), false)
 7 SYSTEMPATH/Boot.php(325): CodeIgniter\CodeIgniter->run()
 8 SYSTEMPATH/Boot.php(67): CodeIgniter\Boot::runCodeIgniter(Object(CodeIgniter\CodeIgniter))
 9 FCPATH/index.php(56): CodeIgniter\Boot::bootWeb(Object(Config\Paths))
CRITICAL - 2024-09-16 03:00:02 --> ErrorException: Constant LANG already defined
[Method: GET, Route: CronJob/envia_avisos]
in APPPATH/Controllers/CronJob.php on line 18.
 1 [internal function]: CodeIgniter\Debug\Exceptions->errorHandler(2, 'Constant LANG already defined', '/home/next0355/dev.next1crm.com.br/app/Controllers/CronJob.php', 18)
 2 APPPATH/Controllers/CronJob.php(18): define('LANG', 'portuguese_br')
 3 APPPATH/Controllers/DynamicController.php(19): App\Controllers\CronJob->__construct()
 4 SYSTEMPATH/CodeIgniter.php(933): App\Controllers\DynamicController->execute('CronJob', 'envia_avisos')
 5 SYSTEMPATH/CodeIgniter.php(509): CodeIgniter\CodeIgniter->runController(Object(App\Controllers\DynamicController))
 6 SYSTEMPATH/CodeIgniter.php(355): CodeIgniter\CodeIgniter->handleRequest(null, Object(Config\Cache), false)
 7 SYSTEMPATH/Boot.php(325): CodeIgniter\CodeIgniter->run()
 8 SYSTEMPATH/Boot.php(67): CodeIgniter\Boot::runCodeIgniter(Object(CodeIgniter\CodeIgniter))
 9 FCPATH/index.php(56): CodeIgniter\Boot::bootWeb(Object(Config\Paths))
CRITICAL - 2024-09-16 03:15:02 --> ErrorException: Constant LANG already defined
[Method: GET, Route: CronJob/envia_avisos]
in APPPATH/Controllers/CronJob.php on line 18.
 1 [internal function]: CodeIgniter\Debug\Exceptions->errorHandler(2, 'Constant LANG already defined', '/home/next0355/dev.next1crm.com.br/app/Controllers/CronJob.php', 18)
 2 APPPATH/Controllers/CronJob.php(18): define('LANG', 'portuguese_br')
 3 APPPATH/Controllers/DynamicController.php(19): App\Controllers\CronJob->__construct()
 4 SYSTEMPATH/CodeIgniter.php(933): App\Controllers\DynamicController->execute('CronJob', 'envia_avisos')
 5 SYSTEMPATH/CodeIgniter.php(509): CodeIgniter\CodeIgniter->runController(Object(App\Controllers\DynamicController))
 6 SYSTEMPATH/CodeIgniter.php(355): CodeIgniter\CodeIgniter->handleRequest(null, Object(Config\Cache), false)
 7 SYSTEMPATH/Boot.php(325): CodeIgniter\CodeIgniter->run()
 8 SYSTEMPATH/Boot.php(67): CodeIgniter\Boot::runCodeIgniter(Object(CodeIgniter\CodeIgniter))
 9 FCPATH/index.php(56): CodeIgniter\Boot::bootWeb(Object(Config\Paths))
CRITICAL - 2024-09-16 03:30:03 --> ErrorException: Constant LANG already defined
[Method: GET, Route: CronJob/envia_avisos]
in APPPATH/Controllers/CronJob.php on line 18.
 1 [internal function]: CodeIgniter\Debug\Exceptions->errorHandler(2, 'Constant LANG already defined', '/home/next0355/dev.next1crm.com.br/app/Controllers/CronJob.php', 18)
 2 APPPATH/Controllers/CronJob.php(18): define('LANG', 'portuguese_br')
 3 APPPATH/Controllers/DynamicController.php(19): App\Controllers\CronJob->__construct()
 4 SYSTEMPATH/CodeIgniter.php(933): App\Controllers\DynamicController->execute('CronJob', 'envia_avisos')
 5 SYSTEMPATH/CodeIgniter.php(509): CodeIgniter\CodeIgniter->runController(Object(App\Controllers\DynamicController))
 6 SYSTEMPATH/CodeIgniter.php(355): CodeIgniter\CodeIgniter->handleRequest(null, Object(Config\Cache), false)
 7 SYSTEMPATH/Boot.php(325): CodeIgniter\CodeIgniter->run()
 8 SYSTEMPATH/Boot.php(67): CodeIgniter\Boot::runCodeIgniter(Object(CodeIgniter\CodeIgniter))
 9 FCPATH/index.php(56): CodeIgniter\Boot::bootWeb(Object(Config\Paths))
CRITICAL - 2024-09-16 03:45:03 --> ErrorException: Constant LANG already defined
[Method: GET, Route: CronJob/envia_avisos]
in APPPATH/Controllers/CronJob.php on line 18.
 1 [internal function]: CodeIgniter\Debug\Exceptions->errorHandler(2, 'Constant LANG already defined', '/home/next0355/dev.next1crm.com.br/app/Controllers/CronJob.php', 18)
 2 APPPATH/Controllers/CronJob.php(18): define('LANG', 'portuguese_br')
 3 APPPATH/Controllers/DynamicController.php(19): App\Controllers\CronJob->__construct()
 4 SYSTEMPATH/CodeIgniter.php(933): App\Controllers\DynamicController->execute('CronJob', 'envia_avisos')
 5 SYSTEMPATH/CodeIgniter.php(509): CodeIgniter\CodeIgniter->runController(Object(App\Controllers\DynamicController))
 6 SYSTEMPATH/CodeIgniter.php(355): CodeIgniter\CodeIgniter->handleRequest(null, Object(Config\Cache), false)
 7 SYSTEMPATH/Boot.php(325): CodeIgniter\CodeIgniter->run()
 8 SYSTEMPATH/Boot.php(67): CodeIgniter\Boot::runCodeIgniter(Object(CodeIgniter\CodeIgniter))
 9 FCPATH/index.php(56): CodeIgniter\Boot::bootWeb(Object(Config\Paths))
CRITICAL - 2024-09-16 04:00:02 --> ErrorException: Constant LANG already defined
[Method: GET, Route: CronJob/envia_avisos]
in APPPATH/Controllers/CronJob.php on line 18.
 1 [internal function]: CodeIgniter\Debug\Exceptions->errorHandler(2, 'Constant LANG already defined', '/home/next0355/dev.next1crm.com.br/app/Controllers/CronJob.php', 18)
 2 APPPATH/Controllers/CronJob.php(18): define('LANG', 'portuguese_br')
 3 APPPATH/Controllers/DynamicController.php(19): App\Controllers\CronJob->__construct()
 4 SYSTEMPATH/CodeIgniter.php(933): App\Controllers\DynamicController->execute('CronJob', 'envia_avisos')
 5 SYSTEMPATH/CodeIgniter.php(509): CodeIgniter\CodeIgniter->runController(Object(App\Controllers\DynamicController))
 6 SYSTEMPATH/CodeIgniter.php(355): CodeIgniter\CodeIgniter->handleRequest(null, Object(Config\Cache), false)
 7 SYSTEMPATH/Boot.php(325): CodeIgniter\CodeIgniter->run()
 8 SYSTEMPATH/Boot.php(67): CodeIgniter\Boot::runCodeIgniter(Object(CodeIgniter\CodeIgniter))
 9 FCPATH/index.php(56): CodeIgniter\Boot::bootWeb(Object(Config\Paths))
CRITICAL - 2024-09-16 04:15:02 --> ErrorException: Constant LANG already defined
[Method: GET, Route: CronJob/envia_avisos]
in APPPATH/Controllers/CronJob.php on line 18.
 1 [internal function]: CodeIgniter\Debug\Exceptions->errorHandler(2, 'Constant LANG already defined', '/home/next0355/dev.next1crm.com.br/app/Controllers/CronJob.php', 18)
 2 APPPATH/Controllers/CronJob.php(18): define('LANG', 'portuguese_br')
 3 APPPATH/Controllers/DynamicController.php(19): App\Controllers\CronJob->__construct()
 4 SYSTEMPATH/CodeIgniter.php(933): App\Controllers\DynamicController->execute('CronJob', 'envia_avisos')
 5 SYSTEMPATH/CodeIgniter.php(509): CodeIgniter\CodeIgniter->runController(Object(App\Controllers\DynamicController))
 6 SYSTEMPATH/CodeIgniter.php(355): CodeIgniter\CodeIgniter->handleRequest(null, Object(Config\Cache), false)
 7 SYSTEMPATH/Boot.php(325): CodeIgniter\CodeIgniter->run()
 8 SYSTEMPATH/Boot.php(67): CodeIgniter\Boot::runCodeIgniter(Object(CodeIgniter\CodeIgniter))
 9 FCPATH/index.php(56): CodeIgniter\Boot::bootWeb(Object(Config\Paths))
CRITICAL - 2024-09-16 04:30:03 --> ErrorException: Constant LANG already defined
[Method: GET, Route: CronJob/envia_avisos]
in APPPATH/Controllers/CronJob.php on line 18.
 1 [internal function]: CodeIgniter\Debug\Exceptions->errorHandler(2, 'Constant LANG already defined', '/home/next0355/dev.next1crm.com.br/app/Controllers/CronJob.php', 18)
 2 APPPATH/Controllers/CronJob.php(18): define('LANG', 'portuguese_br')
 3 APPPATH/Controllers/DynamicController.php(19): App\Controllers\CronJob->__construct()
 4 SYSTEMPATH/CodeIgniter.php(933): App\Controllers\DynamicController->execute('CronJob', 'envia_avisos')
 5 SYSTEMPATH/CodeIgniter.php(509): CodeIgniter\CodeIgniter->runController(Object(App\Controllers\DynamicController))
 6 SYSTEMPATH/CodeIgniter.php(355): CodeIgniter\CodeIgniter->handleRequest(null, Object(Config\Cache), false)
 7 SYSTEMPATH/Boot.php(325): CodeIgniter\CodeIgniter->run()
 8 SYSTEMPATH/Boot.php(67): CodeIgniter\Boot::runCodeIgniter(Object(CodeIgniter\CodeIgniter))
 9 FCPATH/index.php(56): CodeIgniter\Boot::bootWeb(Object(Config\Paths))
CRITICAL - 2024-09-16 04:45:02 --> ErrorException: Constant LANG already defined
[Method: GET, Route: CronJob/envia_avisos]
in APPPATH/Controllers/CronJob.php on line 18.
 1 [internal function]: CodeIgniter\Debug\Exceptions->errorHandler(2, 'Constant LANG already defined', '/home/next0355/dev.next1crm.com.br/app/Controllers/CronJob.php', 18)
 2 APPPATH/Controllers/CronJob.php(18): define('LANG', 'portuguese_br')
 3 APPPATH/Controllers/DynamicController.php(19): App\Controllers\CronJob->__construct()
 4 SYSTEMPATH/CodeIgniter.php(933): App\Controllers\DynamicController->execute('CronJob', 'envia_avisos')
 5 SYSTEMPATH/CodeIgniter.php(509): CodeIgniter\CodeIgniter->runController(Object(App\Controllers\DynamicController))
 6 SYSTEMPATH/CodeIgniter.php(355): CodeIgniter\CodeIgniter->handleRequest(null, Object(Config\Cache), false)
 7 SYSTEMPATH/Boot.php(325): CodeIgniter\CodeIgniter->run()
 8 SYSTEMPATH/Boot.php(67): CodeIgniter\Boot::runCodeIgniter(Object(CodeIgniter\CodeIgniter))
 9 FCPATH/index.php(56): CodeIgniter\Boot::bootWeb(Object(Config\Paths))
CRITICAL - 2024-09-16 05:00:02 --> ErrorException: Constant LANG already defined
[Method: GET, Route: CronJob/envia_avisos]
in APPPATH/Controllers/CronJob.php on line 18.
 1 [internal function]: CodeIgniter\Debug\Exceptions->errorHandler(2, 'Constant LANG already defined', '/home/next0355/dev.next1crm.com.br/app/Controllers/CronJob.php', 18)
 2 APPPATH/Controllers/CronJob.php(18): define('LANG', 'portuguese_br')
 3 APPPATH/Controllers/DynamicController.php(19): App\Controllers\CronJob->__construct()
 4 SYSTEMPATH/CodeIgniter.php(933): App\Controllers\DynamicController->execute('CronJob', 'envia_avisos')
 5 SYSTEMPATH/CodeIgniter.php(509): CodeIgniter\CodeIgniter->runController(Object(App\Controllers\DynamicController))
 6 SYSTEMPATH/CodeIgniter.php(355): CodeIgniter\CodeIgniter->handleRequest(null, Object(Config\Cache), false)
 7 SYSTEMPATH/Boot.php(325): CodeIgniter\CodeIgniter->run()
 8 SYSTEMPATH/Boot.php(67): CodeIgniter\Boot::runCodeIgniter(Object(CodeIgniter\CodeIgniter))
 9 FCPATH/index.php(56): CodeIgniter\Boot::bootWeb(Object(Config\Paths))
CRITICAL - 2024-09-16 05:15:02 --> ErrorException: Constant LANG already defined
[Method: GET, Route: CronJob/envia_avisos]
in APPPATH/Controllers/CronJob.php on line 18.
 1 [internal function]: CodeIgniter\Debug\Exceptions->errorHandler(2, 'Constant LANG already defined', '/home/next0355/dev.next1crm.com.br/app/Controllers/CronJob.php', 18)
 2 APPPATH/Controllers/CronJob.php(18): define('LANG', 'portuguese_br')
 3 APPPATH/Controllers/DynamicController.php(19): App\Controllers\CronJob->__construct()
 4 SYSTEMPATH/CodeIgniter.php(933): App\Controllers\DynamicController->execute('CronJob', 'envia_avisos')
 5 SYSTEMPATH/CodeIgniter.php(509): CodeIgniter\CodeIgniter->runController(Object(App\Controllers\DynamicController))
 6 SYSTEMPATH/CodeIgniter.php(355): CodeIgniter\CodeIgniter->handleRequest(null, Object(Config\Cache), false)
 7 SYSTEMPATH/Boot.php(325): CodeIgniter\CodeIgniter->run()
 8 SYSTEMPATH/Boot.php(67): CodeIgniter\Boot::runCodeIgniter(Object(CodeIgniter\CodeIgniter))
 9 FCPATH/index.php(56): CodeIgniter\Boot::bootWeb(Object(Config\Paths))
CRITICAL - 2024-09-16 05:30:02 --> ErrorException: Constant LANG already defined
[Method: GET, Route: CronJob/envia_avisos]
in APPPATH/Controllers/CronJob.php on line 18.
 1 [internal function]: CodeIgniter\Debug\Exceptions->errorHandler(2, 'Constant LANG already defined', '/home/next0355/dev.next1crm.com.br/app/Controllers/CronJob.php', 18)
 2 APPPATH/Controllers/CronJob.php(18): define('LANG', 'portuguese_br')
 3 APPPATH/Controllers/DynamicController.php(19): App\Controllers\CronJob->__construct()
 4 SYSTEMPATH/CodeIgniter.php(933): App\Controllers\DynamicController->execute('CronJob', 'envia_avisos')
 5 SYSTEMPATH/CodeIgniter.php(509): CodeIgniter\CodeIgniter->runController(Object(App\Controllers\DynamicController))
 6 SYSTEMPATH/CodeIgniter.php(355): CodeIgniter\CodeIgniter->handleRequest(null, Object(Config\Cache), false)
 7 SYSTEMPATH/Boot.php(325): CodeIgniter\CodeIgniter->run()
 8 SYSTEMPATH/Boot.php(67): CodeIgniter\Boot::runCodeIgniter(Object(CodeIgniter\CodeIgniter))
 9 FCPATH/index.php(56): CodeIgniter\Boot::bootWeb(Object(Config\Paths))
CRITICAL - 2024-09-16 05:45:03 --> ErrorException: Constant LANG already defined
[Method: GET, Route: CronJob/envia_avisos]
in APPPATH/Controllers/CronJob.php on line 18.
 1 [internal function]: CodeIgniter\Debug\Exceptions->errorHandler(2, 'Constant LANG already defined', '/home/next0355/dev.next1crm.com.br/app/Controllers/CronJob.php', 18)
 2 APPPATH/Controllers/CronJob.php(18): define('LANG', 'portuguese_br')
 3 APPPATH/Controllers/DynamicController.php(19): App\Controllers\CronJob->__construct()
 4 SYSTEMPATH/CodeIgniter.php(933): App\Controllers\DynamicController->execute('CronJob', 'envia_avisos')
 5 SYSTEMPATH/CodeIgniter.php(509): CodeIgniter\CodeIgniter->runController(Object(App\Controllers\DynamicController))
 6 SYSTEMPATH/CodeIgniter.php(355): CodeIgniter\CodeIgniter->handleRequest(null, Object(Config\Cache), false)
 7 SYSTEMPATH/Boot.php(325): CodeIgniter\CodeIgniter->run()
 8 SYSTEMPATH/Boot.php(67): CodeIgniter\Boot::runCodeIgniter(Object(CodeIgniter\CodeIgniter))
 9 FCPATH/index.php(56): CodeIgniter\Boot::bootWeb(Object(Config\Paths))
CRITICAL - 2024-09-16 06:00:02 --> ErrorException: Constant LANG already defined
[Method: GET, Route: CronJob/envia_avisos]
in APPPATH/Controllers/CronJob.php on line 18.
 1 [internal function]: CodeIgniter\Debug\Exceptions->errorHandler(2, 'Constant LANG already defined', '/home/next0355/dev.next1crm.com.br/app/Controllers/CronJob.php', 18)
 2 APPPATH/Controllers/CronJob.php(18): define('LANG', 'portuguese_br')
 3 APPPATH/Controllers/DynamicController.php(19): App\Controllers\CronJob->__construct()
 4 SYSTEMPATH/CodeIgniter.php(933): App\Controllers\DynamicController->execute('CronJob', 'envia_avisos')
 5 SYSTEMPATH/CodeIgniter.php(509): CodeIgniter\CodeIgniter->runController(Object(App\Controllers\DynamicController))
 6 SYSTEMPATH/CodeIgniter.php(355): CodeIgniter\CodeIgniter->handleRequest(null, Object(Config\Cache), false)
 7 SYSTEMPATH/Boot.php(325): CodeIgniter\CodeIgniter->run()
 8 SYSTEMPATH/Boot.php(67): CodeIgniter\Boot::runCodeIgniter(Object(CodeIgniter\CodeIgniter))
 9 FCPATH/index.php(56): CodeIgniter\Boot::bootWeb(Object(Config\Paths))
CRITICAL - 2024-09-16 06:15:03 --> ErrorException: Constant LANG already defined
[Method: GET, Route: CronJob/envia_avisos]
in APPPATH/Controllers/CronJob.php on line 18.
 1 [internal function]: CodeIgniter\Debug\Exceptions->errorHandler(2, 'Constant LANG already defined', '/home/next0355/dev.next1crm.com.br/app/Controllers/CronJob.php', 18)
 2 APPPATH/Controllers/CronJob.php(18): define('LANG', 'portuguese_br')
 3 APPPATH/Controllers/DynamicController.php(19): App\Controllers\CronJob->__construct()
 4 SYSTEMPATH/CodeIgniter.php(933): App\Controllers\DynamicController->execute('CronJob', 'envia_avisos')
 5 SYSTEMPATH/CodeIgniter.php(509): CodeIgniter\CodeIgniter->runController(Object(App\Controllers\DynamicController))
 6 SYSTEMPATH/CodeIgniter.php(355): CodeIgniter\CodeIgniter->handleRequest(null, Object(Config\Cache), false)
 7 SYSTEMPATH/Boot.php(325): CodeIgniter\CodeIgniter->run()
 8 SYSTEMPATH/Boot.php(67): CodeIgniter\Boot::runCodeIgniter(Object(CodeIgniter\CodeIgniter))
 9 FCPATH/index.php(56): CodeIgniter\Boot::bootWeb(Object(Config\Paths))
CRITICAL - 2024-09-16 06:30:02 --> ErrorException: Constant LANG already defined
[Method: GET, Route: CronJob/envia_avisos]
in APPPATH/Controllers/CronJob.php on line 18.
 1 [internal function]: CodeIgniter\Debug\Exceptions->errorHandler(2, 'Constant LANG already defined', '/home/next0355/dev.next1crm.com.br/app/Controllers/CronJob.php', 18)
 2 APPPATH/Controllers/CronJob.php(18): define('LANG', 'portuguese_br')
 3 APPPATH/Controllers/DynamicController.php(19): App\Controllers\CronJob->__construct()
 4 SYSTEMPATH/CodeIgniter.php(933): App\Controllers\DynamicController->execute('CronJob', 'envia_avisos')
 5 SYSTEMPATH/CodeIgniter.php(509): CodeIgniter\CodeIgniter->runController(Object(App\Controllers\DynamicController))
 6 SYSTEMPATH/CodeIgniter.php(355): CodeIgniter\CodeIgniter->handleRequest(null, Object(Config\Cache), false)
 7 SYSTEMPATH/Boot.php(325): CodeIgniter\CodeIgniter->run()
 8 SYSTEMPATH/Boot.php(67): CodeIgniter\Boot::runCodeIgniter(Object(CodeIgniter\CodeIgniter))
 9 FCPATH/index.php(56): CodeIgniter\Boot::bootWeb(Object(Config\Paths))
CRITICAL - 2024-09-16 06:45:03 --> ErrorException: Constant LANG already defined
[Method: GET, Route: CronJob/envia_avisos]
in APPPATH/Controllers/CronJob.php on line 18.
 1 [internal function]: CodeIgniter\Debug\Exceptions->errorHandler(2, 'Constant LANG already defined', '/home/next0355/dev.next1crm.com.br/app/Controllers/CronJob.php', 18)
 2 APPPATH/Controllers/CronJob.php(18): define('LANG', 'portuguese_br')
 3 APPPATH/Controllers/DynamicController.php(19): App\Controllers\CronJob->__construct()
 4 SYSTEMPATH/CodeIgniter.php(933): App\Controllers\DynamicController->execute('CronJob', 'envia_avisos')
 5 SYSTEMPATH/CodeIgniter.php(509): CodeIgniter\CodeIgniter->runController(Object(App\Controllers\DynamicController))
 6 SYSTEMPATH/CodeIgniter.php(355): CodeIgniter\CodeIgniter->handleRequest(null, Object(Config\Cache), false)
 7 SYSTEMPATH/Boot.php(325): CodeIgniter\CodeIgniter->run()
 8 SYSTEMPATH/Boot.php(67): CodeIgniter\Boot::runCodeIgniter(Object(CodeIgniter\CodeIgniter))
 9 FCPATH/index.php(56): CodeIgniter\Boot::bootWeb(Object(Config\Paths))
CRITICAL - 2024-09-16 07:00:03 --> ErrorException: Constant LANG already defined
[Method: GET, Route: CronJob/envia_avisos]
in APPPATH/Controllers/CronJob.php on line 18.
 1 [internal function]: CodeIgniter\Debug\Exceptions->errorHandler(2, 'Constant LANG already defined', '/home/next0355/dev.next1crm.com.br/app/Controllers/CronJob.php', 18)
 2 APPPATH/Controllers/CronJob.php(18): define('LANG', 'portuguese_br')
 3 APPPATH/Controllers/DynamicController.php(19): App\Controllers\CronJob->__construct()
 4 SYSTEMPATH/CodeIgniter.php(933): App\Controllers\DynamicController->execute('CronJob', 'envia_avisos')
 5 SYSTEMPATH/CodeIgniter.php(509): CodeIgniter\CodeIgniter->runController(Object(App\Controllers\DynamicController))
 6 SYSTEMPATH/CodeIgniter.php(355): CodeIgniter\CodeIgniter->handleRequest(null, Object(Config\Cache), false)
 7 SYSTEMPATH/Boot.php(325): CodeIgniter\CodeIgniter->run()
 8 SYSTEMPATH/Boot.php(67): CodeIgniter\Boot::runCodeIgniter(Object(CodeIgniter\CodeIgniter))
 9 FCPATH/index.php(56): CodeIgniter\Boot::bootWeb(Object(Config\Paths))
CRITICAL - 2024-09-16 07:15:03 --> ErrorException: Constant LANG already defined
[Method: GET, Route: CronJob/envia_avisos]
in APPPATH/Controllers/CronJob.php on line 18.
 1 [internal function]: CodeIgniter\Debug\Exceptions->errorHandler(2, 'Constant LANG already defined', '/home/next0355/dev.next1crm.com.br/app/Controllers/CronJob.php', 18)
 2 APPPATH/Controllers/CronJob.php(18): define('LANG', 'portuguese_br')
 3 APPPATH/Controllers/DynamicController.php(19): App\Controllers\CronJob->__construct()
 4 SYSTEMPATH/CodeIgniter.php(933): App\Controllers\DynamicController->execute('CronJob', 'envia_avisos')
 5 SYSTEMPATH/CodeIgniter.php(509): CodeIgniter\CodeIgniter->runController(Object(App\Controllers\DynamicController))
 6 SYSTEMPATH/CodeIgniter.php(355): CodeIgniter\CodeIgniter->handleRequest(null, Object(Config\Cache), false)
 7 SYSTEMPATH/Boot.php(325): CodeIgniter\CodeIgniter->run()
 8 SYSTEMPATH/Boot.php(67): CodeIgniter\Boot::runCodeIgniter(Object(CodeIgniter\CodeIgniter))
 9 FCPATH/index.php(56): CodeIgniter\Boot::bootWeb(Object(Config\Paths))
CRITICAL - 2024-09-16 07:30:03 --> ErrorException: Constant LANG already defined
[Method: GET, Route: CronJob/envia_avisos]
in APPPATH/Controllers/CronJob.php on line 18.
 1 [internal function]: CodeIgniter\Debug\Exceptions->errorHandler(2, 'Constant LANG already defined', '/home/next0355/dev.next1crm.com.br/app/Controllers/CronJob.php', 18)
 2 APPPATH/Controllers/CronJob.php(18): define('LANG', 'portuguese_br')
 3 APPPATH/Controllers/DynamicController.php(19): App\Controllers\CronJob->__construct()
 4 SYSTEMPATH/CodeIgniter.php(933): App\Controllers\DynamicController->execute('CronJob', 'envia_avisos')
 5 SYSTEMPATH/CodeIgniter.php(509): CodeIgniter\CodeIgniter->runController(Object(App\Controllers\DynamicController))
 6 SYSTEMPATH/CodeIgniter.php(355): CodeIgniter\CodeIgniter->handleRequest(null, Object(Config\Cache), false)
 7 SYSTEMPATH/Boot.php(325): CodeIgniter\CodeIgniter->run()
 8 SYSTEMPATH/Boot.php(67): CodeIgniter\Boot::runCodeIgniter(Object(CodeIgniter\CodeIgniter))
 9 FCPATH/index.php(56): CodeIgniter\Boot::bootWeb(Object(Config\Paths))
CRITICAL - 2024-09-16 07:45:02 --> ErrorException: Constant LANG already defined
[Method: GET, Route: CronJob/envia_avisos]
in APPPATH/Controllers/CronJob.php on line 18.
 1 [internal function]: CodeIgniter\Debug\Exceptions->errorHandler(2, 'Constant LANG already defined', '/home/next0355/dev.next1crm.com.br/app/Controllers/CronJob.php', 18)
 2 APPPATH/Controllers/CronJob.php(18): define('LANG', 'portuguese_br')
 3 APPPATH/Controllers/DynamicController.php(19): App\Controllers\CronJob->__construct()
 4 SYSTEMPATH/CodeIgniter.php(933): App\Controllers\DynamicController->execute('CronJob', 'envia_avisos')
 5 SYSTEMPATH/CodeIgniter.php(509): CodeIgniter\CodeIgniter->runController(Object(App\Controllers\DynamicController))
 6 SYSTEMPATH/CodeIgniter.php(355): CodeIgniter\CodeIgniter->handleRequest(null, Object(Config\Cache), false)
 7 SYSTEMPATH/Boot.php(325): CodeIgniter\CodeIgniter->run()
 8 SYSTEMPATH/Boot.php(67): CodeIgniter\Boot::runCodeIgniter(Object(CodeIgniter\CodeIgniter))
 9 FCPATH/index.php(56): CodeIgniter\Boot::bootWeb(Object(Config\Paths))
CRITICAL - 2024-09-16 08:00:03 --> ErrorException: Constant LANG already defined
[Method: GET, Route: CronJob/envia_avisos]
in APPPATH/Controllers/CronJob.php on line 18.
 1 [internal function]: CodeIgniter\Debug\Exceptions->errorHandler(2, 'Constant LANG already defined', '/home/next0355/dev.next1crm.com.br/app/Controllers/CronJob.php', 18)
 2 APPPATH/Controllers/CronJob.php(18): define('LANG', 'portuguese_br')
 3 APPPATH/Controllers/DynamicController.php(19): App\Controllers\CronJob->__construct()
 4 SYSTEMPATH/CodeIgniter.php(933): App\Controllers\DynamicController->execute('CronJob', 'envia_avisos')
 5 SYSTEMPATH/CodeIgniter.php(509): CodeIgniter\CodeIgniter->runController(Object(App\Controllers\DynamicController))
 6 SYSTEMPATH/CodeIgniter.php(355): CodeIgniter\CodeIgniter->handleRequest(null, Object(Config\Cache), false)
 7 SYSTEMPATH/Boot.php(325): CodeIgniter\CodeIgniter->run()
 8 SYSTEMPATH/Boot.php(67): CodeIgniter\Boot::runCodeIgniter(Object(CodeIgniter\CodeIgniter))
 9 FCPATH/index.php(56): CodeIgniter\Boot::bootWeb(Object(Config\Paths))
CRITICAL - 2024-09-16 08:15:02 --> ErrorException: Constant LANG already defined
[Method: GET, Route: CronJob/envia_avisos]
in APPPATH/Controllers/CronJob.php on line 18.
 1 [internal function]: CodeIgniter\Debug\Exceptions->errorHandler(2, 'Constant LANG already defined', '/home/next0355/dev.next1crm.com.br/app/Controllers/CronJob.php', 18)
 2 APPPATH/Controllers/CronJob.php(18): define('LANG', 'portuguese_br')
 3 APPPATH/Controllers/DynamicController.php(19): App\Controllers\CronJob->__construct()
 4 SYSTEMPATH/CodeIgniter.php(933): App\Controllers\DynamicController->execute('CronJob', 'envia_avisos')
 5 SYSTEMPATH/CodeIgniter.php(509): CodeIgniter\CodeIgniter->runController(Object(App\Controllers\DynamicController))
 6 SYSTEMPATH/CodeIgniter.php(355): CodeIgniter\CodeIgniter->handleRequest(null, Object(Config\Cache), false)
 7 SYSTEMPATH/Boot.php(325): CodeIgniter\CodeIgniter->run()
 8 SYSTEMPATH/Boot.php(67): CodeIgniter\Boot::runCodeIgniter(Object(CodeIgniter\CodeIgniter))
 9 FCPATH/index.php(56): CodeIgniter\Boot::bootWeb(Object(Config\Paths))
CRITICAL - 2024-09-16 08:30:03 --> ErrorException: Constant LANG already defined
[Method: GET, Route: CronJob/envia_avisos]
in APPPATH/Controllers/CronJob.php on line 18.
 1 [internal function]: CodeIgniter\Debug\Exceptions->errorHandler(2, 'Constant LANG already defined', '/home/next0355/dev.next1crm.com.br/app/Controllers/CronJob.php', 18)
 2 APPPATH/Controllers/CronJob.php(18): define('LANG', 'portuguese_br')
 3 APPPATH/Controllers/DynamicController.php(19): App\Controllers\CronJob->__construct()
 4 SYSTEMPATH/CodeIgniter.php(933): App\Controllers\DynamicController->execute('CronJob', 'envia_avisos')
 5 SYSTEMPATH/CodeIgniter.php(509): CodeIgniter\CodeIgniter->runController(Object(App\Controllers\DynamicController))
 6 SYSTEMPATH/CodeIgniter.php(355): CodeIgniter\CodeIgniter->handleRequest(null, Object(Config\Cache), false)
 7 SYSTEMPATH/Boot.php(325): CodeIgniter\CodeIgniter->run()
 8 SYSTEMPATH/Boot.php(67): CodeIgniter\Boot::runCodeIgniter(Object(CodeIgniter\CodeIgniter))
 9 FCPATH/index.php(56): CodeIgniter\Boot::bootWeb(Object(Config\Paths))
CRITICAL - 2024-09-16 08:45:02 --> ErrorException: Constant LANG already defined
[Method: GET, Route: CronJob/envia_avisos]
in APPPATH/Controllers/CronJob.php on line 18.
 1 [internal function]: CodeIgniter\Debug\Exceptions->errorHandler(2, 'Constant LANG already defined', '/home/next0355/dev.next1crm.com.br/app/Controllers/CronJob.php', 18)
 2 APPPATH/Controllers/CronJob.php(18): define('LANG', 'portuguese_br')
 3 APPPATH/Controllers/DynamicController.php(19): App\Controllers\CronJob->__construct()
 4 SYSTEMPATH/CodeIgniter.php(933): App\Controllers\DynamicController->execute('CronJob', 'envia_avisos')
 5 SYSTEMPATH/CodeIgniter.php(509): CodeIgniter\CodeIgniter->runController(Object(App\Controllers\DynamicController))
 6 SYSTEMPATH/CodeIgniter.php(355): CodeIgniter\CodeIgniter->handleRequest(null, Object(Config\Cache), false)
 7 SYSTEMPATH/Boot.php(325): CodeIgniter\CodeIgniter->run()
 8 SYSTEMPATH/Boot.php(67): CodeIgniter\Boot::runCodeIgniter(Object(CodeIgniter\CodeIgniter))
 9 FCPATH/index.php(56): CodeIgniter\Boot::bootWeb(Object(Config\Paths))
CRITICAL - 2024-09-16 09:00:03 --> ErrorException: Constant LANG already defined
[Method: GET, Route: CronJob/envia_avisos]
in APPPATH/Controllers/CronJob.php on line 18.
 1 [internal function]: CodeIgniter\Debug\Exceptions->errorHandler(2, 'Constant LANG already defined', '/home/next0355/dev.next1crm.com.br/app/Controllers/CronJob.php', 18)
 2 APPPATH/Controllers/CronJob.php(18): define('LANG', 'portuguese_br')
 3 APPPATH/Controllers/DynamicController.php(19): App\Controllers\CronJob->__construct()
 4 SYSTEMPATH/CodeIgniter.php(933): App\Controllers\DynamicController->execute('CronJob', 'envia_avisos')
 5 SYSTEMPATH/CodeIgniter.php(509): CodeIgniter\CodeIgniter->runController(Object(App\Controllers\DynamicController))
 6 SYSTEMPATH/CodeIgniter.php(355): CodeIgniter\CodeIgniter->handleRequest(null, Object(Config\Cache), false)
 7 SYSTEMPATH/Boot.php(325): CodeIgniter\CodeIgniter->run()
 8 SYSTEMPATH/Boot.php(67): CodeIgniter\Boot::runCodeIgniter(Object(CodeIgniter\CodeIgniter))
 9 FCPATH/index.php(56): CodeIgniter\Boot::bootWeb(Object(Config\Paths))
CRITICAL - 2024-09-16 09:15:02 --> ErrorException: Constant LANG already defined
[Method: GET, Route: CronJob/envia_avisos]
in APPPATH/Controllers/CronJob.php on line 18.
 1 [internal function]: CodeIgniter\Debug\Exceptions->errorHandler(2, 'Constant LANG already defined', '/home/next0355/dev.next1crm.com.br/app/Controllers/CronJob.php', 18)
 2 APPPATH/Controllers/CronJob.php(18): define('LANG', 'portuguese_br')
 3 APPPATH/Controllers/DynamicController.php(19): App\Controllers\CronJob->__construct()
 4 SYSTEMPATH/CodeIgniter.php(933): App\Controllers\DynamicController->execute('CronJob', 'envia_avisos')
 5 SYSTEMPATH/CodeIgniter.php(509): CodeIgniter\CodeIgniter->runController(Object(App\Controllers\DynamicController))
 6 SYSTEMPATH/CodeIgniter.php(355): CodeIgniter\CodeIgniter->handleRequest(null, Object(Config\Cache), false)
 7 SYSTEMPATH/Boot.php(325): CodeIgniter\CodeIgniter->run()
 8 SYSTEMPATH/Boot.php(67): CodeIgniter\Boot::runCodeIgniter(Object(CodeIgniter\CodeIgniter))
 9 FCPATH/index.php(56): CodeIgniter\Boot::bootWeb(Object(Config\Paths))
CRITICAL - 2024-09-16 09:30:02 --> ErrorException: Constant LANG already defined
[Method: GET, Route: CronJob/envia_avisos]
in APPPATH/Controllers/CronJob.php on line 18.
 1 [internal function]: CodeIgniter\Debug\Exceptions->errorHandler(2, 'Constant LANG already defined', '/home/next0355/dev.next1crm.com.br/app/Controllers/CronJob.php', 18)
 2 APPPATH/Controllers/CronJob.php(18): define('LANG', 'portuguese_br')
 3 APPPATH/Controllers/DynamicController.php(19): App\Controllers\CronJob->__construct()
 4 SYSTEMPATH/CodeIgniter.php(933): App\Controllers\DynamicController->execute('CronJob', 'envia_avisos')
 5 SYSTEMPATH/CodeIgniter.php(509): CodeIgniter\CodeIgniter->runController(Object(App\Controllers\DynamicController))
 6 SYSTEMPATH/CodeIgniter.php(355): CodeIgniter\CodeIgniter->handleRequest(null, Object(Config\Cache), false)
 7 SYSTEMPATH/Boot.php(325): CodeIgniter\CodeIgniter->run()
 8 SYSTEMPATH/Boot.php(67): CodeIgniter\Boot::runCodeIgniter(Object(CodeIgniter\CodeIgniter))
 9 FCPATH/index.php(56): CodeIgniter\Boot::bootWeb(Object(Config\Paths))
CRITICAL - 2024-09-16 09:45:03 --> ErrorException: Constant LANG already defined
[Method: GET, Route: CronJob/envia_avisos]
in APPPATH/Controllers/CronJob.php on line 18.
 1 [internal function]: CodeIgniter\Debug\Exceptions->errorHandler(2, 'Constant LANG already defined', '/home/next0355/dev.next1crm.com.br/app/Controllers/CronJob.php', 18)
 2 APPPATH/Controllers/CronJob.php(18): define('LANG', 'portuguese_br')
 3 APPPATH/Controllers/DynamicController.php(19): App\Controllers\CronJob->__construct()
 4 SYSTEMPATH/CodeIgniter.php(933): App\Controllers\DynamicController->execute('CronJob', 'envia_avisos')
 5 SYSTEMPATH/CodeIgniter.php(509): CodeIgniter\CodeIgniter->runController(Object(App\Controllers\DynamicController))
 6 SYSTEMPATH/CodeIgniter.php(355): CodeIgniter\CodeIgniter->handleRequest(null, Object(Config\Cache), false)
 7 SYSTEMPATH/Boot.php(325): CodeIgniter\CodeIgniter->run()
 8 SYSTEMPATH/Boot.php(67): CodeIgniter\Boot::runCodeIgniter(Object(CodeIgniter\CodeIgniter))
 9 FCPATH/index.php(56): CodeIgniter\Boot::bootWeb(Object(Config\Paths))
CRITICAL - 2024-09-16 10:00:02 --> ErrorException: Constant LANG already defined
[Method: GET, Route: CronJob/envia_avisos]
in APPPATH/Controllers/CronJob.php on line 18.
 1 [internal function]: CodeIgniter\Debug\Exceptions->errorHandler(2, 'Constant LANG already defined', '/home/next0355/dev.next1crm.com.br/app/Controllers/CronJob.php', 18)
 2 APPPATH/Controllers/CronJob.php(18): define('LANG', 'portuguese_br')
 3 APPPATH/Controllers/DynamicController.php(19): App\Controllers\CronJob->__construct()
 4 SYSTEMPATH/CodeIgniter.php(933): App\Controllers\DynamicController->execute('CronJob', 'envia_avisos')
 5 SYSTEMPATH/CodeIgniter.php(509): CodeIgniter\CodeIgniter->runController(Object(App\Controllers\DynamicController))
 6 SYSTEMPATH/CodeIgniter.php(355): CodeIgniter\CodeIgniter->handleRequest(null, Object(Config\Cache), false)
 7 SYSTEMPATH/Boot.php(325): CodeIgniter\CodeIgniter->run()
 8 SYSTEMPATH/Boot.php(67): CodeIgniter\Boot::runCodeIgniter(Object(CodeIgniter\CodeIgniter))
 9 FCPATH/index.php(56): CodeIgniter\Boot::bootWeb(Object(Config\Paths))
CRITICAL - 2024-09-16 10:15:03 --> ErrorException: Constant LANG already defined
[Method: GET, Route: CronJob/envia_avisos]
in APPPATH/Controllers/CronJob.php on line 18.
 1 [internal function]: CodeIgniter\Debug\Exceptions->errorHandler(2, 'Constant LANG already defined', '/home/next0355/dev.next1crm.com.br/app/Controllers/CronJob.php', 18)
 2 APPPATH/Controllers/CronJob.php(18): define('LANG', 'portuguese_br')
 3 APPPATH/Controllers/DynamicController.php(19): App\Controllers\CronJob->__construct()
 4 SYSTEMPATH/CodeIgniter.php(933): App\Controllers\DynamicController->execute('CronJob', 'envia_avisos')
 5 SYSTEMPATH/CodeIgniter.php(509): CodeIgniter\CodeIgniter->runController(Object(App\Controllers\DynamicController))
 6 SYSTEMPATH/CodeIgniter.php(355): CodeIgniter\CodeIgniter->handleRequest(null, Object(Config\Cache), false)
 7 SYSTEMPATH/Boot.php(325): CodeIgniter\CodeIgniter->run()
 8 SYSTEMPATH/Boot.php(67): CodeIgniter\Boot::runCodeIgniter(Object(CodeIgniter\CodeIgniter))
 9 FCPATH/index.php(56): CodeIgniter\Boot::bootWeb(Object(Config\Paths))
CRITICAL - 2024-09-16 10:30:02 --> ErrorException: Constant LANG already defined
[Method: GET, Route: CronJob/envia_avisos]
in APPPATH/Controllers/CronJob.php on line 18.
 1 [internal function]: CodeIgniter\Debug\Exceptions->errorHandler(2, 'Constant LANG already defined', '/home/next0355/dev.next1crm.com.br/app/Controllers/CronJob.php', 18)
 2 APPPATH/Controllers/CronJob.php(18): define('LANG', 'portuguese_br')
 3 APPPATH/Controllers/DynamicController.php(19): App\Controllers\CronJob->__construct()
 4 SYSTEMPATH/CodeIgniter.php(933): App\Controllers\DynamicController->execute('CronJob', 'envia_avisos')
 5 SYSTEMPATH/CodeIgniter.php(509): CodeIgniter\CodeIgniter->runController(Object(App\Controllers\DynamicController))
 6 SYSTEMPATH/CodeIgniter.php(355): CodeIgniter\CodeIgniter->handleRequest(null, Object(Config\Cache), false)
 7 SYSTEMPATH/Boot.php(325): CodeIgniter\CodeIgniter->run()
 8 SYSTEMPATH/Boot.php(67): CodeIgniter\Boot::runCodeIgniter(Object(CodeIgniter\CodeIgniter))
 9 FCPATH/index.php(56): CodeIgniter\Boot::bootWeb(Object(Config\Paths))
CRITICAL - 2024-09-16 10:45:03 --> ErrorException: Constant LANG already defined
[Method: GET, Route: CronJob/envia_avisos]
in APPPATH/Controllers/CronJob.php on line 18.
 1 [internal function]: CodeIgniter\Debug\Exceptions->errorHandler(2, 'Constant LANG already defined', '/home/next0355/dev.next1crm.com.br/app/Controllers/CronJob.php', 18)
 2 APPPATH/Controllers/CronJob.php(18): define('LANG', 'portuguese_br')
 3 APPPATH/Controllers/DynamicController.php(19): App\Controllers\CronJob->__construct()
 4 SYSTEMPATH/CodeIgniter.php(933): App\Controllers\DynamicController->execute('CronJob', 'envia_avisos')
 5 SYSTEMPATH/CodeIgniter.php(509): CodeIgniter\CodeIgniter->runController(Object(App\Controllers\DynamicController))
 6 SYSTEMPATH/CodeIgniter.php(355): CodeIgniter\CodeIgniter->handleRequest(null, Object(Config\Cache), false)
 7 SYSTEMPATH/Boot.php(325): CodeIgniter\CodeIgniter->run()
 8 SYSTEMPATH/Boot.php(67): CodeIgniter\Boot::runCodeIgniter(Object(CodeIgniter\CodeIgniter))
 9 FCPATH/index.php(56): CodeIgniter\Boot::bootWeb(Object(Config\Paths))
CRITICAL - 2024-09-16 11:00:02 --> ErrorException: Constant LANG already defined
[Method: GET, Route: CronJob/envia_avisos]
in APPPATH/Controllers/CronJob.php on line 18.
 1 [internal function]: CodeIgniter\Debug\Exceptions->errorHandler(2, 'Constant LANG already defined', '/home/next0355/dev.next1crm.com.br/app/Controllers/CronJob.php', 18)
 2 APPPATH/Controllers/CronJob.php(18): define('LANG', 'portuguese_br')
 3 APPPATH/Controllers/DynamicController.php(19): App\Controllers\CronJob->__construct()
 4 SYSTEMPATH/CodeIgniter.php(933): App\Controllers\DynamicController->execute('CronJob', 'envia_avisos')
 5 SYSTEMPATH/CodeIgniter.php(509): CodeIgniter\CodeIgniter->runController(Object(App\Controllers\DynamicController))
 6 SYSTEMPATH/CodeIgniter.php(355): CodeIgniter\CodeIgniter->handleRequest(null, Object(Config\Cache), false)
 7 SYSTEMPATH/Boot.php(325): CodeIgniter\CodeIgniter->run()
 8 SYSTEMPATH/Boot.php(67): CodeIgniter\Boot::runCodeIgniter(Object(CodeIgniter\CodeIgniter))
 9 FCPATH/index.php(56): CodeIgniter\Boot::bootWeb(Object(Config\Paths))
CRITICAL - 2024-09-16 11:15:02 --> ErrorException: Constant LANG already defined
[Method: GET, Route: CronJob/envia_avisos]
in APPPATH/Controllers/CronJob.php on line 18.
 1 [internal function]: CodeIgniter\Debug\Exceptions->errorHandler(2, 'Constant LANG already defined', '/home/next0355/dev.next1crm.com.br/app/Controllers/CronJob.php', 18)
 2 APPPATH/Controllers/CronJob.php(18): define('LANG', 'portuguese_br')
 3 APPPATH/Controllers/DynamicController.php(19): App\Controllers\CronJob->__construct()
 4 SYSTEMPATH/CodeIgniter.php(933): App\Controllers\DynamicController->execute('CronJob', 'envia_avisos')
 5 SYSTEMPATH/CodeIgniter.php(509): CodeIgniter\CodeIgniter->runController(Object(App\Controllers\DynamicController))
 6 SYSTEMPATH/CodeIgniter.php(355): CodeIgniter\CodeIgniter->handleRequest(null, Object(Config\Cache), false)
 7 SYSTEMPATH/Boot.php(325): CodeIgniter\CodeIgniter->run()
 8 SYSTEMPATH/Boot.php(67): CodeIgniter\Boot::runCodeIgniter(Object(CodeIgniter\CodeIgniter))
 9 FCPATH/index.php(56): CodeIgniter\Boot::bootWeb(Object(Config\Paths))
CRITICAL - 2024-09-16 11:30:02 --> ErrorException: Constant LANG already defined
[Method: GET, Route: CronJob/envia_avisos]
in APPPATH/Controllers/CronJob.php on line 18.
 1 [internal function]: CodeIgniter\Debug\Exceptions->errorHandler(2, 'Constant LANG already defined', '/home/next0355/dev.next1crm.com.br/app/Controllers/CronJob.php', 18)
 2 APPPATH/Controllers/CronJob.php(18): define('LANG', 'portuguese_br')
 3 APPPATH/Controllers/DynamicController.php(19): App\Controllers\CronJob->__construct()
 4 SYSTEMPATH/CodeIgniter.php(933): App\Controllers\DynamicController->execute('CronJob', 'envia_avisos')
 5 SYSTEMPATH/CodeIgniter.php(509): CodeIgniter\CodeIgniter->runController(Object(App\Controllers\DynamicController))
 6 SYSTEMPATH/CodeIgniter.php(355): CodeIgniter\CodeIgniter->handleRequest(null, Object(Config\Cache), false)
 7 SYSTEMPATH/Boot.php(325): CodeIgniter\CodeIgniter->run()
 8 SYSTEMPATH/Boot.php(67): CodeIgniter\Boot::runCodeIgniter(Object(CodeIgniter\CodeIgniter))
 9 FCPATH/index.php(56): CodeIgniter\Boot::bootWeb(Object(Config\Paths))
CRITICAL - 2024-09-16 11:45:02 --> ErrorException: Constant LANG already defined
[Method: GET, Route: CronJob/envia_avisos]
in APPPATH/Controllers/CronJob.php on line 18.
 1 [internal function]: CodeIgniter\Debug\Exceptions->errorHandler(2, 'Constant LANG already defined', '/home/next0355/dev.next1crm.com.br/app/Controllers/CronJob.php', 18)
 2 APPPATH/Controllers/CronJob.php(18): define('LANG', 'portuguese_br')
 3 APPPATH/Controllers/DynamicController.php(19): App\Controllers\CronJob->__construct()
 4 SYSTEMPATH/CodeIgniter.php(933): App\Controllers\DynamicController->execute('CronJob', 'envia_avisos')
 5 SYSTEMPATH/CodeIgniter.php(509): CodeIgniter\CodeIgniter->runController(Object(App\Controllers\DynamicController))
 6 SYSTEMPATH/CodeIgniter.php(355): CodeIgniter\CodeIgniter->handleRequest(null, Object(Config\Cache), false)
 7 SYSTEMPATH/Boot.php(325): CodeIgniter\CodeIgniter->run()
 8 SYSTEMPATH/Boot.php(67): CodeIgniter\Boot::runCodeIgniter(Object(CodeIgniter\CodeIgniter))
 9 FCPATH/index.php(56): CodeIgniter\Boot::bootWeb(Object(Config\Paths))
CRITICAL - 2024-09-16 12:00:02 --> ErrorException: Constant LANG already defined
[Method: GET, Route: CronJob/envia_avisos]
in APPPATH/Controllers/CronJob.php on line 18.
 1 [internal function]: CodeIgniter\Debug\Exceptions->errorHandler(2, 'Constant LANG already defined', '/home/next0355/dev.next1crm.com.br/app/Controllers/CronJob.php', 18)
 2 APPPATH/Controllers/CronJob.php(18): define('LANG', 'portuguese_br')
 3 APPPATH/Controllers/DynamicController.php(19): App\Controllers\CronJob->__construct()
 4 SYSTEMPATH/CodeIgniter.php(933): App\Controllers\DynamicController->execute('CronJob', 'envia_avisos')
 5 SYSTEMPATH/CodeIgniter.php(509): CodeIgniter\CodeIgniter->runController(Object(App\Controllers\DynamicController))
 6 SYSTEMPATH/CodeIgniter.php(355): CodeIgniter\CodeIgniter->handleRequest(null, Object(Config\Cache), false)
 7 SYSTEMPATH/Boot.php(325): CodeIgniter\CodeIgniter->run()
 8 SYSTEMPATH/Boot.php(67): CodeIgniter\Boot::runCodeIgniter(Object(CodeIgniter\CodeIgniter))
 9 FCPATH/index.php(56): CodeIgniter\Boot::bootWeb(Object(Config\Paths))
CRITICAL - 2024-09-16 12:15:03 --> ErrorException: Constant LANG already defined
[Method: GET, Route: CronJob/envia_avisos]
in APPPATH/Controllers/CronJob.php on line 18.
 1 [internal function]: CodeIgniter\Debug\Exceptions->errorHandler(2, 'Constant LANG already defined', '/home/next0355/dev.next1crm.com.br/app/Controllers/CronJob.php', 18)
 2 APPPATH/Controllers/CronJob.php(18): define('LANG', 'portuguese_br')
 3 APPPATH/Controllers/DynamicController.php(19): App\Controllers\CronJob->__construct()
 4 SYSTEMPATH/CodeIgniter.php(933): App\Controllers\DynamicController->execute('CronJob', 'envia_avisos')
 5 SYSTEMPATH/CodeIgniter.php(509): CodeIgniter\CodeIgniter->runController(Object(App\Controllers\DynamicController))
 6 SYSTEMPATH/CodeIgniter.php(355): CodeIgniter\CodeIgniter->handleRequest(null, Object(Config\Cache), false)
 7 SYSTEMPATH/Boot.php(325): CodeIgniter\CodeIgniter->run()
 8 SYSTEMPATH/Boot.php(67): CodeIgniter\Boot::runCodeIgniter(Object(CodeIgniter\CodeIgniter))
 9 FCPATH/index.php(56): CodeIgniter\Boot::bootWeb(Object(Config\Paths))
CRITICAL - 2024-09-16 12:30:03 --> ErrorException: Constant LANG already defined
[Method: GET, Route: CronJob/envia_avisos]
in APPPATH/Controllers/CronJob.php on line 18.
 1 [internal function]: CodeIgniter\Debug\Exceptions->errorHandler(2, 'Constant LANG already defined', '/home/next0355/dev.next1crm.com.br/app/Controllers/CronJob.php', 18)
 2 APPPATH/Controllers/CronJob.php(18): define('LANG', 'portuguese_br')
 3 APPPATH/Controllers/DynamicController.php(19): App\Controllers\CronJob->__construct()
 4 SYSTEMPATH/CodeIgniter.php(933): App\Controllers\DynamicController->execute('CronJob', 'envia_avisos')
 5 SYSTEMPATH/CodeIgniter.php(509): CodeIgniter\CodeIgniter->runController(Object(App\Controllers\DynamicController))
 6 SYSTEMPATH/CodeIgniter.php(355): CodeIgniter\CodeIgniter->handleRequest(null, Object(Config\Cache), false)
 7 SYSTEMPATH/Boot.php(325): CodeIgniter\CodeIgniter->run()
 8 SYSTEMPATH/Boot.php(67): CodeIgniter\Boot::runCodeIgniter(Object(CodeIgniter\CodeIgniter))
 9 FCPATH/index.php(56): CodeIgniter\Boot::bootWeb(Object(Config\Paths))
CRITICAL - 2024-09-16 12:45:02 --> ErrorException: Constant LANG already defined
[Method: GET, Route: CronJob/envia_avisos]
in APPPATH/Controllers/CronJob.php on line 18.
 1 [internal function]: CodeIgniter\Debug\Exceptions->errorHandler(2, 'Constant LANG already defined', '/home/next0355/dev.next1crm.com.br/app/Controllers/CronJob.php', 18)
 2 APPPATH/Controllers/CronJob.php(18): define('LANG', 'portuguese_br')
 3 APPPATH/Controllers/DynamicController.php(19): App\Controllers\CronJob->__construct()
 4 SYSTEMPATH/CodeIgniter.php(933): App\Controllers\DynamicController->execute('CronJob', 'envia_avisos')
 5 SYSTEMPATH/CodeIgniter.php(509): CodeIgniter\CodeIgniter->runController(Object(App\Controllers\DynamicController))
 6 SYSTEMPATH/CodeIgniter.php(355): CodeIgniter\CodeIgniter->handleRequest(null, Object(Config\Cache), false)
 7 SYSTEMPATH/Boot.php(325): CodeIgniter\CodeIgniter->run()
 8 SYSTEMPATH/Boot.php(67): CodeIgniter\Boot::runCodeIgniter(Object(CodeIgniter\CodeIgniter))
 9 FCPATH/index.php(56): CodeIgniter\Boot::bootWeb(Object(Config\Paths))
CRITICAL - 2024-09-16 13:00:03 --> ErrorException: Constant LANG already defined
[Method: GET, Route: CronJob/envia_avisos]
in APPPATH/Controllers/CronJob.php on line 18.
 1 [internal function]: CodeIgniter\Debug\Exceptions->errorHandler(2, 'Constant LANG already defined', '/home/next0355/dev.next1crm.com.br/app/Controllers/CronJob.php', 18)
 2 APPPATH/Controllers/CronJob.php(18): define('LANG', 'portuguese_br')
 3 APPPATH/Controllers/DynamicController.php(19): App\Controllers\CronJob->__construct()
 4 SYSTEMPATH/CodeIgniter.php(933): App\Controllers\DynamicController->execute('CronJob', 'envia_avisos')
 5 SYSTEMPATH/CodeIgniter.php(509): CodeIgniter\CodeIgniter->runController(Object(App\Controllers\DynamicController))
 6 SYSTEMPATH/CodeIgniter.php(355): CodeIgniter\CodeIgniter->handleRequest(null, Object(Config\Cache), false)
 7 SYSTEMPATH/Boot.php(325): CodeIgniter\CodeIgniter->run()
 8 SYSTEMPATH/Boot.php(67): CodeIgniter\Boot::runCodeIgniter(Object(CodeIgniter\CodeIgniter))
 9 FCPATH/index.php(56): CodeIgniter\Boot::bootWeb(Object(Config\Paths))
CRITICAL - 2024-09-16 13:15:02 --> ErrorException: Constant LANG already defined
[Method: GET, Route: CronJob/envia_avisos]
in APPPATH/Controllers/CronJob.php on line 18.
 1 [internal function]: CodeIgniter\Debug\Exceptions->errorHandler(2, 'Constant LANG already defined', '/home/next0355/dev.next1crm.com.br/app/Controllers/CronJob.php', 18)
 2 APPPATH/Controllers/CronJob.php(18): define('LANG', 'portuguese_br')
 3 APPPATH/Controllers/DynamicController.php(19): App\Controllers\CronJob->__construct()
 4 SYSTEMPATH/CodeIgniter.php(933): App\Controllers\DynamicController->execute('CronJob', 'envia_avisos')
 5 SYSTEMPATH/CodeIgniter.php(509): CodeIgniter\CodeIgniter->runController(Object(App\Controllers\DynamicController))
 6 SYSTEMPATH/CodeIgniter.php(355): CodeIgniter\CodeIgniter->handleRequest(null, Object(Config\Cache), false)
 7 SYSTEMPATH/Boot.php(325): CodeIgniter\CodeIgniter->run()
 8 SYSTEMPATH/Boot.php(67): CodeIgniter\Boot::runCodeIgniter(Object(CodeIgniter\CodeIgniter))
 9 FCPATH/index.php(56): CodeIgniter\Boot::bootWeb(Object(Config\Paths))
CRITICAL - 2024-09-16 13:30:02 --> ErrorException: Constant LANG already defined
[Method: GET, Route: CronJob/envia_avisos]
in APPPATH/Controllers/CronJob.php on line 18.
 1 [internal function]: CodeIgniter\Debug\Exceptions->errorHandler(2, 'Constant LANG already defined', '/home/next0355/dev.next1crm.com.br/app/Controllers/CronJob.php', 18)
 2 APPPATH/Controllers/CronJob.php(18): define('LANG', 'portuguese_br')
 3 APPPATH/Controllers/DynamicController.php(19): App\Controllers\CronJob->__construct()
 4 SYSTEMPATH/CodeIgniter.php(933): App\Controllers\DynamicController->execute('CronJob', 'envia_avisos')
 5 SYSTEMPATH/CodeIgniter.php(509): CodeIgniter\CodeIgniter->runController(Object(App\Controllers\DynamicController))
 6 SYSTEMPATH/CodeIgniter.php(355): CodeIgniter\CodeIgniter->handleRequest(null, Object(Config\Cache), false)
 7 SYSTEMPATH/Boot.php(325): CodeIgniter\CodeIgniter->run()
 8 SYSTEMPATH/Boot.php(67): CodeIgniter\Boot::runCodeIgniter(Object(CodeIgniter\CodeIgniter))
 9 FCPATH/index.php(56): CodeIgniter\Boot::bootWeb(Object(Config\Paths))
CRITICAL - 2024-09-16 13:45:02 --> ErrorException: Constant LANG already defined
[Method: GET, Route: CronJob/envia_avisos]
in APPPATH/Controllers/CronJob.php on line 18.
 1 [internal function]: CodeIgniter\Debug\Exceptions->errorHandler(2, 'Constant LANG already defined', '/home/next0355/dev.next1crm.com.br/app/Controllers/CronJob.php', 18)
 2 APPPATH/Controllers/CronJob.php(18): define('LANG', 'portuguese_br')
 3 APPPATH/Controllers/DynamicController.php(19): App\Controllers\CronJob->__construct()
 4 SYSTEMPATH/CodeIgniter.php(933): App\Controllers\DynamicController->execute('CronJob', 'envia_avisos')
 5 SYSTEMPATH/CodeIgniter.php(509): CodeIgniter\CodeIgniter->runController(Object(App\Controllers\DynamicController))
 6 SYSTEMPATH/CodeIgniter.php(355): CodeIgniter\CodeIgniter->handleRequest(null, Object(Config\Cache), false)
 7 SYSTEMPATH/Boot.php(325): CodeIgniter\CodeIgniter->run()
 8 SYSTEMPATH/Boot.php(67): CodeIgniter\Boot::runCodeIgniter(Object(CodeIgniter\CodeIgniter))
 9 FCPATH/index.php(56): CodeIgniter\Boot::bootWeb(Object(Config\Paths))
CRITICAL - 2024-09-16 14:00:03 --> ErrorException: Constant LANG already defined
[Method: GET, Route: CronJob/envia_avisos]
in APPPATH/Controllers/CronJob.php on line 18.
 1 [internal function]: CodeIgniter\Debug\Exceptions->errorHandler(2, 'Constant LANG already defined', '/home/next0355/dev.next1crm.com.br/app/Controllers/CronJob.php', 18)
 2 APPPATH/Controllers/CronJob.php(18): define('LANG', 'portuguese_br')
 3 APPPATH/Controllers/DynamicController.php(19): App\Controllers\CronJob->__construct()
 4 SYSTEMPATH/CodeIgniter.php(933): App\Controllers\DynamicController->execute('CronJob', 'envia_avisos')
 5 SYSTEMPATH/CodeIgniter.php(509): CodeIgniter\CodeIgniter->runController(Object(App\Controllers\DynamicController))
 6 SYSTEMPATH/CodeIgniter.php(355): CodeIgniter\CodeIgniter->handleRequest(null, Object(Config\Cache), false)
 7 SYSTEMPATH/Boot.php(325): CodeIgniter\CodeIgniter->run()
 8 SYSTEMPATH/Boot.php(67): CodeIgniter\Boot::runCodeIgniter(Object(CodeIgniter\CodeIgniter))
 9 FCPATH/index.php(56): CodeIgniter\Boot::bootWeb(Object(Config\Paths))
CRITICAL - 2024-09-16 14:15:02 --> ErrorException: Constant LANG already defined
[Method: GET, Route: CronJob/envia_avisos]
in APPPATH/Controllers/CronJob.php on line 18.
 1 [internal function]: CodeIgniter\Debug\Exceptions->errorHandler(2, 'Constant LANG already defined', '/home/next0355/dev.next1crm.com.br/app/Controllers/CronJob.php', 18)
 2 APPPATH/Controllers/CronJob.php(18): define('LANG', 'portuguese_br')
 3 APPPATH/Controllers/DynamicController.php(19): App\Controllers\CronJob->__construct()
 4 SYSTEMPATH/CodeIgniter.php(933): App\Controllers\DynamicController->execute('CronJob', 'envia_avisos')
 5 SYSTEMPATH/CodeIgniter.php(509): CodeIgniter\CodeIgniter->runController(Object(App\Controllers\DynamicController))
 6 SYSTEMPATH/CodeIgniter.php(355): CodeIgniter\CodeIgniter->handleRequest(null, Object(Config\Cache), false)
 7 SYSTEMPATH/Boot.php(325): CodeIgniter\CodeIgniter->run()
 8 SYSTEMPATH/Boot.php(67): CodeIgniter\Boot::runCodeIgniter(Object(CodeIgniter\CodeIgniter))
 9 FCPATH/index.php(56): CodeIgniter\Boot::bootWeb(Object(Config\Paths))
CRITICAL - 2024-09-16 14:30:02 --> ErrorException: Constant LANG already defined
[Method: GET, Route: CronJob/envia_avisos]
in APPPATH/Controllers/CronJob.php on line 18.
 1 [internal function]: CodeIgniter\Debug\Exceptions->errorHandler(2, 'Constant LANG already defined', '/home/next0355/dev.next1crm.com.br/app/Controllers/CronJob.php', 18)
 2 APPPATH/Controllers/CronJob.php(18): define('LANG', 'portuguese_br')
 3 APPPATH/Controllers/DynamicController.php(19): App\Controllers\CronJob->__construct()
 4 SYSTEMPATH/CodeIgniter.php(933): App\Controllers\DynamicController->execute('CronJob', 'envia_avisos')
 5 SYSTEMPATH/CodeIgniter.php(509): CodeIgniter\CodeIgniter->runController(Object(App\Controllers\DynamicController))
 6 SYSTEMPATH/CodeIgniter.php(355): CodeIgniter\CodeIgniter->handleRequest(null, Object(Config\Cache), false)
 7 SYSTEMPATH/Boot.php(325): CodeIgniter\CodeIgniter->run()
 8 SYSTEMPATH/Boot.php(67): CodeIgniter\Boot::runCodeIgniter(Object(CodeIgniter\CodeIgniter))
 9 FCPATH/index.php(56): CodeIgniter\Boot::bootWeb(Object(Config\Paths))
CRITICAL - 2024-09-16 14:45:02 --> ErrorException: Constant LANG already defined
[Method: GET, Route: CronJob/envia_avisos]
in APPPATH/Controllers/CronJob.php on line 18.
 1 [internal function]: CodeIgniter\Debug\Exceptions->errorHandler(2, 'Constant LANG already defined', '/home/next0355/dev.next1crm.com.br/app/Controllers/CronJob.php', 18)
 2 APPPATH/Controllers/CronJob.php(18): define('LANG', 'portuguese_br')
 3 APPPATH/Controllers/DynamicController.php(19): App\Controllers\CronJob->__construct()
 4 SYSTEMPATH/CodeIgniter.php(933): App\Controllers\DynamicController->execute('CronJob', 'envia_avisos')
 5 SYSTEMPATH/CodeIgniter.php(509): CodeIgniter\CodeIgniter->runController(Object(App\Controllers\DynamicController))
 6 SYSTEMPATH/CodeIgniter.php(355): CodeIgniter\CodeIgniter->handleRequest(null, Object(Config\Cache), false)
 7 SYSTEMPATH/Boot.php(325): CodeIgniter\CodeIgniter->run()
 8 SYSTEMPATH/Boot.php(67): CodeIgniter\Boot::runCodeIgniter(Object(CodeIgniter\CodeIgniter))
 9 FCPATH/index.php(56): CodeIgniter\Boot::bootWeb(Object(Config\Paths))
CRITICAL - 2024-09-16 15:00:03 --> ErrorException: Constant LANG already defined
[Method: GET, Route: CronJob/envia_avisos]
in APPPATH/Controllers/CronJob.php on line 18.
 1 [internal function]: CodeIgniter\Debug\Exceptions->errorHandler(2, 'Constant LANG already defined', '/home/next0355/dev.next1crm.com.br/app/Controllers/CronJob.php', 18)
 2 APPPATH/Controllers/CronJob.php(18): define('LANG', 'portuguese_br')
 3 APPPATH/Controllers/DynamicController.php(19): App\Controllers\CronJob->__construct()
 4 SYSTEMPATH/CodeIgniter.php(933): App\Controllers\DynamicController->execute('CronJob', 'envia_avisos')
 5 SYSTEMPATH/CodeIgniter.php(509): CodeIgniter\CodeIgniter->runController(Object(App\Controllers\DynamicController))
 6 SYSTEMPATH/CodeIgniter.php(355): CodeIgniter\CodeIgniter->handleRequest(null, Object(Config\Cache), false)
 7 SYSTEMPATH/Boot.php(325): CodeIgniter\CodeIgniter->run()
 8 SYSTEMPATH/Boot.php(67): CodeIgniter\Boot::runCodeIgniter(Object(CodeIgniter\CodeIgniter))
 9 FCPATH/index.php(56): CodeIgniter\Boot::bootWeb(Object(Config\Paths))
CRITICAL - 2024-09-16 15:15:02 --> ErrorException: Constant LANG already defined
[Method: GET, Route: CronJob/envia_avisos]
in APPPATH/Controllers/CronJob.php on line 18.
 1 [internal function]: CodeIgniter\Debug\Exceptions->errorHandler(2, 'Constant LANG already defined', '/home/next0355/dev.next1crm.com.br/app/Controllers/CronJob.php', 18)
 2 APPPATH/Controllers/CronJob.php(18): define('LANG', 'portuguese_br')
 3 APPPATH/Controllers/DynamicController.php(19): App\Controllers\CronJob->__construct()
 4 SYSTEMPATH/CodeIgniter.php(933): App\Controllers\DynamicController->execute('CronJob', 'envia_avisos')
 5 SYSTEMPATH/CodeIgniter.php(509): CodeIgniter\CodeIgniter->runController(Object(App\Controllers\DynamicController))
 6 SYSTEMPATH/CodeIgniter.php(355): CodeIgniter\CodeIgniter->handleRequest(null, Object(Config\Cache), false)
 7 SYSTEMPATH/Boot.php(325): CodeIgniter\CodeIgniter->run()
 8 SYSTEMPATH/Boot.php(67): CodeIgniter\Boot::runCodeIgniter(Object(CodeIgniter\CodeIgniter))
 9 FCPATH/index.php(56): CodeIgniter\Boot::bootWeb(Object(Config\Paths))
CRITICAL - 2024-09-16 15:30:03 --> ErrorException: Constant LANG already defined
[Method: GET, Route: CronJob/envia_avisos]
in APPPATH/Controllers/CronJob.php on line 18.
 1 [internal function]: CodeIgniter\Debug\Exceptions->errorHandler(2, 'Constant LANG already defined', '/home/next0355/dev.next1crm.com.br/app/Controllers/CronJob.php', 18)
 2 APPPATH/Controllers/CronJob.php(18): define('LANG', 'portuguese_br')
 3 APPPATH/Controllers/DynamicController.php(19): App\Controllers\CronJob->__construct()
 4 SYSTEMPATH/CodeIgniter.php(933): App\Controllers\DynamicController->execute('CronJob', 'envia_avisos')
 5 SYSTEMPATH/CodeIgniter.php(509): CodeIgniter\CodeIgniter->runController(Object(App\Controllers\DynamicController))
 6 SYSTEMPATH/CodeIgniter.php(355): CodeIgniter\CodeIgniter->handleRequest(null, Object(Config\Cache), false)
 7 SYSTEMPATH/Boot.php(325): CodeIgniter\CodeIgniter->run()
 8 SYSTEMPATH/Boot.php(67): CodeIgniter\Boot::runCodeIgniter(Object(CodeIgniter\CodeIgniter))
 9 FCPATH/index.php(56): CodeIgniter\Boot::bootWeb(Object(Config\Paths))
CRITICAL - 2024-09-16 15:45:02 --> ErrorException: Constant LANG already defined
[Method: GET, Route: CronJob/envia_avisos]
in APPPATH/Controllers/CronJob.php on line 18.
 1 [internal function]: CodeIgniter\Debug\Exceptions->errorHandler(2, 'Constant LANG already defined', '/home/next0355/dev.next1crm.com.br/app/Controllers/CronJob.php', 18)
 2 APPPATH/Controllers/CronJob.php(18): define('LANG', 'portuguese_br')
 3 APPPATH/Controllers/DynamicController.php(19): App\Controllers\CronJob->__construct()
 4 SYSTEMPATH/CodeIgniter.php(933): App\Controllers\DynamicController->execute('CronJob', 'envia_avisos')
 5 SYSTEMPATH/CodeIgniter.php(509): CodeIgniter\CodeIgniter->runController(Object(App\Controllers\DynamicController))
 6 SYSTEMPATH/CodeIgniter.php(355): CodeIgniter\CodeIgniter->handleRequest(null, Object(Config\Cache), false)
 7 SYSTEMPATH/Boot.php(325): CodeIgniter\CodeIgniter->run()
 8 SYSTEMPATH/Boot.php(67): CodeIgniter\Boot::runCodeIgniter(Object(CodeIgniter\CodeIgniter))
 9 FCPATH/index.php(56): CodeIgniter\Boot::bootWeb(Object(Config\Paths))
CRITICAL - 2024-09-16 16:00:03 --> ErrorException: Constant LANG already defined
[Method: GET, Route: CronJob/envia_avisos]
in APPPATH/Controllers/CronJob.php on line 18.
 1 [internal function]: CodeIgniter\Debug\Exceptions->errorHandler(2, 'Constant LANG already defined', '/home/next0355/dev.next1crm.com.br/app/Controllers/CronJob.php', 18)
 2 APPPATH/Controllers/CronJob.php(18): define('LANG', 'portuguese_br')
 3 APPPATH/Controllers/DynamicController.php(19): App\Controllers\CronJob->__construct()
 4 SYSTEMPATH/CodeIgniter.php(933): App\Controllers\DynamicController->execute('CronJob', 'envia_avisos')
 5 SYSTEMPATH/CodeIgniter.php(509): CodeIgniter\CodeIgniter->runController(Object(App\Controllers\DynamicController))
 6 SYSTEMPATH/CodeIgniter.php(355): CodeIgniter\CodeIgniter->handleRequest(null, Object(Config\Cache), false)
 7 SYSTEMPATH/Boot.php(325): CodeIgniter\CodeIgniter->run()
 8 SYSTEMPATH/Boot.php(67): CodeIgniter\Boot::runCodeIgniter(Object(CodeIgniter\CodeIgniter))
 9 FCPATH/index.php(56): CodeIgniter\Boot::bootWeb(Object(Config\Paths))
CRITICAL - 2024-09-16 16:15:02 --> ErrorException: Constant LANG already defined
[Method: GET, Route: CronJob/envia_avisos]
in APPPATH/Controllers/CronJob.php on line 18.
 1 [internal function]: CodeIgniter\Debug\Exceptions->errorHandler(2, 'Constant LANG already defined', '/home/next0355/dev.next1crm.com.br/app/Controllers/CronJob.php', 18)
 2 APPPATH/Controllers/CronJob.php(18): define('LANG', 'portuguese_br')
 3 APPPATH/Controllers/DynamicController.php(19): App\Controllers\CronJob->__construct()
 4 SYSTEMPATH/CodeIgniter.php(933): App\Controllers\DynamicController->execute('CronJob', 'envia_avisos')
 5 SYSTEMPATH/CodeIgniter.php(509): CodeIgniter\CodeIgniter->runController(Object(App\Controllers\DynamicController))
 6 SYSTEMPATH/CodeIgniter.php(355): CodeIgniter\CodeIgniter->handleRequest(null, Object(Config\Cache), false)
 7 SYSTEMPATH/Boot.php(325): CodeIgniter\CodeIgniter->run()
 8 SYSTEMPATH/Boot.php(67): CodeIgniter\Boot::runCodeIgniter(Object(CodeIgniter\CodeIgniter))
 9 FCPATH/index.php(56): CodeIgniter\Boot::bootWeb(Object(Config\Paths))
CRITICAL - 2024-09-16 16:30:02 --> ErrorException: Constant LANG already defined
[Method: GET, Route: CronJob/envia_avisos]
in APPPATH/Controllers/CronJob.php on line 18.
 1 [internal function]: CodeIgniter\Debug\Exceptions->errorHandler(2, 'Constant LANG already defined', '/home/next0355/dev.next1crm.com.br/app/Controllers/CronJob.php', 18)
 2 APPPATH/Controllers/CronJob.php(18): define('LANG', 'portuguese_br')
 3 APPPATH/Controllers/DynamicController.php(19): App\Controllers\CronJob->__construct()
 4 SYSTEMPATH/CodeIgniter.php(933): App\Controllers\DynamicController->execute('CronJob', 'envia_avisos')
 5 SYSTEMPATH/CodeIgniter.php(509): CodeIgniter\CodeIgniter->runController(Object(App\Controllers\DynamicController))
 6 SYSTEMPATH/CodeIgniter.php(355): CodeIgniter\CodeIgniter->handleRequest(null, Object(Config\Cache), false)
 7 SYSTEMPATH/Boot.php(325): CodeIgniter\CodeIgniter->run()
 8 SYSTEMPATH/Boot.php(67): CodeIgniter\Boot::runCodeIgniter(Object(CodeIgniter\CodeIgniter))
 9 FCPATH/index.php(56): CodeIgniter\Boot::bootWeb(Object(Config\Paths))
CRITICAL - 2024-09-16 16:45:02 --> ErrorException: Constant LANG already defined
[Method: GET, Route: CronJob/envia_avisos]
in APPPATH/Controllers/CronJob.php on line 18.
 1 [internal function]: CodeIgniter\Debug\Exceptions->errorHandler(2, 'Constant LANG already defined', '/home/next0355/dev.next1crm.com.br/app/Controllers/CronJob.php', 18)
 2 APPPATH/Controllers/CronJob.php(18): define('LANG', 'portuguese_br')
 3 APPPATH/Controllers/DynamicController.php(19): App\Controllers\CronJob->__construct()
 4 SYSTEMPATH/CodeIgniter.php(933): App\Controllers\DynamicController->execute('CronJob', 'envia_avisos')
 5 SYSTEMPATH/CodeIgniter.php(509): CodeIgniter\CodeIgniter->runController(Object(App\Controllers\DynamicController))
 6 SYSTEMPATH/CodeIgniter.php(355): CodeIgniter\CodeIgniter->handleRequest(null, Object(Config\Cache), false)
 7 SYSTEMPATH/Boot.php(325): CodeIgniter\CodeIgniter->run()
 8 SYSTEMPATH/Boot.php(67): CodeIgniter\Boot::runCodeIgniter(Object(CodeIgniter\CodeIgniter))
 9 FCPATH/index.php(56): CodeIgniter\Boot::bootWeb(Object(Config\Paths))
CRITICAL - 2024-09-16 17:00:02 --> ErrorException: Constant LANG already defined
[Method: GET, Route: CronJob/envia_avisos]
in APPPATH/Controllers/CronJob.php on line 18.
 1 [internal function]: CodeIgniter\Debug\Exceptions->errorHandler(2, 'Constant LANG already defined', '/home/next0355/dev.next1crm.com.br/app/Controllers/CronJob.php', 18)
 2 APPPATH/Controllers/CronJob.php(18): define('LANG', 'portuguese_br')
 3 APPPATH/Controllers/DynamicController.php(19): App\Controllers\CronJob->__construct()
 4 SYSTEMPATH/CodeIgniter.php(933): App\Controllers\DynamicController->execute('CronJob', 'envia_avisos')
 5 SYSTEMPATH/CodeIgniter.php(509): CodeIgniter\CodeIgniter->runController(Object(App\Controllers\DynamicController))
 6 SYSTEMPATH/CodeIgniter.php(355): CodeIgniter\CodeIgniter->handleRequest(null, Object(Config\Cache), false)
 7 SYSTEMPATH/Boot.php(325): CodeIgniter\CodeIgniter->run()
 8 SYSTEMPATH/Boot.php(67): CodeIgniter\Boot::runCodeIgniter(Object(CodeIgniter\CodeIgniter))
 9 FCPATH/index.php(56): CodeIgniter\Boot::bootWeb(Object(Config\Paths))
CRITICAL - 2024-09-16 17:15:02 --> ErrorException: Constant LANG already defined
[Method: GET, Route: CronJob/envia_avisos]
in APPPATH/Controllers/CronJob.php on line 18.
 1 [internal function]: CodeIgniter\Debug\Exceptions->errorHandler(2, 'Constant LANG already defined', '/home/next0355/dev.next1crm.com.br/app/Controllers/CronJob.php', 18)
 2 APPPATH/Controllers/CronJob.php(18): define('LANG', 'portuguese_br')
 3 APPPATH/Controllers/DynamicController.php(19): App\Controllers\CronJob->__construct()
 4 SYSTEMPATH/CodeIgniter.php(933): App\Controllers\DynamicController->execute('CronJob', 'envia_avisos')
 5 SYSTEMPATH/CodeIgniter.php(509): CodeIgniter\CodeIgniter->runController(Object(App\Controllers\DynamicController))
 6 SYSTEMPATH/CodeIgniter.php(355): CodeIgniter\CodeIgniter->handleRequest(null, Object(Config\Cache), false)
 7 SYSTEMPATH/Boot.php(325): CodeIgniter\CodeIgniter->run()
 8 SYSTEMPATH/Boot.php(67): CodeIgniter\Boot::runCodeIgniter(Object(CodeIgniter\CodeIgniter))
 9 FCPATH/index.php(56): CodeIgniter\Boot::bootWeb(Object(Config\Paths))
CRITICAL - 2024-09-16 17:30:02 --> ErrorException: Constant LANG already defined
[Method: GET, Route: CronJob/envia_avisos]
in APPPATH/Controllers/CronJob.php on line 18.
 1 [internal function]: CodeIgniter\Debug\Exceptions->errorHandler(2, 'Constant LANG already defined', '/home/next0355/dev.next1crm.com.br/app/Controllers/CronJob.php', 18)
 2 APPPATH/Controllers/CronJob.php(18): define('LANG', 'portuguese_br')
 3 APPPATH/Controllers/DynamicController.php(19): App\Controllers\CronJob->__construct()
 4 SYSTEMPATH/CodeIgniter.php(933): App\Controllers\DynamicController->execute('CronJob', 'envia_avisos')
 5 SYSTEMPATH/CodeIgniter.php(509): CodeIgniter\CodeIgniter->runController(Object(App\Controllers\DynamicController))
 6 SYSTEMPATH/CodeIgniter.php(355): CodeIgniter\CodeIgniter->handleRequest(null, Object(Config\Cache), false)
 7 SYSTEMPATH/Boot.php(325): CodeIgniter\CodeIgniter->run()
 8 SYSTEMPATH/Boot.php(67): CodeIgniter\Boot::runCodeIgniter(Object(CodeIgniter\CodeIgniter))
 9 FCPATH/index.php(56): CodeIgniter\Boot::bootWeb(Object(Config\Paths))
CRITICAL - 2024-09-16 17:45:02 --> ErrorException: Constant LANG already defined
[Method: GET, Route: CronJob/envia_avisos]
in APPPATH/Controllers/CronJob.php on line 18.
 1 [internal function]: CodeIgniter\Debug\Exceptions->errorHandler(2, 'Constant LANG already defined', '/home/next0355/dev.next1crm.com.br/app/Controllers/CronJob.php', 18)
 2 APPPATH/Controllers/CronJob.php(18): define('LANG', 'portuguese_br')
 3 APPPATH/Controllers/DynamicController.php(19): App\Controllers\CronJob->__construct()
 4 SYSTEMPATH/CodeIgniter.php(933): App\Controllers\DynamicController->execute('CronJob', 'envia_avisos')
 5 SYSTEMPATH/CodeIgniter.php(509): CodeIgniter\CodeIgniter->runController(Object(App\Controllers\DynamicController))
 6 SYSTEMPATH/CodeIgniter.php(355): CodeIgniter\CodeIgniter->handleRequest(null, Object(Config\Cache), false)
 7 SYSTEMPATH/Boot.php(325): CodeIgniter\CodeIgniter->run()
 8 SYSTEMPATH/Boot.php(67): CodeIgniter\Boot::runCodeIgniter(Object(CodeIgniter\CodeIgniter))
 9 FCPATH/index.php(56): CodeIgniter\Boot::bootWeb(Object(Config\Paths))
CRITICAL - 2024-09-16 18:00:02 --> ErrorException: Constant LANG already defined
[Method: GET, Route: CronJob/envia_avisos]
in APPPATH/Controllers/CronJob.php on line 18.
 1 [internal function]: CodeIgniter\Debug\Exceptions->errorHandler(2, 'Constant LANG already defined', '/home/next0355/dev.next1crm.com.br/app/Controllers/CronJob.php', 18)
 2 APPPATH/Controllers/CronJob.php(18): define('LANG', 'portuguese_br')
 3 APPPATH/Controllers/DynamicController.php(19): App\Controllers\CronJob->__construct()
 4 SYSTEMPATH/CodeIgniter.php(933): App\Controllers\DynamicController->execute('CronJob', 'envia_avisos')
 5 SYSTEMPATH/CodeIgniter.php(509): CodeIgniter\CodeIgniter->runController(Object(App\Controllers\DynamicController))
 6 SYSTEMPATH/CodeIgniter.php(355): CodeIgniter\CodeIgniter->handleRequest(null, Object(Config\Cache), false)
 7 SYSTEMPATH/Boot.php(325): CodeIgniter\CodeIgniter->run()
 8 SYSTEMPATH/Boot.php(67): CodeIgniter\Boot::runCodeIgniter(Object(CodeIgniter\CodeIgniter))
 9 FCPATH/index.php(56): CodeIgniter\Boot::bootWeb(Object(Config\Paths))
CRITICAL - 2024-09-16 18:15:02 --> ErrorException: Constant LANG already defined
[Method: GET, Route: CronJob/envia_avisos]
in APPPATH/Controllers/CronJob.php on line 18.
 1 [internal function]: CodeIgniter\Debug\Exceptions->errorHandler(2, 'Constant LANG already defined', '/home/next0355/dev.next1crm.com.br/app/Controllers/CronJob.php', 18)
 2 APPPATH/Controllers/CronJob.php(18): define('LANG', 'portuguese_br')
 3 APPPATH/Controllers/DynamicController.php(19): App\Controllers\CronJob->__construct()
 4 SYSTEMPATH/CodeIgniter.php(933): App\Controllers\DynamicController->execute('CronJob', 'envia_avisos')
 5 SYSTEMPATH/CodeIgniter.php(509): CodeIgniter\CodeIgniter->runController(Object(App\Controllers\DynamicController))
 6 SYSTEMPATH/CodeIgniter.php(355): CodeIgniter\CodeIgniter->handleRequest(null, Object(Config\Cache), false)
 7 SYSTEMPATH/Boot.php(325): CodeIgniter\CodeIgniter->run()
 8 SYSTEMPATH/Boot.php(67): CodeIgniter\Boot::runCodeIgniter(Object(CodeIgniter\CodeIgniter))
 9 FCPATH/index.php(56): CodeIgniter\Boot::bootWeb(Object(Config\Paths))
CRITICAL - 2024-09-16 18:30:02 --> ErrorException: Constant LANG already defined
[Method: GET, Route: CronJob/envia_avisos]
in APPPATH/Controllers/CronJob.php on line 18.
 1 [internal function]: CodeIgniter\Debug\Exceptions->errorHandler(2, 'Constant LANG already defined', '/home/next0355/dev.next1crm.com.br/app/Controllers/CronJob.php', 18)
 2 APPPATH/Controllers/CronJob.php(18): define('LANG', 'portuguese_br')
 3 APPPATH/Controllers/DynamicController.php(19): App\Controllers\CronJob->__construct()
 4 SYSTEMPATH/CodeIgniter.php(933): App\Controllers\DynamicController->execute('CronJob', 'envia_avisos')
 5 SYSTEMPATH/CodeIgniter.php(509): CodeIgniter\CodeIgniter->runController(Object(App\Controllers\DynamicController))
 6 SYSTEMPATH/CodeIgniter.php(355): CodeIgniter\CodeIgniter->handleRequest(null, Object(Config\Cache), false)
 7 SYSTEMPATH/Boot.php(325): CodeIgniter\CodeIgniter->run()
 8 SYSTEMPATH/Boot.php(67): CodeIgniter\Boot::runCodeIgniter(Object(CodeIgniter\CodeIgniter))
 9 FCPATH/index.php(56): CodeIgniter\Boot::bootWeb(Object(Config\Paths))
CRITICAL - 2024-09-16 18:45:03 --> ErrorException: Constant LANG already defined
[Method: GET, Route: CronJob/envia_avisos]
in APPPATH/Controllers/CronJob.php on line 18.
 1 [internal function]: CodeIgniter\Debug\Exceptions->errorHandler(2, 'Constant LANG already defined', '/home/next0355/dev.next1crm.com.br/app/Controllers/CronJob.php', 18)
 2 APPPATH/Controllers/CronJob.php(18): define('LANG', 'portuguese_br')
 3 APPPATH/Controllers/DynamicController.php(19): App\Controllers\CronJob->__construct()
 4 SYSTEMPATH/CodeIgniter.php(933): App\Controllers\DynamicController->execute('CronJob', 'envia_avisos')
 5 SYSTEMPATH/CodeIgniter.php(509): CodeIgniter\CodeIgniter->runController(Object(App\Controllers\DynamicController))
 6 SYSTEMPATH/CodeIgniter.php(355): CodeIgniter\CodeIgniter->handleRequest(null, Object(Config\Cache), false)
 7 SYSTEMPATH/Boot.php(325): CodeIgniter\CodeIgniter->run()
 8 SYSTEMPATH/Boot.php(67): CodeIgniter\Boot::runCodeIgniter(Object(CodeIgniter\CodeIgniter))
 9 FCPATH/index.php(56): CodeIgniter\Boot::bootWeb(Object(Config\Paths))
CRITICAL - 2024-09-16 19:00:02 --> ErrorException: Constant LANG already defined
[Method: GET, Route: CronJob/envia_avisos]
in APPPATH/Controllers/CronJob.php on line 18.
 1 [internal function]: CodeIgniter\Debug\Exceptions->errorHandler(2, 'Constant LANG already defined', '/home/next0355/dev.next1crm.com.br/app/Controllers/CronJob.php', 18)
 2 APPPATH/Controllers/CronJob.php(18): define('LANG', 'portuguese_br')
 3 APPPATH/Controllers/DynamicController.php(19): App\Controllers\CronJob->__construct()
 4 SYSTEMPATH/CodeIgniter.php(933): App\Controllers\DynamicController->execute('CronJob', 'envia_avisos')
 5 SYSTEMPATH/CodeIgniter.php(509): CodeIgniter\CodeIgniter->runController(Object(App\Controllers\DynamicController))
 6 SYSTEMPATH/CodeIgniter.php(355): CodeIgniter\CodeIgniter->handleRequest(null, Object(Config\Cache), false)
 7 SYSTEMPATH/Boot.php(325): CodeIgniter\CodeIgniter->run()
 8 SYSTEMPATH/Boot.php(67): CodeIgniter\Boot::runCodeIgniter(Object(CodeIgniter\CodeIgniter))
 9 FCPATH/index.php(56): CodeIgniter\Boot::bootWeb(Object(Config\Paths))
CRITICAL - 2024-09-16 19:15:02 --> ErrorException: Constant LANG already defined
[Method: GET, Route: CronJob/envia_avisos]
in APPPATH/Controllers/CronJob.php on line 18.
 1 [internal function]: CodeIgniter\Debug\Exceptions->errorHandler(2, 'Constant LANG already defined', '/home/next0355/dev.next1crm.com.br/app/Controllers/CronJob.php', 18)
 2 APPPATH/Controllers/CronJob.php(18): define('LANG', 'portuguese_br')
 3 APPPATH/Controllers/DynamicController.php(19): App\Controllers\CronJob->__construct()
 4 SYSTEMPATH/CodeIgniter.php(933): App\Controllers\DynamicController->execute('CronJob', 'envia_avisos')
 5 SYSTEMPATH/CodeIgniter.php(509): CodeIgniter\CodeIgniter->runController(Object(App\Controllers\DynamicController))
 6 SYSTEMPATH/CodeIgniter.php(355): CodeIgniter\CodeIgniter->handleRequest(null, Object(Config\Cache), false)
 7 SYSTEMPATH/Boot.php(325): CodeIgniter\CodeIgniter->run()
 8 SYSTEMPATH/Boot.php(67): CodeIgniter\Boot::runCodeIgniter(Object(CodeIgniter\CodeIgniter))
 9 FCPATH/index.php(56): CodeIgniter\Boot::bootWeb(Object(Config\Paths))
CRITICAL - 2024-09-16 19:30:03 --> ErrorException: Constant LANG already defined
[Method: GET, Route: CronJob/envia_avisos]
in APPPATH/Controllers/CronJob.php on line 18.
 1 [internal function]: CodeIgniter\Debug\Exceptions->errorHandler(2, 'Constant LANG already defined', '/home/next0355/dev.next1crm.com.br/app/Controllers/CronJob.php', 18)
 2 APPPATH/Controllers/CronJob.php(18): define('LANG', 'portuguese_br')
 3 APPPATH/Controllers/DynamicController.php(19): App\Controllers\CronJob->__construct()
 4 SYSTEMPATH/CodeIgniter.php(933): App\Controllers\DynamicController->execute('CronJob', 'envia_avisos')
 5 SYSTEMPATH/CodeIgniter.php(509): CodeIgniter\CodeIgniter->runController(Object(App\Controllers\DynamicController))
 6 SYSTEMPATH/CodeIgniter.php(355): CodeIgniter\CodeIgniter->handleRequest(null, Object(Config\Cache), false)
 7 SYSTEMPATH/Boot.php(325): CodeIgniter\CodeIgniter->run()
 8 SYSTEMPATH/Boot.php(67): CodeIgniter\Boot::runCodeIgniter(Object(CodeIgniter\CodeIgniter))
 9 FCPATH/index.php(56): CodeIgniter\Boot::bootWeb(Object(Config\Paths))
CRITICAL - 2024-09-16 19:45:02 --> ErrorException: Constant LANG already defined
[Method: GET, Route: CronJob/envia_avisos]
in APPPATH/Controllers/CronJob.php on line 18.
 1 [internal function]: CodeIgniter\Debug\Exceptions->errorHandler(2, 'Constant LANG already defined', '/home/next0355/dev.next1crm.com.br/app/Controllers/CronJob.php', 18)
 2 APPPATH/Controllers/CronJob.php(18): define('LANG', 'portuguese_br')
 3 APPPATH/Controllers/DynamicController.php(19): App\Controllers\CronJob->__construct()
 4 SYSTEMPATH/CodeIgniter.php(933): App\Controllers\DynamicController->execute('CronJob', 'envia_avisos')
 5 SYSTEMPATH/CodeIgniter.php(509): CodeIgniter\CodeIgniter->runController(Object(App\Controllers\DynamicController))
 6 SYSTEMPATH/CodeIgniter.php(355): CodeIgniter\CodeIgniter->handleRequest(null, Object(Config\Cache), false)
 7 SYSTEMPATH/Boot.php(325): CodeIgniter\CodeIgniter->run()
 8 SYSTEMPATH/Boot.php(67): CodeIgniter\Boot::runCodeIgniter(Object(CodeIgniter\CodeIgniter))
 9 FCPATH/index.php(56): CodeIgniter\Boot::bootWeb(Object(Config\Paths))
CRITICAL - 2024-09-16 20:00:02 --> ErrorException: Constant LANG already defined
[Method: GET, Route: CronJob/envia_avisos]
in APPPATH/Controllers/CronJob.php on line 18.
 1 [internal function]: CodeIgniter\Debug\Exceptions->errorHandler(2, 'Constant LANG already defined', '/home/next0355/dev.next1crm.com.br/app/Controllers/CronJob.php', 18)
 2 APPPATH/Controllers/CronJob.php(18): define('LANG', 'portuguese_br')
 3 APPPATH/Controllers/DynamicController.php(19): App\Controllers\CronJob->__construct()
 4 SYSTEMPATH/CodeIgniter.php(933): App\Controllers\DynamicController->execute('CronJob', 'envia_avisos')
 5 SYSTEMPATH/CodeIgniter.php(509): CodeIgniter\CodeIgniter->runController(Object(App\Controllers\DynamicController))
 6 SYSTEMPATH/CodeIgniter.php(355): CodeIgniter\CodeIgniter->handleRequest(null, Object(Config\Cache), false)
 7 SYSTEMPATH/Boot.php(325): CodeIgniter\CodeIgniter->run()
 8 SYSTEMPATH/Boot.php(67): CodeIgniter\Boot::runCodeIgniter(Object(CodeIgniter\CodeIgniter))
 9 FCPATH/index.php(56): CodeIgniter\Boot::bootWeb(Object(Config\Paths))
CRITICAL - 2024-09-16 20:15:02 --> ErrorException: Constant LANG already defined
[Method: GET, Route: CronJob/envia_avisos]
in APPPATH/Controllers/CronJob.php on line 18.
 1 [internal function]: CodeIgniter\Debug\Exceptions->errorHandler(2, 'Constant LANG already defined', '/home/next0355/dev.next1crm.com.br/app/Controllers/CronJob.php', 18)
 2 APPPATH/Controllers/CronJob.php(18): define('LANG', 'portuguese_br')
 3 APPPATH/Controllers/DynamicController.php(19): App\Controllers\CronJob->__construct()
 4 SYSTEMPATH/CodeIgniter.php(933): App\Controllers\DynamicController->execute('CronJob', 'envia_avisos')
 5 SYSTEMPATH/CodeIgniter.php(509): CodeIgniter\CodeIgniter->runController(Object(App\Controllers\DynamicController))
 6 SYSTEMPATH/CodeIgniter.php(355): CodeIgniter\CodeIgniter->handleRequest(null, Object(Config\Cache), false)
 7 SYSTEMPATH/Boot.php(325): CodeIgniter\CodeIgniter->run()
 8 SYSTEMPATH/Boot.php(67): CodeIgniter\Boot::runCodeIgniter(Object(CodeIgniter\CodeIgniter))
 9 FCPATH/index.php(56): CodeIgniter\Boot::bootWeb(Object(Config\Paths))
CRITICAL - 2024-09-16 20:30:02 --> ErrorException: Constant LANG already defined
[Method: GET, Route: CronJob/envia_avisos]
in APPPATH/Controllers/CronJob.php on line 18.
 1 [internal function]: CodeIgniter\Debug\Exceptions->errorHandler(2, 'Constant LANG already defined', '/home/next0355/dev.next1crm.com.br/app/Controllers/CronJob.php', 18)
 2 APPPATH/Controllers/CronJob.php(18): define('LANG', 'portuguese_br')
 3 APPPATH/Controllers/DynamicController.php(19): App\Controllers\CronJob->__construct()
 4 SYSTEMPATH/CodeIgniter.php(933): App\Controllers\DynamicController->execute('CronJob', 'envia_avisos')
 5 SYSTEMPATH/CodeIgniter.php(509): CodeIgniter\CodeIgniter->runController(Object(App\Controllers\DynamicController))
 6 SYSTEMPATH/CodeIgniter.php(355): CodeIgniter\CodeIgniter->handleRequest(null, Object(Config\Cache), false)
 7 SYSTEMPATH/Boot.php(325): CodeIgniter\CodeIgniter->run()
 8 SYSTEMPATH/Boot.php(67): CodeIgniter\Boot::runCodeIgniter(Object(CodeIgniter\CodeIgniter))
 9 FCPATH/index.php(56): CodeIgniter\Boot::bootWeb(Object(Config\Paths))
CRITICAL - 2024-09-16 20:45:02 --> ErrorException: Constant LANG already defined
[Method: GET, Route: CronJob/envia_avisos]
in APPPATH/Controllers/CronJob.php on line 18.
 1 [internal function]: CodeIgniter\Debug\Exceptions->errorHandler(2, 'Constant LANG already defined', '/home/next0355/dev.next1crm.com.br/app/Controllers/CronJob.php', 18)
 2 APPPATH/Controllers/CronJob.php(18): define('LANG', 'portuguese_br')
 3 APPPATH/Controllers/DynamicController.php(19): App\Controllers\CronJob->__construct()
 4 SYSTEMPATH/CodeIgniter.php(933): App\Controllers\DynamicController->execute('CronJob', 'envia_avisos')
 5 SYSTEMPATH/CodeIgniter.php(509): CodeIgniter\CodeIgniter->runController(Object(App\Controllers\DynamicController))
 6 SYSTEMPATH/CodeIgniter.php(355): CodeIgniter\CodeIgniter->handleRequest(null, Object(Config\Cache), false)
 7 SYSTEMPATH/Boot.php(325): CodeIgniter\CodeIgniter->run()
 8 SYSTEMPATH/Boot.php(67): CodeIgniter\Boot::runCodeIgniter(Object(CodeIgniter\CodeIgniter))
 9 FCPATH/index.php(56): CodeIgniter\Boot::bootWeb(Object(Config\Paths))
CRITICAL - 2024-09-16 21:00:02 --> ErrorException: Constant LANG already defined
[Method: GET, Route: CronJob/envia_avisos]
in APPPATH/Controllers/CronJob.php on line 18.
 1 [internal function]: CodeIgniter\Debug\Exceptions->errorHandler(2, 'Constant LANG already defined', '/home/next0355/dev.next1crm.com.br/app/Controllers/CronJob.php', 18)
 2 APPPATH/Controllers/CronJob.php(18): define('LANG', 'portuguese_br')
 3 APPPATH/Controllers/DynamicController.php(19): App\Controllers\CronJob->__construct()
 4 SYSTEMPATH/CodeIgniter.php(933): App\Controllers\DynamicController->execute('CronJob', 'envia_avisos')
 5 SYSTEMPATH/CodeIgniter.php(509): CodeIgniter\CodeIgniter->runController(Object(App\Controllers\DynamicController))
 6 SYSTEMPATH/CodeIgniter.php(355): CodeIgniter\CodeIgniter->handleRequest(null, Object(Config\Cache), false)
 7 SYSTEMPATH/Boot.php(325): CodeIgniter\CodeIgniter->run()
 8 SYSTEMPATH/Boot.php(67): CodeIgniter\Boot::runCodeIgniter(Object(CodeIgniter\CodeIgniter))
 9 FCPATH/index.php(56): CodeIgniter\Boot::bootWeb(Object(Config\Paths))
CRITICAL - 2024-09-16 21:15:02 --> ErrorException: Constant LANG already defined
[Method: GET, Route: CronJob/envia_avisos]
in APPPATH/Controllers/CronJob.php on line 18.
 1 [internal function]: CodeIgniter\Debug\Exceptions->errorHandler(2, 'Constant LANG already defined', '/home/next0355/dev.next1crm.com.br/app/Controllers/CronJob.php', 18)
 2 APPPATH/Controllers/CronJob.php(18): define('LANG', 'portuguese_br')
 3 APPPATH/Controllers/DynamicController.php(19): App\Controllers\CronJob->__construct()
 4 SYSTEMPATH/CodeIgniter.php(933): App\Controllers\DynamicController->execute('CronJob', 'envia_avisos')
 5 SYSTEMPATH/CodeIgniter.php(509): CodeIgniter\CodeIgniter->runController(Object(App\Controllers\DynamicController))
 6 SYSTEMPATH/CodeIgniter.php(355): CodeIgniter\CodeIgniter->handleRequest(null, Object(Config\Cache), false)
 7 SYSTEMPATH/Boot.php(325): CodeIgniter\CodeIgniter->run()
 8 SYSTEMPATH/Boot.php(67): CodeIgniter\Boot::runCodeIgniter(Object(CodeIgniter\CodeIgniter))
 9 FCPATH/index.php(56): CodeIgniter\Boot::bootWeb(Object(Config\Paths))
CRITICAL - 2024-09-16 21:30:02 --> ErrorException: Constant LANG already defined
[Method: GET, Route: CronJob/envia_avisos]
in APPPATH/Controllers/CronJob.php on line 18.
 1 [internal function]: CodeIgniter\Debug\Exceptions->errorHandler(2, 'Constant LANG already defined', '/home/next0355/dev.next1crm.com.br/app/Controllers/CronJob.php', 18)
 2 APPPATH/Controllers/CronJob.php(18): define('LANG', 'portuguese_br')
 3 APPPATH/Controllers/DynamicController.php(19): App\Controllers\CronJob->__construct()
 4 SYSTEMPATH/CodeIgniter.php(933): App\Controllers\DynamicController->execute('CronJob', 'envia_avisos')
 5 SYSTEMPATH/CodeIgniter.php(509): CodeIgniter\CodeIgniter->runController(Object(App\Controllers\DynamicController))
 6 SYSTEMPATH/CodeIgniter.php(355): CodeIgniter\CodeIgniter->handleRequest(null, Object(Config\Cache), false)
 7 SYSTEMPATH/Boot.php(325): CodeIgniter\CodeIgniter->run()
 8 SYSTEMPATH/Boot.php(67): CodeIgniter\Boot::runCodeIgniter(Object(CodeIgniter\CodeIgniter))
 9 FCPATH/index.php(56): CodeIgniter\Boot::bootWeb(Object(Config\Paths))
CRITICAL - 2024-09-16 21:45:02 --> ErrorException: Constant LANG already defined
[Method: GET, Route: CronJob/envia_avisos]
in APPPATH/Controllers/CronJob.php on line 18.
 1 [internal function]: CodeIgniter\Debug\Exceptions->errorHandler(2, 'Constant LANG already defined', '/home/next0355/dev.next1crm.com.br/app/Controllers/CronJob.php', 18)
 2 APPPATH/Controllers/CronJob.php(18): define('LANG', 'portuguese_br')
 3 APPPATH/Controllers/DynamicController.php(19): App\Controllers\CronJob->__construct()
 4 SYSTEMPATH/CodeIgniter.php(933): App\Controllers\DynamicController->execute('CronJob', 'envia_avisos')
 5 SYSTEMPATH/CodeIgniter.php(509): CodeIgniter\CodeIgniter->runController(Object(App\Controllers\DynamicController))
 6 SYSTEMPATH/CodeIgniter.php(355): CodeIgniter\CodeIgniter->handleRequest(null, Object(Config\Cache), false)
 7 SYSTEMPATH/Boot.php(325): CodeIgniter\CodeIgniter->run()
 8 SYSTEMPATH/Boot.php(67): CodeIgniter\Boot::runCodeIgniter(Object(CodeIgniter\CodeIgniter))
 9 FCPATH/index.php(56): CodeIgniter\Boot::bootWeb(Object(Config\Paths))
CRITICAL - 2024-09-16 22:00:03 --> ErrorException: Constant LANG already defined
[Method: GET, Route: CronJob/envia_avisos]
in APPPATH/Controllers/CronJob.php on line 18.
 1 [internal function]: CodeIgniter\Debug\Exceptions->errorHandler(2, 'Constant LANG already defined', '/home/next0355/dev.next1crm.com.br/app/Controllers/CronJob.php', 18)
 2 APPPATH/Controllers/CronJob.php(18): define('LANG', 'portuguese_br')
 3 APPPATH/Controllers/DynamicController.php(19): App\Controllers\CronJob->__construct()
 4 SYSTEMPATH/CodeIgniter.php(933): App\Controllers\DynamicController->execute('CronJob', 'envia_avisos')
 5 SYSTEMPATH/CodeIgniter.php(509): CodeIgniter\CodeIgniter->runController(Object(App\Controllers\DynamicController))
 6 SYSTEMPATH/CodeIgniter.php(355): CodeIgniter\CodeIgniter->handleRequest(null, Object(Config\Cache), false)
 7 SYSTEMPATH/Boot.php(325): CodeIgniter\CodeIgniter->run()
 8 SYSTEMPATH/Boot.php(67): CodeIgniter\Boot::runCodeIgniter(Object(CodeIgniter\CodeIgniter))
 9 FCPATH/index.php(56): CodeIgniter\Boot::bootWeb(Object(Config\Paths))
CRITICAL - 2024-09-16 22:15:03 --> ErrorException: Constant LANG already defined
[Method: GET, Route: CronJob/envia_avisos]
in APPPATH/Controllers/CronJob.php on line 18.
 1 [internal function]: CodeIgniter\Debug\Exceptions->errorHandler(2, 'Constant LANG already defined', '/home/next0355/dev.next1crm.com.br/app/Controllers/CronJob.php', 18)
 2 APPPATH/Controllers/CronJob.php(18): define('LANG', 'portuguese_br')
 3 APPPATH/Controllers/DynamicController.php(19): App\Controllers\CronJob->__construct()
 4 SYSTEMPATH/CodeIgniter.php(933): App\Controllers\DynamicController->execute('CronJob', 'envia_avisos')
 5 SYSTEMPATH/CodeIgniter.php(509): CodeIgniter\CodeIgniter->runController(Object(App\Controllers\DynamicController))
 6 SYSTEMPATH/CodeIgniter.php(355): CodeIgniter\CodeIgniter->handleRequest(null, Object(Config\Cache), false)
 7 SYSTEMPATH/Boot.php(325): CodeIgniter\CodeIgniter->run()
 8 SYSTEMPATH/Boot.php(67): CodeIgniter\Boot::runCodeIgniter(Object(CodeIgniter\CodeIgniter))
 9 FCPATH/index.php(56): CodeIgniter\Boot::bootWeb(Object(Config\Paths))
CRITICAL - 2024-09-16 22:30:02 --> ErrorException: Constant LANG already defined
[Method: GET, Route: CronJob/envia_avisos]
in APPPATH/Controllers/CronJob.php on line 18.
 1 [internal function]: CodeIgniter\Debug\Exceptions->errorHandler(2, 'Constant LANG already defined', '/home/next0355/dev.next1crm.com.br/app/Controllers/CronJob.php', 18)
 2 APPPATH/Controllers/CronJob.php(18): define('LANG', 'portuguese_br')
 3 APPPATH/Controllers/DynamicController.php(19): App\Controllers\CronJob->__construct()
 4 SYSTEMPATH/CodeIgniter.php(933): App\Controllers\DynamicController->execute('CronJob', 'envia_avisos')
 5 SYSTEMPATH/CodeIgniter.php(509): CodeIgniter\CodeIgniter->runController(Object(App\Controllers\DynamicController))
 6 SYSTEMPATH/CodeIgniter.php(355): CodeIgniter\CodeIgniter->handleRequest(null, Object(Config\Cache), false)
 7 SYSTEMPATH/Boot.php(325): CodeIgniter\CodeIgniter->run()
 8 SYSTEMPATH/Boot.php(67): CodeIgniter\Boot::runCodeIgniter(Object(CodeIgniter\CodeIgniter))
 9 FCPATH/index.php(56): CodeIgniter\Boot::bootWeb(Object(Config\Paths))
CRITICAL - 2024-09-16 22:45:03 --> ErrorException: Constant LANG already defined
[Method: GET, Route: CronJob/envia_avisos]
in APPPATH/Controllers/CronJob.php on line 18.
 1 [internal function]: CodeIgniter\Debug\Exceptions->errorHandler(2, 'Constant LANG already defined', '/home/next0355/dev.next1crm.com.br/app/Controllers/CronJob.php', 18)
 2 APPPATH/Controllers/CronJob.php(18): define('LANG', 'portuguese_br')
 3 APPPATH/Controllers/DynamicController.php(19): App\Controllers\CronJob->__construct()
 4 SYSTEMPATH/CodeIgniter.php(933): App\Controllers\DynamicController->execute('CronJob', 'envia_avisos')
 5 SYSTEMPATH/CodeIgniter.php(509): CodeIgniter\CodeIgniter->runController(Object(App\Controllers\DynamicController))
 6 SYSTEMPATH/CodeIgniter.php(355): CodeIgniter\CodeIgniter->handleRequest(null, Object(Config\Cache), false)
 7 SYSTEMPATH/Boot.php(325): CodeIgniter\CodeIgniter->run()
 8 SYSTEMPATH/Boot.php(67): CodeIgniter\Boot::runCodeIgniter(Object(CodeIgniter\CodeIgniter))
 9 FCPATH/index.php(56): CodeIgniter\Boot::bootWeb(Object(Config\Paths))
CRITICAL - 2024-09-16 23:00:03 --> ErrorException: Constant LANG already defined
[Method: GET, Route: CronJob/envia_avisos]
in APPPATH/Controllers/CronJob.php on line 18.
 1 [internal function]: CodeIgniter\Debug\Exceptions->errorHandler(2, 'Constant LANG already defined', '/home/next0355/dev.next1crm.com.br/app/Controllers/CronJob.php', 18)
 2 APPPATH/Controllers/CronJob.php(18): define('LANG', 'portuguese_br')
 3 APPPATH/Controllers/DynamicController.php(19): App\Controllers\CronJob->__construct()
 4 SYSTEMPATH/CodeIgniter.php(933): App\Controllers\DynamicController->execute('CronJob', 'envia_avisos')
 5 SYSTEMPATH/CodeIgniter.php(509): CodeIgniter\CodeIgniter->runController(Object(App\Controllers\DynamicController))
 6 SYSTEMPATH/CodeIgniter.php(355): CodeIgniter\CodeIgniter->handleRequest(null, Object(Config\Cache), false)
 7 SYSTEMPATH/Boot.php(325): CodeIgniter\CodeIgniter->run()
 8 SYSTEMPATH/Boot.php(67): CodeIgniter\Boot::runCodeIgniter(Object(CodeIgniter\CodeIgniter))
 9 FCPATH/index.php(56): CodeIgniter\Boot::bootWeb(Object(Config\Paths))
CRITICAL - 2024-09-16 23:15:02 --> ErrorException: Constant LANG already defined
[Method: GET, Route: CronJob/envia_avisos]
in APPPATH/Controllers/CronJob.php on line 18.
 1 [internal function]: CodeIgniter\Debug\Exceptions->errorHandler(2, 'Constant LANG already defined', '/home/next0355/dev.next1crm.com.br/app/Controllers/CronJob.php', 18)
 2 APPPATH/Controllers/CronJob.php(18): define('LANG', 'portuguese_br')
 3 APPPATH/Controllers/DynamicController.php(19): App\Controllers\CronJob->__construct()
 4 SYSTEMPATH/CodeIgniter.php(933): App\Controllers\DynamicController->execute('CronJob', 'envia_avisos')
 5 SYSTEMPATH/CodeIgniter.php(509): CodeIgniter\CodeIgniter->runController(Object(App\Controllers\DynamicController))
 6 SYSTEMPATH/CodeIgniter.php(355): CodeIgniter\CodeIgniter->handleRequest(null, Object(Config\Cache), false)
 7 SYSTEMPATH/Boot.php(325): CodeIgniter\CodeIgniter->run()
 8 SYSTEMPATH/Boot.php(67): CodeIgniter\Boot::runCodeIgniter(Object(CodeIgniter\CodeIgniter))
 9 FCPATH/index.php(56): CodeIgniter\Boot::bootWeb(Object(Config\Paths))
CRITICAL - 2024-09-16 23:30:02 --> ErrorException: Constant LANG already defined
[Method: GET, Route: CronJob/envia_avisos]
in APPPATH/Controllers/CronJob.php on line 18.
 1 [internal function]: CodeIgniter\Debug\Exceptions->errorHandler(2, 'Constant LANG already defined', '/home/next0355/dev.next1crm.com.br/app/Controllers/CronJob.php', 18)
 2 APPPATH/Controllers/CronJob.php(18): define('LANG', 'portuguese_br')
 3 APPPATH/Controllers/DynamicController.php(19): App\Controllers\CronJob->__construct()
 4 SYSTEMPATH/CodeIgniter.php(933): App\Controllers\DynamicController->execute('CronJob', 'envia_avisos')
 5 SYSTEMPATH/CodeIgniter.php(509): CodeIgniter\CodeIgniter->runController(Object(App\Controllers\DynamicController))
 6 SYSTEMPATH/CodeIgniter.php(355): CodeIgniter\CodeIgniter->handleRequest(null, Object(Config\Cache), false)
 7 SYSTEMPATH/Boot.php(325): CodeIgniter\CodeIgniter->run()
 8 SYSTEMPATH/Boot.php(67): CodeIgniter\Boot::runCodeIgniter(Object(CodeIgniter\CodeIgniter))
 9 FCPATH/index.php(56): CodeIgniter\Boot::bootWeb(Object(Config\Paths))
CRITICAL - 2024-09-16 23:45:02 --> ErrorException: Constant LANG already defined
[Method: GET, Route: CronJob/envia_avisos]
in APPPATH/Controllers/CronJob.php on line 18.
 1 [internal function]: CodeIgniter\Debug\Exceptions->errorHandler(2, 'Constant LANG already defined', '/home/next0355/dev.next1crm.com.br/app/Controllers/CronJob.php', 18)
 2 APPPATH/Controllers/CronJob.php(18): define('LANG', 'portuguese_br')
 3 APPPATH/Controllers/DynamicController.php(19): App\Controllers\CronJob->__construct()
 4 SYSTEMPATH/CodeIgniter.php(933): App\Controllers\DynamicController->execute('CronJob', 'envia_avisos')
 5 SYSTEMPATH/CodeIgniter.php(509): CodeIgniter\CodeIgniter->runController(Object(App\Controllers\DynamicController))
 6 SYSTEMPATH/CodeIgniter.php(355): CodeIgniter\CodeIgniter->handleRequest(null, Object(Config\Cache), false)
 7 SYSTEMPATH/Boot.php(325): CodeIgniter\CodeIgniter->run()
 8 SYSTEMPATH/Boot.php(67): CodeIgniter\Boot::runCodeIgniter(Object(CodeIgniter\CodeIgniter))
 9 FCPATH/index.php(56): CodeIgniter\Boot::bootWeb(Object(Config\Paths))
