CRITICAL - 2024-09-15 00:00:02 --> ErrorException: Constant LANG already defined
[Method: GET, Route: CronJob/envia_avisos]
in APPPATH/Controllers/CronJob.php on line 18.
 1 [internal function]: CodeIgniter\Debug\Exceptions->errorHandler(2, 'Constant LANG already defined', '/home/next0355/dev.next1crm.com.br/app/Controllers/CronJob.php', 18)
 2 APPPATH/Controllers/CronJob.php(18): define('LANG', 'portuguese_br')
 3 APPPATH/Controllers/DynamicController.php(19): App\Controllers\CronJob->__construct()
 4 SYSTEMPATH/CodeIgniter.php(933): App\Controllers\DynamicController->execute('CronJob', 'envia_avisos')
 5 SYSTEMPATH/CodeIgniter.php(509): CodeIgniter\CodeIgniter->runController(Object(App\Controllers\DynamicController))
 6 SYSTEMPATH/CodeIgniter.php(355): CodeIgniter\CodeIgniter->handleRequest(null, Object(Config\Cache), false)
 7 SYSTEMPATH/Boot.php(325): CodeIgniter\CodeIgniter->run()
 8 SYSTEMPATH/Boot.php(67): CodeIgniter\Boot::runCodeIgniter(Object(CodeIgniter\CodeIgniter))
 9 FCPATH/index.php(56): CodeIgniter\Boot::bootWeb(Object(Config\Paths))
CRITICAL - 2024-09-15 00:15:02 --> ErrorException: Constant LANG already defined
[Method: GET, Route: CronJob/envia_avisos]
in APPPATH/Controllers/CronJob.php on line 18.
 1 [internal function]: CodeIgniter\Debug\Exceptions->errorHandler(2, 'Constant LANG already defined', '/home/next0355/dev.next1crm.com.br/app/Controllers/CronJob.php', 18)
 2 APPPATH/Controllers/CronJob.php(18): define('LANG', 'portuguese_br')
 3 APPPATH/Controllers/DynamicController.php(19): App\Controllers\CronJob->__construct()
 4 SYSTEMPATH/CodeIgniter.php(933): App\Controllers\DynamicController->execute('CronJob', 'envia_avisos')
 5 SYSTEMPATH/CodeIgniter.php(509): CodeIgniter\CodeIgniter->runController(Object(App\Controllers\DynamicController))
 6 SYSTEMPATH/CodeIgniter.php(355): CodeIgniter\CodeIgniter->handleRequest(null, Object(Config\Cache), false)
 7 SYSTEMPATH/Boot.php(325): CodeIgniter\CodeIgniter->run()
 8 SYSTEMPATH/Boot.php(67): CodeIgniter\Boot::runCodeIgniter(Object(CodeIgniter\CodeIgniter))
 9 FCPATH/index.php(56): CodeIgniter\Boot::bootWeb(Object(Config\Paths))
CRITICAL - 2024-09-15 00:30:02 --> ErrorException: Constant LANG already defined
[Method: GET, Route: CronJob/envia_avisos]
in APPPATH/Controllers/CronJob.php on line 18.
 1 [internal function]: CodeIgniter\Debug\Exceptions->errorHandler(2, 'Constant LANG already defined', '/home/next0355/dev.next1crm.com.br/app/Controllers/CronJob.php', 18)
 2 APPPATH/Controllers/CronJob.php(18): define('LANG', 'portuguese_br')
 3 APPPATH/Controllers/DynamicController.php(19): App\Controllers\CronJob->__construct()
 4 SYSTEMPATH/CodeIgniter.php(933): App\Controllers\DynamicController->execute('CronJob', 'envia_avisos')
 5 SYSTEMPATH/CodeIgniter.php(509): CodeIgniter\CodeIgniter->runController(Object(App\Controllers\DynamicController))
 6 SYSTEMPATH/CodeIgniter.php(355): CodeIgniter\CodeIgniter->handleRequest(null, Object(Config\Cache), false)
 7 SYSTEMPATH/Boot.php(325): CodeIgniter\CodeIgniter->run()
 8 SYSTEMPATH/Boot.php(67): CodeIgniter\Boot::runCodeIgniter(Object(CodeIgniter\CodeIgniter))
 9 FCPATH/index.php(56): CodeIgniter\Boot::bootWeb(Object(Config\Paths))
CRITICAL - 2024-09-15 00:45:02 --> ErrorException: Constant LANG already defined
[Method: GET, Route: CronJob/envia_avisos]
in APPPATH/Controllers/CronJob.php on line 18.
 1 [internal function]: CodeIgniter\Debug\Exceptions->errorHandler(2, 'Constant LANG already defined', '/home/next0355/dev.next1crm.com.br/app/Controllers/CronJob.php', 18)
 2 APPPATH/Controllers/CronJob.php(18): define('LANG', 'portuguese_br')
 3 APPPATH/Controllers/DynamicController.php(19): App\Controllers\CronJob->__construct()
 4 SYSTEMPATH/CodeIgniter.php(933): App\Controllers\DynamicController->execute('CronJob', 'envia_avisos')
 5 SYSTEMPATH/CodeIgniter.php(509): CodeIgniter\CodeIgniter->runController(Object(App\Controllers\DynamicController))
 6 SYSTEMPATH/CodeIgniter.php(355): CodeIgniter\CodeIgniter->handleRequest(null, Object(Config\Cache), false)
 7 SYSTEMPATH/Boot.php(325): CodeIgniter\CodeIgniter->run()
 8 SYSTEMPATH/Boot.php(67): CodeIgniter\Boot::runCodeIgniter(Object(CodeIgniter\CodeIgniter))
 9 FCPATH/index.php(56): CodeIgniter\Boot::bootWeb(Object(Config\Paths))
CRITICAL - 2024-09-15 01:00:03 --> ErrorException: Constant LANG already defined
[Method: GET, Route: CronJob/envia_avisos]
in APPPATH/Controllers/CronJob.php on line 18.
 1 [internal function]: CodeIgniter\Debug\Exceptions->errorHandler(2, 'Constant LANG already defined', '/home/next0355/dev.next1crm.com.br/app/Controllers/CronJob.php', 18)
 2 APPPATH/Controllers/CronJob.php(18): define('LANG', 'portuguese_br')
 3 APPPATH/Controllers/DynamicController.php(19): App\Controllers\CronJob->__construct()
 4 SYSTEMPATH/CodeIgniter.php(933): App\Controllers\DynamicController->execute('CronJob', 'envia_avisos')
 5 SYSTEMPATH/CodeIgniter.php(509): CodeIgniter\CodeIgniter->runController(Object(App\Controllers\DynamicController))
 6 SYSTEMPATH/CodeIgniter.php(355): CodeIgniter\CodeIgniter->handleRequest(null, Object(Config\Cache), false)
 7 SYSTEMPATH/Boot.php(325): CodeIgniter\CodeIgniter->run()
 8 SYSTEMPATH/Boot.php(67): CodeIgniter\Boot::runCodeIgniter(Object(CodeIgniter\CodeIgniter))
 9 FCPATH/index.php(56): CodeIgniter\Boot::bootWeb(Object(Config\Paths))
CRITICAL - 2024-09-15 01:15:02 --> ErrorException: Constant LANG already defined
[Method: GET, Route: CronJob/envia_avisos]
in APPPATH/Controllers/CronJob.php on line 18.
 1 [internal function]: CodeIgniter\Debug\Exceptions->errorHandler(2, 'Constant LANG already defined', '/home/next0355/dev.next1crm.com.br/app/Controllers/CronJob.php', 18)
 2 APPPATH/Controllers/CronJob.php(18): define('LANG', 'portuguese_br')
 3 APPPATH/Controllers/DynamicController.php(19): App\Controllers\CronJob->__construct()
 4 SYSTEMPATH/CodeIgniter.php(933): App\Controllers\DynamicController->execute('CronJob', 'envia_avisos')
 5 SYSTEMPATH/CodeIgniter.php(509): CodeIgniter\CodeIgniter->runController(Object(App\Controllers\DynamicController))
 6 SYSTEMPATH/CodeIgniter.php(355): CodeIgniter\CodeIgniter->handleRequest(null, Object(Config\Cache), false)
 7 SYSTEMPATH/Boot.php(325): CodeIgniter\CodeIgniter->run()
 8 SYSTEMPATH/Boot.php(67): CodeIgniter\Boot::runCodeIgniter(Object(CodeIgniter\CodeIgniter))
 9 FCPATH/index.php(56): CodeIgniter\Boot::bootWeb(Object(Config\Paths))
CRITICAL - 2024-09-15 01:30:02 --> ErrorException: Constant LANG already defined
[Method: GET, Route: CronJob/envia_avisos]
in APPPATH/Controllers/CronJob.php on line 18.
 1 [internal function]: CodeIgniter\Debug\Exceptions->errorHandler(2, 'Constant LANG already defined', '/home/next0355/dev.next1crm.com.br/app/Controllers/CronJob.php', 18)
 2 APPPATH/Controllers/CronJob.php(18): define('LANG', 'portuguese_br')
 3 APPPATH/Controllers/DynamicController.php(19): App\Controllers\CronJob->__construct()
 4 SYSTEMPATH/CodeIgniter.php(933): App\Controllers\DynamicController->execute('CronJob', 'envia_avisos')
 5 SYSTEMPATH/CodeIgniter.php(509): CodeIgniter\CodeIgniter->runController(Object(App\Controllers\DynamicController))
 6 SYSTEMPATH/CodeIgniter.php(355): CodeIgniter\CodeIgniter->handleRequest(null, Object(Config\Cache), false)
 7 SYSTEMPATH/Boot.php(325): CodeIgniter\CodeIgniter->run()
 8 SYSTEMPATH/Boot.php(67): CodeIgniter\Boot::runCodeIgniter(Object(CodeIgniter\CodeIgniter))
 9 FCPATH/index.php(56): CodeIgniter\Boot::bootWeb(Object(Config\Paths))
CRITICAL - 2024-09-15 01:45:02 --> ErrorException: Constant LANG already defined
[Method: GET, Route: CronJob/envia_avisos]
in APPPATH/Controllers/CronJob.php on line 18.
 1 [internal function]: CodeIgniter\Debug\Exceptions->errorHandler(2, 'Constant LANG already defined', '/home/next0355/dev.next1crm.com.br/app/Controllers/CronJob.php', 18)
 2 APPPATH/Controllers/CronJob.php(18): define('LANG', 'portuguese_br')
 3 APPPATH/Controllers/DynamicController.php(19): App\Controllers\CronJob->__construct()
 4 SYSTEMPATH/CodeIgniter.php(933): App\Controllers\DynamicController->execute('CronJob', 'envia_avisos')
 5 SYSTEMPATH/CodeIgniter.php(509): CodeIgniter\CodeIgniter->runController(Object(App\Controllers\DynamicController))
 6 SYSTEMPATH/CodeIgniter.php(355): CodeIgniter\CodeIgniter->handleRequest(null, Object(Config\Cache), false)
 7 SYSTEMPATH/Boot.php(325): CodeIgniter\CodeIgniter->run()
 8 SYSTEMPATH/Boot.php(67): CodeIgniter\Boot::runCodeIgniter(Object(CodeIgniter\CodeIgniter))
 9 FCPATH/index.php(56): CodeIgniter\Boot::bootWeb(Object(Config\Paths))
CRITICAL - 2024-09-15 02:00:03 --> ErrorException: Constant LANG already defined
[Method: GET, Route: CronJob/envia_avisos]
in APPPATH/Controllers/CronJob.php on line 18.
 1 [internal function]: CodeIgniter\Debug\Exceptions->errorHandler(2, 'Constant LANG already defined', '/home/next0355/dev.next1crm.com.br/app/Controllers/CronJob.php', 18)
 2 APPPATH/Controllers/CronJob.php(18): define('LANG', 'portuguese_br')
 3 APPPATH/Controllers/DynamicController.php(19): App\Controllers\CronJob->__construct()
 4 SYSTEMPATH/CodeIgniter.php(933): App\Controllers\DynamicController->execute('CronJob', 'envia_avisos')
 5 SYSTEMPATH/CodeIgniter.php(509): CodeIgniter\CodeIgniter->runController(Object(App\Controllers\DynamicController))
 6 SYSTEMPATH/CodeIgniter.php(355): CodeIgniter\CodeIgniter->handleRequest(null, Object(Config\Cache), false)
 7 SYSTEMPATH/Boot.php(325): CodeIgniter\CodeIgniter->run()
 8 SYSTEMPATH/Boot.php(67): CodeIgniter\Boot::runCodeIgniter(Object(CodeIgniter\CodeIgniter))
 9 FCPATH/index.php(56): CodeIgniter\Boot::bootWeb(Object(Config\Paths))
CRITICAL - 2024-09-15 02:15:02 --> ErrorException: Constant LANG already defined
[Method: GET, Route: CronJob/envia_avisos]
in APPPATH/Controllers/CronJob.php on line 18.
 1 [internal function]: CodeIgniter\Debug\Exceptions->errorHandler(2, 'Constant LANG already defined', '/home/next0355/dev.next1crm.com.br/app/Controllers/CronJob.php', 18)
 2 APPPATH/Controllers/CronJob.php(18): define('LANG', 'portuguese_br')
 3 APPPATH/Controllers/DynamicController.php(19): App\Controllers\CronJob->__construct()
 4 SYSTEMPATH/CodeIgniter.php(933): App\Controllers\DynamicController->execute('CronJob', 'envia_avisos')
 5 SYSTEMPATH/CodeIgniter.php(509): CodeIgniter\CodeIgniter->runController(Object(App\Controllers\DynamicController))
 6 SYSTEMPATH/CodeIgniter.php(355): CodeIgniter\CodeIgniter->handleRequest(null, Object(Config\Cache), false)
 7 SYSTEMPATH/Boot.php(325): CodeIgniter\CodeIgniter->run()
 8 SYSTEMPATH/Boot.php(67): CodeIgniter\Boot::runCodeIgniter(Object(CodeIgniter\CodeIgniter))
 9 FCPATH/index.php(56): CodeIgniter\Boot::bootWeb(Object(Config\Paths))
CRITICAL - 2024-09-15 02:30:02 --> ErrorException: Constant LANG already defined
[Method: GET, Route: CronJob/envia_avisos]
in APPPATH/Controllers/CronJob.php on line 18.
 1 [internal function]: CodeIgniter\Debug\Exceptions->errorHandler(2, 'Constant LANG already defined', '/home/next0355/dev.next1crm.com.br/app/Controllers/CronJob.php', 18)
 2 APPPATH/Controllers/CronJob.php(18): define('LANG', 'portuguese_br')
 3 APPPATH/Controllers/DynamicController.php(19): App\Controllers\CronJob->__construct()
 4 SYSTEMPATH/CodeIgniter.php(933): App\Controllers\DynamicController->execute('CronJob', 'envia_avisos')
 5 SYSTEMPATH/CodeIgniter.php(509): CodeIgniter\CodeIgniter->runController(Object(App\Controllers\DynamicController))
 6 SYSTEMPATH/CodeIgniter.php(355): CodeIgniter\CodeIgniter->handleRequest(null, Object(Config\Cache), false)
 7 SYSTEMPATH/Boot.php(325): CodeIgniter\CodeIgniter->run()
 8 SYSTEMPATH/Boot.php(67): CodeIgniter\Boot::runCodeIgniter(Object(CodeIgniter\CodeIgniter))
 9 FCPATH/index.php(56): CodeIgniter\Boot::bootWeb(Object(Config\Paths))
CRITICAL - 2024-09-15 02:45:02 --> ErrorException: Constant LANG already defined
[Method: GET, Route: CronJob/envia_avisos]
in APPPATH/Controllers/CronJob.php on line 18.
 1 [internal function]: CodeIgniter\Debug\Exceptions->errorHandler(2, 'Constant LANG already defined', '/home/next0355/dev.next1crm.com.br/app/Controllers/CronJob.php', 18)
 2 APPPATH/Controllers/CronJob.php(18): define('LANG', 'portuguese_br')
 3 APPPATH/Controllers/DynamicController.php(19): App\Controllers\CronJob->__construct()
 4 SYSTEMPATH/CodeIgniter.php(933): App\Controllers\DynamicController->execute('CronJob', 'envia_avisos')
 5 SYSTEMPATH/CodeIgniter.php(509): CodeIgniter\CodeIgniter->runController(Object(App\Controllers\DynamicController))
 6 SYSTEMPATH/CodeIgniter.php(355): CodeIgniter\CodeIgniter->handleRequest(null, Object(Config\Cache), false)
 7 SYSTEMPATH/Boot.php(325): CodeIgniter\CodeIgniter->run()
 8 SYSTEMPATH/Boot.php(67): CodeIgniter\Boot::runCodeIgniter(Object(CodeIgniter\CodeIgniter))
 9 FCPATH/index.php(56): CodeIgniter\Boot::bootWeb(Object(Config\Paths))
CRITICAL - 2024-09-15 03:00:03 --> ErrorException: Constant LANG already defined
[Method: GET, Route: CronJob/envia_avisos]
in APPPATH/Controllers/CronJob.php on line 18.
 1 [internal function]: CodeIgniter\Debug\Exceptions->errorHandler(2, 'Constant LANG already defined', '/home/next0355/dev.next1crm.com.br/app/Controllers/CronJob.php', 18)
 2 APPPATH/Controllers/CronJob.php(18): define('LANG', 'portuguese_br')
 3 APPPATH/Controllers/DynamicController.php(19): App\Controllers\CronJob->__construct()
 4 SYSTEMPATH/CodeIgniter.php(933): App\Controllers\DynamicController->execute('CronJob', 'envia_avisos')
 5 SYSTEMPATH/CodeIgniter.php(509): CodeIgniter\CodeIgniter->runController(Object(App\Controllers\DynamicController))
 6 SYSTEMPATH/CodeIgniter.php(355): CodeIgniter\CodeIgniter->handleRequest(null, Object(Config\Cache), false)
 7 SYSTEMPATH/Boot.php(325): CodeIgniter\CodeIgniter->run()
 8 SYSTEMPATH/Boot.php(67): CodeIgniter\Boot::runCodeIgniter(Object(CodeIgniter\CodeIgniter))
 9 FCPATH/index.php(56): CodeIgniter\Boot::bootWeb(Object(Config\Paths))
CRITICAL - 2024-09-15 03:15:03 --> ErrorException: Constant LANG already defined
[Method: GET, Route: CronJob/envia_avisos]
in APPPATH/Controllers/CronJob.php on line 18.
 1 [internal function]: CodeIgniter\Debug\Exceptions->errorHandler(2, 'Constant LANG already defined', '/home/next0355/dev.next1crm.com.br/app/Controllers/CronJob.php', 18)
 2 APPPATH/Controllers/CronJob.php(18): define('LANG', 'portuguese_br')
 3 APPPATH/Controllers/DynamicController.php(19): App\Controllers\CronJob->__construct()
 4 SYSTEMPATH/CodeIgniter.php(933): App\Controllers\DynamicController->execute('CronJob', 'envia_avisos')
 5 SYSTEMPATH/CodeIgniter.php(509): CodeIgniter\CodeIgniter->runController(Object(App\Controllers\DynamicController))
 6 SYSTEMPATH/CodeIgniter.php(355): CodeIgniter\CodeIgniter->handleRequest(null, Object(Config\Cache), false)
 7 SYSTEMPATH/Boot.php(325): CodeIgniter\CodeIgniter->run()
 8 SYSTEMPATH/Boot.php(67): CodeIgniter\Boot::runCodeIgniter(Object(CodeIgniter\CodeIgniter))
 9 FCPATH/index.php(56): CodeIgniter\Boot::bootWeb(Object(Config\Paths))
CRITICAL - 2024-09-15 03:30:03 --> ErrorException: Constant LANG already defined
[Method: GET, Route: CronJob/envia_avisos]
in APPPATH/Controllers/CronJob.php on line 18.
 1 [internal function]: CodeIgniter\Debug\Exceptions->errorHandler(2, 'Constant LANG already defined', '/home/next0355/dev.next1crm.com.br/app/Controllers/CronJob.php', 18)
 2 APPPATH/Controllers/CronJob.php(18): define('LANG', 'portuguese_br')
 3 APPPATH/Controllers/DynamicController.php(19): App\Controllers\CronJob->__construct()
 4 SYSTEMPATH/CodeIgniter.php(933): App\Controllers\DynamicController->execute('CronJob', 'envia_avisos')
 5 SYSTEMPATH/CodeIgniter.php(509): CodeIgniter\CodeIgniter->runController(Object(App\Controllers\DynamicController))
 6 SYSTEMPATH/CodeIgniter.php(355): CodeIgniter\CodeIgniter->handleRequest(null, Object(Config\Cache), false)
 7 SYSTEMPATH/Boot.php(325): CodeIgniter\CodeIgniter->run()
 8 SYSTEMPATH/Boot.php(67): CodeIgniter\Boot::runCodeIgniter(Object(CodeIgniter\CodeIgniter))
 9 FCPATH/index.php(56): CodeIgniter\Boot::bootWeb(Object(Config\Paths))
CRITICAL - 2024-09-15 03:45:03 --> ErrorException: Constant LANG already defined
[Method: GET, Route: CronJob/envia_avisos]
in APPPATH/Controllers/CronJob.php on line 18.
 1 [internal function]: CodeIgniter\Debug\Exceptions->errorHandler(2, 'Constant LANG already defined', '/home/next0355/dev.next1crm.com.br/app/Controllers/CronJob.php', 18)
 2 APPPATH/Controllers/CronJob.php(18): define('LANG', 'portuguese_br')
 3 APPPATH/Controllers/DynamicController.php(19): App\Controllers\CronJob->__construct()
 4 SYSTEMPATH/CodeIgniter.php(933): App\Controllers\DynamicController->execute('CronJob', 'envia_avisos')
 5 SYSTEMPATH/CodeIgniter.php(509): CodeIgniter\CodeIgniter->runController(Object(App\Controllers\DynamicController))
 6 SYSTEMPATH/CodeIgniter.php(355): CodeIgniter\CodeIgniter->handleRequest(null, Object(Config\Cache), false)
 7 SYSTEMPATH/Boot.php(325): CodeIgniter\CodeIgniter->run()
 8 SYSTEMPATH/Boot.php(67): CodeIgniter\Boot::runCodeIgniter(Object(CodeIgniter\CodeIgniter))
 9 FCPATH/index.php(56): CodeIgniter\Boot::bootWeb(Object(Config\Paths))
CRITICAL - 2024-09-15 04:00:04 --> ErrorException: Constant LANG already defined
[Method: GET, Route: CronJob/envia_avisos]
in APPPATH/Controllers/CronJob.php on line 18.
 1 [internal function]: CodeIgniter\Debug\Exceptions->errorHandler(2, 'Constant LANG already defined', '/home/next0355/dev.next1crm.com.br/app/Controllers/CronJob.php', 18)
 2 APPPATH/Controllers/CronJob.php(18): define('LANG', 'portuguese_br')
 3 APPPATH/Controllers/DynamicController.php(19): App\Controllers\CronJob->__construct()
 4 SYSTEMPATH/CodeIgniter.php(933): App\Controllers\DynamicController->execute('CronJob', 'envia_avisos')
 5 SYSTEMPATH/CodeIgniter.php(509): CodeIgniter\CodeIgniter->runController(Object(App\Controllers\DynamicController))
 6 SYSTEMPATH/CodeIgniter.php(355): CodeIgniter\CodeIgniter->handleRequest(null, Object(Config\Cache), false)
 7 SYSTEMPATH/Boot.php(325): CodeIgniter\CodeIgniter->run()
 8 SYSTEMPATH/Boot.php(67): CodeIgniter\Boot::runCodeIgniter(Object(CodeIgniter\CodeIgniter))
 9 FCPATH/index.php(56): CodeIgniter\Boot::bootWeb(Object(Config\Paths))
CRITICAL - 2024-09-15 04:15:02 --> ErrorException: Constant LANG already defined
[Method: GET, Route: CronJob/envia_avisos]
in APPPATH/Controllers/CronJob.php on line 18.
 1 [internal function]: CodeIgniter\Debug\Exceptions->errorHandler(2, 'Constant LANG already defined', '/home/next0355/dev.next1crm.com.br/app/Controllers/CronJob.php', 18)
 2 APPPATH/Controllers/CronJob.php(18): define('LANG', 'portuguese_br')
 3 APPPATH/Controllers/DynamicController.php(19): App\Controllers\CronJob->__construct()
 4 SYSTEMPATH/CodeIgniter.php(933): App\Controllers\DynamicController->execute('CronJob', 'envia_avisos')
 5 SYSTEMPATH/CodeIgniter.php(509): CodeIgniter\CodeIgniter->runController(Object(App\Controllers\DynamicController))
 6 SYSTEMPATH/CodeIgniter.php(355): CodeIgniter\CodeIgniter->handleRequest(null, Object(Config\Cache), false)
 7 SYSTEMPATH/Boot.php(325): CodeIgniter\CodeIgniter->run()
 8 SYSTEMPATH/Boot.php(67): CodeIgniter\Boot::runCodeIgniter(Object(CodeIgniter\CodeIgniter))
 9 FCPATH/index.php(56): CodeIgniter\Boot::bootWeb(Object(Config\Paths))
CRITICAL - 2024-09-15 04:30:03 --> ErrorException: Constant LANG already defined
[Method: GET, Route: CronJob/envia_avisos]
in APPPATH/Controllers/CronJob.php on line 18.
 1 [internal function]: CodeIgniter\Debug\Exceptions->errorHandler(2, 'Constant LANG already defined', '/home/next0355/dev.next1crm.com.br/app/Controllers/CronJob.php', 18)
 2 APPPATH/Controllers/CronJob.php(18): define('LANG', 'portuguese_br')
 3 APPPATH/Controllers/DynamicController.php(19): App\Controllers\CronJob->__construct()
 4 SYSTEMPATH/CodeIgniter.php(933): App\Controllers\DynamicController->execute('CronJob', 'envia_avisos')
 5 SYSTEMPATH/CodeIgniter.php(509): CodeIgniter\CodeIgniter->runController(Object(App\Controllers\DynamicController))
 6 SYSTEMPATH/CodeIgniter.php(355): CodeIgniter\CodeIgniter->handleRequest(null, Object(Config\Cache), false)
 7 SYSTEMPATH/Boot.php(325): CodeIgniter\CodeIgniter->run()
 8 SYSTEMPATH/Boot.php(67): CodeIgniter\Boot::runCodeIgniter(Object(CodeIgniter\CodeIgniter))
 9 FCPATH/index.php(56): CodeIgniter\Boot::bootWeb(Object(Config\Paths))
CRITICAL - 2024-09-15 04:45:02 --> ErrorException: Constant LANG already defined
[Method: GET, Route: CronJob/envia_avisos]
in APPPATH/Controllers/CronJob.php on line 18.
 1 [internal function]: CodeIgniter\Debug\Exceptions->errorHandler(2, 'Constant LANG already defined', '/home/next0355/dev.next1crm.com.br/app/Controllers/CronJob.php', 18)
 2 APPPATH/Controllers/CronJob.php(18): define('LANG', 'portuguese_br')
 3 APPPATH/Controllers/DynamicController.php(19): App\Controllers\CronJob->__construct()
 4 SYSTEMPATH/CodeIgniter.php(933): App\Controllers\DynamicController->execute('CronJob', 'envia_avisos')
 5 SYSTEMPATH/CodeIgniter.php(509): CodeIgniter\CodeIgniter->runController(Object(App\Controllers\DynamicController))
 6 SYSTEMPATH/CodeIgniter.php(355): CodeIgniter\CodeIgniter->handleRequest(null, Object(Config\Cache), false)
 7 SYSTEMPATH/Boot.php(325): CodeIgniter\CodeIgniter->run()
 8 SYSTEMPATH/Boot.php(67): CodeIgniter\Boot::runCodeIgniter(Object(CodeIgniter\CodeIgniter))
 9 FCPATH/index.php(56): CodeIgniter\Boot::bootWeb(Object(Config\Paths))
CRITICAL - 2024-09-15 05:00:02 --> ErrorException: Constant LANG already defined
[Method: GET, Route: CronJob/envia_avisos]
in APPPATH/Controllers/CronJob.php on line 18.
 1 [internal function]: CodeIgniter\Debug\Exceptions->errorHandler(2, 'Constant LANG already defined', '/home/next0355/dev.next1crm.com.br/app/Controllers/CronJob.php', 18)
 2 APPPATH/Controllers/CronJob.php(18): define('LANG', 'portuguese_br')
 3 APPPATH/Controllers/DynamicController.php(19): App\Controllers\CronJob->__construct()
 4 SYSTEMPATH/CodeIgniter.php(933): App\Controllers\DynamicController->execute('CronJob', 'envia_avisos')
 5 SYSTEMPATH/CodeIgniter.php(509): CodeIgniter\CodeIgniter->runController(Object(App\Controllers\DynamicController))
 6 SYSTEMPATH/CodeIgniter.php(355): CodeIgniter\CodeIgniter->handleRequest(null, Object(Config\Cache), false)
 7 SYSTEMPATH/Boot.php(325): CodeIgniter\CodeIgniter->run()
 8 SYSTEMPATH/Boot.php(67): CodeIgniter\Boot::runCodeIgniter(Object(CodeIgniter\CodeIgniter))
 9 FCPATH/index.php(56): CodeIgniter\Boot::bootWeb(Object(Config\Paths))
CRITICAL - 2024-09-15 05:15:02 --> ErrorException: Constant LANG already defined
[Method: GET, Route: CronJob/envia_avisos]
in APPPATH/Controllers/CronJob.php on line 18.
 1 [internal function]: CodeIgniter\Debug\Exceptions->errorHandler(2, 'Constant LANG already defined', '/home/next0355/dev.next1crm.com.br/app/Controllers/CronJob.php', 18)
 2 APPPATH/Controllers/CronJob.php(18): define('LANG', 'portuguese_br')
 3 APPPATH/Controllers/DynamicController.php(19): App\Controllers\CronJob->__construct()
 4 SYSTEMPATH/CodeIgniter.php(933): App\Controllers\DynamicController->execute('CronJob', 'envia_avisos')
 5 SYSTEMPATH/CodeIgniter.php(509): CodeIgniter\CodeIgniter->runController(Object(App\Controllers\DynamicController))
 6 SYSTEMPATH/CodeIgniter.php(355): CodeIgniter\CodeIgniter->handleRequest(null, Object(Config\Cache), false)
 7 SYSTEMPATH/Boot.php(325): CodeIgniter\CodeIgniter->run()
 8 SYSTEMPATH/Boot.php(67): CodeIgniter\Boot::runCodeIgniter(Object(CodeIgniter\CodeIgniter))
 9 FCPATH/index.php(56): CodeIgniter\Boot::bootWeb(Object(Config\Paths))
CRITICAL - 2024-09-15 05:30:02 --> ErrorException: Constant LANG already defined
[Method: GET, Route: CronJob/envia_avisos]
in APPPATH/Controllers/CronJob.php on line 18.
 1 [internal function]: CodeIgniter\Debug\Exceptions->errorHandler(2, 'Constant LANG already defined', '/home/next0355/dev.next1crm.com.br/app/Controllers/CronJob.php', 18)
 2 APPPATH/Controllers/CronJob.php(18): define('LANG', 'portuguese_br')
 3 APPPATH/Controllers/DynamicController.php(19): App\Controllers\CronJob->__construct()
 4 SYSTEMPATH/CodeIgniter.php(933): App\Controllers\DynamicController->execute('CronJob', 'envia_avisos')
 5 SYSTEMPATH/CodeIgniter.php(509): CodeIgniter\CodeIgniter->runController(Object(App\Controllers\DynamicController))
 6 SYSTEMPATH/CodeIgniter.php(355): CodeIgniter\CodeIgniter->handleRequest(null, Object(Config\Cache), false)
 7 SYSTEMPATH/Boot.php(325): CodeIgniter\CodeIgniter->run()
 8 SYSTEMPATH/Boot.php(67): CodeIgniter\Boot::runCodeIgniter(Object(CodeIgniter\CodeIgniter))
 9 FCPATH/index.php(56): CodeIgniter\Boot::bootWeb(Object(Config\Paths))
CRITICAL - 2024-09-15 05:45:02 --> ErrorException: Constant LANG already defined
[Method: GET, Route: CronJob/envia_avisos]
in APPPATH/Controllers/CronJob.php on line 18.
 1 [internal function]: CodeIgniter\Debug\Exceptions->errorHandler(2, 'Constant LANG already defined', '/home/next0355/dev.next1crm.com.br/app/Controllers/CronJob.php', 18)
 2 APPPATH/Controllers/CronJob.php(18): define('LANG', 'portuguese_br')
 3 APPPATH/Controllers/DynamicController.php(19): App\Controllers\CronJob->__construct()
 4 SYSTEMPATH/CodeIgniter.php(933): App\Controllers\DynamicController->execute('CronJob', 'envia_avisos')
 5 SYSTEMPATH/CodeIgniter.php(509): CodeIgniter\CodeIgniter->runController(Object(App\Controllers\DynamicController))
 6 SYSTEMPATH/CodeIgniter.php(355): CodeIgniter\CodeIgniter->handleRequest(null, Object(Config\Cache), false)
 7 SYSTEMPATH/Boot.php(325): CodeIgniter\CodeIgniter->run()
 8 SYSTEMPATH/Boot.php(67): CodeIgniter\Boot::runCodeIgniter(Object(CodeIgniter\CodeIgniter))
 9 FCPATH/index.php(56): CodeIgniter\Boot::bootWeb(Object(Config\Paths))
CRITICAL - 2024-09-15 06:00:02 --> ErrorException: Constant LANG already defined
[Method: GET, Route: CronJob/envia_avisos]
in APPPATH/Controllers/CronJob.php on line 18.
 1 [internal function]: CodeIgniter\Debug\Exceptions->errorHandler(2, 'Constant LANG already defined', '/home/next0355/dev.next1crm.com.br/app/Controllers/CronJob.php', 18)
 2 APPPATH/Controllers/CronJob.php(18): define('LANG', 'portuguese_br')
 3 APPPATH/Controllers/DynamicController.php(19): App\Controllers\CronJob->__construct()
 4 SYSTEMPATH/CodeIgniter.php(933): App\Controllers\DynamicController->execute('CronJob', 'envia_avisos')
 5 SYSTEMPATH/CodeIgniter.php(509): CodeIgniter\CodeIgniter->runController(Object(App\Controllers\DynamicController))
 6 SYSTEMPATH/CodeIgniter.php(355): CodeIgniter\CodeIgniter->handleRequest(null, Object(Config\Cache), false)
 7 SYSTEMPATH/Boot.php(325): CodeIgniter\CodeIgniter->run()
 8 SYSTEMPATH/Boot.php(67): CodeIgniter\Boot::runCodeIgniter(Object(CodeIgniter\CodeIgniter))
 9 FCPATH/index.php(56): CodeIgniter\Boot::bootWeb(Object(Config\Paths))
CRITICAL - 2024-09-15 06:15:02 --> ErrorException: Constant LANG already defined
[Method: GET, Route: CronJob/envia_avisos]
in APPPATH/Controllers/CronJob.php on line 18.
 1 [internal function]: CodeIgniter\Debug\Exceptions->errorHandler(2, 'Constant LANG already defined', '/home/next0355/dev.next1crm.com.br/app/Controllers/CronJob.php', 18)
 2 APPPATH/Controllers/CronJob.php(18): define('LANG', 'portuguese_br')
 3 APPPATH/Controllers/DynamicController.php(19): App\Controllers\CronJob->__construct()
 4 SYSTEMPATH/CodeIgniter.php(933): App\Controllers\DynamicController->execute('CronJob', 'envia_avisos')
 5 SYSTEMPATH/CodeIgniter.php(509): CodeIgniter\CodeIgniter->runController(Object(App\Controllers\DynamicController))
 6 SYSTEMPATH/CodeIgniter.php(355): CodeIgniter\CodeIgniter->handleRequest(null, Object(Config\Cache), false)
 7 SYSTEMPATH/Boot.php(325): CodeIgniter\CodeIgniter->run()
 8 SYSTEMPATH/Boot.php(67): CodeIgniter\Boot::runCodeIgniter(Object(CodeIgniter\CodeIgniter))
 9 FCPATH/index.php(56): CodeIgniter\Boot::bootWeb(Object(Config\Paths))
CRITICAL - 2024-09-15 06:30:02 --> ErrorException: Constant LANG already defined
[Method: GET, Route: CronJob/envia_avisos]
in APPPATH/Controllers/CronJob.php on line 18.
 1 [internal function]: CodeIgniter\Debug\Exceptions->errorHandler(2, 'Constant LANG already defined', '/home/next0355/dev.next1crm.com.br/app/Controllers/CronJob.php', 18)
 2 APPPATH/Controllers/CronJob.php(18): define('LANG', 'portuguese_br')
 3 APPPATH/Controllers/DynamicController.php(19): App\Controllers\CronJob->__construct()
 4 SYSTEMPATH/CodeIgniter.php(933): App\Controllers\DynamicController->execute('CronJob', 'envia_avisos')
 5 SYSTEMPATH/CodeIgniter.php(509): CodeIgniter\CodeIgniter->runController(Object(App\Controllers\DynamicController))
 6 SYSTEMPATH/CodeIgniter.php(355): CodeIgniter\CodeIgniter->handleRequest(null, Object(Config\Cache), false)
 7 SYSTEMPATH/Boot.php(325): CodeIgniter\CodeIgniter->run()
 8 SYSTEMPATH/Boot.php(67): CodeIgniter\Boot::runCodeIgniter(Object(CodeIgniter\CodeIgniter))
 9 FCPATH/index.php(56): CodeIgniter\Boot::bootWeb(Object(Config\Paths))
CRITICAL - 2024-09-15 06:45:02 --> ErrorException: Constant LANG already defined
[Method: GET, Route: CronJob/envia_avisos]
in APPPATH/Controllers/CronJob.php on line 18.
 1 [internal function]: CodeIgniter\Debug\Exceptions->errorHandler(2, 'Constant LANG already defined', '/home/next0355/dev.next1crm.com.br/app/Controllers/CronJob.php', 18)
 2 APPPATH/Controllers/CronJob.php(18): define('LANG', 'portuguese_br')
 3 APPPATH/Controllers/DynamicController.php(19): App\Controllers\CronJob->__construct()
 4 SYSTEMPATH/CodeIgniter.php(933): App\Controllers\DynamicController->execute('CronJob', 'envia_avisos')
 5 SYSTEMPATH/CodeIgniter.php(509): CodeIgniter\CodeIgniter->runController(Object(App\Controllers\DynamicController))
 6 SYSTEMPATH/CodeIgniter.php(355): CodeIgniter\CodeIgniter->handleRequest(null, Object(Config\Cache), false)
 7 SYSTEMPATH/Boot.php(325): CodeIgniter\CodeIgniter->run()
 8 SYSTEMPATH/Boot.php(67): CodeIgniter\Boot::runCodeIgniter(Object(CodeIgniter\CodeIgniter))
 9 FCPATH/index.php(56): CodeIgniter\Boot::bootWeb(Object(Config\Paths))
CRITICAL - 2024-09-15 07:00:02 --> ErrorException: Constant LANG already defined
[Method: GET, Route: CronJob/envia_avisos]
in APPPATH/Controllers/CronJob.php on line 18.
 1 [internal function]: CodeIgniter\Debug\Exceptions->errorHandler(2, 'Constant LANG already defined', '/home/next0355/dev.next1crm.com.br/app/Controllers/CronJob.php', 18)
 2 APPPATH/Controllers/CronJob.php(18): define('LANG', 'portuguese_br')
 3 APPPATH/Controllers/DynamicController.php(19): App\Controllers\CronJob->__construct()
 4 SYSTEMPATH/CodeIgniter.php(933): App\Controllers\DynamicController->execute('CronJob', 'envia_avisos')
 5 SYSTEMPATH/CodeIgniter.php(509): CodeIgniter\CodeIgniter->runController(Object(App\Controllers\DynamicController))
 6 SYSTEMPATH/CodeIgniter.php(355): CodeIgniter\CodeIgniter->handleRequest(null, Object(Config\Cache), false)
 7 SYSTEMPATH/Boot.php(325): CodeIgniter\CodeIgniter->run()
 8 SYSTEMPATH/Boot.php(67): CodeIgniter\Boot::runCodeIgniter(Object(CodeIgniter\CodeIgniter))
 9 FCPATH/index.php(56): CodeIgniter\Boot::bootWeb(Object(Config\Paths))
CRITICAL - 2024-09-15 07:15:02 --> ErrorException: Constant LANG already defined
[Method: GET, Route: CronJob/envia_avisos]
in APPPATH/Controllers/CronJob.php on line 18.
 1 [internal function]: CodeIgniter\Debug\Exceptions->errorHandler(2, 'Constant LANG already defined', '/home/next0355/dev.next1crm.com.br/app/Controllers/CronJob.php', 18)
 2 APPPATH/Controllers/CronJob.php(18): define('LANG', 'portuguese_br')
 3 APPPATH/Controllers/DynamicController.php(19): App\Controllers\CronJob->__construct()
 4 SYSTEMPATH/CodeIgniter.php(933): App\Controllers\DynamicController->execute('CronJob', 'envia_avisos')
 5 SYSTEMPATH/CodeIgniter.php(509): CodeIgniter\CodeIgniter->runController(Object(App\Controllers\DynamicController))
 6 SYSTEMPATH/CodeIgniter.php(355): CodeIgniter\CodeIgniter->handleRequest(null, Object(Config\Cache), false)
 7 SYSTEMPATH/Boot.php(325): CodeIgniter\CodeIgniter->run()
 8 SYSTEMPATH/Boot.php(67): CodeIgniter\Boot::runCodeIgniter(Object(CodeIgniter\CodeIgniter))
 9 FCPATH/index.php(56): CodeIgniter\Boot::bootWeb(Object(Config\Paths))
CRITICAL - 2024-09-15 07:30:03 --> ErrorException: Constant LANG already defined
[Method: GET, Route: CronJob/envia_avisos]
in APPPATH/Controllers/CronJob.php on line 18.
 1 [internal function]: CodeIgniter\Debug\Exceptions->errorHandler(2, 'Constant LANG already defined', '/home/next0355/dev.next1crm.com.br/app/Controllers/CronJob.php', 18)
 2 APPPATH/Controllers/CronJob.php(18): define('LANG', 'portuguese_br')
 3 APPPATH/Controllers/DynamicController.php(19): App\Controllers\CronJob->__construct()
 4 SYSTEMPATH/CodeIgniter.php(933): App\Controllers\DynamicController->execute('CronJob', 'envia_avisos')
 5 SYSTEMPATH/CodeIgniter.php(509): CodeIgniter\CodeIgniter->runController(Object(App\Controllers\DynamicController))
 6 SYSTEMPATH/CodeIgniter.php(355): CodeIgniter\CodeIgniter->handleRequest(null, Object(Config\Cache), false)
 7 SYSTEMPATH/Boot.php(325): CodeIgniter\CodeIgniter->run()
 8 SYSTEMPATH/Boot.php(67): CodeIgniter\Boot::runCodeIgniter(Object(CodeIgniter\CodeIgniter))
 9 FCPATH/index.php(56): CodeIgniter\Boot::bootWeb(Object(Config\Paths))
CRITICAL - 2024-09-15 07:45:02 --> ErrorException: Constant LANG already defined
[Method: GET, Route: CronJob/envia_avisos]
in APPPATH/Controllers/CronJob.php on line 18.
 1 [internal function]: CodeIgniter\Debug\Exceptions->errorHandler(2, 'Constant LANG already defined', '/home/next0355/dev.next1crm.com.br/app/Controllers/CronJob.php', 18)
 2 APPPATH/Controllers/CronJob.php(18): define('LANG', 'portuguese_br')
 3 APPPATH/Controllers/DynamicController.php(19): App\Controllers\CronJob->__construct()
 4 SYSTEMPATH/CodeIgniter.php(933): App\Controllers\DynamicController->execute('CronJob', 'envia_avisos')
 5 SYSTEMPATH/CodeIgniter.php(509): CodeIgniter\CodeIgniter->runController(Object(App\Controllers\DynamicController))
 6 SYSTEMPATH/CodeIgniter.php(355): CodeIgniter\CodeIgniter->handleRequest(null, Object(Config\Cache), false)
 7 SYSTEMPATH/Boot.php(325): CodeIgniter\CodeIgniter->run()
 8 SYSTEMPATH/Boot.php(67): CodeIgniter\Boot::runCodeIgniter(Object(CodeIgniter\CodeIgniter))
 9 FCPATH/index.php(56): CodeIgniter\Boot::bootWeb(Object(Config\Paths))
CRITICAL - 2024-09-15 08:00:02 --> ErrorException: Constant LANG already defined
[Method: GET, Route: CronJob/envia_avisos]
in APPPATH/Controllers/CronJob.php on line 18.
 1 [internal function]: CodeIgniter\Debug\Exceptions->errorHandler(2, 'Constant LANG already defined', '/home/next0355/dev.next1crm.com.br/app/Controllers/CronJob.php', 18)
 2 APPPATH/Controllers/CronJob.php(18): define('LANG', 'portuguese_br')
 3 APPPATH/Controllers/DynamicController.php(19): App\Controllers\CronJob->__construct()
 4 SYSTEMPATH/CodeIgniter.php(933): App\Controllers\DynamicController->execute('CronJob', 'envia_avisos')
 5 SYSTEMPATH/CodeIgniter.php(509): CodeIgniter\CodeIgniter->runController(Object(App\Controllers\DynamicController))
 6 SYSTEMPATH/CodeIgniter.php(355): CodeIgniter\CodeIgniter->handleRequest(null, Object(Config\Cache), false)
 7 SYSTEMPATH/Boot.php(325): CodeIgniter\CodeIgniter->run()
 8 SYSTEMPATH/Boot.php(67): CodeIgniter\Boot::runCodeIgniter(Object(CodeIgniter\CodeIgniter))
 9 FCPATH/index.php(56): CodeIgniter\Boot::bootWeb(Object(Config\Paths))
CRITICAL - 2024-09-15 08:15:02 --> ErrorException: Constant LANG already defined
[Method: GET, Route: CronJob/envia_avisos]
in APPPATH/Controllers/CronJob.php on line 18.
 1 [internal function]: CodeIgniter\Debug\Exceptions->errorHandler(2, 'Constant LANG already defined', '/home/next0355/dev.next1crm.com.br/app/Controllers/CronJob.php', 18)
 2 APPPATH/Controllers/CronJob.php(18): define('LANG', 'portuguese_br')
 3 APPPATH/Controllers/DynamicController.php(19): App\Controllers\CronJob->__construct()
 4 SYSTEMPATH/CodeIgniter.php(933): App\Controllers\DynamicController->execute('CronJob', 'envia_avisos')
 5 SYSTEMPATH/CodeIgniter.php(509): CodeIgniter\CodeIgniter->runController(Object(App\Controllers\DynamicController))
 6 SYSTEMPATH/CodeIgniter.php(355): CodeIgniter\CodeIgniter->handleRequest(null, Object(Config\Cache), false)
 7 SYSTEMPATH/Boot.php(325): CodeIgniter\CodeIgniter->run()
 8 SYSTEMPATH/Boot.php(67): CodeIgniter\Boot::runCodeIgniter(Object(CodeIgniter\CodeIgniter))
 9 FCPATH/index.php(56): CodeIgniter\Boot::bootWeb(Object(Config\Paths))
CRITICAL - 2024-09-15 08:30:02 --> ErrorException: Constant LANG already defined
[Method: GET, Route: CronJob/envia_avisos]
in APPPATH/Controllers/CronJob.php on line 18.
 1 [internal function]: CodeIgniter\Debug\Exceptions->errorHandler(2, 'Constant LANG already defined', '/home/next0355/dev.next1crm.com.br/app/Controllers/CronJob.php', 18)
 2 APPPATH/Controllers/CronJob.php(18): define('LANG', 'portuguese_br')
 3 APPPATH/Controllers/DynamicController.php(19): App\Controllers\CronJob->__construct()
 4 SYSTEMPATH/CodeIgniter.php(933): App\Controllers\DynamicController->execute('CronJob', 'envia_avisos')
 5 SYSTEMPATH/CodeIgniter.php(509): CodeIgniter\CodeIgniter->runController(Object(App\Controllers\DynamicController))
 6 SYSTEMPATH/CodeIgniter.php(355): CodeIgniter\CodeIgniter->handleRequest(null, Object(Config\Cache), false)
 7 SYSTEMPATH/Boot.php(325): CodeIgniter\CodeIgniter->run()
 8 SYSTEMPATH/Boot.php(67): CodeIgniter\Boot::runCodeIgniter(Object(CodeIgniter\CodeIgniter))
 9 FCPATH/index.php(56): CodeIgniter\Boot::bootWeb(Object(Config\Paths))
CRITICAL - 2024-09-15 08:45:02 --> ErrorException: Constant LANG already defined
[Method: GET, Route: CronJob/envia_avisos]
in APPPATH/Controllers/CronJob.php on line 18.
 1 [internal function]: CodeIgniter\Debug\Exceptions->errorHandler(2, 'Constant LANG already defined', '/home/next0355/dev.next1crm.com.br/app/Controllers/CronJob.php', 18)
 2 APPPATH/Controllers/CronJob.php(18): define('LANG', 'portuguese_br')
 3 APPPATH/Controllers/DynamicController.php(19): App\Controllers\CronJob->__construct()
 4 SYSTEMPATH/CodeIgniter.php(933): App\Controllers\DynamicController->execute('CronJob', 'envia_avisos')
 5 SYSTEMPATH/CodeIgniter.php(509): CodeIgniter\CodeIgniter->runController(Object(App\Controllers\DynamicController))
 6 SYSTEMPATH/CodeIgniter.php(355): CodeIgniter\CodeIgniter->handleRequest(null, Object(Config\Cache), false)
 7 SYSTEMPATH/Boot.php(325): CodeIgniter\CodeIgniter->run()
 8 SYSTEMPATH/Boot.php(67): CodeIgniter\Boot::runCodeIgniter(Object(CodeIgniter\CodeIgniter))
 9 FCPATH/index.php(56): CodeIgniter\Boot::bootWeb(Object(Config\Paths))
CRITICAL - 2024-09-15 09:00:02 --> ErrorException: Constant LANG already defined
[Method: GET, Route: CronJob/envia_avisos]
in APPPATH/Controllers/CronJob.php on line 18.
 1 [internal function]: CodeIgniter\Debug\Exceptions->errorHandler(2, 'Constant LANG already defined', '/home/next0355/dev.next1crm.com.br/app/Controllers/CronJob.php', 18)
 2 APPPATH/Controllers/CronJob.php(18): define('LANG', 'portuguese_br')
 3 APPPATH/Controllers/DynamicController.php(19): App\Controllers\CronJob->__construct()
 4 SYSTEMPATH/CodeIgniter.php(933): App\Controllers\DynamicController->execute('CronJob', 'envia_avisos')
 5 SYSTEMPATH/CodeIgniter.php(509): CodeIgniter\CodeIgniter->runController(Object(App\Controllers\DynamicController))
 6 SYSTEMPATH/CodeIgniter.php(355): CodeIgniter\CodeIgniter->handleRequest(null, Object(Config\Cache), false)
 7 SYSTEMPATH/Boot.php(325): CodeIgniter\CodeIgniter->run()
 8 SYSTEMPATH/Boot.php(67): CodeIgniter\Boot::runCodeIgniter(Object(CodeIgniter\CodeIgniter))
 9 FCPATH/index.php(56): CodeIgniter\Boot::bootWeb(Object(Config\Paths))
CRITICAL - 2024-09-15 09:15:03 --> ErrorException: Constant LANG already defined
[Method: GET, Route: CronJob/envia_avisos]
in APPPATH/Controllers/CronJob.php on line 18.
 1 [internal function]: CodeIgniter\Debug\Exceptions->errorHandler(2, 'Constant LANG already defined', '/home/next0355/dev.next1crm.com.br/app/Controllers/CronJob.php', 18)
 2 APPPATH/Controllers/CronJob.php(18): define('LANG', 'portuguese_br')
 3 APPPATH/Controllers/DynamicController.php(19): App\Controllers\CronJob->__construct()
 4 SYSTEMPATH/CodeIgniter.php(933): App\Controllers\DynamicController->execute('CronJob', 'envia_avisos')
 5 SYSTEMPATH/CodeIgniter.php(509): CodeIgniter\CodeIgniter->runController(Object(App\Controllers\DynamicController))
 6 SYSTEMPATH/CodeIgniter.php(355): CodeIgniter\CodeIgniter->handleRequest(null, Object(Config\Cache), false)
 7 SYSTEMPATH/Boot.php(325): CodeIgniter\CodeIgniter->run()
 8 SYSTEMPATH/Boot.php(67): CodeIgniter\Boot::runCodeIgniter(Object(CodeIgniter\CodeIgniter))
 9 FCPATH/index.php(56): CodeIgniter\Boot::bootWeb(Object(Config\Paths))
CRITICAL - 2024-09-15 09:30:02 --> ErrorException: Constant LANG already defined
[Method: GET, Route: CronJob/envia_avisos]
in APPPATH/Controllers/CronJob.php on line 18.
 1 [internal function]: CodeIgniter\Debug\Exceptions->errorHandler(2, 'Constant LANG already defined', '/home/next0355/dev.next1crm.com.br/app/Controllers/CronJob.php', 18)
 2 APPPATH/Controllers/CronJob.php(18): define('LANG', 'portuguese_br')
 3 APPPATH/Controllers/DynamicController.php(19): App\Controllers\CronJob->__construct()
 4 SYSTEMPATH/CodeIgniter.php(933): App\Controllers\DynamicController->execute('CronJob', 'envia_avisos')
 5 SYSTEMPATH/CodeIgniter.php(509): CodeIgniter\CodeIgniter->runController(Object(App\Controllers\DynamicController))
 6 SYSTEMPATH/CodeIgniter.php(355): CodeIgniter\CodeIgniter->handleRequest(null, Object(Config\Cache), false)
 7 SYSTEMPATH/Boot.php(325): CodeIgniter\CodeIgniter->run()
 8 SYSTEMPATH/Boot.php(67): CodeIgniter\Boot::runCodeIgniter(Object(CodeIgniter\CodeIgniter))
 9 FCPATH/index.php(56): CodeIgniter\Boot::bootWeb(Object(Config\Paths))
CRITICAL - 2024-09-15 09:45:02 --> ErrorException: Constant LANG already defined
[Method: GET, Route: CronJob/envia_avisos]
in APPPATH/Controllers/CronJob.php on line 18.
 1 [internal function]: CodeIgniter\Debug\Exceptions->errorHandler(2, 'Constant LANG already defined', '/home/next0355/dev.next1crm.com.br/app/Controllers/CronJob.php', 18)
 2 APPPATH/Controllers/CronJob.php(18): define('LANG', 'portuguese_br')
 3 APPPATH/Controllers/DynamicController.php(19): App\Controllers\CronJob->__construct()
 4 SYSTEMPATH/CodeIgniter.php(933): App\Controllers\DynamicController->execute('CronJob', 'envia_avisos')
 5 SYSTEMPATH/CodeIgniter.php(509): CodeIgniter\CodeIgniter->runController(Object(App\Controllers\DynamicController))
 6 SYSTEMPATH/CodeIgniter.php(355): CodeIgniter\CodeIgniter->handleRequest(null, Object(Config\Cache), false)
 7 SYSTEMPATH/Boot.php(325): CodeIgniter\CodeIgniter->run()
 8 SYSTEMPATH/Boot.php(67): CodeIgniter\Boot::runCodeIgniter(Object(CodeIgniter\CodeIgniter))
 9 FCPATH/index.php(56): CodeIgniter\Boot::bootWeb(Object(Config\Paths))
CRITICAL - 2024-09-15 10:00:02 --> ErrorException: Constant LANG already defined
[Method: GET, Route: CronJob/envia_avisos]
in APPPATH/Controllers/CronJob.php on line 18.
 1 [internal function]: CodeIgniter\Debug\Exceptions->errorHandler(2, 'Constant LANG already defined', '/home/next0355/dev.next1crm.com.br/app/Controllers/CronJob.php', 18)
 2 APPPATH/Controllers/CronJob.php(18): define('LANG', 'portuguese_br')
 3 APPPATH/Controllers/DynamicController.php(19): App\Controllers\CronJob->__construct()
 4 SYSTEMPATH/CodeIgniter.php(933): App\Controllers\DynamicController->execute('CronJob', 'envia_avisos')
 5 SYSTEMPATH/CodeIgniter.php(509): CodeIgniter\CodeIgniter->runController(Object(App\Controllers\DynamicController))
 6 SYSTEMPATH/CodeIgniter.php(355): CodeIgniter\CodeIgniter->handleRequest(null, Object(Config\Cache), false)
 7 SYSTEMPATH/Boot.php(325): CodeIgniter\CodeIgniter->run()
 8 SYSTEMPATH/Boot.php(67): CodeIgniter\Boot::runCodeIgniter(Object(CodeIgniter\CodeIgniter))
 9 FCPATH/index.php(56): CodeIgniter\Boot::bootWeb(Object(Config\Paths))
CRITICAL - 2024-09-15 10:15:02 --> ErrorException: Constant LANG already defined
[Method: GET, Route: CronJob/envia_avisos]
in APPPATH/Controllers/CronJob.php on line 18.
 1 [internal function]: CodeIgniter\Debug\Exceptions->errorHandler(2, 'Constant LANG already defined', '/home/next0355/dev.next1crm.com.br/app/Controllers/CronJob.php', 18)
 2 APPPATH/Controllers/CronJob.php(18): define('LANG', 'portuguese_br')
 3 APPPATH/Controllers/DynamicController.php(19): App\Controllers\CronJob->__construct()
 4 SYSTEMPATH/CodeIgniter.php(933): App\Controllers\DynamicController->execute('CronJob', 'envia_avisos')
 5 SYSTEMPATH/CodeIgniter.php(509): CodeIgniter\CodeIgniter->runController(Object(App\Controllers\DynamicController))
 6 SYSTEMPATH/CodeIgniter.php(355): CodeIgniter\CodeIgniter->handleRequest(null, Object(Config\Cache), false)
 7 SYSTEMPATH/Boot.php(325): CodeIgniter\CodeIgniter->run()
 8 SYSTEMPATH/Boot.php(67): CodeIgniter\Boot::runCodeIgniter(Object(CodeIgniter\CodeIgniter))
 9 FCPATH/index.php(56): CodeIgniter\Boot::bootWeb(Object(Config\Paths))
CRITICAL - 2024-09-15 10:30:02 --> ErrorException: Constant LANG already defined
[Method: GET, Route: CronJob/envia_avisos]
in APPPATH/Controllers/CronJob.php on line 18.
 1 [internal function]: CodeIgniter\Debug\Exceptions->errorHandler(2, 'Constant LANG already defined', '/home/next0355/dev.next1crm.com.br/app/Controllers/CronJob.php', 18)
 2 APPPATH/Controllers/CronJob.php(18): define('LANG', 'portuguese_br')
 3 APPPATH/Controllers/DynamicController.php(19): App\Controllers\CronJob->__construct()
 4 SYSTEMPATH/CodeIgniter.php(933): App\Controllers\DynamicController->execute('CronJob', 'envia_avisos')
 5 SYSTEMPATH/CodeIgniter.php(509): CodeIgniter\CodeIgniter->runController(Object(App\Controllers\DynamicController))
 6 SYSTEMPATH/CodeIgniter.php(355): CodeIgniter\CodeIgniter->handleRequest(null, Object(Config\Cache), false)
 7 SYSTEMPATH/Boot.php(325): CodeIgniter\CodeIgniter->run()
 8 SYSTEMPATH/Boot.php(67): CodeIgniter\Boot::runCodeIgniter(Object(CodeIgniter\CodeIgniter))
 9 FCPATH/index.php(56): CodeIgniter\Boot::bootWeb(Object(Config\Paths))
CRITICAL - 2024-09-15 10:45:02 --> ErrorException: Constant LANG already defined
[Method: GET, Route: CronJob/envia_avisos]
in APPPATH/Controllers/CronJob.php on line 18.
 1 [internal function]: CodeIgniter\Debug\Exceptions->errorHandler(2, 'Constant LANG already defined', '/home/next0355/dev.next1crm.com.br/app/Controllers/CronJob.php', 18)
 2 APPPATH/Controllers/CronJob.php(18): define('LANG', 'portuguese_br')
 3 APPPATH/Controllers/DynamicController.php(19): App\Controllers\CronJob->__construct()
 4 SYSTEMPATH/CodeIgniter.php(933): App\Controllers\DynamicController->execute('CronJob', 'envia_avisos')
 5 SYSTEMPATH/CodeIgniter.php(509): CodeIgniter\CodeIgniter->runController(Object(App\Controllers\DynamicController))
 6 SYSTEMPATH/CodeIgniter.php(355): CodeIgniter\CodeIgniter->handleRequest(null, Object(Config\Cache), false)
 7 SYSTEMPATH/Boot.php(325): CodeIgniter\CodeIgniter->run()
 8 SYSTEMPATH/Boot.php(67): CodeIgniter\Boot::runCodeIgniter(Object(CodeIgniter\CodeIgniter))
 9 FCPATH/index.php(56): CodeIgniter\Boot::bootWeb(Object(Config\Paths))
CRITICAL - 2024-09-15 11:00:03 --> ErrorException: Constant LANG already defined
[Method: GET, Route: CronJob/envia_avisos]
in APPPATH/Controllers/CronJob.php on line 18.
 1 [internal function]: CodeIgniter\Debug\Exceptions->errorHandler(2, 'Constant LANG already defined', '/home/next0355/dev.next1crm.com.br/app/Controllers/CronJob.php', 18)
 2 APPPATH/Controllers/CronJob.php(18): define('LANG', 'portuguese_br')
 3 APPPATH/Controllers/DynamicController.php(19): App\Controllers\CronJob->__construct()
 4 SYSTEMPATH/CodeIgniter.php(933): App\Controllers\DynamicController->execute('CronJob', 'envia_avisos')
 5 SYSTEMPATH/CodeIgniter.php(509): CodeIgniter\CodeIgniter->runController(Object(App\Controllers\DynamicController))
 6 SYSTEMPATH/CodeIgniter.php(355): CodeIgniter\CodeIgniter->handleRequest(null, Object(Config\Cache), false)
 7 SYSTEMPATH/Boot.php(325): CodeIgniter\CodeIgniter->run()
 8 SYSTEMPATH/Boot.php(67): CodeIgniter\Boot::runCodeIgniter(Object(CodeIgniter\CodeIgniter))
 9 FCPATH/index.php(56): CodeIgniter\Boot::bootWeb(Object(Config\Paths))
CRITICAL - 2024-09-15 11:15:02 --> ErrorException: Constant LANG already defined
[Method: GET, Route: CronJob/envia_avisos]
in APPPATH/Controllers/CronJob.php on line 18.
 1 [internal function]: CodeIgniter\Debug\Exceptions->errorHandler(2, 'Constant LANG already defined', '/home/next0355/dev.next1crm.com.br/app/Controllers/CronJob.php', 18)
 2 APPPATH/Controllers/CronJob.php(18): define('LANG', 'portuguese_br')
 3 APPPATH/Controllers/DynamicController.php(19): App\Controllers\CronJob->__construct()
 4 SYSTEMPATH/CodeIgniter.php(933): App\Controllers\DynamicController->execute('CronJob', 'envia_avisos')
 5 SYSTEMPATH/CodeIgniter.php(509): CodeIgniter\CodeIgniter->runController(Object(App\Controllers\DynamicController))
 6 SYSTEMPATH/CodeIgniter.php(355): CodeIgniter\CodeIgniter->handleRequest(null, Object(Config\Cache), false)
 7 SYSTEMPATH/Boot.php(325): CodeIgniter\CodeIgniter->run()
 8 SYSTEMPATH/Boot.php(67): CodeIgniter\Boot::runCodeIgniter(Object(CodeIgniter\CodeIgniter))
 9 FCPATH/index.php(56): CodeIgniter\Boot::bootWeb(Object(Config\Paths))
CRITICAL - 2024-09-15 11:30:03 --> ErrorException: Constant LANG already defined
[Method: GET, Route: CronJob/envia_avisos]
in APPPATH/Controllers/CronJob.php on line 18.
 1 [internal function]: CodeIgniter\Debug\Exceptions->errorHandler(2, 'Constant LANG already defined', '/home/next0355/dev.next1crm.com.br/app/Controllers/CronJob.php', 18)
 2 APPPATH/Controllers/CronJob.php(18): define('LANG', 'portuguese_br')
 3 APPPATH/Controllers/DynamicController.php(19): App\Controllers\CronJob->__construct()
 4 SYSTEMPATH/CodeIgniter.php(933): App\Controllers\DynamicController->execute('CronJob', 'envia_avisos')
 5 SYSTEMPATH/CodeIgniter.php(509): CodeIgniter\CodeIgniter->runController(Object(App\Controllers\DynamicController))
 6 SYSTEMPATH/CodeIgniter.php(355): CodeIgniter\CodeIgniter->handleRequest(null, Object(Config\Cache), false)
 7 SYSTEMPATH/Boot.php(325): CodeIgniter\CodeIgniter->run()
 8 SYSTEMPATH/Boot.php(67): CodeIgniter\Boot::runCodeIgniter(Object(CodeIgniter\CodeIgniter))
 9 FCPATH/index.php(56): CodeIgniter\Boot::bootWeb(Object(Config\Paths))
CRITICAL - 2024-09-15 11:45:02 --> ErrorException: Constant LANG already defined
[Method: GET, Route: CronJob/envia_avisos]
in APPPATH/Controllers/CronJob.php on line 18.
 1 [internal function]: CodeIgniter\Debug\Exceptions->errorHandler(2, 'Constant LANG already defined', '/home/next0355/dev.next1crm.com.br/app/Controllers/CronJob.php', 18)
 2 APPPATH/Controllers/CronJob.php(18): define('LANG', 'portuguese_br')
 3 APPPATH/Controllers/DynamicController.php(19): App\Controllers\CronJob->__construct()
 4 SYSTEMPATH/CodeIgniter.php(933): App\Controllers\DynamicController->execute('CronJob', 'envia_avisos')
 5 SYSTEMPATH/CodeIgniter.php(509): CodeIgniter\CodeIgniter->runController(Object(App\Controllers\DynamicController))
 6 SYSTEMPATH/CodeIgniter.php(355): CodeIgniter\CodeIgniter->handleRequest(null, Object(Config\Cache), false)
 7 SYSTEMPATH/Boot.php(325): CodeIgniter\CodeIgniter->run()
 8 SYSTEMPATH/Boot.php(67): CodeIgniter\Boot::runCodeIgniter(Object(CodeIgniter\CodeIgniter))
 9 FCPATH/index.php(56): CodeIgniter\Boot::bootWeb(Object(Config\Paths))
CRITICAL - 2024-09-15 12:00:02 --> ErrorException: Constant LANG already defined
[Method: GET, Route: CronJob/envia_avisos]
in APPPATH/Controllers/CronJob.php on line 18.
 1 [internal function]: CodeIgniter\Debug\Exceptions->errorHandler(2, 'Constant LANG already defined', '/home/next0355/dev.next1crm.com.br/app/Controllers/CronJob.php', 18)
 2 APPPATH/Controllers/CronJob.php(18): define('LANG', 'portuguese_br')
 3 APPPATH/Controllers/DynamicController.php(19): App\Controllers\CronJob->__construct()
 4 SYSTEMPATH/CodeIgniter.php(933): App\Controllers\DynamicController->execute('CronJob', 'envia_avisos')
 5 SYSTEMPATH/CodeIgniter.php(509): CodeIgniter\CodeIgniter->runController(Object(App\Controllers\DynamicController))
 6 SYSTEMPATH/CodeIgniter.php(355): CodeIgniter\CodeIgniter->handleRequest(null, Object(Config\Cache), false)
 7 SYSTEMPATH/Boot.php(325): CodeIgniter\CodeIgniter->run()
 8 SYSTEMPATH/Boot.php(67): CodeIgniter\Boot::runCodeIgniter(Object(CodeIgniter\CodeIgniter))
 9 FCPATH/index.php(56): CodeIgniter\Boot::bootWeb(Object(Config\Paths))
CRITICAL - 2024-09-15 12:15:02 --> ErrorException: Constant LANG already defined
[Method: GET, Route: CronJob/envia_avisos]
in APPPATH/Controllers/CronJob.php on line 18.
 1 [internal function]: CodeIgniter\Debug\Exceptions->errorHandler(2, 'Constant LANG already defined', '/home/next0355/dev.next1crm.com.br/app/Controllers/CronJob.php', 18)
 2 APPPATH/Controllers/CronJob.php(18): define('LANG', 'portuguese_br')
 3 APPPATH/Controllers/DynamicController.php(19): App\Controllers\CronJob->__construct()
 4 SYSTEMPATH/CodeIgniter.php(933): App\Controllers\DynamicController->execute('CronJob', 'envia_avisos')
 5 SYSTEMPATH/CodeIgniter.php(509): CodeIgniter\CodeIgniter->runController(Object(App\Controllers\DynamicController))
 6 SYSTEMPATH/CodeIgniter.php(355): CodeIgniter\CodeIgniter->handleRequest(null, Object(Config\Cache), false)
 7 SYSTEMPATH/Boot.php(325): CodeIgniter\CodeIgniter->run()
 8 SYSTEMPATH/Boot.php(67): CodeIgniter\Boot::runCodeIgniter(Object(CodeIgniter\CodeIgniter))
 9 FCPATH/index.php(56): CodeIgniter\Boot::bootWeb(Object(Config\Paths))
CRITICAL - 2024-09-15 12:30:02 --> ErrorException: Constant LANG already defined
[Method: GET, Route: CronJob/envia_avisos]
in APPPATH/Controllers/CronJob.php on line 18.
 1 [internal function]: CodeIgniter\Debug\Exceptions->errorHandler(2, 'Constant LANG already defined', '/home/next0355/dev.next1crm.com.br/app/Controllers/CronJob.php', 18)
 2 APPPATH/Controllers/CronJob.php(18): define('LANG', 'portuguese_br')
 3 APPPATH/Controllers/DynamicController.php(19): App\Controllers\CronJob->__construct()
 4 SYSTEMPATH/CodeIgniter.php(933): App\Controllers\DynamicController->execute('CronJob', 'envia_avisos')
 5 SYSTEMPATH/CodeIgniter.php(509): CodeIgniter\CodeIgniter->runController(Object(App\Controllers\DynamicController))
 6 SYSTEMPATH/CodeIgniter.php(355): CodeIgniter\CodeIgniter->handleRequest(null, Object(Config\Cache), false)
 7 SYSTEMPATH/Boot.php(325): CodeIgniter\CodeIgniter->run()
 8 SYSTEMPATH/Boot.php(67): CodeIgniter\Boot::runCodeIgniter(Object(CodeIgniter\CodeIgniter))
 9 FCPATH/index.php(56): CodeIgniter\Boot::bootWeb(Object(Config\Paths))
CRITICAL - 2024-09-15 12:45:03 --> ErrorException: Constant LANG already defined
[Method: GET, Route: CronJob/envia_avisos]
in APPPATH/Controllers/CronJob.php on line 18.
 1 [internal function]: CodeIgniter\Debug\Exceptions->errorHandler(2, 'Constant LANG already defined', '/home/next0355/dev.next1crm.com.br/app/Controllers/CronJob.php', 18)
 2 APPPATH/Controllers/CronJob.php(18): define('LANG', 'portuguese_br')
 3 APPPATH/Controllers/DynamicController.php(19): App\Controllers\CronJob->__construct()
 4 SYSTEMPATH/CodeIgniter.php(933): App\Controllers\DynamicController->execute('CronJob', 'envia_avisos')
 5 SYSTEMPATH/CodeIgniter.php(509): CodeIgniter\CodeIgniter->runController(Object(App\Controllers\DynamicController))
 6 SYSTEMPATH/CodeIgniter.php(355): CodeIgniter\CodeIgniter->handleRequest(null, Object(Config\Cache), false)
 7 SYSTEMPATH/Boot.php(325): CodeIgniter\CodeIgniter->run()
 8 SYSTEMPATH/Boot.php(67): CodeIgniter\Boot::runCodeIgniter(Object(CodeIgniter\CodeIgniter))
 9 FCPATH/index.php(56): CodeIgniter\Boot::bootWeb(Object(Config\Paths))
CRITICAL - 2024-09-15 13:00:02 --> ErrorException: Constant LANG already defined
[Method: GET, Route: CronJob/envia_avisos]
in APPPATH/Controllers/CronJob.php on line 18.
 1 [internal function]: CodeIgniter\Debug\Exceptions->errorHandler(2, 'Constant LANG already defined', '/home/next0355/dev.next1crm.com.br/app/Controllers/CronJob.php', 18)
 2 APPPATH/Controllers/CronJob.php(18): define('LANG', 'portuguese_br')
 3 APPPATH/Controllers/DynamicController.php(19): App\Controllers\CronJob->__construct()
 4 SYSTEMPATH/CodeIgniter.php(933): App\Controllers\DynamicController->execute('CronJob', 'envia_avisos')
 5 SYSTEMPATH/CodeIgniter.php(509): CodeIgniter\CodeIgniter->runController(Object(App\Controllers\DynamicController))
 6 SYSTEMPATH/CodeIgniter.php(355): CodeIgniter\CodeIgniter->handleRequest(null, Object(Config\Cache), false)
 7 SYSTEMPATH/Boot.php(325): CodeIgniter\CodeIgniter->run()
 8 SYSTEMPATH/Boot.php(67): CodeIgniter\Boot::runCodeIgniter(Object(CodeIgniter\CodeIgniter))
 9 FCPATH/index.php(56): CodeIgniter\Boot::bootWeb(Object(Config\Paths))
CRITICAL - 2024-09-15 13:15:02 --> ErrorException: Constant LANG already defined
[Method: GET, Route: CronJob/envia_avisos]
in APPPATH/Controllers/CronJob.php on line 18.
 1 [internal function]: CodeIgniter\Debug\Exceptions->errorHandler(2, 'Constant LANG already defined', '/home/next0355/dev.next1crm.com.br/app/Controllers/CronJob.php', 18)
 2 APPPATH/Controllers/CronJob.php(18): define('LANG', 'portuguese_br')
 3 APPPATH/Controllers/DynamicController.php(19): App\Controllers\CronJob->__construct()
 4 SYSTEMPATH/CodeIgniter.php(933): App\Controllers\DynamicController->execute('CronJob', 'envia_avisos')
 5 SYSTEMPATH/CodeIgniter.php(509): CodeIgniter\CodeIgniter->runController(Object(App\Controllers\DynamicController))
 6 SYSTEMPATH/CodeIgniter.php(355): CodeIgniter\CodeIgniter->handleRequest(null, Object(Config\Cache), false)
 7 SYSTEMPATH/Boot.php(325): CodeIgniter\CodeIgniter->run()
 8 SYSTEMPATH/Boot.php(67): CodeIgniter\Boot::runCodeIgniter(Object(CodeIgniter\CodeIgniter))
 9 FCPATH/index.php(56): CodeIgniter\Boot::bootWeb(Object(Config\Paths))
CRITICAL - 2024-09-15 13:30:03 --> ErrorException: Constant LANG already defined
[Method: GET, Route: CronJob/envia_avisos]
in APPPATH/Controllers/CronJob.php on line 18.
 1 [internal function]: CodeIgniter\Debug\Exceptions->errorHandler(2, 'Constant LANG already defined', '/home/next0355/dev.next1crm.com.br/app/Controllers/CronJob.php', 18)
 2 APPPATH/Controllers/CronJob.php(18): define('LANG', 'portuguese_br')
 3 APPPATH/Controllers/DynamicController.php(19): App\Controllers\CronJob->__construct()
 4 SYSTEMPATH/CodeIgniter.php(933): App\Controllers\DynamicController->execute('CronJob', 'envia_avisos')
 5 SYSTEMPATH/CodeIgniter.php(509): CodeIgniter\CodeIgniter->runController(Object(App\Controllers\DynamicController))
 6 SYSTEMPATH/CodeIgniter.php(355): CodeIgniter\CodeIgniter->handleRequest(null, Object(Config\Cache), false)
 7 SYSTEMPATH/Boot.php(325): CodeIgniter\CodeIgniter->run()
 8 SYSTEMPATH/Boot.php(67): CodeIgniter\Boot::runCodeIgniter(Object(CodeIgniter\CodeIgniter))
 9 FCPATH/index.php(56): CodeIgniter\Boot::bootWeb(Object(Config\Paths))
CRITICAL - 2024-09-15 13:45:03 --> ErrorException: Constant LANG already defined
[Method: GET, Route: CronJob/envia_avisos]
in APPPATH/Controllers/CronJob.php on line 18.
 1 [internal function]: CodeIgniter\Debug\Exceptions->errorHandler(2, 'Constant LANG already defined', '/home/next0355/dev.next1crm.com.br/app/Controllers/CronJob.php', 18)
 2 APPPATH/Controllers/CronJob.php(18): define('LANG', 'portuguese_br')
 3 APPPATH/Controllers/DynamicController.php(19): App\Controllers\CronJob->__construct()
 4 SYSTEMPATH/CodeIgniter.php(933): App\Controllers\DynamicController->execute('CronJob', 'envia_avisos')
 5 SYSTEMPATH/CodeIgniter.php(509): CodeIgniter\CodeIgniter->runController(Object(App\Controllers\DynamicController))
 6 SYSTEMPATH/CodeIgniter.php(355): CodeIgniter\CodeIgniter->handleRequest(null, Object(Config\Cache), false)
 7 SYSTEMPATH/Boot.php(325): CodeIgniter\CodeIgniter->run()
 8 SYSTEMPATH/Boot.php(67): CodeIgniter\Boot::runCodeIgniter(Object(CodeIgniter\CodeIgniter))
 9 FCPATH/index.php(56): CodeIgniter\Boot::bootWeb(Object(Config\Paths))
CRITICAL - 2024-09-15 14:00:02 --> ErrorException: Constant LANG already defined
[Method: GET, Route: CronJob/envia_avisos]
in APPPATH/Controllers/CronJob.php on line 18.
 1 [internal function]: CodeIgniter\Debug\Exceptions->errorHandler(2, 'Constant LANG already defined', '/home/next0355/dev.next1crm.com.br/app/Controllers/CronJob.php', 18)
 2 APPPATH/Controllers/CronJob.php(18): define('LANG', 'portuguese_br')
 3 APPPATH/Controllers/DynamicController.php(19): App\Controllers\CronJob->__construct()
 4 SYSTEMPATH/CodeIgniter.php(933): App\Controllers\DynamicController->execute('CronJob', 'envia_avisos')
 5 SYSTEMPATH/CodeIgniter.php(509): CodeIgniter\CodeIgniter->runController(Object(App\Controllers\DynamicController))
 6 SYSTEMPATH/CodeIgniter.php(355): CodeIgniter\CodeIgniter->handleRequest(null, Object(Config\Cache), false)
 7 SYSTEMPATH/Boot.php(325): CodeIgniter\CodeIgniter->run()
 8 SYSTEMPATH/Boot.php(67): CodeIgniter\Boot::runCodeIgniter(Object(CodeIgniter\CodeIgniter))
 9 FCPATH/index.php(56): CodeIgniter\Boot::bootWeb(Object(Config\Paths))
CRITICAL - 2024-09-15 14:15:02 --> ErrorException: Constant LANG already defined
[Method: GET, Route: CronJob/envia_avisos]
in APPPATH/Controllers/CronJob.php on line 18.
 1 [internal function]: CodeIgniter\Debug\Exceptions->errorHandler(2, 'Constant LANG already defined', '/home/next0355/dev.next1crm.com.br/app/Controllers/CronJob.php', 18)
 2 APPPATH/Controllers/CronJob.php(18): define('LANG', 'portuguese_br')
 3 APPPATH/Controllers/DynamicController.php(19): App\Controllers\CronJob->__construct()
 4 SYSTEMPATH/CodeIgniter.php(933): App\Controllers\DynamicController->execute('CronJob', 'envia_avisos')
 5 SYSTEMPATH/CodeIgniter.php(509): CodeIgniter\CodeIgniter->runController(Object(App\Controllers\DynamicController))
 6 SYSTEMPATH/CodeIgniter.php(355): CodeIgniter\CodeIgniter->handleRequest(null, Object(Config\Cache), false)
 7 SYSTEMPATH/Boot.php(325): CodeIgniter\CodeIgniter->run()
 8 SYSTEMPATH/Boot.php(67): CodeIgniter\Boot::runCodeIgniter(Object(CodeIgniter\CodeIgniter))
 9 FCPATH/index.php(56): CodeIgniter\Boot::bootWeb(Object(Config\Paths))
CRITICAL - 2024-09-15 14:30:03 --> ErrorException: Constant LANG already defined
[Method: GET, Route: CronJob/envia_avisos]
in APPPATH/Controllers/CronJob.php on line 18.
 1 [internal function]: CodeIgniter\Debug\Exceptions->errorHandler(2, 'Constant LANG already defined', '/home/next0355/dev.next1crm.com.br/app/Controllers/CronJob.php', 18)
 2 APPPATH/Controllers/CronJob.php(18): define('LANG', 'portuguese_br')
 3 APPPATH/Controllers/DynamicController.php(19): App\Controllers\CronJob->__construct()
 4 SYSTEMPATH/CodeIgniter.php(933): App\Controllers\DynamicController->execute('CronJob', 'envia_avisos')
 5 SYSTEMPATH/CodeIgniter.php(509): CodeIgniter\CodeIgniter->runController(Object(App\Controllers\DynamicController))
 6 SYSTEMPATH/CodeIgniter.php(355): CodeIgniter\CodeIgniter->handleRequest(null, Object(Config\Cache), false)
 7 SYSTEMPATH/Boot.php(325): CodeIgniter\CodeIgniter->run()
 8 SYSTEMPATH/Boot.php(67): CodeIgniter\Boot::runCodeIgniter(Object(CodeIgniter\CodeIgniter))
 9 FCPATH/index.php(56): CodeIgniter\Boot::bootWeb(Object(Config\Paths))
CRITICAL - 2024-09-15 14:45:02 --> ErrorException: Constant LANG already defined
[Method: GET, Route: CronJob/envia_avisos]
in APPPATH/Controllers/CronJob.php on line 18.
 1 [internal function]: CodeIgniter\Debug\Exceptions->errorHandler(2, 'Constant LANG already defined', '/home/next0355/dev.next1crm.com.br/app/Controllers/CronJob.php', 18)
 2 APPPATH/Controllers/CronJob.php(18): define('LANG', 'portuguese_br')
 3 APPPATH/Controllers/DynamicController.php(19): App\Controllers\CronJob->__construct()
 4 SYSTEMPATH/CodeIgniter.php(933): App\Controllers\DynamicController->execute('CronJob', 'envia_avisos')
 5 SYSTEMPATH/CodeIgniter.php(509): CodeIgniter\CodeIgniter->runController(Object(App\Controllers\DynamicController))
 6 SYSTEMPATH/CodeIgniter.php(355): CodeIgniter\CodeIgniter->handleRequest(null, Object(Config\Cache), false)
 7 SYSTEMPATH/Boot.php(325): CodeIgniter\CodeIgniter->run()
 8 SYSTEMPATH/Boot.php(67): CodeIgniter\Boot::runCodeIgniter(Object(CodeIgniter\CodeIgniter))
 9 FCPATH/index.php(56): CodeIgniter\Boot::bootWeb(Object(Config\Paths))
CRITICAL - 2024-09-15 15:00:02 --> ErrorException: Constant LANG already defined
[Method: GET, Route: CronJob/envia_avisos]
in APPPATH/Controllers/CronJob.php on line 18.
 1 [internal function]: CodeIgniter\Debug\Exceptions->errorHandler(2, 'Constant LANG already defined', '/home/next0355/dev.next1crm.com.br/app/Controllers/CronJob.php', 18)
 2 APPPATH/Controllers/CronJob.php(18): define('LANG', 'portuguese_br')
 3 APPPATH/Controllers/DynamicController.php(19): App\Controllers\CronJob->__construct()
 4 SYSTEMPATH/CodeIgniter.php(933): App\Controllers\DynamicController->execute('CronJob', 'envia_avisos')
 5 SYSTEMPATH/CodeIgniter.php(509): CodeIgniter\CodeIgniter->runController(Object(App\Controllers\DynamicController))
 6 SYSTEMPATH/CodeIgniter.php(355): CodeIgniter\CodeIgniter->handleRequest(null, Object(Config\Cache), false)
 7 SYSTEMPATH/Boot.php(325): CodeIgniter\CodeIgniter->run()
 8 SYSTEMPATH/Boot.php(67): CodeIgniter\Boot::runCodeIgniter(Object(CodeIgniter\CodeIgniter))
 9 FCPATH/index.php(56): CodeIgniter\Boot::bootWeb(Object(Config\Paths))
CRITICAL - 2024-09-15 15:15:02 --> ErrorException: Constant LANG already defined
[Method: GET, Route: CronJob/envia_avisos]
in APPPATH/Controllers/CronJob.php on line 18.
 1 [internal function]: CodeIgniter\Debug\Exceptions->errorHandler(2, 'Constant LANG already defined', '/home/next0355/dev.next1crm.com.br/app/Controllers/CronJob.php', 18)
 2 APPPATH/Controllers/CronJob.php(18): define('LANG', 'portuguese_br')
 3 APPPATH/Controllers/DynamicController.php(19): App\Controllers\CronJob->__construct()
 4 SYSTEMPATH/CodeIgniter.php(933): App\Controllers\DynamicController->execute('CronJob', 'envia_avisos')
 5 SYSTEMPATH/CodeIgniter.php(509): CodeIgniter\CodeIgniter->runController(Object(App\Controllers\DynamicController))
 6 SYSTEMPATH/CodeIgniter.php(355): CodeIgniter\CodeIgniter->handleRequest(null, Object(Config\Cache), false)
 7 SYSTEMPATH/Boot.php(325): CodeIgniter\CodeIgniter->run()
 8 SYSTEMPATH/Boot.php(67): CodeIgniter\Boot::runCodeIgniter(Object(CodeIgniter\CodeIgniter))
 9 FCPATH/index.php(56): CodeIgniter\Boot::bootWeb(Object(Config\Paths))
CRITICAL - 2024-09-15 15:30:02 --> ErrorException: Constant LANG already defined
[Method: GET, Route: CronJob/envia_avisos]
in APPPATH/Controllers/CronJob.php on line 18.
 1 [internal function]: CodeIgniter\Debug\Exceptions->errorHandler(2, 'Constant LANG already defined', '/home/next0355/dev.next1crm.com.br/app/Controllers/CronJob.php', 18)
 2 APPPATH/Controllers/CronJob.php(18): define('LANG', 'portuguese_br')
 3 APPPATH/Controllers/DynamicController.php(19): App\Controllers\CronJob->__construct()
 4 SYSTEMPATH/CodeIgniter.php(933): App\Controllers\DynamicController->execute('CronJob', 'envia_avisos')
 5 SYSTEMPATH/CodeIgniter.php(509): CodeIgniter\CodeIgniter->runController(Object(App\Controllers\DynamicController))
 6 SYSTEMPATH/CodeIgniter.php(355): CodeIgniter\CodeIgniter->handleRequest(null, Object(Config\Cache), false)
 7 SYSTEMPATH/Boot.php(325): CodeIgniter\CodeIgniter->run()
 8 SYSTEMPATH/Boot.php(67): CodeIgniter\Boot::runCodeIgniter(Object(CodeIgniter\CodeIgniter))
 9 FCPATH/index.php(56): CodeIgniter\Boot::bootWeb(Object(Config\Paths))
CRITICAL - 2024-09-15 15:45:03 --> ErrorException: Constant LANG already defined
[Method: GET, Route: CronJob/envia_avisos]
in APPPATH/Controllers/CronJob.php on line 18.
 1 [internal function]: CodeIgniter\Debug\Exceptions->errorHandler(2, 'Constant LANG already defined', '/home/next0355/dev.next1crm.com.br/app/Controllers/CronJob.php', 18)
 2 APPPATH/Controllers/CronJob.php(18): define('LANG', 'portuguese_br')
 3 APPPATH/Controllers/DynamicController.php(19): App\Controllers\CronJob->__construct()
 4 SYSTEMPATH/CodeIgniter.php(933): App\Controllers\DynamicController->execute('CronJob', 'envia_avisos')
 5 SYSTEMPATH/CodeIgniter.php(509): CodeIgniter\CodeIgniter->runController(Object(App\Controllers\DynamicController))
 6 SYSTEMPATH/CodeIgniter.php(355): CodeIgniter\CodeIgniter->handleRequest(null, Object(Config\Cache), false)
 7 SYSTEMPATH/Boot.php(325): CodeIgniter\CodeIgniter->run()
 8 SYSTEMPATH/Boot.php(67): CodeIgniter\Boot::runCodeIgniter(Object(CodeIgniter\CodeIgniter))
 9 FCPATH/index.php(56): CodeIgniter\Boot::bootWeb(Object(Config\Paths))
CRITICAL - 2024-09-15 16:00:02 --> ErrorException: Constant LANG already defined
[Method: GET, Route: CronJob/envia_avisos]
in APPPATH/Controllers/CronJob.php on line 18.
 1 [internal function]: CodeIgniter\Debug\Exceptions->errorHandler(2, 'Constant LANG already defined', '/home/next0355/dev.next1crm.com.br/app/Controllers/CronJob.php', 18)
 2 APPPATH/Controllers/CronJob.php(18): define('LANG', 'portuguese_br')
 3 APPPATH/Controllers/DynamicController.php(19): App\Controllers\CronJob->__construct()
 4 SYSTEMPATH/CodeIgniter.php(933): App\Controllers\DynamicController->execute('CronJob', 'envia_avisos')
 5 SYSTEMPATH/CodeIgniter.php(509): CodeIgniter\CodeIgniter->runController(Object(App\Controllers\DynamicController))
 6 SYSTEMPATH/CodeIgniter.php(355): CodeIgniter\CodeIgniter->handleRequest(null, Object(Config\Cache), false)
 7 SYSTEMPATH/Boot.php(325): CodeIgniter\CodeIgniter->run()
 8 SYSTEMPATH/Boot.php(67): CodeIgniter\Boot::runCodeIgniter(Object(CodeIgniter\CodeIgniter))
 9 FCPATH/index.php(56): CodeIgniter\Boot::bootWeb(Object(Config\Paths))
CRITICAL - 2024-09-15 16:15:02 --> ErrorException: Constant LANG already defined
[Method: GET, Route: CronJob/envia_avisos]
in APPPATH/Controllers/CronJob.php on line 18.
 1 [internal function]: CodeIgniter\Debug\Exceptions->errorHandler(2, 'Constant LANG already defined', '/home/next0355/dev.next1crm.com.br/app/Controllers/CronJob.php', 18)
 2 APPPATH/Controllers/CronJob.php(18): define('LANG', 'portuguese_br')
 3 APPPATH/Controllers/DynamicController.php(19): App\Controllers\CronJob->__construct()
 4 SYSTEMPATH/CodeIgniter.php(933): App\Controllers\DynamicController->execute('CronJob', 'envia_avisos')
 5 SYSTEMPATH/CodeIgniter.php(509): CodeIgniter\CodeIgniter->runController(Object(App\Controllers\DynamicController))
 6 SYSTEMPATH/CodeIgniter.php(355): CodeIgniter\CodeIgniter->handleRequest(null, Object(Config\Cache), false)
 7 SYSTEMPATH/Boot.php(325): CodeIgniter\CodeIgniter->run()
 8 SYSTEMPATH/Boot.php(67): CodeIgniter\Boot::runCodeIgniter(Object(CodeIgniter\CodeIgniter))
 9 FCPATH/index.php(56): CodeIgniter\Boot::bootWeb(Object(Config\Paths))
CRITICAL - 2024-09-15 16:30:02 --> ErrorException: Constant LANG already defined
[Method: GET, Route: CronJob/envia_avisos]
in APPPATH/Controllers/CronJob.php on line 18.
 1 [internal function]: CodeIgniter\Debug\Exceptions->errorHandler(2, 'Constant LANG already defined', '/home/next0355/dev.next1crm.com.br/app/Controllers/CronJob.php', 18)
 2 APPPATH/Controllers/CronJob.php(18): define('LANG', 'portuguese_br')
 3 APPPATH/Controllers/DynamicController.php(19): App\Controllers\CronJob->__construct()
 4 SYSTEMPATH/CodeIgniter.php(933): App\Controllers\DynamicController->execute('CronJob', 'envia_avisos')
 5 SYSTEMPATH/CodeIgniter.php(509): CodeIgniter\CodeIgniter->runController(Object(App\Controllers\DynamicController))
 6 SYSTEMPATH/CodeIgniter.php(355): CodeIgniter\CodeIgniter->handleRequest(null, Object(Config\Cache), false)
 7 SYSTEMPATH/Boot.php(325): CodeIgniter\CodeIgniter->run()
 8 SYSTEMPATH/Boot.php(67): CodeIgniter\Boot::runCodeIgniter(Object(CodeIgniter\CodeIgniter))
 9 FCPATH/index.php(56): CodeIgniter\Boot::bootWeb(Object(Config\Paths))
CRITICAL - 2024-09-15 16:45:02 --> ErrorException: Constant LANG already defined
[Method: GET, Route: CronJob/envia_avisos]
in APPPATH/Controllers/CronJob.php on line 18.
 1 [internal function]: CodeIgniter\Debug\Exceptions->errorHandler(2, 'Constant LANG already defined', '/home/next0355/dev.next1crm.com.br/app/Controllers/CronJob.php', 18)
 2 APPPATH/Controllers/CronJob.php(18): define('LANG', 'portuguese_br')
 3 APPPATH/Controllers/DynamicController.php(19): App\Controllers\CronJob->__construct()
 4 SYSTEMPATH/CodeIgniter.php(933): App\Controllers\DynamicController->execute('CronJob', 'envia_avisos')
 5 SYSTEMPATH/CodeIgniter.php(509): CodeIgniter\CodeIgniter->runController(Object(App\Controllers\DynamicController))
 6 SYSTEMPATH/CodeIgniter.php(355): CodeIgniter\CodeIgniter->handleRequest(null, Object(Config\Cache), false)
 7 SYSTEMPATH/Boot.php(325): CodeIgniter\CodeIgniter->run()
 8 SYSTEMPATH/Boot.php(67): CodeIgniter\Boot::runCodeIgniter(Object(CodeIgniter\CodeIgniter))
 9 FCPATH/index.php(56): CodeIgniter\Boot::bootWeb(Object(Config\Paths))
CRITICAL - 2024-09-15 17:00:02 --> ErrorException: Constant LANG already defined
[Method: GET, Route: CronJob/envia_avisos]
in APPPATH/Controllers/CronJob.php on line 18.
 1 [internal function]: CodeIgniter\Debug\Exceptions->errorHandler(2, 'Constant LANG already defined', '/home/next0355/dev.next1crm.com.br/app/Controllers/CronJob.php', 18)
 2 APPPATH/Controllers/CronJob.php(18): define('LANG', 'portuguese_br')
 3 APPPATH/Controllers/DynamicController.php(19): App\Controllers\CronJob->__construct()
 4 SYSTEMPATH/CodeIgniter.php(933): App\Controllers\DynamicController->execute('CronJob', 'envia_avisos')
 5 SYSTEMPATH/CodeIgniter.php(509): CodeIgniter\CodeIgniter->runController(Object(App\Controllers\DynamicController))
 6 SYSTEMPATH/CodeIgniter.php(355): CodeIgniter\CodeIgniter->handleRequest(null, Object(Config\Cache), false)
 7 SYSTEMPATH/Boot.php(325): CodeIgniter\CodeIgniter->run()
 8 SYSTEMPATH/Boot.php(67): CodeIgniter\Boot::runCodeIgniter(Object(CodeIgniter\CodeIgniter))
 9 FCPATH/index.php(56): CodeIgniter\Boot::bootWeb(Object(Config\Paths))
CRITICAL - 2024-09-15 17:15:02 --> ErrorException: Constant LANG already defined
[Method: GET, Route: CronJob/envia_avisos]
in APPPATH/Controllers/CronJob.php on line 18.
 1 [internal function]: CodeIgniter\Debug\Exceptions->errorHandler(2, 'Constant LANG already defined', '/home/next0355/dev.next1crm.com.br/app/Controllers/CronJob.php', 18)
 2 APPPATH/Controllers/CronJob.php(18): define('LANG', 'portuguese_br')
 3 APPPATH/Controllers/DynamicController.php(19): App\Controllers\CronJob->__construct()
 4 SYSTEMPATH/CodeIgniter.php(933): App\Controllers\DynamicController->execute('CronJob', 'envia_avisos')
 5 SYSTEMPATH/CodeIgniter.php(509): CodeIgniter\CodeIgniter->runController(Object(App\Controllers\DynamicController))
 6 SYSTEMPATH/CodeIgniter.php(355): CodeIgniter\CodeIgniter->handleRequest(null, Object(Config\Cache), false)
 7 SYSTEMPATH/Boot.php(325): CodeIgniter\CodeIgniter->run()
 8 SYSTEMPATH/Boot.php(67): CodeIgniter\Boot::runCodeIgniter(Object(CodeIgniter\CodeIgniter))
 9 FCPATH/index.php(56): CodeIgniter\Boot::bootWeb(Object(Config\Paths))
CRITICAL - 2024-09-15 17:30:03 --> ErrorException: Constant LANG already defined
[Method: GET, Route: CronJob/envia_avisos]
in APPPATH/Controllers/CronJob.php on line 18.
 1 [internal function]: CodeIgniter\Debug\Exceptions->errorHandler(2, 'Constant LANG already defined', '/home/next0355/dev.next1crm.com.br/app/Controllers/CronJob.php', 18)
 2 APPPATH/Controllers/CronJob.php(18): define('LANG', 'portuguese_br')
 3 APPPATH/Controllers/DynamicController.php(19): App\Controllers\CronJob->__construct()
 4 SYSTEMPATH/CodeIgniter.php(933): App\Controllers\DynamicController->execute('CronJob', 'envia_avisos')
 5 SYSTEMPATH/CodeIgniter.php(509): CodeIgniter\CodeIgniter->runController(Object(App\Controllers\DynamicController))
 6 SYSTEMPATH/CodeIgniter.php(355): CodeIgniter\CodeIgniter->handleRequest(null, Object(Config\Cache), false)
 7 SYSTEMPATH/Boot.php(325): CodeIgniter\CodeIgniter->run()
 8 SYSTEMPATH/Boot.php(67): CodeIgniter\Boot::runCodeIgniter(Object(CodeIgniter\CodeIgniter))
 9 FCPATH/index.php(56): CodeIgniter\Boot::bootWeb(Object(Config\Paths))
CRITICAL - 2024-09-15 17:45:02 --> ErrorException: Constant LANG already defined
[Method: GET, Route: CronJob/envia_avisos]
in APPPATH/Controllers/CronJob.php on line 18.
 1 [internal function]: CodeIgniter\Debug\Exceptions->errorHandler(2, 'Constant LANG already defined', '/home/next0355/dev.next1crm.com.br/app/Controllers/CronJob.php', 18)
 2 APPPATH/Controllers/CronJob.php(18): define('LANG', 'portuguese_br')
 3 APPPATH/Controllers/DynamicController.php(19): App\Controllers\CronJob->__construct()
 4 SYSTEMPATH/CodeIgniter.php(933): App\Controllers\DynamicController->execute('CronJob', 'envia_avisos')
 5 SYSTEMPATH/CodeIgniter.php(509): CodeIgniter\CodeIgniter->runController(Object(App\Controllers\DynamicController))
 6 SYSTEMPATH/CodeIgniter.php(355): CodeIgniter\CodeIgniter->handleRequest(null, Object(Config\Cache), false)
 7 SYSTEMPATH/Boot.php(325): CodeIgniter\CodeIgniter->run()
 8 SYSTEMPATH/Boot.php(67): CodeIgniter\Boot::runCodeIgniter(Object(CodeIgniter\CodeIgniter))
 9 FCPATH/index.php(56): CodeIgniter\Boot::bootWeb(Object(Config\Paths))
CRITICAL - 2024-09-15 18:00:02 --> ErrorException: Constant LANG already defined
[Method: GET, Route: CronJob/envia_avisos]
in APPPATH/Controllers/CronJob.php on line 18.
 1 [internal function]: CodeIgniter\Debug\Exceptions->errorHandler(2, 'Constant LANG already defined', '/home/next0355/dev.next1crm.com.br/app/Controllers/CronJob.php', 18)
 2 APPPATH/Controllers/CronJob.php(18): define('LANG', 'portuguese_br')
 3 APPPATH/Controllers/DynamicController.php(19): App\Controllers\CronJob->__construct()
 4 SYSTEMPATH/CodeIgniter.php(933): App\Controllers\DynamicController->execute('CronJob', 'envia_avisos')
 5 SYSTEMPATH/CodeIgniter.php(509): CodeIgniter\CodeIgniter->runController(Object(App\Controllers\DynamicController))
 6 SYSTEMPATH/CodeIgniter.php(355): CodeIgniter\CodeIgniter->handleRequest(null, Object(Config\Cache), false)
 7 SYSTEMPATH/Boot.php(325): CodeIgniter\CodeIgniter->run()
 8 SYSTEMPATH/Boot.php(67): CodeIgniter\Boot::runCodeIgniter(Object(CodeIgniter\CodeIgniter))
 9 FCPATH/index.php(56): CodeIgniter\Boot::bootWeb(Object(Config\Paths))
CRITICAL - 2024-09-15 18:15:03 --> ErrorException: Constant LANG already defined
[Method: GET, Route: CronJob/envia_avisos]
in APPPATH/Controllers/CronJob.php on line 18.
 1 [internal function]: CodeIgniter\Debug\Exceptions->errorHandler(2, 'Constant LANG already defined', '/home/next0355/dev.next1crm.com.br/app/Controllers/CronJob.php', 18)
 2 APPPATH/Controllers/CronJob.php(18): define('LANG', 'portuguese_br')
 3 APPPATH/Controllers/DynamicController.php(19): App\Controllers\CronJob->__construct()
 4 SYSTEMPATH/CodeIgniter.php(933): App\Controllers\DynamicController->execute('CronJob', 'envia_avisos')
 5 SYSTEMPATH/CodeIgniter.php(509): CodeIgniter\CodeIgniter->runController(Object(App\Controllers\DynamicController))
 6 SYSTEMPATH/CodeIgniter.php(355): CodeIgniter\CodeIgniter->handleRequest(null, Object(Config\Cache), false)
 7 SYSTEMPATH/Boot.php(325): CodeIgniter\CodeIgniter->run()
 8 SYSTEMPATH/Boot.php(67): CodeIgniter\Boot::runCodeIgniter(Object(CodeIgniter\CodeIgniter))
 9 FCPATH/index.php(56): CodeIgniter\Boot::bootWeb(Object(Config\Paths))
CRITICAL - 2024-09-15 18:30:03 --> ErrorException: Constant LANG already defined
[Method: GET, Route: CronJob/envia_avisos]
in APPPATH/Controllers/CronJob.php on line 18.
 1 [internal function]: CodeIgniter\Debug\Exceptions->errorHandler(2, 'Constant LANG already defined', '/home/next0355/dev.next1crm.com.br/app/Controllers/CronJob.php', 18)
 2 APPPATH/Controllers/CronJob.php(18): define('LANG', 'portuguese_br')
 3 APPPATH/Controllers/DynamicController.php(19): App\Controllers\CronJob->__construct()
 4 SYSTEMPATH/CodeIgniter.php(933): App\Controllers\DynamicController->execute('CronJob', 'envia_avisos')
 5 SYSTEMPATH/CodeIgniter.php(509): CodeIgniter\CodeIgniter->runController(Object(App\Controllers\DynamicController))
 6 SYSTEMPATH/CodeIgniter.php(355): CodeIgniter\CodeIgniter->handleRequest(null, Object(Config\Cache), false)
 7 SYSTEMPATH/Boot.php(325): CodeIgniter\CodeIgniter->run()
 8 SYSTEMPATH/Boot.php(67): CodeIgniter\Boot::runCodeIgniter(Object(CodeIgniter\CodeIgniter))
 9 FCPATH/index.php(56): CodeIgniter\Boot::bootWeb(Object(Config\Paths))
CRITICAL - 2024-09-15 18:45:02 --> ErrorException: Constant LANG already defined
[Method: GET, Route: CronJob/envia_avisos]
in APPPATH/Controllers/CronJob.php on line 18.
 1 [internal function]: CodeIgniter\Debug\Exceptions->errorHandler(2, 'Constant LANG already defined', '/home/next0355/dev.next1crm.com.br/app/Controllers/CronJob.php', 18)
 2 APPPATH/Controllers/CronJob.php(18): define('LANG', 'portuguese_br')
 3 APPPATH/Controllers/DynamicController.php(19): App\Controllers\CronJob->__construct()
 4 SYSTEMPATH/CodeIgniter.php(933): App\Controllers\DynamicController->execute('CronJob', 'envia_avisos')
 5 SYSTEMPATH/CodeIgniter.php(509): CodeIgniter\CodeIgniter->runController(Object(App\Controllers\DynamicController))
 6 SYSTEMPATH/CodeIgniter.php(355): CodeIgniter\CodeIgniter->handleRequest(null, Object(Config\Cache), false)
 7 SYSTEMPATH/Boot.php(325): CodeIgniter\CodeIgniter->run()
 8 SYSTEMPATH/Boot.php(67): CodeIgniter\Boot::runCodeIgniter(Object(CodeIgniter\CodeIgniter))
 9 FCPATH/index.php(56): CodeIgniter\Boot::bootWeb(Object(Config\Paths))
CRITICAL - 2024-09-15 19:00:02 --> ErrorException: Constant LANG already defined
[Method: GET, Route: CronJob/envia_avisos]
in APPPATH/Controllers/CronJob.php on line 18.
 1 [internal function]: CodeIgniter\Debug\Exceptions->errorHandler(2, 'Constant LANG already defined', '/home/next0355/dev.next1crm.com.br/app/Controllers/CronJob.php', 18)
 2 APPPATH/Controllers/CronJob.php(18): define('LANG', 'portuguese_br')
 3 APPPATH/Controllers/DynamicController.php(19): App\Controllers\CronJob->__construct()
 4 SYSTEMPATH/CodeIgniter.php(933): App\Controllers\DynamicController->execute('CronJob', 'envia_avisos')
 5 SYSTEMPATH/CodeIgniter.php(509): CodeIgniter\CodeIgniter->runController(Object(App\Controllers\DynamicController))
 6 SYSTEMPATH/CodeIgniter.php(355): CodeIgniter\CodeIgniter->handleRequest(null, Object(Config\Cache), false)
 7 SYSTEMPATH/Boot.php(325): CodeIgniter\CodeIgniter->run()
 8 SYSTEMPATH/Boot.php(67): CodeIgniter\Boot::runCodeIgniter(Object(CodeIgniter\CodeIgniter))
 9 FCPATH/index.php(56): CodeIgniter\Boot::bootWeb(Object(Config\Paths))
CRITICAL - 2024-09-15 19:15:02 --> ErrorException: Constant LANG already defined
[Method: GET, Route: CronJob/envia_avisos]
in APPPATH/Controllers/CronJob.php on line 18.
 1 [internal function]: CodeIgniter\Debug\Exceptions->errorHandler(2, 'Constant LANG already defined', '/home/next0355/dev.next1crm.com.br/app/Controllers/CronJob.php', 18)
 2 APPPATH/Controllers/CronJob.php(18): define('LANG', 'portuguese_br')
 3 APPPATH/Controllers/DynamicController.php(19): App\Controllers\CronJob->__construct()
 4 SYSTEMPATH/CodeIgniter.php(933): App\Controllers\DynamicController->execute('CronJob', 'envia_avisos')
 5 SYSTEMPATH/CodeIgniter.php(509): CodeIgniter\CodeIgniter->runController(Object(App\Controllers\DynamicController))
 6 SYSTEMPATH/CodeIgniter.php(355): CodeIgniter\CodeIgniter->handleRequest(null, Object(Config\Cache), false)
 7 SYSTEMPATH/Boot.php(325): CodeIgniter\CodeIgniter->run()
 8 SYSTEMPATH/Boot.php(67): CodeIgniter\Boot::runCodeIgniter(Object(CodeIgniter\CodeIgniter))
 9 FCPATH/index.php(56): CodeIgniter\Boot::bootWeb(Object(Config\Paths))
CRITICAL - 2024-09-15 19:30:02 --> ErrorException: Constant LANG already defined
[Method: GET, Route: CronJob/envia_avisos]
in APPPATH/Controllers/CronJob.php on line 18.
 1 [internal function]: CodeIgniter\Debug\Exceptions->errorHandler(2, 'Constant LANG already defined', '/home/next0355/dev.next1crm.com.br/app/Controllers/CronJob.php', 18)
 2 APPPATH/Controllers/CronJob.php(18): define('LANG', 'portuguese_br')
 3 APPPATH/Controllers/DynamicController.php(19): App\Controllers\CronJob->__construct()
 4 SYSTEMPATH/CodeIgniter.php(933): App\Controllers\DynamicController->execute('CronJob', 'envia_avisos')
 5 SYSTEMPATH/CodeIgniter.php(509): CodeIgniter\CodeIgniter->runController(Object(App\Controllers\DynamicController))
 6 SYSTEMPATH/CodeIgniter.php(355): CodeIgniter\CodeIgniter->handleRequest(null, Object(Config\Cache), false)
 7 SYSTEMPATH/Boot.php(325): CodeIgniter\CodeIgniter->run()
 8 SYSTEMPATH/Boot.php(67): CodeIgniter\Boot::runCodeIgniter(Object(CodeIgniter\CodeIgniter))
 9 FCPATH/index.php(56): CodeIgniter\Boot::bootWeb(Object(Config\Paths))
CRITICAL - 2024-09-15 19:45:02 --> ErrorException: Constant LANG already defined
[Method: GET, Route: CronJob/envia_avisos]
in APPPATH/Controllers/CronJob.php on line 18.
 1 [internal function]: CodeIgniter\Debug\Exceptions->errorHandler(2, 'Constant LANG already defined', '/home/next0355/dev.next1crm.com.br/app/Controllers/CronJob.php', 18)
 2 APPPATH/Controllers/CronJob.php(18): define('LANG', 'portuguese_br')
 3 APPPATH/Controllers/DynamicController.php(19): App\Controllers\CronJob->__construct()
 4 SYSTEMPATH/CodeIgniter.php(933): App\Controllers\DynamicController->execute('CronJob', 'envia_avisos')
 5 SYSTEMPATH/CodeIgniter.php(509): CodeIgniter\CodeIgniter->runController(Object(App\Controllers\DynamicController))
 6 SYSTEMPATH/CodeIgniter.php(355): CodeIgniter\CodeIgniter->handleRequest(null, Object(Config\Cache), false)
 7 SYSTEMPATH/Boot.php(325): CodeIgniter\CodeIgniter->run()
 8 SYSTEMPATH/Boot.php(67): CodeIgniter\Boot::runCodeIgniter(Object(CodeIgniter\CodeIgniter))
 9 FCPATH/index.php(56): CodeIgniter\Boot::bootWeb(Object(Config\Paths))
CRITICAL - 2024-09-15 20:00:03 --> ErrorException: Constant LANG already defined
[Method: GET, Route: CronJob/envia_avisos]
in APPPATH/Controllers/CronJob.php on line 18.
 1 [internal function]: CodeIgniter\Debug\Exceptions->errorHandler(2, 'Constant LANG already defined', '/home/next0355/dev.next1crm.com.br/app/Controllers/CronJob.php', 18)
 2 APPPATH/Controllers/CronJob.php(18): define('LANG', 'portuguese_br')
 3 APPPATH/Controllers/DynamicController.php(19): App\Controllers\CronJob->__construct()
 4 SYSTEMPATH/CodeIgniter.php(933): App\Controllers\DynamicController->execute('CronJob', 'envia_avisos')
 5 SYSTEMPATH/CodeIgniter.php(509): CodeIgniter\CodeIgniter->runController(Object(App\Controllers\DynamicController))
 6 SYSTEMPATH/CodeIgniter.php(355): CodeIgniter\CodeIgniter->handleRequest(null, Object(Config\Cache), false)
 7 SYSTEMPATH/Boot.php(325): CodeIgniter\CodeIgniter->run()
 8 SYSTEMPATH/Boot.php(67): CodeIgniter\Boot::runCodeIgniter(Object(CodeIgniter\CodeIgniter))
 9 FCPATH/index.php(56): CodeIgniter\Boot::bootWeb(Object(Config\Paths))
CRITICAL - 2024-09-15 20:15:02 --> ErrorException: Constant LANG already defined
[Method: GET, Route: CronJob/envia_avisos]
in APPPATH/Controllers/CronJob.php on line 18.
 1 [internal function]: CodeIgniter\Debug\Exceptions->errorHandler(2, 'Constant LANG already defined', '/home/next0355/dev.next1crm.com.br/app/Controllers/CronJob.php', 18)
 2 APPPATH/Controllers/CronJob.php(18): define('LANG', 'portuguese_br')
 3 APPPATH/Controllers/DynamicController.php(19): App\Controllers\CronJob->__construct()
 4 SYSTEMPATH/CodeIgniter.php(933): App\Controllers\DynamicController->execute('CronJob', 'envia_avisos')
 5 SYSTEMPATH/CodeIgniter.php(509): CodeIgniter\CodeIgniter->runController(Object(App\Controllers\DynamicController))
 6 SYSTEMPATH/CodeIgniter.php(355): CodeIgniter\CodeIgniter->handleRequest(null, Object(Config\Cache), false)
 7 SYSTEMPATH/Boot.php(325): CodeIgniter\CodeIgniter->run()
 8 SYSTEMPATH/Boot.php(67): CodeIgniter\Boot::runCodeIgniter(Object(CodeIgniter\CodeIgniter))
 9 FCPATH/index.php(56): CodeIgniter\Boot::bootWeb(Object(Config\Paths))
CRITICAL - 2024-09-15 20:30:03 --> ErrorException: Constant LANG already defined
[Method: GET, Route: CronJob/envia_avisos]
in APPPATH/Controllers/CronJob.php on line 18.
 1 [internal function]: CodeIgniter\Debug\Exceptions->errorHandler(2, 'Constant LANG already defined', '/home/next0355/dev.next1crm.com.br/app/Controllers/CronJob.php', 18)
 2 APPPATH/Controllers/CronJob.php(18): define('LANG', 'portuguese_br')
 3 APPPATH/Controllers/DynamicController.php(19): App\Controllers\CronJob->__construct()
 4 SYSTEMPATH/CodeIgniter.php(933): App\Controllers\DynamicController->execute('CronJob', 'envia_avisos')
 5 SYSTEMPATH/CodeIgniter.php(509): CodeIgniter\CodeIgniter->runController(Object(App\Controllers\DynamicController))
 6 SYSTEMPATH/CodeIgniter.php(355): CodeIgniter\CodeIgniter->handleRequest(null, Object(Config\Cache), false)
 7 SYSTEMPATH/Boot.php(325): CodeIgniter\CodeIgniter->run()
 8 SYSTEMPATH/Boot.php(67): CodeIgniter\Boot::runCodeIgniter(Object(CodeIgniter\CodeIgniter))
 9 FCPATH/index.php(56): CodeIgniter\Boot::bootWeb(Object(Config\Paths))
CRITICAL - 2024-09-15 20:45:02 --> ErrorException: Constant LANG already defined
[Method: GET, Route: CronJob/envia_avisos]
in APPPATH/Controllers/CronJob.php on line 18.
 1 [internal function]: CodeIgniter\Debug\Exceptions->errorHandler(2, 'Constant LANG already defined', '/home/next0355/dev.next1crm.com.br/app/Controllers/CronJob.php', 18)
 2 APPPATH/Controllers/CronJob.php(18): define('LANG', 'portuguese_br')
 3 APPPATH/Controllers/DynamicController.php(19): App\Controllers\CronJob->__construct()
 4 SYSTEMPATH/CodeIgniter.php(933): App\Controllers\DynamicController->execute('CronJob', 'envia_avisos')
 5 SYSTEMPATH/CodeIgniter.php(509): CodeIgniter\CodeIgniter->runController(Object(App\Controllers\DynamicController))
 6 SYSTEMPATH/CodeIgniter.php(355): CodeIgniter\CodeIgniter->handleRequest(null, Object(Config\Cache), false)
 7 SYSTEMPATH/Boot.php(325): CodeIgniter\CodeIgniter->run()
 8 SYSTEMPATH/Boot.php(67): CodeIgniter\Boot::runCodeIgniter(Object(CodeIgniter\CodeIgniter))
 9 FCPATH/index.php(56): CodeIgniter\Boot::bootWeb(Object(Config\Paths))
CRITICAL - 2024-09-15 21:00:02 --> ErrorException: Constant LANG already defined
[Method: GET, Route: CronJob/envia_avisos]
in APPPATH/Controllers/CronJob.php on line 18.
 1 [internal function]: CodeIgniter\Debug\Exceptions->errorHandler(2, 'Constant LANG already defined', '/home/next0355/dev.next1crm.com.br/app/Controllers/CronJob.php', 18)
 2 APPPATH/Controllers/CronJob.php(18): define('LANG', 'portuguese_br')
 3 APPPATH/Controllers/DynamicController.php(19): App\Controllers\CronJob->__construct()
 4 SYSTEMPATH/CodeIgniter.php(933): App\Controllers\DynamicController->execute('CronJob', 'envia_avisos')
 5 SYSTEMPATH/CodeIgniter.php(509): CodeIgniter\CodeIgniter->runController(Object(App\Controllers\DynamicController))
 6 SYSTEMPATH/CodeIgniter.php(355): CodeIgniter\CodeIgniter->handleRequest(null, Object(Config\Cache), false)
 7 SYSTEMPATH/Boot.php(325): CodeIgniter\CodeIgniter->run()
 8 SYSTEMPATH/Boot.php(67): CodeIgniter\Boot::runCodeIgniter(Object(CodeIgniter\CodeIgniter))
 9 FCPATH/index.php(56): CodeIgniter\Boot::bootWeb(Object(Config\Paths))
CRITICAL - 2024-09-15 21:15:03 --> ErrorException: Constant LANG already defined
[Method: GET, Route: CronJob/envia_avisos]
in APPPATH/Controllers/CronJob.php on line 18.
 1 [internal function]: CodeIgniter\Debug\Exceptions->errorHandler(2, 'Constant LANG already defined', '/home/next0355/dev.next1crm.com.br/app/Controllers/CronJob.php', 18)
 2 APPPATH/Controllers/CronJob.php(18): define('LANG', 'portuguese_br')
 3 APPPATH/Controllers/DynamicController.php(19): App\Controllers\CronJob->__construct()
 4 SYSTEMPATH/CodeIgniter.php(933): App\Controllers\DynamicController->execute('CronJob', 'envia_avisos')
 5 SYSTEMPATH/CodeIgniter.php(509): CodeIgniter\CodeIgniter->runController(Object(App\Controllers\DynamicController))
 6 SYSTEMPATH/CodeIgniter.php(355): CodeIgniter\CodeIgniter->handleRequest(null, Object(Config\Cache), false)
 7 SYSTEMPATH/Boot.php(325): CodeIgniter\CodeIgniter->run()
 8 SYSTEMPATH/Boot.php(67): CodeIgniter\Boot::runCodeIgniter(Object(CodeIgniter\CodeIgniter))
 9 FCPATH/index.php(56): CodeIgniter\Boot::bootWeb(Object(Config\Paths))
CRITICAL - 2024-09-15 21:30:02 --> ErrorException: Constant LANG already defined
[Method: GET, Route: CronJob/envia_avisos]
in APPPATH/Controllers/CronJob.php on line 18.
 1 [internal function]: CodeIgniter\Debug\Exceptions->errorHandler(2, 'Constant LANG already defined', '/home/next0355/dev.next1crm.com.br/app/Controllers/CronJob.php', 18)
 2 APPPATH/Controllers/CronJob.php(18): define('LANG', 'portuguese_br')
 3 APPPATH/Controllers/DynamicController.php(19): App\Controllers\CronJob->__construct()
 4 SYSTEMPATH/CodeIgniter.php(933): App\Controllers\DynamicController->execute('CronJob', 'envia_avisos')
 5 SYSTEMPATH/CodeIgniter.php(509): CodeIgniter\CodeIgniter->runController(Object(App\Controllers\DynamicController))
 6 SYSTEMPATH/CodeIgniter.php(355): CodeIgniter\CodeIgniter->handleRequest(null, Object(Config\Cache), false)
 7 SYSTEMPATH/Boot.php(325): CodeIgniter\CodeIgniter->run()
 8 SYSTEMPATH/Boot.php(67): CodeIgniter\Boot::runCodeIgniter(Object(CodeIgniter\CodeIgniter))
 9 FCPATH/index.php(56): CodeIgniter\Boot::bootWeb(Object(Config\Paths))
CRITICAL - 2024-09-15 21:45:02 --> ErrorException: Constant LANG already defined
[Method: GET, Route: CronJob/envia_avisos]
in APPPATH/Controllers/CronJob.php on line 18.
 1 [internal function]: CodeIgniter\Debug\Exceptions->errorHandler(2, 'Constant LANG already defined', '/home/next0355/dev.next1crm.com.br/app/Controllers/CronJob.php', 18)
 2 APPPATH/Controllers/CronJob.php(18): define('LANG', 'portuguese_br')
 3 APPPATH/Controllers/DynamicController.php(19): App\Controllers\CronJob->__construct()
 4 SYSTEMPATH/CodeIgniter.php(933): App\Controllers\DynamicController->execute('CronJob', 'envia_avisos')
 5 SYSTEMPATH/CodeIgniter.php(509): CodeIgniter\CodeIgniter->runController(Object(App\Controllers\DynamicController))
 6 SYSTEMPATH/CodeIgniter.php(355): CodeIgniter\CodeIgniter->handleRequest(null, Object(Config\Cache), false)
 7 SYSTEMPATH/Boot.php(325): CodeIgniter\CodeIgniter->run()
 8 SYSTEMPATH/Boot.php(67): CodeIgniter\Boot::runCodeIgniter(Object(CodeIgniter\CodeIgniter))
 9 FCPATH/index.php(56): CodeIgniter\Boot::bootWeb(Object(Config\Paths))
CRITICAL - 2024-09-15 22:00:02 --> ErrorException: Constant LANG already defined
[Method: GET, Route: CronJob/envia_avisos]
in APPPATH/Controllers/CronJob.php on line 18.
 1 [internal function]: CodeIgniter\Debug\Exceptions->errorHandler(2, 'Constant LANG already defined', '/home/next0355/dev.next1crm.com.br/app/Controllers/CronJob.php', 18)
 2 APPPATH/Controllers/CronJob.php(18): define('LANG', 'portuguese_br')
 3 APPPATH/Controllers/DynamicController.php(19): App\Controllers\CronJob->__construct()
 4 SYSTEMPATH/CodeIgniter.php(933): App\Controllers\DynamicController->execute('CronJob', 'envia_avisos')
 5 SYSTEMPATH/CodeIgniter.php(509): CodeIgniter\CodeIgniter->runController(Object(App\Controllers\DynamicController))
 6 SYSTEMPATH/CodeIgniter.php(355): CodeIgniter\CodeIgniter->handleRequest(null, Object(Config\Cache), false)
 7 SYSTEMPATH/Boot.php(325): CodeIgniter\CodeIgniter->run()
 8 SYSTEMPATH/Boot.php(67): CodeIgniter\Boot::runCodeIgniter(Object(CodeIgniter\CodeIgniter))
 9 FCPATH/index.php(56): CodeIgniter\Boot::bootWeb(Object(Config\Paths))
CRITICAL - 2024-09-15 22:15:02 --> ErrorException: Constant LANG already defined
[Method: GET, Route: CronJob/envia_avisos]
in APPPATH/Controllers/CronJob.php on line 18.
 1 [internal function]: CodeIgniter\Debug\Exceptions->errorHandler(2, 'Constant LANG already defined', '/home/next0355/dev.next1crm.com.br/app/Controllers/CronJob.php', 18)
 2 APPPATH/Controllers/CronJob.php(18): define('LANG', 'portuguese_br')
 3 APPPATH/Controllers/DynamicController.php(19): App\Controllers\CronJob->__construct()
 4 SYSTEMPATH/CodeIgniter.php(933): App\Controllers\DynamicController->execute('CronJob', 'envia_avisos')
 5 SYSTEMPATH/CodeIgniter.php(509): CodeIgniter\CodeIgniter->runController(Object(App\Controllers\DynamicController))
 6 SYSTEMPATH/CodeIgniter.php(355): CodeIgniter\CodeIgniter->handleRequest(null, Object(Config\Cache), false)
 7 SYSTEMPATH/Boot.php(325): CodeIgniter\CodeIgniter->run()
 8 SYSTEMPATH/Boot.php(67): CodeIgniter\Boot::runCodeIgniter(Object(CodeIgniter\CodeIgniter))
 9 FCPATH/index.php(56): CodeIgniter\Boot::bootWeb(Object(Config\Paths))
CRITICAL - 2024-09-15 22:30:02 --> ErrorException: Constant LANG already defined
[Method: GET, Route: CronJob/envia_avisos]
in APPPATH/Controllers/CronJob.php on line 18.
 1 [internal function]: CodeIgniter\Debug\Exceptions->errorHandler(2, 'Constant LANG already defined', '/home/next0355/dev.next1crm.com.br/app/Controllers/CronJob.php', 18)
 2 APPPATH/Controllers/CronJob.php(18): define('LANG', 'portuguese_br')
 3 APPPATH/Controllers/DynamicController.php(19): App\Controllers\CronJob->__construct()
 4 SYSTEMPATH/CodeIgniter.php(933): App\Controllers\DynamicController->execute('CronJob', 'envia_avisos')
 5 SYSTEMPATH/CodeIgniter.php(509): CodeIgniter\CodeIgniter->runController(Object(App\Controllers\DynamicController))
 6 SYSTEMPATH/CodeIgniter.php(355): CodeIgniter\CodeIgniter->handleRequest(null, Object(Config\Cache), false)
 7 SYSTEMPATH/Boot.php(325): CodeIgniter\CodeIgniter->run()
 8 SYSTEMPATH/Boot.php(67): CodeIgniter\Boot::runCodeIgniter(Object(CodeIgniter\CodeIgniter))
 9 FCPATH/index.php(56): CodeIgniter\Boot::bootWeb(Object(Config\Paths))
CRITICAL - 2024-09-15 22:45:02 --> ErrorException: Constant LANG already defined
[Method: GET, Route: CronJob/envia_avisos]
in APPPATH/Controllers/CronJob.php on line 18.
 1 [internal function]: CodeIgniter\Debug\Exceptions->errorHandler(2, 'Constant LANG already defined', '/home/next0355/dev.next1crm.com.br/app/Controllers/CronJob.php', 18)
 2 APPPATH/Controllers/CronJob.php(18): define('LANG', 'portuguese_br')
 3 APPPATH/Controllers/DynamicController.php(19): App\Controllers\CronJob->__construct()
 4 SYSTEMPATH/CodeIgniter.php(933): App\Controllers\DynamicController->execute('CronJob', 'envia_avisos')
 5 SYSTEMPATH/CodeIgniter.php(509): CodeIgniter\CodeIgniter->runController(Object(App\Controllers\DynamicController))
 6 SYSTEMPATH/CodeIgniter.php(355): CodeIgniter\CodeIgniter->handleRequest(null, Object(Config\Cache), false)
 7 SYSTEMPATH/Boot.php(325): CodeIgniter\CodeIgniter->run()
 8 SYSTEMPATH/Boot.php(67): CodeIgniter\Boot::runCodeIgniter(Object(CodeIgniter\CodeIgniter))
 9 FCPATH/index.php(56): CodeIgniter\Boot::bootWeb(Object(Config\Paths))
CRITICAL - 2024-09-15 23:00:03 --> ErrorException: Constant LANG already defined
[Method: GET, Route: CronJob/envia_avisos]
in APPPATH/Controllers/CronJob.php on line 18.
 1 [internal function]: CodeIgniter\Debug\Exceptions->errorHandler(2, 'Constant LANG already defined', '/home/next0355/dev.next1crm.com.br/app/Controllers/CronJob.php', 18)
 2 APPPATH/Controllers/CronJob.php(18): define('LANG', 'portuguese_br')
 3 APPPATH/Controllers/DynamicController.php(19): App\Controllers\CronJob->__construct()
 4 SYSTEMPATH/CodeIgniter.php(933): App\Controllers\DynamicController->execute('CronJob', 'envia_avisos')
 5 SYSTEMPATH/CodeIgniter.php(509): CodeIgniter\CodeIgniter->runController(Object(App\Controllers\DynamicController))
 6 SYSTEMPATH/CodeIgniter.php(355): CodeIgniter\CodeIgniter->handleRequest(null, Object(Config\Cache), false)
 7 SYSTEMPATH/Boot.php(325): CodeIgniter\CodeIgniter->run()
 8 SYSTEMPATH/Boot.php(67): CodeIgniter\Boot::runCodeIgniter(Object(CodeIgniter\CodeIgniter))
 9 FCPATH/index.php(56): CodeIgniter\Boot::bootWeb(Object(Config\Paths))
CRITICAL - 2024-09-15 23:15:02 --> ErrorException: Constant LANG already defined
[Method: GET, Route: CronJob/envia_avisos]
in APPPATH/Controllers/CronJob.php on line 18.
 1 [internal function]: CodeIgniter\Debug\Exceptions->errorHandler(2, 'Constant LANG already defined', '/home/next0355/dev.next1crm.com.br/app/Controllers/CronJob.php', 18)
 2 APPPATH/Controllers/CronJob.php(18): define('LANG', 'portuguese_br')
 3 APPPATH/Controllers/DynamicController.php(19): App\Controllers\CronJob->__construct()
 4 SYSTEMPATH/CodeIgniter.php(933): App\Controllers\DynamicController->execute('CronJob', 'envia_avisos')
 5 SYSTEMPATH/CodeIgniter.php(509): CodeIgniter\CodeIgniter->runController(Object(App\Controllers\DynamicController))
 6 SYSTEMPATH/CodeIgniter.php(355): CodeIgniter\CodeIgniter->handleRequest(null, Object(Config\Cache), false)
 7 SYSTEMPATH/Boot.php(325): CodeIgniter\CodeIgniter->run()
 8 SYSTEMPATH/Boot.php(67): CodeIgniter\Boot::runCodeIgniter(Object(CodeIgniter\CodeIgniter))
 9 FCPATH/index.php(56): CodeIgniter\Boot::bootWeb(Object(Config\Paths))
CRITICAL - 2024-09-15 23:30:02 --> ErrorException: Constant LANG already defined
[Method: GET, Route: CronJob/envia_avisos]
in APPPATH/Controllers/CronJob.php on line 18.
 1 [internal function]: CodeIgniter\Debug\Exceptions->errorHandler(2, 'Constant LANG already defined', '/home/next0355/dev.next1crm.com.br/app/Controllers/CronJob.php', 18)
 2 APPPATH/Controllers/CronJob.php(18): define('LANG', 'portuguese_br')
 3 APPPATH/Controllers/DynamicController.php(19): App\Controllers\CronJob->__construct()
 4 SYSTEMPATH/CodeIgniter.php(933): App\Controllers\DynamicController->execute('CronJob', 'envia_avisos')
 5 SYSTEMPATH/CodeIgniter.php(509): CodeIgniter\CodeIgniter->runController(Object(App\Controllers\DynamicController))
 6 SYSTEMPATH/CodeIgniter.php(355): CodeIgniter\CodeIgniter->handleRequest(null, Object(Config\Cache), false)
 7 SYSTEMPATH/Boot.php(325): CodeIgniter\CodeIgniter->run()
 8 SYSTEMPATH/Boot.php(67): CodeIgniter\Boot::runCodeIgniter(Object(CodeIgniter\CodeIgniter))
 9 FCPATH/index.php(56): CodeIgniter\Boot::bootWeb(Object(Config\Paths))
CRITICAL - 2024-09-15 23:45:03 --> ErrorException: Constant LANG already defined
[Method: GET, Route: CronJob/envia_avisos]
in APPPATH/Controllers/CronJob.php on line 18.
 1 [internal function]: CodeIgniter\Debug\Exceptions->errorHandler(2, 'Constant LANG already defined', '/home/next0355/dev.next1crm.com.br/app/Controllers/CronJob.php', 18)
 2 APPPATH/Controllers/CronJob.php(18): define('LANG', 'portuguese_br')
 3 APPPATH/Controllers/DynamicController.php(19): App\Controllers\CronJob->__construct()
 4 SYSTEMPATH/CodeIgniter.php(933): App\Controllers\DynamicController->execute('CronJob', 'envia_avisos')
 5 SYSTEMPATH/CodeIgniter.php(509): CodeIgniter\CodeIgniter->runController(Object(App\Controllers\DynamicController))
 6 SYSTEMPATH/CodeIgniter.php(355): CodeIgniter\CodeIgniter->handleRequest(null, Object(Config\Cache), false)
 7 SYSTEMPATH/Boot.php(325): CodeIgniter\CodeIgniter->run()
 8 SYSTEMPATH/Boot.php(67): CodeIgniter\Boot::runCodeIgniter(Object(CodeIgniter\CodeIgniter))
 9 FCPATH/index.php(56): CodeIgniter\Boot::bootWeb(Object(Config\Paths))
