CRITICAL - 2024-09-26 00:00:02 --> ErrorException: Constant LANG already defined
[Method: GET, Route: CronJob/envia_avisos]
in APPPATH/Controllers/CronJob.php on line 18.
 1 [internal function]: CodeIgniter\Debug\Exceptions->errorHandler(2, 'Constant LANG already defined', '/home/next0355/dev.next1crm.com.br/app/Controllers/CronJob.php', 18)
 2 APPPATH/Controllers/CronJob.php(18): define('LANG', 'portuguese_br')
 3 APPPATH/Controllers/DynamicController.php(41): App\Controllers\CronJob->__construct()
 4 SYSTEMPATH/CodeIgniter.php(933): App\Controllers\DynamicController->execute('CronJob', 'envia_avisos')
 5 SYSTEMPATH/CodeIgniter.php(509): CodeIgniter\CodeIgniter->runController(Object(App\Controllers\DynamicController))
 6 SYSTEMPATH/CodeIgniter.php(355): CodeIgniter\CodeIgniter->handleRequest(null, Object(Config\Cache), false)
 7 SYSTEMPATH/Boot.php(325): CodeIgniter\CodeIgniter->run()
 8 SYSTEMPATH/Boot.php(67): CodeIgniter\Boot::runCodeIgniter(Object(CodeIgniter\CodeIgniter))
 9 FCPATH/index.php(56): CodeIgniter\Boot::bootWeb(Object(Config\Paths))
CRITICAL - 2024-09-26 00:15:02 --> ErrorException: Constant LANG already defined
[Method: GET, Route: CronJob/envia_avisos]
in APPPATH/Controllers/CronJob.php on line 18.
 1 [internal function]: CodeIgniter\Debug\Exceptions->errorHandler(2, 'Constant LANG already defined', '/home/next0355/dev.next1crm.com.br/app/Controllers/CronJob.php', 18)
 2 APPPATH/Controllers/CronJob.php(18): define('LANG', 'portuguese_br')
 3 APPPATH/Controllers/DynamicController.php(41): App\Controllers\CronJob->__construct()
 4 SYSTEMPATH/CodeIgniter.php(933): App\Controllers\DynamicController->execute('CronJob', 'envia_avisos')
 5 SYSTEMPATH/CodeIgniter.php(509): CodeIgniter\CodeIgniter->runController(Object(App\Controllers\DynamicController))
 6 SYSTEMPATH/CodeIgniter.php(355): CodeIgniter\CodeIgniter->handleRequest(null, Object(Config\Cache), false)
 7 SYSTEMPATH/Boot.php(325): CodeIgniter\CodeIgniter->run()
 8 SYSTEMPATH/Boot.php(67): CodeIgniter\Boot::runCodeIgniter(Object(CodeIgniter\CodeIgniter))
 9 FCPATH/index.php(56): CodeIgniter\Boot::bootWeb(Object(Config\Paths))
CRITICAL - 2024-09-26 00:30:02 --> ErrorException: Constant LANG already defined
[Method: GET, Route: CronJob/envia_avisos]
in APPPATH/Controllers/CronJob.php on line 18.
 1 [internal function]: CodeIgniter\Debug\Exceptions->errorHandler(2, 'Constant LANG already defined', '/home/next0355/dev.next1crm.com.br/app/Controllers/CronJob.php', 18)
 2 APPPATH/Controllers/CronJob.php(18): define('LANG', 'portuguese_br')
 3 APPPATH/Controllers/DynamicController.php(41): App\Controllers\CronJob->__construct()
 4 SYSTEMPATH/CodeIgniter.php(933): App\Controllers\DynamicController->execute('CronJob', 'envia_avisos')
 5 SYSTEMPATH/CodeIgniter.php(509): CodeIgniter\CodeIgniter->runController(Object(App\Controllers\DynamicController))
 6 SYSTEMPATH/CodeIgniter.php(355): CodeIgniter\CodeIgniter->handleRequest(null, Object(Config\Cache), false)
 7 SYSTEMPATH/Boot.php(325): CodeIgniter\CodeIgniter->run()
 8 SYSTEMPATH/Boot.php(67): CodeIgniter\Boot::runCodeIgniter(Object(CodeIgniter\CodeIgniter))
 9 FCPATH/index.php(56): CodeIgniter\Boot::bootWeb(Object(Config\Paths))
CRITICAL - 2024-09-26 00:45:03 --> ErrorException: Constant LANG already defined
[Method: GET, Route: CronJob/envia_avisos]
in APPPATH/Controllers/CronJob.php on line 18.
 1 [internal function]: CodeIgniter\Debug\Exceptions->errorHandler(2, 'Constant LANG already defined', '/home/next0355/dev.next1crm.com.br/app/Controllers/CronJob.php', 18)
 2 APPPATH/Controllers/CronJob.php(18): define('LANG', 'portuguese_br')
 3 APPPATH/Controllers/DynamicController.php(41): App\Controllers\CronJob->__construct()
 4 SYSTEMPATH/CodeIgniter.php(933): App\Controllers\DynamicController->execute('CronJob', 'envia_avisos')
 5 SYSTEMPATH/CodeIgniter.php(509): CodeIgniter\CodeIgniter->runController(Object(App\Controllers\DynamicController))
 6 SYSTEMPATH/CodeIgniter.php(355): CodeIgniter\CodeIgniter->handleRequest(null, Object(Config\Cache), false)
 7 SYSTEMPATH/Boot.php(325): CodeIgniter\CodeIgniter->run()
 8 SYSTEMPATH/Boot.php(67): CodeIgniter\Boot::runCodeIgniter(Object(CodeIgniter\CodeIgniter))
 9 FCPATH/index.php(56): CodeIgniter\Boot::bootWeb(Object(Config\Paths))
CRITICAL - 2024-09-26 01:00:02 --> ErrorException: Constant LANG already defined
[Method: GET, Route: CronJob/envia_avisos]
in APPPATH/Controllers/CronJob.php on line 18.
 1 [internal function]: CodeIgniter\Debug\Exceptions->errorHandler(2, 'Constant LANG already defined', '/home/next0355/dev.next1crm.com.br/app/Controllers/CronJob.php', 18)
 2 APPPATH/Controllers/CronJob.php(18): define('LANG', 'portuguese_br')
 3 APPPATH/Controllers/DynamicController.php(41): App\Controllers\CronJob->__construct()
 4 SYSTEMPATH/CodeIgniter.php(933): App\Controllers\DynamicController->execute('CronJob', 'envia_avisos')
 5 SYSTEMPATH/CodeIgniter.php(509): CodeIgniter\CodeIgniter->runController(Object(App\Controllers\DynamicController))
 6 SYSTEMPATH/CodeIgniter.php(355): CodeIgniter\CodeIgniter->handleRequest(null, Object(Config\Cache), false)
 7 SYSTEMPATH/Boot.php(325): CodeIgniter\CodeIgniter->run()
 8 SYSTEMPATH/Boot.php(67): CodeIgniter\Boot::runCodeIgniter(Object(CodeIgniter\CodeIgniter))
 9 FCPATH/index.php(56): CodeIgniter\Boot::bootWeb(Object(Config\Paths))
CRITICAL - 2024-09-26 01:15:02 --> ErrorException: Constant LANG already defined
[Method: GET, Route: CronJob/envia_avisos]
in APPPATH/Controllers/CronJob.php on line 18.
 1 [internal function]: CodeIgniter\Debug\Exceptions->errorHandler(2, 'Constant LANG already defined', '/home/next0355/dev.next1crm.com.br/app/Controllers/CronJob.php', 18)
 2 APPPATH/Controllers/CronJob.php(18): define('LANG', 'portuguese_br')
 3 APPPATH/Controllers/DynamicController.php(41): App\Controllers\CronJob->__construct()
 4 SYSTEMPATH/CodeIgniter.php(933): App\Controllers\DynamicController->execute('CronJob', 'envia_avisos')
 5 SYSTEMPATH/CodeIgniter.php(509): CodeIgniter\CodeIgniter->runController(Object(App\Controllers\DynamicController))
 6 SYSTEMPATH/CodeIgniter.php(355): CodeIgniter\CodeIgniter->handleRequest(null, Object(Config\Cache), false)
 7 SYSTEMPATH/Boot.php(325): CodeIgniter\CodeIgniter->run()
 8 SYSTEMPATH/Boot.php(67): CodeIgniter\Boot::runCodeIgniter(Object(CodeIgniter\CodeIgniter))
 9 FCPATH/index.php(56): CodeIgniter\Boot::bootWeb(Object(Config\Paths))
CRITICAL - 2024-09-26 01:30:02 --> ErrorException: Constant LANG already defined
[Method: GET, Route: CronJob/envia_avisos]
in APPPATH/Controllers/CronJob.php on line 18.
 1 [internal function]: CodeIgniter\Debug\Exceptions->errorHandler(2, 'Constant LANG already defined', '/home/next0355/dev.next1crm.com.br/app/Controllers/CronJob.php', 18)
 2 APPPATH/Controllers/CronJob.php(18): define('LANG', 'portuguese_br')
 3 APPPATH/Controllers/DynamicController.php(41): App\Controllers\CronJob->__construct()
 4 SYSTEMPATH/CodeIgniter.php(933): App\Controllers\DynamicController->execute('CronJob', 'envia_avisos')
 5 SYSTEMPATH/CodeIgniter.php(509): CodeIgniter\CodeIgniter->runController(Object(App\Controllers\DynamicController))
 6 SYSTEMPATH/CodeIgniter.php(355): CodeIgniter\CodeIgniter->handleRequest(null, Object(Config\Cache), false)
 7 SYSTEMPATH/Boot.php(325): CodeIgniter\CodeIgniter->run()
 8 SYSTEMPATH/Boot.php(67): CodeIgniter\Boot::runCodeIgniter(Object(CodeIgniter\CodeIgniter))
 9 FCPATH/index.php(56): CodeIgniter\Boot::bootWeb(Object(Config\Paths))
CRITICAL - 2024-09-26 01:45:02 --> ErrorException: Constant LANG already defined
[Method: GET, Route: CronJob/envia_avisos]
in APPPATH/Controllers/CronJob.php on line 18.
 1 [internal function]: CodeIgniter\Debug\Exceptions->errorHandler(2, 'Constant LANG already defined', '/home/next0355/dev.next1crm.com.br/app/Controllers/CronJob.php', 18)
 2 APPPATH/Controllers/CronJob.php(18): define('LANG', 'portuguese_br')
 3 APPPATH/Controllers/DynamicController.php(41): App\Controllers\CronJob->__construct()
 4 SYSTEMPATH/CodeIgniter.php(933): App\Controllers\DynamicController->execute('CronJob', 'envia_avisos')
 5 SYSTEMPATH/CodeIgniter.php(509): CodeIgniter\CodeIgniter->runController(Object(App\Controllers\DynamicController))
 6 SYSTEMPATH/CodeIgniter.php(355): CodeIgniter\CodeIgniter->handleRequest(null, Object(Config\Cache), false)
 7 SYSTEMPATH/Boot.php(325): CodeIgniter\CodeIgniter->run()
 8 SYSTEMPATH/Boot.php(67): CodeIgniter\Boot::runCodeIgniter(Object(CodeIgniter\CodeIgniter))
 9 FCPATH/index.php(56): CodeIgniter\Boot::bootWeb(Object(Config\Paths))
CRITICAL - 2024-09-26 02:00:03 --> ErrorException: Constant LANG already defined
[Method: GET, Route: CronJob/envia_avisos]
in APPPATH/Controllers/CronJob.php on line 18.
 1 [internal function]: CodeIgniter\Debug\Exceptions->errorHandler(2, 'Constant LANG already defined', '/home/next0355/dev.next1crm.com.br/app/Controllers/CronJob.php', 18)
 2 APPPATH/Controllers/CronJob.php(18): define('LANG', 'portuguese_br')
 3 APPPATH/Controllers/DynamicController.php(41): App\Controllers\CronJob->__construct()
 4 SYSTEMPATH/CodeIgniter.php(933): App\Controllers\DynamicController->execute('CronJob', 'envia_avisos')
 5 SYSTEMPATH/CodeIgniter.php(509): CodeIgniter\CodeIgniter->runController(Object(App\Controllers\DynamicController))
 6 SYSTEMPATH/CodeIgniter.php(355): CodeIgniter\CodeIgniter->handleRequest(null, Object(Config\Cache), false)
 7 SYSTEMPATH/Boot.php(325): CodeIgniter\CodeIgniter->run()
 8 SYSTEMPATH/Boot.php(67): CodeIgniter\Boot::runCodeIgniter(Object(CodeIgniter\CodeIgniter))
 9 FCPATH/index.php(56): CodeIgniter\Boot::bootWeb(Object(Config\Paths))
CRITICAL - 2024-09-26 02:15:02 --> ErrorException: Constant LANG already defined
[Method: GET, Route: CronJob/envia_avisos]
in APPPATH/Controllers/CronJob.php on line 18.
 1 [internal function]: CodeIgniter\Debug\Exceptions->errorHandler(2, 'Constant LANG already defined', '/home/next0355/dev.next1crm.com.br/app/Controllers/CronJob.php', 18)
 2 APPPATH/Controllers/CronJob.php(18): define('LANG', 'portuguese_br')
 3 APPPATH/Controllers/DynamicController.php(41): App\Controllers\CronJob->__construct()
 4 SYSTEMPATH/CodeIgniter.php(933): App\Controllers\DynamicController->execute('CronJob', 'envia_avisos')
 5 SYSTEMPATH/CodeIgniter.php(509): CodeIgniter\CodeIgniter->runController(Object(App\Controllers\DynamicController))
 6 SYSTEMPATH/CodeIgniter.php(355): CodeIgniter\CodeIgniter->handleRequest(null, Object(Config\Cache), false)
 7 SYSTEMPATH/Boot.php(325): CodeIgniter\CodeIgniter->run()
 8 SYSTEMPATH/Boot.php(67): CodeIgniter\Boot::runCodeIgniter(Object(CodeIgniter\CodeIgniter))
 9 FCPATH/index.php(56): CodeIgniter\Boot::bootWeb(Object(Config\Paths))
CRITICAL - 2024-09-26 02:30:02 --> ErrorException: Constant LANG already defined
[Method: GET, Route: CronJob/envia_avisos]
in APPPATH/Controllers/CronJob.php on line 18.
 1 [internal function]: CodeIgniter\Debug\Exceptions->errorHandler(2, 'Constant LANG already defined', '/home/next0355/dev.next1crm.com.br/app/Controllers/CronJob.php', 18)
 2 APPPATH/Controllers/CronJob.php(18): define('LANG', 'portuguese_br')
 3 APPPATH/Controllers/DynamicController.php(41): App\Controllers\CronJob->__construct()
 4 SYSTEMPATH/CodeIgniter.php(933): App\Controllers\DynamicController->execute('CronJob', 'envia_avisos')
 5 SYSTEMPATH/CodeIgniter.php(509): CodeIgniter\CodeIgniter->runController(Object(App\Controllers\DynamicController))
 6 SYSTEMPATH/CodeIgniter.php(355): CodeIgniter\CodeIgniter->handleRequest(null, Object(Config\Cache), false)
 7 SYSTEMPATH/Boot.php(325): CodeIgniter\CodeIgniter->run()
 8 SYSTEMPATH/Boot.php(67): CodeIgniter\Boot::runCodeIgniter(Object(CodeIgniter\CodeIgniter))
 9 FCPATH/index.php(56): CodeIgniter\Boot::bootWeb(Object(Config\Paths))
CRITICAL - 2024-09-26 02:45:02 --> ErrorException: Constant LANG already defined
[Method: GET, Route: CronJob/envia_avisos]
in APPPATH/Controllers/CronJob.php on line 18.
 1 [internal function]: CodeIgniter\Debug\Exceptions->errorHandler(2, 'Constant LANG already defined', '/home/next0355/dev.next1crm.com.br/app/Controllers/CronJob.php', 18)
 2 APPPATH/Controllers/CronJob.php(18): define('LANG', 'portuguese_br')
 3 APPPATH/Controllers/DynamicController.php(41): App\Controllers\CronJob->__construct()
 4 SYSTEMPATH/CodeIgniter.php(933): App\Controllers\DynamicController->execute('CronJob', 'envia_avisos')
 5 SYSTEMPATH/CodeIgniter.php(509): CodeIgniter\CodeIgniter->runController(Object(App\Controllers\DynamicController))
 6 SYSTEMPATH/CodeIgniter.php(355): CodeIgniter\CodeIgniter->handleRequest(null, Object(Config\Cache), false)
 7 SYSTEMPATH/Boot.php(325): CodeIgniter\CodeIgniter->run()
 8 SYSTEMPATH/Boot.php(67): CodeIgniter\Boot::runCodeIgniter(Object(CodeIgniter\CodeIgniter))
 9 FCPATH/index.php(56): CodeIgniter\Boot::bootWeb(Object(Config\Paths))
CRITICAL - 2024-09-26 03:00:03 --> ErrorException: Constant LANG already defined
[Method: GET, Route: CronJob/envia_avisos]
in APPPATH/Controllers/CronJob.php on line 18.
 1 [internal function]: CodeIgniter\Debug\Exceptions->errorHandler(2, 'Constant LANG already defined', '/home/next0355/dev.next1crm.com.br/app/Controllers/CronJob.php', 18)
 2 APPPATH/Controllers/CronJob.php(18): define('LANG', 'portuguese_br')
 3 APPPATH/Controllers/DynamicController.php(41): App\Controllers\CronJob->__construct()
 4 SYSTEMPATH/CodeIgniter.php(933): App\Controllers\DynamicController->execute('CronJob', 'envia_avisos')
 5 SYSTEMPATH/CodeIgniter.php(509): CodeIgniter\CodeIgniter->runController(Object(App\Controllers\DynamicController))
 6 SYSTEMPATH/CodeIgniter.php(355): CodeIgniter\CodeIgniter->handleRequest(null, Object(Config\Cache), false)
 7 SYSTEMPATH/Boot.php(325): CodeIgniter\CodeIgniter->run()
 8 SYSTEMPATH/Boot.php(67): CodeIgniter\Boot::runCodeIgniter(Object(CodeIgniter\CodeIgniter))
 9 FCPATH/index.php(56): CodeIgniter\Boot::bootWeb(Object(Config\Paths))
CRITICAL - 2024-09-26 03:15:02 --> ErrorException: Constant LANG already defined
[Method: GET, Route: CronJob/envia_avisos]
in APPPATH/Controllers/CronJob.php on line 18.
 1 [internal function]: CodeIgniter\Debug\Exceptions->errorHandler(2, 'Constant LANG already defined', '/home/next0355/dev.next1crm.com.br/app/Controllers/CronJob.php', 18)
 2 APPPATH/Controllers/CronJob.php(18): define('LANG', 'portuguese_br')
 3 APPPATH/Controllers/DynamicController.php(41): App\Controllers\CronJob->__construct()
 4 SYSTEMPATH/CodeIgniter.php(933): App\Controllers\DynamicController->execute('CronJob', 'envia_avisos')
 5 SYSTEMPATH/CodeIgniter.php(509): CodeIgniter\CodeIgniter->runController(Object(App\Controllers\DynamicController))
 6 SYSTEMPATH/CodeIgniter.php(355): CodeIgniter\CodeIgniter->handleRequest(null, Object(Config\Cache), false)
 7 SYSTEMPATH/Boot.php(325): CodeIgniter\CodeIgniter->run()
 8 SYSTEMPATH/Boot.php(67): CodeIgniter\Boot::runCodeIgniter(Object(CodeIgniter\CodeIgniter))
 9 FCPATH/index.php(56): CodeIgniter\Boot::bootWeb(Object(Config\Paths))
CRITICAL - 2024-09-26 03:30:02 --> ErrorException: Constant LANG already defined
[Method: GET, Route: CronJob/envia_avisos]
in APPPATH/Controllers/CronJob.php on line 18.
 1 [internal function]: CodeIgniter\Debug\Exceptions->errorHandler(2, 'Constant LANG already defined', '/home/next0355/dev.next1crm.com.br/app/Controllers/CronJob.php', 18)
 2 APPPATH/Controllers/CronJob.php(18): define('LANG', 'portuguese_br')
 3 APPPATH/Controllers/DynamicController.php(41): App\Controllers\CronJob->__construct()
 4 SYSTEMPATH/CodeIgniter.php(933): App\Controllers\DynamicController->execute('CronJob', 'envia_avisos')
 5 SYSTEMPATH/CodeIgniter.php(509): CodeIgniter\CodeIgniter->runController(Object(App\Controllers\DynamicController))
 6 SYSTEMPATH/CodeIgniter.php(355): CodeIgniter\CodeIgniter->handleRequest(null, Object(Config\Cache), false)
 7 SYSTEMPATH/Boot.php(325): CodeIgniter\CodeIgniter->run()
 8 SYSTEMPATH/Boot.php(67): CodeIgniter\Boot::runCodeIgniter(Object(CodeIgniter\CodeIgniter))
 9 FCPATH/index.php(56): CodeIgniter\Boot::bootWeb(Object(Config\Paths))
CRITICAL - 2024-09-26 03:45:02 --> ErrorException: Constant LANG already defined
[Method: GET, Route: CronJob/envia_avisos]
in APPPATH/Controllers/CronJob.php on line 18.
 1 [internal function]: CodeIgniter\Debug\Exceptions->errorHandler(2, 'Constant LANG already defined', '/home/next0355/dev.next1crm.com.br/app/Controllers/CronJob.php', 18)
 2 APPPATH/Controllers/CronJob.php(18): define('LANG', 'portuguese_br')
 3 APPPATH/Controllers/DynamicController.php(41): App\Controllers\CronJob->__construct()
 4 SYSTEMPATH/CodeIgniter.php(933): App\Controllers\DynamicController->execute('CronJob', 'envia_avisos')
 5 SYSTEMPATH/CodeIgniter.php(509): CodeIgniter\CodeIgniter->runController(Object(App\Controllers\DynamicController))
 6 SYSTEMPATH/CodeIgniter.php(355): CodeIgniter\CodeIgniter->handleRequest(null, Object(Config\Cache), false)
 7 SYSTEMPATH/Boot.php(325): CodeIgniter\CodeIgniter->run()
 8 SYSTEMPATH/Boot.php(67): CodeIgniter\Boot::runCodeIgniter(Object(CodeIgniter\CodeIgniter))
 9 FCPATH/index.php(56): CodeIgniter\Boot::bootWeb(Object(Config\Paths))
CRITICAL - 2024-09-26 04:00:02 --> ErrorException: Constant LANG already defined
[Method: GET, Route: CronJob/envia_avisos]
in APPPATH/Controllers/CronJob.php on line 18.
 1 [internal function]: CodeIgniter\Debug\Exceptions->errorHandler(2, 'Constant LANG already defined', '/home/next0355/dev.next1crm.com.br/app/Controllers/CronJob.php', 18)
 2 APPPATH/Controllers/CronJob.php(18): define('LANG', 'portuguese_br')
 3 APPPATH/Controllers/DynamicController.php(41): App\Controllers\CronJob->__construct()
 4 SYSTEMPATH/CodeIgniter.php(933): App\Controllers\DynamicController->execute('CronJob', 'envia_avisos')
 5 SYSTEMPATH/CodeIgniter.php(509): CodeIgniter\CodeIgniter->runController(Object(App\Controllers\DynamicController))
 6 SYSTEMPATH/CodeIgniter.php(355): CodeIgniter\CodeIgniter->handleRequest(null, Object(Config\Cache), false)
 7 SYSTEMPATH/Boot.php(325): CodeIgniter\CodeIgniter->run()
 8 SYSTEMPATH/Boot.php(67): CodeIgniter\Boot::runCodeIgniter(Object(CodeIgniter\CodeIgniter))
 9 FCPATH/index.php(56): CodeIgniter\Boot::bootWeb(Object(Config\Paths))
CRITICAL - 2024-09-26 04:15:02 --> ErrorException: Constant LANG already defined
[Method: GET, Route: CronJob/envia_avisos]
in APPPATH/Controllers/CronJob.php on line 18.
 1 [internal function]: CodeIgniter\Debug\Exceptions->errorHandler(2, 'Constant LANG already defined', '/home/next0355/dev.next1crm.com.br/app/Controllers/CronJob.php', 18)
 2 APPPATH/Controllers/CronJob.php(18): define('LANG', 'portuguese_br')
 3 APPPATH/Controllers/DynamicController.php(41): App\Controllers\CronJob->__construct()
 4 SYSTEMPATH/CodeIgniter.php(933): App\Controllers\DynamicController->execute('CronJob', 'envia_avisos')
 5 SYSTEMPATH/CodeIgniter.php(509): CodeIgniter\CodeIgniter->runController(Object(App\Controllers\DynamicController))
 6 SYSTEMPATH/CodeIgniter.php(355): CodeIgniter\CodeIgniter->handleRequest(null, Object(Config\Cache), false)
 7 SYSTEMPATH/Boot.php(325): CodeIgniter\CodeIgniter->run()
 8 SYSTEMPATH/Boot.php(67): CodeIgniter\Boot::runCodeIgniter(Object(CodeIgniter\CodeIgniter))
 9 FCPATH/index.php(56): CodeIgniter\Boot::bootWeb(Object(Config\Paths))
CRITICAL - 2024-09-26 04:30:02 --> ErrorException: Constant LANG already defined
[Method: GET, Route: CronJob/envia_avisos]
in APPPATH/Controllers/CronJob.php on line 18.
 1 [internal function]: CodeIgniter\Debug\Exceptions->errorHandler(2, 'Constant LANG already defined', '/home/next0355/dev.next1crm.com.br/app/Controllers/CronJob.php', 18)
 2 APPPATH/Controllers/CronJob.php(18): define('LANG', 'portuguese_br')
 3 APPPATH/Controllers/DynamicController.php(41): App\Controllers\CronJob->__construct()
 4 SYSTEMPATH/CodeIgniter.php(933): App\Controllers\DynamicController->execute('CronJob', 'envia_avisos')
 5 SYSTEMPATH/CodeIgniter.php(509): CodeIgniter\CodeIgniter->runController(Object(App\Controllers\DynamicController))
 6 SYSTEMPATH/CodeIgniter.php(355): CodeIgniter\CodeIgniter->handleRequest(null, Object(Config\Cache), false)
 7 SYSTEMPATH/Boot.php(325): CodeIgniter\CodeIgniter->run()
 8 SYSTEMPATH/Boot.php(67): CodeIgniter\Boot::runCodeIgniter(Object(CodeIgniter\CodeIgniter))
 9 FCPATH/index.php(56): CodeIgniter\Boot::bootWeb(Object(Config\Paths))
CRITICAL - 2024-09-26 04:45:02 --> ErrorException: Constant LANG already defined
[Method: GET, Route: CronJob/envia_avisos]
in APPPATH/Controllers/CronJob.php on line 18.
 1 [internal function]: CodeIgniter\Debug\Exceptions->errorHandler(2, 'Constant LANG already defined', '/home/next0355/dev.next1crm.com.br/app/Controllers/CronJob.php', 18)
 2 APPPATH/Controllers/CronJob.php(18): define('LANG', 'portuguese_br')
 3 APPPATH/Controllers/DynamicController.php(41): App\Controllers\CronJob->__construct()
 4 SYSTEMPATH/CodeIgniter.php(933): App\Controllers\DynamicController->execute('CronJob', 'envia_avisos')
 5 SYSTEMPATH/CodeIgniter.php(509): CodeIgniter\CodeIgniter->runController(Object(App\Controllers\DynamicController))
 6 SYSTEMPATH/CodeIgniter.php(355): CodeIgniter\CodeIgniter->handleRequest(null, Object(Config\Cache), false)
 7 SYSTEMPATH/Boot.php(325): CodeIgniter\CodeIgniter->run()
 8 SYSTEMPATH/Boot.php(67): CodeIgniter\Boot::runCodeIgniter(Object(CodeIgniter\CodeIgniter))
 9 FCPATH/index.php(56): CodeIgniter\Boot::bootWeb(Object(Config\Paths))
CRITICAL - 2024-09-26 05:00:02 --> ErrorException: Constant LANG already defined
[Method: GET, Route: CronJob/envia_avisos]
in APPPATH/Controllers/CronJob.php on line 18.
 1 [internal function]: CodeIgniter\Debug\Exceptions->errorHandler(2, 'Constant LANG already defined', '/home/next0355/dev.next1crm.com.br/app/Controllers/CronJob.php', 18)
 2 APPPATH/Controllers/CronJob.php(18): define('LANG', 'portuguese_br')
 3 APPPATH/Controllers/DynamicController.php(41): App\Controllers\CronJob->__construct()
 4 SYSTEMPATH/CodeIgniter.php(933): App\Controllers\DynamicController->execute('CronJob', 'envia_avisos')
 5 SYSTEMPATH/CodeIgniter.php(509): CodeIgniter\CodeIgniter->runController(Object(App\Controllers\DynamicController))
 6 SYSTEMPATH/CodeIgniter.php(355): CodeIgniter\CodeIgniter->handleRequest(null, Object(Config\Cache), false)
 7 SYSTEMPATH/Boot.php(325): CodeIgniter\CodeIgniter->run()
 8 SYSTEMPATH/Boot.php(67): CodeIgniter\Boot::runCodeIgniter(Object(CodeIgniter\CodeIgniter))
 9 FCPATH/index.php(56): CodeIgniter\Boot::bootWeb(Object(Config\Paths))
CRITICAL - 2024-09-26 05:15:02 --> ErrorException: Constant LANG already defined
[Method: GET, Route: CronJob/envia_avisos]
in APPPATH/Controllers/CronJob.php on line 18.
 1 [internal function]: CodeIgniter\Debug\Exceptions->errorHandler(2, 'Constant LANG already defined', '/home/next0355/dev.next1crm.com.br/app/Controllers/CronJob.php', 18)
 2 APPPATH/Controllers/CronJob.php(18): define('LANG', 'portuguese_br')
 3 APPPATH/Controllers/DynamicController.php(41): App\Controllers\CronJob->__construct()
 4 SYSTEMPATH/CodeIgniter.php(933): App\Controllers\DynamicController->execute('CronJob', 'envia_avisos')
 5 SYSTEMPATH/CodeIgniter.php(509): CodeIgniter\CodeIgniter->runController(Object(App\Controllers\DynamicController))
 6 SYSTEMPATH/CodeIgniter.php(355): CodeIgniter\CodeIgniter->handleRequest(null, Object(Config\Cache), false)
 7 SYSTEMPATH/Boot.php(325): CodeIgniter\CodeIgniter->run()
 8 SYSTEMPATH/Boot.php(67): CodeIgniter\Boot::runCodeIgniter(Object(CodeIgniter\CodeIgniter))
 9 FCPATH/index.php(56): CodeIgniter\Boot::bootWeb(Object(Config\Paths))
CRITICAL - 2024-09-26 05:30:03 --> ErrorException: Constant LANG already defined
[Method: GET, Route: CronJob/envia_avisos]
in APPPATH/Controllers/CronJob.php on line 18.
 1 [internal function]: CodeIgniter\Debug\Exceptions->errorHandler(2, 'Constant LANG already defined', '/home/next0355/dev.next1crm.com.br/app/Controllers/CronJob.php', 18)
 2 APPPATH/Controllers/CronJob.php(18): define('LANG', 'portuguese_br')
 3 APPPATH/Controllers/DynamicController.php(41): App\Controllers\CronJob->__construct()
 4 SYSTEMPATH/CodeIgniter.php(933): App\Controllers\DynamicController->execute('CronJob', 'envia_avisos')
 5 SYSTEMPATH/CodeIgniter.php(509): CodeIgniter\CodeIgniter->runController(Object(App\Controllers\DynamicController))
 6 SYSTEMPATH/CodeIgniter.php(355): CodeIgniter\CodeIgniter->handleRequest(null, Object(Config\Cache), false)
 7 SYSTEMPATH/Boot.php(325): CodeIgniter\CodeIgniter->run()
 8 SYSTEMPATH/Boot.php(67): CodeIgniter\Boot::runCodeIgniter(Object(CodeIgniter\CodeIgniter))
 9 FCPATH/index.php(56): CodeIgniter\Boot::bootWeb(Object(Config\Paths))
CRITICAL - 2024-09-26 05:45:02 --> ErrorException: Constant LANG already defined
[Method: GET, Route: CronJob/envia_avisos]
in APPPATH/Controllers/CronJob.php on line 18.
 1 [internal function]: CodeIgniter\Debug\Exceptions->errorHandler(2, 'Constant LANG already defined', '/home/next0355/dev.next1crm.com.br/app/Controllers/CronJob.php', 18)
 2 APPPATH/Controllers/CronJob.php(18): define('LANG', 'portuguese_br')
 3 APPPATH/Controllers/DynamicController.php(41): App\Controllers\CronJob->__construct()
 4 SYSTEMPATH/CodeIgniter.php(933): App\Controllers\DynamicController->execute('CronJob', 'envia_avisos')
 5 SYSTEMPATH/CodeIgniter.php(509): CodeIgniter\CodeIgniter->runController(Object(App\Controllers\DynamicController))
 6 SYSTEMPATH/CodeIgniter.php(355): CodeIgniter\CodeIgniter->handleRequest(null, Object(Config\Cache), false)
 7 SYSTEMPATH/Boot.php(325): CodeIgniter\CodeIgniter->run()
 8 SYSTEMPATH/Boot.php(67): CodeIgniter\Boot::runCodeIgniter(Object(CodeIgniter\CodeIgniter))
 9 FCPATH/index.php(56): CodeIgniter\Boot::bootWeb(Object(Config\Paths))
CRITICAL - 2024-09-26 06:00:02 --> ErrorException: Constant LANG already defined
[Method: GET, Route: CronJob/envia_avisos]
in APPPATH/Controllers/CronJob.php on line 18.
 1 [internal function]: CodeIgniter\Debug\Exceptions->errorHandler(2, 'Constant LANG already defined', '/home/next0355/dev.next1crm.com.br/app/Controllers/CronJob.php', 18)
 2 APPPATH/Controllers/CronJob.php(18): define('LANG', 'portuguese_br')
 3 APPPATH/Controllers/DynamicController.php(41): App\Controllers\CronJob->__construct()
 4 SYSTEMPATH/CodeIgniter.php(933): App\Controllers\DynamicController->execute('CronJob', 'envia_avisos')
 5 SYSTEMPATH/CodeIgniter.php(509): CodeIgniter\CodeIgniter->runController(Object(App\Controllers\DynamicController))
 6 SYSTEMPATH/CodeIgniter.php(355): CodeIgniter\CodeIgniter->handleRequest(null, Object(Config\Cache), false)
 7 SYSTEMPATH/Boot.php(325): CodeIgniter\CodeIgniter->run()
 8 SYSTEMPATH/Boot.php(67): CodeIgniter\Boot::runCodeIgniter(Object(CodeIgniter\CodeIgniter))
 9 FCPATH/index.php(56): CodeIgniter\Boot::bootWeb(Object(Config\Paths))
CRITICAL - 2024-09-26 06:15:02 --> ErrorException: Constant LANG already defined
[Method: GET, Route: CronJob/envia_avisos]
in APPPATH/Controllers/CronJob.php on line 18.
 1 [internal function]: CodeIgniter\Debug\Exceptions->errorHandler(2, 'Constant LANG already defined', '/home/next0355/dev.next1crm.com.br/app/Controllers/CronJob.php', 18)
 2 APPPATH/Controllers/CronJob.php(18): define('LANG', 'portuguese_br')
 3 APPPATH/Controllers/DynamicController.php(41): App\Controllers\CronJob->__construct()
 4 SYSTEMPATH/CodeIgniter.php(933): App\Controllers\DynamicController->execute('CronJob', 'envia_avisos')
 5 SYSTEMPATH/CodeIgniter.php(509): CodeIgniter\CodeIgniter->runController(Object(App\Controllers\DynamicController))
 6 SYSTEMPATH/CodeIgniter.php(355): CodeIgniter\CodeIgniter->handleRequest(null, Object(Config\Cache), false)
 7 SYSTEMPATH/Boot.php(325): CodeIgniter\CodeIgniter->run()
 8 SYSTEMPATH/Boot.php(67): CodeIgniter\Boot::runCodeIgniter(Object(CodeIgniter\CodeIgniter))
 9 FCPATH/index.php(56): CodeIgniter\Boot::bootWeb(Object(Config\Paths))
CRITICAL - 2024-09-26 06:30:02 --> ErrorException: Constant LANG already defined
[Method: GET, Route: CronJob/envia_avisos]
in APPPATH/Controllers/CronJob.php on line 18.
 1 [internal function]: CodeIgniter\Debug\Exceptions->errorHandler(2, 'Constant LANG already defined', '/home/next0355/dev.next1crm.com.br/app/Controllers/CronJob.php', 18)
 2 APPPATH/Controllers/CronJob.php(18): define('LANG', 'portuguese_br')
 3 APPPATH/Controllers/DynamicController.php(41): App\Controllers\CronJob->__construct()
 4 SYSTEMPATH/CodeIgniter.php(933): App\Controllers\DynamicController->execute('CronJob', 'envia_avisos')
 5 SYSTEMPATH/CodeIgniter.php(509): CodeIgniter\CodeIgniter->runController(Object(App\Controllers\DynamicController))
 6 SYSTEMPATH/CodeIgniter.php(355): CodeIgniter\CodeIgniter->handleRequest(null, Object(Config\Cache), false)
 7 SYSTEMPATH/Boot.php(325): CodeIgniter\CodeIgniter->run()
 8 SYSTEMPATH/Boot.php(67): CodeIgniter\Boot::runCodeIgniter(Object(CodeIgniter\CodeIgniter))
 9 FCPATH/index.php(56): CodeIgniter\Boot::bootWeb(Object(Config\Paths))
CRITICAL - 2024-09-26 06:45:02 --> ErrorException: Constant LANG already defined
[Method: GET, Route: CronJob/envia_avisos]
in APPPATH/Controllers/CronJob.php on line 18.
 1 [internal function]: CodeIgniter\Debug\Exceptions->errorHandler(2, 'Constant LANG already defined', '/home/next0355/dev.next1crm.com.br/app/Controllers/CronJob.php', 18)
 2 APPPATH/Controllers/CronJob.php(18): define('LANG', 'portuguese_br')
 3 APPPATH/Controllers/DynamicController.php(41): App\Controllers\CronJob->__construct()
 4 SYSTEMPATH/CodeIgniter.php(933): App\Controllers\DynamicController->execute('CronJob', 'envia_avisos')
 5 SYSTEMPATH/CodeIgniter.php(509): CodeIgniter\CodeIgniter->runController(Object(App\Controllers\DynamicController))
 6 SYSTEMPATH/CodeIgniter.php(355): CodeIgniter\CodeIgniter->handleRequest(null, Object(Config\Cache), false)
 7 SYSTEMPATH/Boot.php(325): CodeIgniter\CodeIgniter->run()
 8 SYSTEMPATH/Boot.php(67): CodeIgniter\Boot::runCodeIgniter(Object(CodeIgniter\CodeIgniter))
 9 FCPATH/index.php(56): CodeIgniter\Boot::bootWeb(Object(Config\Paths))
CRITICAL - 2024-09-26 07:00:02 --> ErrorException: Constant LANG already defined
[Method: GET, Route: CronJob/envia_avisos]
in APPPATH/Controllers/CronJob.php on line 18.
 1 [internal function]: CodeIgniter\Debug\Exceptions->errorHandler(2, 'Constant LANG already defined', '/home/next0355/dev.next1crm.com.br/app/Controllers/CronJob.php', 18)
 2 APPPATH/Controllers/CronJob.php(18): define('LANG', 'portuguese_br')
 3 APPPATH/Controllers/DynamicController.php(41): App\Controllers\CronJob->__construct()
 4 SYSTEMPATH/CodeIgniter.php(933): App\Controllers\DynamicController->execute('CronJob', 'envia_avisos')
 5 SYSTEMPATH/CodeIgniter.php(509): CodeIgniter\CodeIgniter->runController(Object(App\Controllers\DynamicController))
 6 SYSTEMPATH/CodeIgniter.php(355): CodeIgniter\CodeIgniter->handleRequest(null, Object(Config\Cache), false)
 7 SYSTEMPATH/Boot.php(325): CodeIgniter\CodeIgniter->run()
 8 SYSTEMPATH/Boot.php(67): CodeIgniter\Boot::runCodeIgniter(Object(CodeIgniter\CodeIgniter))
 9 FCPATH/index.php(56): CodeIgniter\Boot::bootWeb(Object(Config\Paths))
CRITICAL - 2024-09-26 07:15:02 --> ErrorException: Constant LANG already defined
[Method: GET, Route: CronJob/envia_avisos]
in APPPATH/Controllers/CronJob.php on line 18.
 1 [internal function]: CodeIgniter\Debug\Exceptions->errorHandler(2, 'Constant LANG already defined', '/home/next0355/dev.next1crm.com.br/app/Controllers/CronJob.php', 18)
 2 APPPATH/Controllers/CronJob.php(18): define('LANG', 'portuguese_br')
 3 APPPATH/Controllers/DynamicController.php(41): App\Controllers\CronJob->__construct()
 4 SYSTEMPATH/CodeIgniter.php(933): App\Controllers\DynamicController->execute('CronJob', 'envia_avisos')
 5 SYSTEMPATH/CodeIgniter.php(509): CodeIgniter\CodeIgniter->runController(Object(App\Controllers\DynamicController))
 6 SYSTEMPATH/CodeIgniter.php(355): CodeIgniter\CodeIgniter->handleRequest(null, Object(Config\Cache), false)
 7 SYSTEMPATH/Boot.php(325): CodeIgniter\CodeIgniter->run()
 8 SYSTEMPATH/Boot.php(67): CodeIgniter\Boot::runCodeIgniter(Object(CodeIgniter\CodeIgniter))
 9 FCPATH/index.php(56): CodeIgniter\Boot::bootWeb(Object(Config\Paths))
CRITICAL - 2024-09-26 07:30:02 --> ErrorException: Constant LANG already defined
[Method: GET, Route: CronJob/envia_avisos]
in APPPATH/Controllers/CronJob.php on line 18.
 1 [internal function]: CodeIgniter\Debug\Exceptions->errorHandler(2, 'Constant LANG already defined', '/home/next0355/dev.next1crm.com.br/app/Controllers/CronJob.php', 18)
 2 APPPATH/Controllers/CronJob.php(18): define('LANG', 'portuguese_br')
 3 APPPATH/Controllers/DynamicController.php(41): App\Controllers\CronJob->__construct()
 4 SYSTEMPATH/CodeIgniter.php(933): App\Controllers\DynamicController->execute('CronJob', 'envia_avisos')
 5 SYSTEMPATH/CodeIgniter.php(509): CodeIgniter\CodeIgniter->runController(Object(App\Controllers\DynamicController))
 6 SYSTEMPATH/CodeIgniter.php(355): CodeIgniter\CodeIgniter->handleRequest(null, Object(Config\Cache), false)
 7 SYSTEMPATH/Boot.php(325): CodeIgniter\CodeIgniter->run()
 8 SYSTEMPATH/Boot.php(67): CodeIgniter\Boot::runCodeIgniter(Object(CodeIgniter\CodeIgniter))
 9 FCPATH/index.php(56): CodeIgniter\Boot::bootWeb(Object(Config\Paths))
CRITICAL - 2024-09-26 07:45:02 --> ErrorException: Constant LANG already defined
[Method: GET, Route: CronJob/envia_avisos]
in APPPATH/Controllers/CronJob.php on line 18.
 1 [internal function]: CodeIgniter\Debug\Exceptions->errorHandler(2, 'Constant LANG already defined', '/home/next0355/dev.next1crm.com.br/app/Controllers/CronJob.php', 18)
 2 APPPATH/Controllers/CronJob.php(18): define('LANG', 'portuguese_br')
 3 APPPATH/Controllers/DynamicController.php(41): App\Controllers\CronJob->__construct()
 4 SYSTEMPATH/CodeIgniter.php(933): App\Controllers\DynamicController->execute('CronJob', 'envia_avisos')
 5 SYSTEMPATH/CodeIgniter.php(509): CodeIgniter\CodeIgniter->runController(Object(App\Controllers\DynamicController))
 6 SYSTEMPATH/CodeIgniter.php(355): CodeIgniter\CodeIgniter->handleRequest(null, Object(Config\Cache), false)
 7 SYSTEMPATH/Boot.php(325): CodeIgniter\CodeIgniter->run()
 8 SYSTEMPATH/Boot.php(67): CodeIgniter\Boot::runCodeIgniter(Object(CodeIgniter\CodeIgniter))
 9 FCPATH/index.php(56): CodeIgniter\Boot::bootWeb(Object(Config\Paths))
CRITICAL - 2024-09-26 08:00:02 --> ErrorException: Constant LANG already defined
[Method: GET, Route: CronJob/envia_avisos]
in APPPATH/Controllers/CronJob.php on line 18.
 1 [internal function]: CodeIgniter\Debug\Exceptions->errorHandler(2, 'Constant LANG already defined', '/home/next0355/dev.next1crm.com.br/app/Controllers/CronJob.php', 18)
 2 APPPATH/Controllers/CronJob.php(18): define('LANG', 'portuguese_br')
 3 APPPATH/Controllers/DynamicController.php(41): App\Controllers\CronJob->__construct()
 4 SYSTEMPATH/CodeIgniter.php(933): App\Controllers\DynamicController->execute('CronJob', 'envia_avisos')
 5 SYSTEMPATH/CodeIgniter.php(509): CodeIgniter\CodeIgniter->runController(Object(App\Controllers\DynamicController))
 6 SYSTEMPATH/CodeIgniter.php(355): CodeIgniter\CodeIgniter->handleRequest(null, Object(Config\Cache), false)
 7 SYSTEMPATH/Boot.php(325): CodeIgniter\CodeIgniter->run()
 8 SYSTEMPATH/Boot.php(67): CodeIgniter\Boot::runCodeIgniter(Object(CodeIgniter\CodeIgniter))
 9 FCPATH/index.php(56): CodeIgniter\Boot::bootWeb(Object(Config\Paths))
CRITICAL - 2024-09-26 08:15:02 --> ErrorException: Constant LANG already defined
[Method: GET, Route: CronJob/envia_avisos]
in APPPATH/Controllers/CronJob.php on line 18.
 1 [internal function]: CodeIgniter\Debug\Exceptions->errorHandler(2, 'Constant LANG already defined', '/home/next0355/dev.next1crm.com.br/app/Controllers/CronJob.php', 18)
 2 APPPATH/Controllers/CronJob.php(18): define('LANG', 'portuguese_br')
 3 APPPATH/Controllers/DynamicController.php(41): App\Controllers\CronJob->__construct()
 4 SYSTEMPATH/CodeIgniter.php(933): App\Controllers\DynamicController->execute('CronJob', 'envia_avisos')
 5 SYSTEMPATH/CodeIgniter.php(509): CodeIgniter\CodeIgniter->runController(Object(App\Controllers\DynamicController))
 6 SYSTEMPATH/CodeIgniter.php(355): CodeIgniter\CodeIgniter->handleRequest(null, Object(Config\Cache), false)
 7 SYSTEMPATH/Boot.php(325): CodeIgniter\CodeIgniter->run()
 8 SYSTEMPATH/Boot.php(67): CodeIgniter\Boot::runCodeIgniter(Object(CodeIgniter\CodeIgniter))
 9 FCPATH/index.php(56): CodeIgniter\Boot::bootWeb(Object(Config\Paths))
CRITICAL - 2024-09-26 08:30:02 --> ErrorException: Constant LANG already defined
[Method: GET, Route: CronJob/envia_avisos]
in APPPATH/Controllers/CronJob.php on line 18.
 1 [internal function]: CodeIgniter\Debug\Exceptions->errorHandler(2, 'Constant LANG already defined', '/home/next0355/dev.next1crm.com.br/app/Controllers/CronJob.php', 18)
 2 APPPATH/Controllers/CronJob.php(18): define('LANG', 'portuguese_br')
 3 APPPATH/Controllers/DynamicController.php(41): App\Controllers\CronJob->__construct()
 4 SYSTEMPATH/CodeIgniter.php(933): App\Controllers\DynamicController->execute('CronJob', 'envia_avisos')
 5 SYSTEMPATH/CodeIgniter.php(509): CodeIgniter\CodeIgniter->runController(Object(App\Controllers\DynamicController))
 6 SYSTEMPATH/CodeIgniter.php(355): CodeIgniter\CodeIgniter->handleRequest(null, Object(Config\Cache), false)
 7 SYSTEMPATH/Boot.php(325): CodeIgniter\CodeIgniter->run()
 8 SYSTEMPATH/Boot.php(67): CodeIgniter\Boot::runCodeIgniter(Object(CodeIgniter\CodeIgniter))
 9 FCPATH/index.php(56): CodeIgniter\Boot::bootWeb(Object(Config\Paths))
CRITICAL - 2024-09-26 08:45:02 --> ErrorException: Constant LANG already defined
[Method: GET, Route: CronJob/envia_avisos]
in APPPATH/Controllers/CronJob.php on line 18.
 1 [internal function]: CodeIgniter\Debug\Exceptions->errorHandler(2, 'Constant LANG already defined', '/home/next0355/dev.next1crm.com.br/app/Controllers/CronJob.php', 18)
 2 APPPATH/Controllers/CronJob.php(18): define('LANG', 'portuguese_br')
 3 APPPATH/Controllers/DynamicController.php(41): App\Controllers\CronJob->__construct()
 4 SYSTEMPATH/CodeIgniter.php(933): App\Controllers\DynamicController->execute('CronJob', 'envia_avisos')
 5 SYSTEMPATH/CodeIgniter.php(509): CodeIgniter\CodeIgniter->runController(Object(App\Controllers\DynamicController))
 6 SYSTEMPATH/CodeIgniter.php(355): CodeIgniter\CodeIgniter->handleRequest(null, Object(Config\Cache), false)
 7 SYSTEMPATH/Boot.php(325): CodeIgniter\CodeIgniter->run()
 8 SYSTEMPATH/Boot.php(67): CodeIgniter\Boot::runCodeIgniter(Object(CodeIgniter\CodeIgniter))
 9 FCPATH/index.php(56): CodeIgniter\Boot::bootWeb(Object(Config\Paths))
CRITICAL - 2024-09-26 09:00:02 --> ErrorException: Constant LANG already defined
[Method: GET, Route: CronJob/envia_avisos]
in APPPATH/Controllers/CronJob.php on line 18.
 1 [internal function]: CodeIgniter\Debug\Exceptions->errorHandler(2, 'Constant LANG already defined', '/home/next0355/dev.next1crm.com.br/app/Controllers/CronJob.php', 18)
 2 APPPATH/Controllers/CronJob.php(18): define('LANG', 'portuguese_br')
 3 APPPATH/Controllers/DynamicController.php(41): App\Controllers\CronJob->__construct()
 4 SYSTEMPATH/CodeIgniter.php(933): App\Controllers\DynamicController->execute('CronJob', 'envia_avisos')
 5 SYSTEMPATH/CodeIgniter.php(509): CodeIgniter\CodeIgniter->runController(Object(App\Controllers\DynamicController))
 6 SYSTEMPATH/CodeIgniter.php(355): CodeIgniter\CodeIgniter->handleRequest(null, Object(Config\Cache), false)
 7 SYSTEMPATH/Boot.php(325): CodeIgniter\CodeIgniter->run()
 8 SYSTEMPATH/Boot.php(67): CodeIgniter\Boot::runCodeIgniter(Object(CodeIgniter\CodeIgniter))
 9 FCPATH/index.php(56): CodeIgniter\Boot::bootWeb(Object(Config\Paths))
CRITICAL - 2024-09-26 09:15:02 --> ErrorException: Constant LANG already defined
[Method: GET, Route: CronJob/envia_avisos]
in APPPATH/Controllers/CronJob.php on line 18.
 1 [internal function]: CodeIgniter\Debug\Exceptions->errorHandler(2, 'Constant LANG already defined', '/home/next0355/dev.next1crm.com.br/app/Controllers/CronJob.php', 18)
 2 APPPATH/Controllers/CronJob.php(18): define('LANG', 'portuguese_br')
 3 APPPATH/Controllers/DynamicController.php(41): App\Controllers\CronJob->__construct()
 4 SYSTEMPATH/CodeIgniter.php(933): App\Controllers\DynamicController->execute('CronJob', 'envia_avisos')
 5 SYSTEMPATH/CodeIgniter.php(509): CodeIgniter\CodeIgniter->runController(Object(App\Controllers\DynamicController))
 6 SYSTEMPATH/CodeIgniter.php(355): CodeIgniter\CodeIgniter->handleRequest(null, Object(Config\Cache), false)
 7 SYSTEMPATH/Boot.php(325): CodeIgniter\CodeIgniter->run()
 8 SYSTEMPATH/Boot.php(67): CodeIgniter\Boot::runCodeIgniter(Object(CodeIgniter\CodeIgniter))
 9 FCPATH/index.php(56): CodeIgniter\Boot::bootWeb(Object(Config\Paths))
CRITICAL - 2024-09-26 09:30:03 --> ErrorException: Constant LANG already defined
[Method: GET, Route: CronJob/envia_avisos]
in APPPATH/Controllers/CronJob.php on line 18.
 1 [internal function]: CodeIgniter\Debug\Exceptions->errorHandler(2, 'Constant LANG already defined', '/home/next0355/dev.next1crm.com.br/app/Controllers/CronJob.php', 18)
 2 APPPATH/Controllers/CronJob.php(18): define('LANG', 'portuguese_br')
 3 APPPATH/Controllers/DynamicController.php(41): App\Controllers\CronJob->__construct()
 4 SYSTEMPATH/CodeIgniter.php(933): App\Controllers\DynamicController->execute('CronJob', 'envia_avisos')
 5 SYSTEMPATH/CodeIgniter.php(509): CodeIgniter\CodeIgniter->runController(Object(App\Controllers\DynamicController))
 6 SYSTEMPATH/CodeIgniter.php(355): CodeIgniter\CodeIgniter->handleRequest(null, Object(Config\Cache), false)
 7 SYSTEMPATH/Boot.php(325): CodeIgniter\CodeIgniter->run()
 8 SYSTEMPATH/Boot.php(67): CodeIgniter\Boot::runCodeIgniter(Object(CodeIgniter\CodeIgniter))
 9 FCPATH/index.php(56): CodeIgniter\Boot::bootWeb(Object(Config\Paths))
CRITICAL - 2024-09-26 09:45:02 --> ErrorException: Constant LANG already defined
[Method: GET, Route: CronJob/envia_avisos]
in APPPATH/Controllers/CronJob.php on line 18.
 1 [internal function]: CodeIgniter\Debug\Exceptions->errorHandler(2, 'Constant LANG already defined', '/home/next0355/dev.next1crm.com.br/app/Controllers/CronJob.php', 18)
 2 APPPATH/Controllers/CronJob.php(18): define('LANG', 'portuguese_br')
 3 APPPATH/Controllers/DynamicController.php(41): App\Controllers\CronJob->__construct()
 4 SYSTEMPATH/CodeIgniter.php(933): App\Controllers\DynamicController->execute('CronJob', 'envia_avisos')
 5 SYSTEMPATH/CodeIgniter.php(509): CodeIgniter\CodeIgniter->runController(Object(App\Controllers\DynamicController))
 6 SYSTEMPATH/CodeIgniter.php(355): CodeIgniter\CodeIgniter->handleRequest(null, Object(Config\Cache), false)
 7 SYSTEMPATH/Boot.php(325): CodeIgniter\CodeIgniter->run()
 8 SYSTEMPATH/Boot.php(67): CodeIgniter\Boot::runCodeIgniter(Object(CodeIgniter\CodeIgniter))
 9 FCPATH/index.php(56): CodeIgniter\Boot::bootWeb(Object(Config\Paths))
CRITICAL - 2024-09-26 10:00:02 --> ErrorException: Constant LANG already defined
[Method: GET, Route: CronJob/envia_avisos]
in APPPATH/Controllers/CronJob.php on line 18.
 1 [internal function]: CodeIgniter\Debug\Exceptions->errorHandler(2, 'Constant LANG already defined', '/home/next0355/dev.next1crm.com.br/app/Controllers/CronJob.php', 18)
 2 APPPATH/Controllers/CronJob.php(18): define('LANG', 'portuguese_br')
 3 APPPATH/Controllers/DynamicController.php(41): App\Controllers\CronJob->__construct()
 4 SYSTEMPATH/CodeIgniter.php(933): App\Controllers\DynamicController->execute('CronJob', 'envia_avisos')
 5 SYSTEMPATH/CodeIgniter.php(509): CodeIgniter\CodeIgniter->runController(Object(App\Controllers\DynamicController))
 6 SYSTEMPATH/CodeIgniter.php(355): CodeIgniter\CodeIgniter->handleRequest(null, Object(Config\Cache), false)
 7 SYSTEMPATH/Boot.php(325): CodeIgniter\CodeIgniter->run()
 8 SYSTEMPATH/Boot.php(67): CodeIgniter\Boot::runCodeIgniter(Object(CodeIgniter\CodeIgniter))
 9 FCPATH/index.php(56): CodeIgniter\Boot::bootWeb(Object(Config\Paths))
CRITICAL - 2024-09-26 10:15:02 --> ErrorException: Constant LANG already defined
[Method: GET, Route: CronJob/envia_avisos]
in APPPATH/Controllers/CronJob.php on line 18.
 1 [internal function]: CodeIgniter\Debug\Exceptions->errorHandler(2, 'Constant LANG already defined', '/home/next0355/dev.next1crm.com.br/app/Controllers/CronJob.php', 18)
 2 APPPATH/Controllers/CronJob.php(18): define('LANG', 'portuguese_br')
 3 APPPATH/Controllers/DynamicController.php(41): App\Controllers\CronJob->__construct()
 4 SYSTEMPATH/CodeIgniter.php(933): App\Controllers\DynamicController->execute('CronJob', 'envia_avisos')
 5 SYSTEMPATH/CodeIgniter.php(509): CodeIgniter\CodeIgniter->runController(Object(App\Controllers\DynamicController))
 6 SYSTEMPATH/CodeIgniter.php(355): CodeIgniter\CodeIgniter->handleRequest(null, Object(Config\Cache), false)
 7 SYSTEMPATH/Boot.php(325): CodeIgniter\CodeIgniter->run()
 8 SYSTEMPATH/Boot.php(67): CodeIgniter\Boot::runCodeIgniter(Object(CodeIgniter\CodeIgniter))
 9 FCPATH/index.php(56): CodeIgniter\Boot::bootWeb(Object(Config\Paths))
CRITICAL - 2024-09-26 10:30:03 --> ErrorException: Constant LANG already defined
[Method: GET, Route: CronJob/envia_avisos]
in APPPATH/Controllers/CronJob.php on line 18.
 1 [internal function]: CodeIgniter\Debug\Exceptions->errorHandler(2, 'Constant LANG already defined', '/home/next0355/dev.next1crm.com.br/app/Controllers/CronJob.php', 18)
 2 APPPATH/Controllers/CronJob.php(18): define('LANG', 'portuguese_br')
 3 APPPATH/Controllers/DynamicController.php(41): App\Controllers\CronJob->__construct()
 4 SYSTEMPATH/CodeIgniter.php(933): App\Controllers\DynamicController->execute('CronJob', 'envia_avisos')
 5 SYSTEMPATH/CodeIgniter.php(509): CodeIgniter\CodeIgniter->runController(Object(App\Controllers\DynamicController))
 6 SYSTEMPATH/CodeIgniter.php(355): CodeIgniter\CodeIgniter->handleRequest(null, Object(Config\Cache), false)
 7 SYSTEMPATH/Boot.php(325): CodeIgniter\CodeIgniter->run()
 8 SYSTEMPATH/Boot.php(67): CodeIgniter\Boot::runCodeIgniter(Object(CodeIgniter\CodeIgniter))
 9 FCPATH/index.php(56): CodeIgniter\Boot::bootWeb(Object(Config\Paths))
CRITICAL - 2024-09-26 10:45:03 --> ErrorException: Constant LANG already defined
[Method: GET, Route: CronJob/envia_avisos]
in APPPATH/Controllers/CronJob.php on line 18.
 1 [internal function]: CodeIgniter\Debug\Exceptions->errorHandler(2, 'Constant LANG already defined', '/home/next0355/dev.next1crm.com.br/app/Controllers/CronJob.php', 18)
 2 APPPATH/Controllers/CronJob.php(18): define('LANG', 'portuguese_br')
 3 APPPATH/Controllers/DynamicController.php(41): App\Controllers\CronJob->__construct()
 4 SYSTEMPATH/CodeIgniter.php(933): App\Controllers\DynamicController->execute('CronJob', 'envia_avisos')
 5 SYSTEMPATH/CodeIgniter.php(509): CodeIgniter\CodeIgniter->runController(Object(App\Controllers\DynamicController))
 6 SYSTEMPATH/CodeIgniter.php(355): CodeIgniter\CodeIgniter->handleRequest(null, Object(Config\Cache), false)
 7 SYSTEMPATH/Boot.php(325): CodeIgniter\CodeIgniter->run()
 8 SYSTEMPATH/Boot.php(67): CodeIgniter\Boot::runCodeIgniter(Object(CodeIgniter\CodeIgniter))
 9 FCPATH/index.php(56): CodeIgniter\Boot::bootWeb(Object(Config\Paths))
CRITICAL - 2024-09-26 11:00:02 --> ErrorException: Constant LANG already defined
[Method: GET, Route: CronJob/envia_avisos]
in APPPATH/Controllers/CronJob.php on line 18.
 1 [internal function]: CodeIgniter\Debug\Exceptions->errorHandler(2, 'Constant LANG already defined', '/home/next0355/dev.next1crm.com.br/app/Controllers/CronJob.php', 18)
 2 APPPATH/Controllers/CronJob.php(18): define('LANG', 'portuguese_br')
 3 APPPATH/Controllers/DynamicController.php(41): App\Controllers\CronJob->__construct()
 4 SYSTEMPATH/CodeIgniter.php(933): App\Controllers\DynamicController->execute('CronJob', 'envia_avisos')
 5 SYSTEMPATH/CodeIgniter.php(509): CodeIgniter\CodeIgniter->runController(Object(App\Controllers\DynamicController))
 6 SYSTEMPATH/CodeIgniter.php(355): CodeIgniter\CodeIgniter->handleRequest(null, Object(Config\Cache), false)
 7 SYSTEMPATH/Boot.php(325): CodeIgniter\CodeIgniter->run()
 8 SYSTEMPATH/Boot.php(67): CodeIgniter\Boot::runCodeIgniter(Object(CodeIgniter\CodeIgniter))
 9 FCPATH/index.php(56): CodeIgniter\Boot::bootWeb(Object(Config\Paths))
CRITICAL - 2024-09-26 11:15:02 --> ErrorException: Constant LANG already defined
[Method: GET, Route: CronJob/envia_avisos]
in APPPATH/Controllers/CronJob.php on line 18.
 1 [internal function]: CodeIgniter\Debug\Exceptions->errorHandler(2, 'Constant LANG already defined', '/home/next0355/dev.next1crm.com.br/app/Controllers/CronJob.php', 18)
 2 APPPATH/Controllers/CronJob.php(18): define('LANG', 'portuguese_br')
 3 APPPATH/Controllers/DynamicController.php(41): App\Controllers\CronJob->__construct()
 4 SYSTEMPATH/CodeIgniter.php(933): App\Controllers\DynamicController->execute('CronJob', 'envia_avisos')
 5 SYSTEMPATH/CodeIgniter.php(509): CodeIgniter\CodeIgniter->runController(Object(App\Controllers\DynamicController))
 6 SYSTEMPATH/CodeIgniter.php(355): CodeIgniter\CodeIgniter->handleRequest(null, Object(Config\Cache), false)
 7 SYSTEMPATH/Boot.php(325): CodeIgniter\CodeIgniter->run()
 8 SYSTEMPATH/Boot.php(67): CodeIgniter\Boot::runCodeIgniter(Object(CodeIgniter\CodeIgniter))
 9 FCPATH/index.php(56): CodeIgniter\Boot::bootWeb(Object(Config\Paths))
CRITICAL - 2024-09-26 11:30:03 --> ErrorException: Constant LANG already defined
[Method: GET, Route: CronJob/envia_avisos]
in APPPATH/Controllers/CronJob.php on line 18.
 1 [internal function]: CodeIgniter\Debug\Exceptions->errorHandler(2, 'Constant LANG already defined', '/home/next0355/dev.next1crm.com.br/app/Controllers/CronJob.php', 18)
 2 APPPATH/Controllers/CronJob.php(18): define('LANG', 'portuguese_br')
 3 APPPATH/Controllers/DynamicController.php(41): App\Controllers\CronJob->__construct()
 4 SYSTEMPATH/CodeIgniter.php(933): App\Controllers\DynamicController->execute('CronJob', 'envia_avisos')
 5 SYSTEMPATH/CodeIgniter.php(509): CodeIgniter\CodeIgniter->runController(Object(App\Controllers\DynamicController))
 6 SYSTEMPATH/CodeIgniter.php(355): CodeIgniter\CodeIgniter->handleRequest(null, Object(Config\Cache), false)
 7 SYSTEMPATH/Boot.php(325): CodeIgniter\CodeIgniter->run()
 8 SYSTEMPATH/Boot.php(67): CodeIgniter\Boot::runCodeIgniter(Object(CodeIgniter\CodeIgniter))
 9 FCPATH/index.php(56): CodeIgniter\Boot::bootWeb(Object(Config\Paths))
CRITICAL - 2024-09-26 11:45:02 --> ErrorException: Constant LANG already defined
[Method: GET, Route: CronJob/envia_avisos]
in APPPATH/Controllers/CronJob.php on line 18.
 1 [internal function]: CodeIgniter\Debug\Exceptions->errorHandler(2, 'Constant LANG already defined', '/home/next0355/dev.next1crm.com.br/app/Controllers/CronJob.php', 18)
 2 APPPATH/Controllers/CronJob.php(18): define('LANG', 'portuguese_br')
 3 APPPATH/Controllers/DynamicController.php(41): App\Controllers\CronJob->__construct()
 4 SYSTEMPATH/CodeIgniter.php(933): App\Controllers\DynamicController->execute('CronJob', 'envia_avisos')
 5 SYSTEMPATH/CodeIgniter.php(509): CodeIgniter\CodeIgniter->runController(Object(App\Controllers\DynamicController))
 6 SYSTEMPATH/CodeIgniter.php(355): CodeIgniter\CodeIgniter->handleRequest(null, Object(Config\Cache), false)
 7 SYSTEMPATH/Boot.php(325): CodeIgniter\CodeIgniter->run()
 8 SYSTEMPATH/Boot.php(67): CodeIgniter\Boot::runCodeIgniter(Object(CodeIgniter\CodeIgniter))
 9 FCPATH/index.php(56): CodeIgniter\Boot::bootWeb(Object(Config\Paths))
CRITICAL - 2024-09-26 12:00:03 --> ErrorException: Constant LANG already defined
[Method: GET, Route: CronJob/envia_avisos]
in APPPATH/Controllers/CronJob.php on line 18.
 1 [internal function]: CodeIgniter\Debug\Exceptions->errorHandler(2, 'Constant LANG already defined', '/home/next0355/dev.next1crm.com.br/app/Controllers/CronJob.php', 18)
 2 APPPATH/Controllers/CronJob.php(18): define('LANG', 'portuguese_br')
 3 APPPATH/Controllers/DynamicController.php(41): App\Controllers\CronJob->__construct()
 4 SYSTEMPATH/CodeIgniter.php(933): App\Controllers\DynamicController->execute('CronJob', 'envia_avisos')
 5 SYSTEMPATH/CodeIgniter.php(509): CodeIgniter\CodeIgniter->runController(Object(App\Controllers\DynamicController))
 6 SYSTEMPATH/CodeIgniter.php(355): CodeIgniter\CodeIgniter->handleRequest(null, Object(Config\Cache), false)
 7 SYSTEMPATH/Boot.php(325): CodeIgniter\CodeIgniter->run()
 8 SYSTEMPATH/Boot.php(67): CodeIgniter\Boot::runCodeIgniter(Object(CodeIgniter\CodeIgniter))
 9 FCPATH/index.php(56): CodeIgniter\Boot::bootWeb(Object(Config\Paths))
CRITICAL - 2024-09-26 12:15:03 --> ErrorException: Constant LANG already defined
[Method: GET, Route: CronJob/envia_avisos]
in APPPATH/Controllers/CronJob.php on line 18.
 1 [internal function]: CodeIgniter\Debug\Exceptions->errorHandler(2, 'Constant LANG already defined', '/home/next0355/dev.next1crm.com.br/app/Controllers/CronJob.php', 18)
 2 APPPATH/Controllers/CronJob.php(18): define('LANG', 'portuguese_br')
 3 APPPATH/Controllers/DynamicController.php(41): App\Controllers\CronJob->__construct()
 4 SYSTEMPATH/CodeIgniter.php(933): App\Controllers\DynamicController->execute('CronJob', 'envia_avisos')
 5 SYSTEMPATH/CodeIgniter.php(509): CodeIgniter\CodeIgniter->runController(Object(App\Controllers\DynamicController))
 6 SYSTEMPATH/CodeIgniter.php(355): CodeIgniter\CodeIgniter->handleRequest(null, Object(Config\Cache), false)
 7 SYSTEMPATH/Boot.php(325): CodeIgniter\CodeIgniter->run()
 8 SYSTEMPATH/Boot.php(67): CodeIgniter\Boot::runCodeIgniter(Object(CodeIgniter\CodeIgniter))
 9 FCPATH/index.php(56): CodeIgniter\Boot::bootWeb(Object(Config\Paths))
CRITICAL - 2024-09-26 12:30:02 --> ErrorException: Constant LANG already defined
[Method: GET, Route: CronJob/envia_avisos]
in APPPATH/Controllers/CronJob.php on line 18.
 1 [internal function]: CodeIgniter\Debug\Exceptions->errorHandler(2, 'Constant LANG already defined', '/home/next0355/dev.next1crm.com.br/app/Controllers/CronJob.php', 18)
 2 APPPATH/Controllers/CronJob.php(18): define('LANG', 'portuguese_br')
 3 APPPATH/Controllers/DynamicController.php(41): App\Controllers\CronJob->__construct()
 4 SYSTEMPATH/CodeIgniter.php(933): App\Controllers\DynamicController->execute('CronJob', 'envia_avisos')
 5 SYSTEMPATH/CodeIgniter.php(509): CodeIgniter\CodeIgniter->runController(Object(App\Controllers\DynamicController))
 6 SYSTEMPATH/CodeIgniter.php(355): CodeIgniter\CodeIgniter->handleRequest(null, Object(Config\Cache), false)
 7 SYSTEMPATH/Boot.php(325): CodeIgniter\CodeIgniter->run()
 8 SYSTEMPATH/Boot.php(67): CodeIgniter\Boot::runCodeIgniter(Object(CodeIgniter\CodeIgniter))
 9 FCPATH/index.php(56): CodeIgniter\Boot::bootWeb(Object(Config\Paths))
CRITICAL - 2024-09-26 12:32:45 --> CodeIgniter\HTTP\Exceptions\BadRequestException: The URI you submitted has disallowed characters: "{{appurl   'uploads"
[Method: GET, Route: %7B%7Bappurl%20%20%20%27uploads/images/%27%20%20%20chat.details.staffavatar%7D%7D]
in SYSTEMPATH/Router/Router.php on line 737.
 1 SYSTEMPATH/Router/Router.php(204): CodeIgniter\Router\Router->checkDisallowedChars('{{appurl   \'uploads/images/\'   chat.details.staffavatar}}')
 2 SYSTEMPATH/CodeIgniter.php(834): CodeIgniter\Router\Router->handle('{{appurl   \'uploads/images/\'   chat.details.staffavatar}}')
 3 SYSTEMPATH/CodeIgniter.php(457): CodeIgniter\CodeIgniter->tryToRouteIt(Object(CodeIgniter\Router\RouteCollection))
 4 SYSTEMPATH/CodeIgniter.php(355): CodeIgniter\CodeIgniter->handleRequest(null, Object(Config\Cache), false)
 5 SYSTEMPATH/Boot.php(325): CodeIgniter\CodeIgniter->run()
 6 SYSTEMPATH/Boot.php(67): CodeIgniter\Boot::runCodeIgniter(Object(CodeIgniter\CodeIgniter))
 7 FCPATH/index.php(56): CodeIgniter\Boot::bootWeb(Object(Config\Paths))
CRITICAL - 2024-09-26 12:32:45 --> CodeIgniter\HTTP\Exceptions\BadRequestException: The URI you submitted has disallowed characters: "{{appurl   'assets"
[Method: GET, Route: %7B%7Bappurl%20%20%20%27assets/img/menu/Dashboard%20Leads.svg%27%7D%7D]
in SYSTEMPATH/Router/Router.php on line 737.
 1 SYSTEMPATH/Router/Router.php(204): CodeIgniter\Router\Router->checkDisallowedChars('{{appurl   \'assets/img/menu/Dashboard Leads.svg\'}}')
 2 SYSTEMPATH/CodeIgniter.php(834): CodeIgniter\Router\Router->handle('{{appurl   \'assets/img/menu/Dashboard Leads.svg\'}}')
 3 SYSTEMPATH/CodeIgniter.php(457): CodeIgniter\CodeIgniter->tryToRouteIt(Object(CodeIgniter\Router\RouteCollection))
 4 SYSTEMPATH/CodeIgniter.php(355): CodeIgniter\CodeIgniter->handleRequest(null, Object(Config\Cache), false)
 5 SYSTEMPATH/Boot.php(325): CodeIgniter\CodeIgniter->run()
 6 SYSTEMPATH/Boot.php(67): CodeIgniter\Boot::runCodeIgniter(Object(CodeIgniter\CodeIgniter))
 7 FCPATH/index.php(56): CodeIgniter\Boot::bootWeb(Object(Config\Paths))
CRITICAL - 2024-09-26 12:32:45 --> CodeIgniter\HTTP\Exceptions\BadRequestException: The URI you submitted has disallowed characters: "{{appurl   'uploads"
[Method: GET, Route: %7B%7Bappurl%20%20%20%27uploads/images/%27%20%20%20chatAtual.details.staffavatar%7D%7D]
in SYSTEMPATH/Router/Router.php on line 737.
 1 SYSTEMPATH/Router/Router.php(204): CodeIgniter\Router\Router->checkDisallowedChars('{{appurl   \'uploads/images/\'   chatAtual.details.staffavatar}}')
 2 SYSTEMPATH/CodeIgniter.php(834): CodeIgniter\Router\Router->handle('{{appurl   \'uploads/images/\'   chatAtual.details.staffavatar}}')
 3 SYSTEMPATH/CodeIgniter.php(457): CodeIgniter\CodeIgniter->tryToRouteIt(Object(CodeIgniter\Router\RouteCollection))
 4 SYSTEMPATH/CodeIgniter.php(355): CodeIgniter\CodeIgniter->handleRequest(null, Object(Config\Cache), false)
 5 SYSTEMPATH/Boot.php(325): CodeIgniter\CodeIgniter->run()
 6 SYSTEMPATH/Boot.php(67): CodeIgniter\Boot::runCodeIgniter(Object(CodeIgniter\CodeIgniter))
 7 FCPATH/index.php(56): CodeIgniter\Boot::bootWeb(Object(Config\Paths))
CRITICAL - 2024-09-26 12:32:46 --> CodeIgniter\HTTP\Exceptions\BadRequestException: The URI you submitted has disallowed characters: "{{appurl   'uploads"
[Method: GET, Route: %7B%7Bappurl%20%20%20%27uploads/images/%27%20%20%20chat.details.staffavatar%20%7D%7D]
in SYSTEMPATH/Router/Router.php on line 737.
 1 SYSTEMPATH/Router/Router.php(204): CodeIgniter\Router\Router->checkDisallowedChars('{{appurl   \'uploads/images/\'   chat.details.staffavatar }}')
 2 SYSTEMPATH/CodeIgniter.php(834): CodeIgniter\Router\Router->handle('{{appurl   \'uploads/images/\'   chat.details.staffavatar }}')
 3 SYSTEMPATH/CodeIgniter.php(457): CodeIgniter\CodeIgniter->tryToRouteIt(Object(CodeIgniter\Router\RouteCollection))
 4 SYSTEMPATH/CodeIgniter.php(355): CodeIgniter\CodeIgniter->handleRequest(null, Object(Config\Cache), false)
 5 SYSTEMPATH/Boot.php(325): CodeIgniter\CodeIgniter->run()
 6 SYSTEMPATH/Boot.php(67): CodeIgniter\Boot::runCodeIgniter(Object(CodeIgniter\CodeIgniter))
 7 FCPATH/index.php(56): CodeIgniter\Boot::bootWeb(Object(Config\Paths))
CRITICAL - 2024-09-26 12:45:02 --> ErrorException: Constant LANG already defined
[Method: GET, Route: CronJob/envia_avisos]
in APPPATH/Controllers/CronJob.php on line 18.
 1 [internal function]: CodeIgniter\Debug\Exceptions->errorHandler(2, 'Constant LANG already defined', '/home/next0355/dev.next1crm.com.br/app/Controllers/CronJob.php', 18)
 2 APPPATH/Controllers/CronJob.php(18): define('LANG', 'portuguese_br')
 3 APPPATH/Controllers/DynamicController.php(41): App\Controllers\CronJob->__construct()
 4 SYSTEMPATH/CodeIgniter.php(933): App\Controllers\DynamicController->execute('CronJob', 'envia_avisos')
 5 SYSTEMPATH/CodeIgniter.php(509): CodeIgniter\CodeIgniter->runController(Object(App\Controllers\DynamicController))
 6 SYSTEMPATH/CodeIgniter.php(355): CodeIgniter\CodeIgniter->handleRequest(null, Object(Config\Cache), false)
 7 SYSTEMPATH/Boot.php(325): CodeIgniter\CodeIgniter->run()
 8 SYSTEMPATH/Boot.php(67): CodeIgniter\Boot::runCodeIgniter(Object(CodeIgniter\CodeIgniter))
 9 FCPATH/index.php(56): CodeIgniter\Boot::bootWeb(Object(Config\Paths))
CRITICAL - 2024-09-26 13:00:02 --> ErrorException: Constant LANG already defined
[Method: GET, Route: CronJob/envia_avisos]
in APPPATH/Controllers/CronJob.php on line 18.
 1 [internal function]: CodeIgniter\Debug\Exceptions->errorHandler(2, 'Constant LANG already defined', '/home/next0355/dev.next1crm.com.br/app/Controllers/CronJob.php', 18)
 2 APPPATH/Controllers/CronJob.php(18): define('LANG', 'portuguese_br')
 3 APPPATH/Controllers/DynamicController.php(41): App\Controllers\CronJob->__construct()
 4 SYSTEMPATH/CodeIgniter.php(933): App\Controllers\DynamicController->execute('CronJob', 'envia_avisos')
 5 SYSTEMPATH/CodeIgniter.php(509): CodeIgniter\CodeIgniter->runController(Object(App\Controllers\DynamicController))
 6 SYSTEMPATH/CodeIgniter.php(355): CodeIgniter\CodeIgniter->handleRequest(null, Object(Config\Cache), false)
 7 SYSTEMPATH/Boot.php(325): CodeIgniter\CodeIgniter->run()
 8 SYSTEMPATH/Boot.php(67): CodeIgniter\Boot::runCodeIgniter(Object(CodeIgniter\CodeIgniter))
 9 FCPATH/index.php(56): CodeIgniter\Boot::bootWeb(Object(Config\Paths))
CRITICAL - 2024-09-26 13:15:02 --> ErrorException: Constant LANG already defined
[Method: GET, Route: CronJob/envia_avisos]
in APPPATH/Controllers/CronJob.php on line 18.
 1 [internal function]: CodeIgniter\Debug\Exceptions->errorHandler(2, 'Constant LANG already defined', '/home/next0355/dev.next1crm.com.br/app/Controllers/CronJob.php', 18)
 2 APPPATH/Controllers/CronJob.php(18): define('LANG', 'portuguese_br')
 3 APPPATH/Controllers/DynamicController.php(41): App\Controllers\CronJob->__construct()
 4 SYSTEMPATH/CodeIgniter.php(933): App\Controllers\DynamicController->execute('CronJob', 'envia_avisos')
 5 SYSTEMPATH/CodeIgniter.php(509): CodeIgniter\CodeIgniter->runController(Object(App\Controllers\DynamicController))
 6 SYSTEMPATH/CodeIgniter.php(355): CodeIgniter\CodeIgniter->handleRequest(null, Object(Config\Cache), false)
 7 SYSTEMPATH/Boot.php(325): CodeIgniter\CodeIgniter->run()
 8 SYSTEMPATH/Boot.php(67): CodeIgniter\Boot::runCodeIgniter(Object(CodeIgniter\CodeIgniter))
 9 FCPATH/index.php(56): CodeIgniter\Boot::bootWeb(Object(Config\Paths))
CRITICAL - 2024-09-26 13:30:02 --> ErrorException: Constant LANG already defined
[Method: GET, Route: CronJob/envia_avisos]
in APPPATH/Controllers/CronJob.php on line 18.
 1 [internal function]: CodeIgniter\Debug\Exceptions->errorHandler(2, 'Constant LANG already defined', '/home/next0355/dev.next1crm.com.br/app/Controllers/CronJob.php', 18)
 2 APPPATH/Controllers/CronJob.php(18): define('LANG', 'portuguese_br')
 3 APPPATH/Controllers/DynamicController.php(41): App\Controllers\CronJob->__construct()
 4 SYSTEMPATH/CodeIgniter.php(933): App\Controllers\DynamicController->execute('CronJob', 'envia_avisos')
 5 SYSTEMPATH/CodeIgniter.php(509): CodeIgniter\CodeIgniter->runController(Object(App\Controllers\DynamicController))
 6 SYSTEMPATH/CodeIgniter.php(355): CodeIgniter\CodeIgniter->handleRequest(null, Object(Config\Cache), false)
 7 SYSTEMPATH/Boot.php(325): CodeIgniter\CodeIgniter->run()
 8 SYSTEMPATH/Boot.php(67): CodeIgniter\Boot::runCodeIgniter(Object(CodeIgniter\CodeIgniter))
 9 FCPATH/index.php(56): CodeIgniter\Boot::bootWeb(Object(Config\Paths))
CRITICAL - 2024-09-26 13:45:02 --> ErrorException: Constant LANG already defined
[Method: GET, Route: CronJob/envia_avisos]
in APPPATH/Controllers/CronJob.php on line 18.
 1 [internal function]: CodeIgniter\Debug\Exceptions->errorHandler(2, 'Constant LANG already defined', '/home/next0355/dev.next1crm.com.br/app/Controllers/CronJob.php', 18)
 2 APPPATH/Controllers/CronJob.php(18): define('LANG', 'portuguese_br')
 3 APPPATH/Controllers/DynamicController.php(41): App\Controllers\CronJob->__construct()
 4 SYSTEMPATH/CodeIgniter.php(933): App\Controllers\DynamicController->execute('CronJob', 'envia_avisos')
 5 SYSTEMPATH/CodeIgniter.php(509): CodeIgniter\CodeIgniter->runController(Object(App\Controllers\DynamicController))
 6 SYSTEMPATH/CodeIgniter.php(355): CodeIgniter\CodeIgniter->handleRequest(null, Object(Config\Cache), false)
 7 SYSTEMPATH/Boot.php(325): CodeIgniter\CodeIgniter->run()
 8 SYSTEMPATH/Boot.php(67): CodeIgniter\Boot::runCodeIgniter(Object(CodeIgniter\CodeIgniter))
 9 FCPATH/index.php(56): CodeIgniter\Boot::bootWeb(Object(Config\Paths))
CRITICAL - 2024-09-26 14:00:02 --> ErrorException: Constant LANG already defined
[Method: GET, Route: CronJob/envia_avisos]
in APPPATH/Controllers/CronJob.php on line 18.
 1 [internal function]: CodeIgniter\Debug\Exceptions->errorHandler(2, 'Constant LANG already defined', '/home/next0355/dev.next1crm.com.br/app/Controllers/CronJob.php', 18)
 2 APPPATH/Controllers/CronJob.php(18): define('LANG', 'portuguese_br')
 3 APPPATH/Controllers/DynamicController.php(41): App\Controllers\CronJob->__construct()
 4 SYSTEMPATH/CodeIgniter.php(933): App\Controllers\DynamicController->execute('CronJob', 'envia_avisos')
 5 SYSTEMPATH/CodeIgniter.php(509): CodeIgniter\CodeIgniter->runController(Object(App\Controllers\DynamicController))
 6 SYSTEMPATH/CodeIgniter.php(355): CodeIgniter\CodeIgniter->handleRequest(null, Object(Config\Cache), false)
 7 SYSTEMPATH/Boot.php(325): CodeIgniter\CodeIgniter->run()
 8 SYSTEMPATH/Boot.php(67): CodeIgniter\Boot::runCodeIgniter(Object(CodeIgniter\CodeIgniter))
 9 FCPATH/index.php(56): CodeIgniter\Boot::bootWeb(Object(Config\Paths))
CRITICAL - 2024-09-26 14:15:02 --> ErrorException: Constant LANG already defined
[Method: GET, Route: CronJob/envia_avisos]
in APPPATH/Controllers/CronJob.php on line 18.
 1 [internal function]: CodeIgniter\Debug\Exceptions->errorHandler(2, 'Constant LANG already defined', '/home/next0355/dev.next1crm.com.br/app/Controllers/CronJob.php', 18)
 2 APPPATH/Controllers/CronJob.php(18): define('LANG', 'portuguese_br')
 3 APPPATH/Controllers/DynamicController.php(41): App\Controllers\CronJob->__construct()
 4 SYSTEMPATH/CodeIgniter.php(933): App\Controllers\DynamicController->execute('CronJob', 'envia_avisos')
 5 SYSTEMPATH/CodeIgniter.php(509): CodeIgniter\CodeIgniter->runController(Object(App\Controllers\DynamicController))
 6 SYSTEMPATH/CodeIgniter.php(355): CodeIgniter\CodeIgniter->handleRequest(null, Object(Config\Cache), false)
 7 SYSTEMPATH/Boot.php(325): CodeIgniter\CodeIgniter->run()
 8 SYSTEMPATH/Boot.php(67): CodeIgniter\Boot::runCodeIgniter(Object(CodeIgniter\CodeIgniter))
 9 FCPATH/index.php(56): CodeIgniter\Boot::bootWeb(Object(Config\Paths))
CRITICAL - 2024-09-26 14:30:02 --> ErrorException: Constant LANG already defined
[Method: GET, Route: CronJob/envia_avisos]
in APPPATH/Controllers/CronJob.php on line 18.
 1 [internal function]: CodeIgniter\Debug\Exceptions->errorHandler(2, 'Constant LANG already defined', '/home/next0355/dev.next1crm.com.br/app/Controllers/CronJob.php', 18)
 2 APPPATH/Controllers/CronJob.php(18): define('LANG', 'portuguese_br')
 3 APPPATH/Controllers/DynamicController.php(41): App\Controllers\CronJob->__construct()
 4 SYSTEMPATH/CodeIgniter.php(933): App\Controllers\DynamicController->execute('CronJob', 'envia_avisos')
 5 SYSTEMPATH/CodeIgniter.php(509): CodeIgniter\CodeIgniter->runController(Object(App\Controllers\DynamicController))
 6 SYSTEMPATH/CodeIgniter.php(355): CodeIgniter\CodeIgniter->handleRequest(null, Object(Config\Cache), false)
 7 SYSTEMPATH/Boot.php(325): CodeIgniter\CodeIgniter->run()
 8 SYSTEMPATH/Boot.php(67): CodeIgniter\Boot::runCodeIgniter(Object(CodeIgniter\CodeIgniter))
 9 FCPATH/index.php(56): CodeIgniter\Boot::bootWeb(Object(Config\Paths))
CRITICAL - 2024-09-26 14:45:03 --> ErrorException: Constant LANG already defined
[Method: GET, Route: CronJob/envia_avisos]
in APPPATH/Controllers/CronJob.php on line 18.
 1 [internal function]: CodeIgniter\Debug\Exceptions->errorHandler(2, 'Constant LANG already defined', '/home/next0355/dev.next1crm.com.br/app/Controllers/CronJob.php', 18)
 2 APPPATH/Controllers/CronJob.php(18): define('LANG', 'portuguese_br')
 3 APPPATH/Controllers/DynamicController.php(41): App\Controllers\CronJob->__construct()
 4 SYSTEMPATH/CodeIgniter.php(933): App\Controllers\DynamicController->execute('CronJob', 'envia_avisos')
 5 SYSTEMPATH/CodeIgniter.php(509): CodeIgniter\CodeIgniter->runController(Object(App\Controllers\DynamicController))
 6 SYSTEMPATH/CodeIgniter.php(355): CodeIgniter\CodeIgniter->handleRequest(null, Object(Config\Cache), false)
 7 SYSTEMPATH/Boot.php(325): CodeIgniter\CodeIgniter->run()
 8 SYSTEMPATH/Boot.php(67): CodeIgniter\Boot::runCodeIgniter(Object(CodeIgniter\CodeIgniter))
 9 FCPATH/index.php(56): CodeIgniter\Boot::bootWeb(Object(Config\Paths))
CRITICAL - 2024-09-26 15:00:03 --> ErrorException: Constant LANG already defined
[Method: GET, Route: CronJob/envia_avisos]
in APPPATH/Controllers/CronJob.php on line 18.
 1 [internal function]: CodeIgniter\Debug\Exceptions->errorHandler(2, 'Constant LANG already defined', '/home/next0355/dev.next1crm.com.br/app/Controllers/CronJob.php', 18)
 2 APPPATH/Controllers/CronJob.php(18): define('LANG', 'portuguese_br')
 3 APPPATH/Controllers/DynamicController.php(41): App\Controllers\CronJob->__construct()
 4 SYSTEMPATH/CodeIgniter.php(933): App\Controllers\DynamicController->execute('CronJob', 'envia_avisos')
 5 SYSTEMPATH/CodeIgniter.php(509): CodeIgniter\CodeIgniter->runController(Object(App\Controllers\DynamicController))
 6 SYSTEMPATH/CodeIgniter.php(355): CodeIgniter\CodeIgniter->handleRequest(null, Object(Config\Cache), false)
 7 SYSTEMPATH/Boot.php(325): CodeIgniter\CodeIgniter->run()
 8 SYSTEMPATH/Boot.php(67): CodeIgniter\Boot::runCodeIgniter(Object(CodeIgniter\CodeIgniter))
 9 FCPATH/index.php(56): CodeIgniter\Boot::bootWeb(Object(Config\Paths))
CRITICAL - 2024-09-26 15:15:02 --> ErrorException: Constant LANG already defined
[Method: GET, Route: CronJob/envia_avisos]
in APPPATH/Controllers/CronJob.php on line 18.
 1 [internal function]: CodeIgniter\Debug\Exceptions->errorHandler(2, 'Constant LANG already defined', '/home/next0355/dev.next1crm.com.br/app/Controllers/CronJob.php', 18)
 2 APPPATH/Controllers/CronJob.php(18): define('LANG', 'portuguese_br')
 3 APPPATH/Controllers/DynamicController.php(41): App\Controllers\CronJob->__construct()
 4 SYSTEMPATH/CodeIgniter.php(933): App\Controllers\DynamicController->execute('CronJob', 'envia_avisos')
 5 SYSTEMPATH/CodeIgniter.php(509): CodeIgniter\CodeIgniter->runController(Object(App\Controllers\DynamicController))
 6 SYSTEMPATH/CodeIgniter.php(355): CodeIgniter\CodeIgniter->handleRequest(null, Object(Config\Cache), false)
 7 SYSTEMPATH/Boot.php(325): CodeIgniter\CodeIgniter->run()
 8 SYSTEMPATH/Boot.php(67): CodeIgniter\Boot::runCodeIgniter(Object(CodeIgniter\CodeIgniter))
 9 FCPATH/index.php(56): CodeIgniter\Boot::bootWeb(Object(Config\Paths))
CRITICAL - 2024-09-26 15:30:02 --> ErrorException: Constant LANG already defined
[Method: GET, Route: CronJob/envia_avisos]
in APPPATH/Controllers/CronJob.php on line 18.
 1 [internal function]: CodeIgniter\Debug\Exceptions->errorHandler(2, 'Constant LANG already defined', '/home/next0355/dev.next1crm.com.br/app/Controllers/CronJob.php', 18)
 2 APPPATH/Controllers/CronJob.php(18): define('LANG', 'portuguese_br')
 3 APPPATH/Controllers/DynamicController.php(41): App\Controllers\CronJob->__construct()
 4 SYSTEMPATH/CodeIgniter.php(933): App\Controllers\DynamicController->execute('CronJob', 'envia_avisos')
 5 SYSTEMPATH/CodeIgniter.php(509): CodeIgniter\CodeIgniter->runController(Object(App\Controllers\DynamicController))
 6 SYSTEMPATH/CodeIgniter.php(355): CodeIgniter\CodeIgniter->handleRequest(null, Object(Config\Cache), false)
 7 SYSTEMPATH/Boot.php(325): CodeIgniter\CodeIgniter->run()
 8 SYSTEMPATH/Boot.php(67): CodeIgniter\Boot::runCodeIgniter(Object(CodeIgniter\CodeIgniter))
 9 FCPATH/index.php(56): CodeIgniter\Boot::bootWeb(Object(Config\Paths))
CRITICAL - 2024-09-26 15:45:02 --> ErrorException: Constant LANG already defined
[Method: GET, Route: CronJob/envia_avisos]
in APPPATH/Controllers/CronJob.php on line 18.
 1 [internal function]: CodeIgniter\Debug\Exceptions->errorHandler(2, 'Constant LANG already defined', '/home/next0355/dev.next1crm.com.br/app/Controllers/CronJob.php', 18)
 2 APPPATH/Controllers/CronJob.php(18): define('LANG', 'portuguese_br')
 3 APPPATH/Controllers/DynamicController.php(41): App\Controllers\CronJob->__construct()
 4 SYSTEMPATH/CodeIgniter.php(933): App\Controllers\DynamicController->execute('CronJob', 'envia_avisos')
 5 SYSTEMPATH/CodeIgniter.php(509): CodeIgniter\CodeIgniter->runController(Object(App\Controllers\DynamicController))
 6 SYSTEMPATH/CodeIgniter.php(355): CodeIgniter\CodeIgniter->handleRequest(null, Object(Config\Cache), false)
 7 SYSTEMPATH/Boot.php(325): CodeIgniter\CodeIgniter->run()
 8 SYSTEMPATH/Boot.php(67): CodeIgniter\Boot::runCodeIgniter(Object(CodeIgniter\CodeIgniter))
 9 FCPATH/index.php(56): CodeIgniter\Boot::bootWeb(Object(Config\Paths))
CRITICAL - 2024-09-26 16:00:03 --> ErrorException: Constant LANG already defined
[Method: GET, Route: CronJob/envia_avisos]
in APPPATH/Controllers/CronJob.php on line 18.
 1 [internal function]: CodeIgniter\Debug\Exceptions->errorHandler(2, 'Constant LANG already defined', '/home/next0355/dev.next1crm.com.br/app/Controllers/CronJob.php', 18)
 2 APPPATH/Controllers/CronJob.php(18): define('LANG', 'portuguese_br')
 3 APPPATH/Controllers/DynamicController.php(41): App\Controllers\CronJob->__construct()
 4 SYSTEMPATH/CodeIgniter.php(933): App\Controllers\DynamicController->execute('CronJob', 'envia_avisos')
 5 SYSTEMPATH/CodeIgniter.php(509): CodeIgniter\CodeIgniter->runController(Object(App\Controllers\DynamicController))
 6 SYSTEMPATH/CodeIgniter.php(355): CodeIgniter\CodeIgniter->handleRequest(null, Object(Config\Cache), false)
 7 SYSTEMPATH/Boot.php(325): CodeIgniter\CodeIgniter->run()
 8 SYSTEMPATH/Boot.php(67): CodeIgniter\Boot::runCodeIgniter(Object(CodeIgniter\CodeIgniter))
 9 FCPATH/index.php(56): CodeIgniter\Boot::bootWeb(Object(Config\Paths))
CRITICAL - 2024-09-26 16:15:02 --> ErrorException: Constant LANG already defined
[Method: GET, Route: CronJob/envia_avisos]
in APPPATH/Controllers/CronJob.php on line 18.
 1 [internal function]: CodeIgniter\Debug\Exceptions->errorHandler(2, 'Constant LANG already defined', '/home/next0355/dev.next1crm.com.br/app/Controllers/CronJob.php', 18)
 2 APPPATH/Controllers/CronJob.php(18): define('LANG', 'portuguese_br')
 3 APPPATH/Controllers/DynamicController.php(41): App\Controllers\CronJob->__construct()
 4 SYSTEMPATH/CodeIgniter.php(933): App\Controllers\DynamicController->execute('CronJob', 'envia_avisos')
 5 SYSTEMPATH/CodeIgniter.php(509): CodeIgniter\CodeIgniter->runController(Object(App\Controllers\DynamicController))
 6 SYSTEMPATH/CodeIgniter.php(355): CodeIgniter\CodeIgniter->handleRequest(null, Object(Config\Cache), false)
 7 SYSTEMPATH/Boot.php(325): CodeIgniter\CodeIgniter->run()
 8 SYSTEMPATH/Boot.php(67): CodeIgniter\Boot::runCodeIgniter(Object(CodeIgniter\CodeIgniter))
 9 FCPATH/index.php(56): CodeIgniter\Boot::bootWeb(Object(Config\Paths))
CRITICAL - 2024-09-26 16:30:02 --> ErrorException: Constant LANG already defined
[Method: GET, Route: CronJob/envia_avisos]
in APPPATH/Controllers/CronJob.php on line 18.
 1 [internal function]: CodeIgniter\Debug\Exceptions->errorHandler(2, 'Constant LANG already defined', '/home/next0355/dev.next1crm.com.br/app/Controllers/CronJob.php', 18)
 2 APPPATH/Controllers/CronJob.php(18): define('LANG', 'portuguese_br')
 3 APPPATH/Controllers/DynamicController.php(41): App\Controllers\CronJob->__construct()
 4 SYSTEMPATH/CodeIgniter.php(933): App\Controllers\DynamicController->execute('CronJob', 'envia_avisos')
 5 SYSTEMPATH/CodeIgniter.php(509): CodeIgniter\CodeIgniter->runController(Object(App\Controllers\DynamicController))
 6 SYSTEMPATH/CodeIgniter.php(355): CodeIgniter\CodeIgniter->handleRequest(null, Object(Config\Cache), false)
 7 SYSTEMPATH/Boot.php(325): CodeIgniter\CodeIgniter->run()
 8 SYSTEMPATH/Boot.php(67): CodeIgniter\Boot::runCodeIgniter(Object(CodeIgniter\CodeIgniter))
 9 FCPATH/index.php(56): CodeIgniter\Boot::bootWeb(Object(Config\Paths))
CRITICAL - 2024-09-26 16:45:02 --> ErrorException: Constant LANG already defined
[Method: GET, Route: CronJob/envia_avisos]
in APPPATH/Controllers/CronJob.php on line 18.
 1 [internal function]: CodeIgniter\Debug\Exceptions->errorHandler(2, 'Constant LANG already defined', '/home/next0355/dev.next1crm.com.br/app/Controllers/CronJob.php', 18)
 2 APPPATH/Controllers/CronJob.php(18): define('LANG', 'portuguese_br')
 3 APPPATH/Controllers/DynamicController.php(41): App\Controllers\CronJob->__construct()
 4 SYSTEMPATH/CodeIgniter.php(933): App\Controllers\DynamicController->execute('CronJob', 'envia_avisos')
 5 SYSTEMPATH/CodeIgniter.php(509): CodeIgniter\CodeIgniter->runController(Object(App\Controllers\DynamicController))
 6 SYSTEMPATH/CodeIgniter.php(355): CodeIgniter\CodeIgniter->handleRequest(null, Object(Config\Cache), false)
 7 SYSTEMPATH/Boot.php(325): CodeIgniter\CodeIgniter->run()
 8 SYSTEMPATH/Boot.php(67): CodeIgniter\Boot::runCodeIgniter(Object(CodeIgniter\CodeIgniter))
 9 FCPATH/index.php(56): CodeIgniter\Boot::bootWeb(Object(Config\Paths))
CRITICAL - 2024-09-26 17:00:03 --> ErrorException: Constant LANG already defined
[Method: GET, Route: CronJob/envia_avisos]
in APPPATH/Controllers/CronJob.php on line 18.
 1 [internal function]: CodeIgniter\Debug\Exceptions->errorHandler(2, 'Constant LANG already defined', '/home/next0355/dev.next1crm.com.br/app/Controllers/CronJob.php', 18)
 2 APPPATH/Controllers/CronJob.php(18): define('LANG', 'portuguese_br')
 3 APPPATH/Controllers/DynamicController.php(41): App\Controllers\CronJob->__construct()
 4 SYSTEMPATH/CodeIgniter.php(933): App\Controllers\DynamicController->execute('CronJob', 'envia_avisos')
 5 SYSTEMPATH/CodeIgniter.php(509): CodeIgniter\CodeIgniter->runController(Object(App\Controllers\DynamicController))
 6 SYSTEMPATH/CodeIgniter.php(355): CodeIgniter\CodeIgniter->handleRequest(null, Object(Config\Cache), false)
 7 SYSTEMPATH/Boot.php(325): CodeIgniter\CodeIgniter->run()
 8 SYSTEMPATH/Boot.php(67): CodeIgniter\Boot::runCodeIgniter(Object(CodeIgniter\CodeIgniter))
 9 FCPATH/index.php(56): CodeIgniter\Boot::bootWeb(Object(Config\Paths))
CRITICAL - 2024-09-26 17:15:02 --> ErrorException: Constant LANG already defined
[Method: GET, Route: CronJob/envia_avisos]
in APPPATH/Controllers/CronJob.php on line 18.
 1 [internal function]: CodeIgniter\Debug\Exceptions->errorHandler(2, 'Constant LANG already defined', '/home/next0355/dev.next1crm.com.br/app/Controllers/CronJob.php', 18)
 2 APPPATH/Controllers/CronJob.php(18): define('LANG', 'portuguese_br')
 3 APPPATH/Controllers/DynamicController.php(41): App\Controllers\CronJob->__construct()
 4 SYSTEMPATH/CodeIgniter.php(933): App\Controllers\DynamicController->execute('CronJob', 'envia_avisos')
 5 SYSTEMPATH/CodeIgniter.php(509): CodeIgniter\CodeIgniter->runController(Object(App\Controllers\DynamicController))
 6 SYSTEMPATH/CodeIgniter.php(355): CodeIgniter\CodeIgniter->handleRequest(null, Object(Config\Cache), false)
 7 SYSTEMPATH/Boot.php(325): CodeIgniter\CodeIgniter->run()
 8 SYSTEMPATH/Boot.php(67): CodeIgniter\Boot::runCodeIgniter(Object(CodeIgniter\CodeIgniter))
 9 FCPATH/index.php(56): CodeIgniter\Boot::bootWeb(Object(Config\Paths))
CRITICAL - 2024-09-26 17:30:03 --> ErrorException: Constant LANG already defined
[Method: GET, Route: CronJob/envia_avisos]
in APPPATH/Controllers/CronJob.php on line 18.
 1 [internal function]: CodeIgniter\Debug\Exceptions->errorHandler(2, 'Constant LANG already defined', '/home/next0355/dev.next1crm.com.br/app/Controllers/CronJob.php', 18)
 2 APPPATH/Controllers/CronJob.php(18): define('LANG', 'portuguese_br')
 3 APPPATH/Controllers/DynamicController.php(41): App\Controllers\CronJob->__construct()
 4 SYSTEMPATH/CodeIgniter.php(933): App\Controllers\DynamicController->execute('CronJob', 'envia_avisos')
 5 SYSTEMPATH/CodeIgniter.php(509): CodeIgniter\CodeIgniter->runController(Object(App\Controllers\DynamicController))
 6 SYSTEMPATH/CodeIgniter.php(355): CodeIgniter\CodeIgniter->handleRequest(null, Object(Config\Cache), false)
 7 SYSTEMPATH/Boot.php(325): CodeIgniter\CodeIgniter->run()
 8 SYSTEMPATH/Boot.php(67): CodeIgniter\Boot::runCodeIgniter(Object(CodeIgniter\CodeIgniter))
 9 FCPATH/index.php(56): CodeIgniter\Boot::bootWeb(Object(Config\Paths))
CRITICAL - 2024-09-26 17:36:42 --> CodeIgniter\HTTP\Exceptions\BadRequestException: The URI you submitted has disallowed characters: "{{appurl   'uploads"
[Method: GET, Route: %7B%7Bappurl%20%20%20%27uploads/images/%27%20%20%20chatAtual.details.staffavatar%7D%7D]
in SYSTEMPATH/Router/Router.php on line 737.
 1 SYSTEMPATH/Router/Router.php(204): CodeIgniter\Router\Router->checkDisallowedChars('{{appurl   \'uploads/images/\'   chatAtual.details.staffavatar}}')
 2 SYSTEMPATH/CodeIgniter.php(834): CodeIgniter\Router\Router->handle('{{appurl   \'uploads/images/\'   chatAtual.details.staffavatar}}')
 3 SYSTEMPATH/CodeIgniter.php(457): CodeIgniter\CodeIgniter->tryToRouteIt(Object(CodeIgniter\Router\RouteCollection))
 4 SYSTEMPATH/CodeIgniter.php(355): CodeIgniter\CodeIgniter->handleRequest(null, Object(Config\Cache), false)
 5 SYSTEMPATH/Boot.php(325): CodeIgniter\CodeIgniter->run()
 6 SYSTEMPATH/Boot.php(67): CodeIgniter\Boot::runCodeIgniter(Object(CodeIgniter\CodeIgniter))
 7 FCPATH/index.php(56): CodeIgniter\Boot::bootWeb(Object(Config\Paths))
CRITICAL - 2024-09-26 17:36:42 --> CodeIgniter\HTTP\Exceptions\BadRequestException: The URI you submitted has disallowed characters: "{{appurl   'assets"
[Method: GET, Route: %7B%7Bappurl%20%20%20%27assets/img/menu/Dashboard%20Leads.svg%27%7D%7D]
in SYSTEMPATH/Router/Router.php on line 737.
 1 SYSTEMPATH/Router/Router.php(204): CodeIgniter\Router\Router->checkDisallowedChars('{{appurl   \'assets/img/menu/Dashboard Leads.svg\'}}')
 2 SYSTEMPATH/CodeIgniter.php(834): CodeIgniter\Router\Router->handle('{{appurl   \'assets/img/menu/Dashboard Leads.svg\'}}')
 3 SYSTEMPATH/CodeIgniter.php(457): CodeIgniter\CodeIgniter->tryToRouteIt(Object(CodeIgniter\Router\RouteCollection))
 4 SYSTEMPATH/CodeIgniter.php(355): CodeIgniter\CodeIgniter->handleRequest(null, Object(Config\Cache), false)
 5 SYSTEMPATH/Boot.php(325): CodeIgniter\CodeIgniter->run()
 6 SYSTEMPATH/Boot.php(67): CodeIgniter\Boot::runCodeIgniter(Object(CodeIgniter\CodeIgniter))
 7 FCPATH/index.php(56): CodeIgniter\Boot::bootWeb(Object(Config\Paths))
CRITICAL - 2024-09-26 17:36:42 --> CodeIgniter\HTTP\Exceptions\BadRequestException: The URI you submitted has disallowed characters: "{{appurl   'uploads"
[Method: GET, Route: %7B%7Bappurl%20%20%20%27uploads/images/%27%20%20%20chat.details.staffavatar%7D%7D]
in SYSTEMPATH/Router/Router.php on line 737.
 1 SYSTEMPATH/Router/Router.php(204): CodeIgniter\Router\Router->checkDisallowedChars('{{appurl   \'uploads/images/\'   chat.details.staffavatar}}')
 2 SYSTEMPATH/CodeIgniter.php(834): CodeIgniter\Router\Router->handle('{{appurl   \'uploads/images/\'   chat.details.staffavatar}}')
 3 SYSTEMPATH/CodeIgniter.php(457): CodeIgniter\CodeIgniter->tryToRouteIt(Object(CodeIgniter\Router\RouteCollection))
 4 SYSTEMPATH/CodeIgniter.php(355): CodeIgniter\CodeIgniter->handleRequest(null, Object(Config\Cache), false)
 5 SYSTEMPATH/Boot.php(325): CodeIgniter\CodeIgniter->run()
 6 SYSTEMPATH/Boot.php(67): CodeIgniter\Boot::runCodeIgniter(Object(CodeIgniter\CodeIgniter))
 7 FCPATH/index.php(56): CodeIgniter\Boot::bootWeb(Object(Config\Paths))
CRITICAL - 2024-09-26 17:36:42 --> CodeIgniter\HTTP\Exceptions\BadRequestException: The URI you submitted has disallowed characters: "{{appurl   'assets"
[Method: GET, Route: %7B%7Bappurl%20%20%20%27assets/img/loading.gif%27%7D%7D]
in SYSTEMPATH/Router/Router.php on line 737.
 1 SYSTEMPATH/Router/Router.php(204): CodeIgniter\Router\Router->checkDisallowedChars('{{appurl   \'assets/img/loading.gif\'}}')
 2 SYSTEMPATH/CodeIgniter.php(834): CodeIgniter\Router\Router->handle('{{appurl   \'assets/img/loading.gif\'}}')
 3 SYSTEMPATH/CodeIgniter.php(457): CodeIgniter\CodeIgniter->tryToRouteIt(Object(CodeIgniter\Router\RouteCollection))
 4 SYSTEMPATH/CodeIgniter.php(355): CodeIgniter\CodeIgniter->handleRequest(null, Object(Config\Cache), false)
 5 SYSTEMPATH/Boot.php(325): CodeIgniter\CodeIgniter->run()
 6 SYSTEMPATH/Boot.php(67): CodeIgniter\Boot::runCodeIgniter(Object(CodeIgniter\CodeIgniter))
 7 FCPATH/index.php(56): CodeIgniter\Boot::bootWeb(Object(Config\Paths))
CRITICAL - 2024-09-26 17:36:42 --> CodeIgniter\HTTP\Exceptions\BadRequestException: The URI you submitted has disallowed characters: "{{appurl   'uploads"
[Method: GET, Route: %7B%7Bappurl%20%20%20%27uploads/images/%27%20%20%20chat.details.staffavatar%20%7D%7D]
in SYSTEMPATH/Router/Router.php on line 737.
 1 SYSTEMPATH/Router/Router.php(204): CodeIgniter\Router\Router->checkDisallowedChars('{{appurl   \'uploads/images/\'   chat.details.staffavatar }}')
 2 SYSTEMPATH/CodeIgniter.php(834): CodeIgniter\Router\Router->handle('{{appurl   \'uploads/images/\'   chat.details.staffavatar }}')
 3 SYSTEMPATH/CodeIgniter.php(457): CodeIgniter\CodeIgniter->tryToRouteIt(Object(CodeIgniter\Router\RouteCollection))
 4 SYSTEMPATH/CodeIgniter.php(355): CodeIgniter\CodeIgniter->handleRequest(null, Object(Config\Cache), false)
 5 SYSTEMPATH/Boot.php(325): CodeIgniter\CodeIgniter->run()
 6 SYSTEMPATH/Boot.php(67): CodeIgniter\Boot::runCodeIgniter(Object(CodeIgniter\CodeIgniter))
 7 FCPATH/index.php(56): CodeIgniter\Boot::bootWeb(Object(Config\Paths))
CRITICAL - 2024-09-26 17:36:59 --> CodeIgniter\HTTP\Exceptions\BadRequestException: The URI you submitted has disallowed characters: "{{appurl   'uploads"
[Method: GET, Route: %7B%7Bappurl%20%20%20%27uploads/images/%27%20%20%20chat.details.staffavatar%7D%7D]
in SYSTEMPATH/Router/Router.php on line 737.
 1 SYSTEMPATH/Router/Router.php(204): CodeIgniter\Router\Router->checkDisallowedChars('{{appurl   \'uploads/images/\'   chat.details.staffavatar}}')
 2 SYSTEMPATH/CodeIgniter.php(834): CodeIgniter\Router\Router->handle('{{appurl   \'uploads/images/\'   chat.details.staffavatar}}')
 3 SYSTEMPATH/CodeIgniter.php(457): CodeIgniter\CodeIgniter->tryToRouteIt(Object(CodeIgniter\Router\RouteCollection))
 4 SYSTEMPATH/CodeIgniter.php(355): CodeIgniter\CodeIgniter->handleRequest(null, Object(Config\Cache), false)
 5 SYSTEMPATH/Boot.php(325): CodeIgniter\CodeIgniter->run()
 6 SYSTEMPATH/Boot.php(67): CodeIgniter\Boot::runCodeIgniter(Object(CodeIgniter\CodeIgniter))
 7 FCPATH/index.php(56): CodeIgniter\Boot::bootWeb(Object(Config\Paths))
CRITICAL - 2024-09-26 17:36:59 --> CodeIgniter\HTTP\Exceptions\BadRequestException: The URI you submitted has disallowed characters: "{{appurl   'uploads"
[Method: GET, Route: %7B%7Bappurl%20%20%20%27uploads/images/%27%20%20%20chatAtual.details.staffavatar%7D%7D]
in SYSTEMPATH/Router/Router.php on line 737.
 1 SYSTEMPATH/Router/Router.php(204): CodeIgniter\Router\Router->checkDisallowedChars('{{appurl   \'uploads/images/\'   chatAtual.details.staffavatar}}')
 2 SYSTEMPATH/CodeIgniter.php(834): CodeIgniter\Router\Router->handle('{{appurl   \'uploads/images/\'   chatAtual.details.staffavatar}}')
 3 SYSTEMPATH/CodeIgniter.php(457): CodeIgniter\CodeIgniter->tryToRouteIt(Object(CodeIgniter\Router\RouteCollection))
 4 SYSTEMPATH/CodeIgniter.php(355): CodeIgniter\CodeIgniter->handleRequest(null, Object(Config\Cache), false)
 5 SYSTEMPATH/Boot.php(325): CodeIgniter\CodeIgniter->run()
 6 SYSTEMPATH/Boot.php(67): CodeIgniter\Boot::runCodeIgniter(Object(CodeIgniter\CodeIgniter))
 7 FCPATH/index.php(56): CodeIgniter\Boot::bootWeb(Object(Config\Paths))
CRITICAL - 2024-09-26 17:37:10 --> CodeIgniter\HTTP\Exceptions\BadRequestException: The URI you submitted has disallowed characters: "{{appurl   'uploads"
[Method: GET, Route: invoices/%7B%7Bappurl%20%20%20%27uploads/images/%27%20%20%20chat.details.staffavatar%7D%7D]
in SYSTEMPATH/Router/Router.php on line 737.
 1 SYSTEMPATH/Router/Router.php(204): CodeIgniter\Router\Router->checkDisallowedChars('invoices/{{appurl   \'uploads/images/\'   chat.details.staffavatar}}')
 2 SYSTEMPATH/CodeIgniter.php(834): CodeIgniter\Router\Router->handle('invoices/{{appurl   \'uploads/images/\'   chat.details.staffavatar}}')
 3 SYSTEMPATH/CodeIgniter.php(457): CodeIgniter\CodeIgniter->tryToRouteIt(Object(CodeIgniter\Router\RouteCollection))
 4 SYSTEMPATH/CodeIgniter.php(355): CodeIgniter\CodeIgniter->handleRequest(null, Object(Config\Cache), false)
 5 SYSTEMPATH/Boot.php(325): CodeIgniter\CodeIgniter->run()
 6 SYSTEMPATH/Boot.php(67): CodeIgniter\Boot::runCodeIgniter(Object(CodeIgniter\CodeIgniter))
 7 FCPATH/index.php(56): CodeIgniter\Boot::bootWeb(Object(Config\Paths))
CRITICAL - 2024-09-26 17:37:10 --> CodeIgniter\HTTP\Exceptions\BadRequestException: The URI you submitted has disallowed characters: "{{appurl   'uploads"
[Method: GET, Route: invoices/%7B%7Bappurl%20%20%20%27uploads/images/%27%20%20%20chatAtual.details.staffavatar%7D%7D]
in SYSTEMPATH/Router/Router.php on line 737.
 1 SYSTEMPATH/Router/Router.php(204): CodeIgniter\Router\Router->checkDisallowedChars('invoices/{{appurl   \'uploads/images/\'   chatAtual.details.staffavatar}}')
 2 SYSTEMPATH/CodeIgniter.php(834): CodeIgniter\Router\Router->handle('invoices/{{appurl   \'uploads/images/\'   chatAtual.details.staffavatar}}')
 3 SYSTEMPATH/CodeIgniter.php(457): CodeIgniter\CodeIgniter->tryToRouteIt(Object(CodeIgniter\Router\RouteCollection))
 4 SYSTEMPATH/CodeIgniter.php(355): CodeIgniter\CodeIgniter->handleRequest(null, Object(Config\Cache), false)
 5 SYSTEMPATH/Boot.php(325): CodeIgniter\CodeIgniter->run()
 6 SYSTEMPATH/Boot.php(67): CodeIgniter\Boot::runCodeIgniter(Object(CodeIgniter\CodeIgniter))
 7 FCPATH/index.php(56): CodeIgniter\Boot::bootWeb(Object(Config\Paths))
CRITICAL - 2024-09-26 17:38:18 --> CodeIgniter\Database\Exceptions\DatabaseException: You must set the database table to be used with your query.
[Method: POST, Route: invoices/create]
in SYSTEMPATH/Database/BaseConnection.php on line 927.
 1 SYSTEMPATH/Model.php(716): CodeIgniter\Database\BaseConnection->table(null)
 2 SYSTEMPATH/Model.php(897): CodeIgniter\Model->builder()
 3 APPPATH/Models/Invoices_Model.php(290): CodeIgniter\Model->__get('Invoices_Model')
 4 APPPATH/Controllers/Invoices.php(343): App\Models\Invoices_Model->invoice_add([...])
 5 APPPATH/Controllers/DynamicController.php(55): App\Controllers\Invoices->create()
 6 SYSTEMPATH/CodeIgniter.php(933): App\Controllers\DynamicController->execute('invoices', 'create')
 7 SYSTEMPATH/CodeIgniter.php(509): CodeIgniter\CodeIgniter->runController(Object(App\Controllers\DynamicController))
 8 SYSTEMPATH/CodeIgniter.php(355): CodeIgniter\CodeIgniter->handleRequest(null, Object(Config\Cache), false)
 9 SYSTEMPATH/Boot.php(325): CodeIgniter\CodeIgniter->run()
10 SYSTEMPATH/Boot.php(67): CodeIgniter\Boot::runCodeIgniter(Object(CodeIgniter\CodeIgniter))
11 FCPATH/index.php(56): CodeIgniter\Boot::bootWeb(Object(Config\Paths))
CRITICAL - 2024-09-26 17:41:50 --> ErrorException: Undefined property: mysqli_result::$getNumRows
[Method: POST, Route: invoices/create]
in SYSTEMPATH/Database/MySQLi/Result.php on line 165.
 1 SYSTEMPATH/Database/MySQLi/Result.php(165): CodeIgniter\Debug\Exceptions->errorHandler(2, 'Undefined property: mysqli_result::$getNumRows', '/home/next0355/dev.next1crm.com.br/system/Database/MySQLi/Result.php', 165)
 2 APPPATH/Models/Invoices_Model.php(624): CodeIgniter\Database\MySQLi\Result->getNumRows()
 3 APPPATH/Models/Invoices_Model.php(290): App\Models\Invoices_Model->get_category_id()
 4 APPPATH/Controllers/Invoices.php(343): App\Models\Invoices_Model->invoice_add([...])
 5 APPPATH/Controllers/DynamicController.php(55): App\Controllers\Invoices->create()
 6 SYSTEMPATH/CodeIgniter.php(933): App\Controllers\DynamicController->execute('invoices', 'create')
 7 SYSTEMPATH/CodeIgniter.php(509): CodeIgniter\CodeIgniter->runController(Object(App\Controllers\DynamicController))
 8 SYSTEMPATH/CodeIgniter.php(355): CodeIgniter\CodeIgniter->handleRequest(null, Object(Config\Cache), false)
 9 SYSTEMPATH/Boot.php(325): CodeIgniter\CodeIgniter->run()
10 SYSTEMPATH/Boot.php(67): CodeIgniter\Boot::runCodeIgniter(Object(CodeIgniter\CodeIgniter))
11 FCPATH/index.php(56): CodeIgniter\Boot::bootWeb(Object(Config\Paths))
CRITICAL - 2024-09-26 17:42:27 --> TypeError: count(): Argument #1 ($value) must be of type Countable|array, CodeIgniter\Database\MySQLi\Result given
[Method: POST, Route: invoices/create]
in APPPATH/Models/Invoices_Model.php on line 624.
 1 APPPATH/Models/Invoices_Model.php(624): count(Object(CodeIgniter\Database\MySQLi\Result))
 2 APPPATH/Models/Invoices_Model.php(290): App\Models\Invoices_Model->get_category_id()
 3 APPPATH/Controllers/Invoices.php(343): App\Models\Invoices_Model->invoice_add([...])
 4 APPPATH/Controllers/DynamicController.php(55): App\Controllers\Invoices->create()
 5 SYSTEMPATH/CodeIgniter.php(933): App\Controllers\DynamicController->execute('invoices', 'create')
 6 SYSTEMPATH/CodeIgniter.php(509): CodeIgniter\CodeIgniter->runController(Object(App\Controllers\DynamicController))
 7 SYSTEMPATH/CodeIgniter.php(355): CodeIgniter\CodeIgniter->handleRequest(null, Object(Config\Cache), false)
 8 SYSTEMPATH/Boot.php(325): CodeIgniter\CodeIgniter->run()
 9 SYSTEMPATH/Boot.php(67): CodeIgniter\Boot::runCodeIgniter(Object(CodeIgniter\CodeIgniter))
10 FCPATH/index.php(56): CodeIgniter\Boot::bootWeb(Object(Config\Paths))
CRITICAL - 2024-09-26 17:42:59 --> CodeIgniter\HTTP\Exceptions\BadRequestException: The URI you submitted has disallowed characters: "{{appurl   'uploads"
[Method: GET, Route: invoices/invoice/%7B%7Bappurl%20%20%20%27uploads/images/%27%20%20%20chatAtual.details.staffavatar%7D%7D]
in SYSTEMPATH/Router/Router.php on line 737.
 1 SYSTEMPATH/Router/Router.php(204): CodeIgniter\Router\Router->checkDisallowedChars('invoices/invoice/{{appurl   \'uploads/images/\'   chatAtual.details.staffavatar}}')
 2 SYSTEMPATH/CodeIgniter.php(834): CodeIgniter\Router\Router->handle('invoices/invoice/{{appurl   \'uploads/images/\'   chatAtual.details.staffavatar}}')
 3 SYSTEMPATH/CodeIgniter.php(457): CodeIgniter\CodeIgniter->tryToRouteIt(Object(CodeIgniter\Router\RouteCollection))
 4 SYSTEMPATH/CodeIgniter.php(355): CodeIgniter\CodeIgniter->handleRequest(null, Object(Config\Cache), false)
 5 SYSTEMPATH/Boot.php(325): CodeIgniter\CodeIgniter->run()
 6 SYSTEMPATH/Boot.php(67): CodeIgniter\Boot::runCodeIgniter(Object(CodeIgniter\CodeIgniter))
 7 FCPATH/index.php(56): CodeIgniter\Boot::bootWeb(Object(Config\Paths))
CRITICAL - 2024-09-26 17:42:59 --> CodeIgniter\HTTP\Exceptions\BadRequestException: The URI you submitted has disallowed characters: "{{file.path}}"
[Method: GET, Route: invoices/invoice/%7B%7Bfile.path%7D%7D]
in SYSTEMPATH/Router/Router.php on line 737.
 1 SYSTEMPATH/Router/Router.php(204): CodeIgniter\Router\Router->checkDisallowedChars('invoices/invoice/{{file.path}}')
 2 SYSTEMPATH/CodeIgniter.php(834): CodeIgniter\Router\Router->handle('invoices/invoice/{{file.path}}')
 3 SYSTEMPATH/CodeIgniter.php(457): CodeIgniter\CodeIgniter->tryToRouteIt(Object(CodeIgniter\Router\RouteCollection))
 4 SYSTEMPATH/CodeIgniter.php(355): CodeIgniter\CodeIgniter->handleRequest(null, Object(Config\Cache), false)
 5 SYSTEMPATH/Boot.php(325): CodeIgniter\CodeIgniter->run()
 6 SYSTEMPATH/Boot.php(67): CodeIgniter\Boot::runCodeIgniter(Object(CodeIgniter\CodeIgniter))
 7 FCPATH/index.php(56): CodeIgniter\Boot::bootWeb(Object(Config\Paths))
CRITICAL - 2024-09-26 17:42:59 --> CodeIgniter\HTTP\Exceptions\BadRequestException: The URI you submitted has disallowed characters: "{{appurl   'uploads"
[Method: GET, Route: invoices/invoice/%7B%7Bappurl%20%20%20%27uploads/images/%27%20%20%20chat.details.staffavatar%7D%7D]
in SYSTEMPATH/Router/Router.php on line 737.
 1 SYSTEMPATH/Router/Router.php(204): CodeIgniter\Router\Router->checkDisallowedChars('invoices/invoice/{{appurl   \'uploads/images/\'   chat.details.staffavatar}}')
 2 SYSTEMPATH/CodeIgniter.php(834): CodeIgniter\Router\Router->handle('invoices/invoice/{{appurl   \'uploads/images/\'   chat.details.staffavatar}}')
 3 SYSTEMPATH/CodeIgniter.php(457): CodeIgniter\CodeIgniter->tryToRouteIt(Object(CodeIgniter\Router\RouteCollection))
 4 SYSTEMPATH/CodeIgniter.php(355): CodeIgniter\CodeIgniter->handleRequest(null, Object(Config\Cache), false)
 5 SYSTEMPATH/Boot.php(325): CodeIgniter\CodeIgniter->run()
 6 SYSTEMPATH/Boot.php(67): CodeIgniter\Boot::runCodeIgniter(Object(CodeIgniter\CodeIgniter))
 7 FCPATH/index.php(56): CodeIgniter\Boot::bootWeb(Object(Config\Paths))
CRITICAL - 2024-09-26 17:45:02 --> ErrorException: Constant LANG already defined
[Method: GET, Route: CronJob/envia_avisos]
in APPPATH/Controllers/CronJob.php on line 18.
 1 [internal function]: CodeIgniter\Debug\Exceptions->errorHandler(2, 'Constant LANG already defined', '/home/next0355/dev.next1crm.com.br/app/Controllers/CronJob.php', 18)
 2 APPPATH/Controllers/CronJob.php(18): define('LANG', 'portuguese_br')
 3 APPPATH/Controllers/DynamicController.php(41): App\Controllers\CronJob->__construct()
 4 SYSTEMPATH/CodeIgniter.php(933): App\Controllers\DynamicController->execute('CronJob', 'envia_avisos')
 5 SYSTEMPATH/CodeIgniter.php(509): CodeIgniter\CodeIgniter->runController(Object(App\Controllers\DynamicController))
 6 SYSTEMPATH/CodeIgniter.php(355): CodeIgniter\CodeIgniter->handleRequest(null, Object(Config\Cache), false)
 7 SYSTEMPATH/Boot.php(325): CodeIgniter\CodeIgniter->run()
 8 SYSTEMPATH/Boot.php(67): CodeIgniter\Boot::runCodeIgniter(Object(CodeIgniter\CodeIgniter))
 9 FCPATH/index.php(56): CodeIgniter\Boot::bootWeb(Object(Config\Paths))
CRITICAL - 2024-09-26 18:00:03 --> ErrorException: Constant LANG already defined
[Method: GET, Route: CronJob/envia_avisos]
in APPPATH/Controllers/CronJob.php on line 18.
 1 [internal function]: CodeIgniter\Debug\Exceptions->errorHandler(2, 'Constant LANG already defined', '/home/next0355/dev.next1crm.com.br/app/Controllers/CronJob.php', 18)
 2 APPPATH/Controllers/CronJob.php(18): define('LANG', 'portuguese_br')
 3 APPPATH/Controllers/DynamicController.php(41): App\Controllers\CronJob->__construct()
 4 SYSTEMPATH/CodeIgniter.php(933): App\Controllers\DynamicController->execute('CronJob', 'envia_avisos')
 5 SYSTEMPATH/CodeIgniter.php(509): CodeIgniter\CodeIgniter->runController(Object(App\Controllers\DynamicController))
 6 SYSTEMPATH/CodeIgniter.php(355): CodeIgniter\CodeIgniter->handleRequest(null, Object(Config\Cache), false)
 7 SYSTEMPATH/Boot.php(325): CodeIgniter\CodeIgniter->run()
 8 SYSTEMPATH/Boot.php(67): CodeIgniter\Boot::runCodeIgniter(Object(CodeIgniter\CodeIgniter))
 9 FCPATH/index.php(56): CodeIgniter\Boot::bootWeb(Object(Config\Paths))
CRITICAL - 2024-09-26 18:15:03 --> ErrorException: Constant LANG already defined
[Method: GET, Route: CronJob/envia_avisos]
in APPPATH/Controllers/CronJob.php on line 18.
 1 [internal function]: CodeIgniter\Debug\Exceptions->errorHandler(2, 'Constant LANG already defined', '/home/next0355/dev.next1crm.com.br/app/Controllers/CronJob.php', 18)
 2 APPPATH/Controllers/CronJob.php(18): define('LANG', 'portuguese_br')
 3 APPPATH/Controllers/DynamicController.php(41): App\Controllers\CronJob->__construct()
 4 SYSTEMPATH/CodeIgniter.php(933): App\Controllers\DynamicController->execute('CronJob', 'envia_avisos')
 5 SYSTEMPATH/CodeIgniter.php(509): CodeIgniter\CodeIgniter->runController(Object(App\Controllers\DynamicController))
 6 SYSTEMPATH/CodeIgniter.php(355): CodeIgniter\CodeIgniter->handleRequest(null, Object(Config\Cache), false)
 7 SYSTEMPATH/Boot.php(325): CodeIgniter\CodeIgniter->run()
 8 SYSTEMPATH/Boot.php(67): CodeIgniter\Boot::runCodeIgniter(Object(CodeIgniter\CodeIgniter))
 9 FCPATH/index.php(56): CodeIgniter\Boot::bootWeb(Object(Config\Paths))
CRITICAL - 2024-09-26 18:30:02 --> ErrorException: Constant LANG already defined
[Method: GET, Route: CronJob/envia_avisos]
in APPPATH/Controllers/CronJob.php on line 18.
 1 [internal function]: CodeIgniter\Debug\Exceptions->errorHandler(2, 'Constant LANG already defined', '/home/next0355/dev.next1crm.com.br/app/Controllers/CronJob.php', 18)
 2 APPPATH/Controllers/CronJob.php(18): define('LANG', 'portuguese_br')
 3 APPPATH/Controllers/DynamicController.php(41): App\Controllers\CronJob->__construct()
 4 SYSTEMPATH/CodeIgniter.php(933): App\Controllers\DynamicController->execute('CronJob', 'envia_avisos')
 5 SYSTEMPATH/CodeIgniter.php(509): CodeIgniter\CodeIgniter->runController(Object(App\Controllers\DynamicController))
 6 SYSTEMPATH/CodeIgniter.php(355): CodeIgniter\CodeIgniter->handleRequest(null, Object(Config\Cache), false)
 7 SYSTEMPATH/Boot.php(325): CodeIgniter\CodeIgniter->run()
 8 SYSTEMPATH/Boot.php(67): CodeIgniter\Boot::runCodeIgniter(Object(CodeIgniter\CodeIgniter))
 9 FCPATH/index.php(56): CodeIgniter\Boot::bootWeb(Object(Config\Paths))
CRITICAL - 2024-09-26 18:45:02 --> ErrorException: Constant LANG already defined
[Method: GET, Route: CronJob/envia_avisos]
in APPPATH/Controllers/CronJob.php on line 18.
 1 [internal function]: CodeIgniter\Debug\Exceptions->errorHandler(2, 'Constant LANG already defined', '/home/next0355/dev.next1crm.com.br/app/Controllers/CronJob.php', 18)
 2 APPPATH/Controllers/CronJob.php(18): define('LANG', 'portuguese_br')
 3 APPPATH/Controllers/DynamicController.php(41): App\Controllers\CronJob->__construct()
 4 SYSTEMPATH/CodeIgniter.php(933): App\Controllers\DynamicController->execute('CronJob', 'envia_avisos')
 5 SYSTEMPATH/CodeIgniter.php(509): CodeIgniter\CodeIgniter->runController(Object(App\Controllers\DynamicController))
 6 SYSTEMPATH/CodeIgniter.php(355): CodeIgniter\CodeIgniter->handleRequest(null, Object(Config\Cache), false)
 7 SYSTEMPATH/Boot.php(325): CodeIgniter\CodeIgniter->run()
 8 SYSTEMPATH/Boot.php(67): CodeIgniter\Boot::runCodeIgniter(Object(CodeIgniter\CodeIgniter))
 9 FCPATH/index.php(56): CodeIgniter\Boot::bootWeb(Object(Config\Paths))
CRITICAL - 2024-09-26 19:00:03 --> ErrorException: Constant LANG already defined
[Method: GET, Route: CronJob/envia_avisos]
in APPPATH/Controllers/CronJob.php on line 18.
 1 [internal function]: CodeIgniter\Debug\Exceptions->errorHandler(2, 'Constant LANG already defined', '/home/next0355/dev.next1crm.com.br/app/Controllers/CronJob.php', 18)
 2 APPPATH/Controllers/CronJob.php(18): define('LANG', 'portuguese_br')
 3 APPPATH/Controllers/DynamicController.php(41): App\Controllers\CronJob->__construct()
 4 SYSTEMPATH/CodeIgniter.php(933): App\Controllers\DynamicController->execute('CronJob', 'envia_avisos')
 5 SYSTEMPATH/CodeIgniter.php(509): CodeIgniter\CodeIgniter->runController(Object(App\Controllers\DynamicController))
 6 SYSTEMPATH/CodeIgniter.php(355): CodeIgniter\CodeIgniter->handleRequest(null, Object(Config\Cache), false)
 7 SYSTEMPATH/Boot.php(325): CodeIgniter\CodeIgniter->run()
 8 SYSTEMPATH/Boot.php(67): CodeIgniter\Boot::runCodeIgniter(Object(CodeIgniter\CodeIgniter))
 9 FCPATH/index.php(56): CodeIgniter\Boot::bootWeb(Object(Config\Paths))
CRITICAL - 2024-09-26 19:15:02 --> ErrorException: Constant LANG already defined
[Method: GET, Route: CronJob/envia_avisos]
in APPPATH/Controllers/CronJob.php on line 18.
 1 [internal function]: CodeIgniter\Debug\Exceptions->errorHandler(2, 'Constant LANG already defined', '/home/next0355/dev.next1crm.com.br/app/Controllers/CronJob.php', 18)
 2 APPPATH/Controllers/CronJob.php(18): define('LANG', 'portuguese_br')
 3 APPPATH/Controllers/DynamicController.php(41): App\Controllers\CronJob->__construct()
 4 SYSTEMPATH/CodeIgniter.php(933): App\Controllers\DynamicController->execute('CronJob', 'envia_avisos')
 5 SYSTEMPATH/CodeIgniter.php(509): CodeIgniter\CodeIgniter->runController(Object(App\Controllers\DynamicController))
 6 SYSTEMPATH/CodeIgniter.php(355): CodeIgniter\CodeIgniter->handleRequest(null, Object(Config\Cache), false)
 7 SYSTEMPATH/Boot.php(325): CodeIgniter\CodeIgniter->run()
 8 SYSTEMPATH/Boot.php(67): CodeIgniter\Boot::runCodeIgniter(Object(CodeIgniter\CodeIgniter))
 9 FCPATH/index.php(56): CodeIgniter\Boot::bootWeb(Object(Config\Paths))
CRITICAL - 2024-09-26 19:27:31 --> CodeIgniter\HTTP\Exceptions\BadRequestException: The URI you submitted has disallowed characters: "{{appurl   'uploads"
[Method: GET, Route: %7B%7Bappurl%20%20%20%27uploads/images/%27%20%20%20chat.details.staffavatar%7D%7D]
in SYSTEMPATH/Router/Router.php on line 737.
 1 SYSTEMPATH/Router/Router.php(204): CodeIgniter\Router\Router->checkDisallowedChars('{{appurl   \'uploads/images/\'   chat.details.staffavatar}}')
 2 SYSTEMPATH/CodeIgniter.php(834): CodeIgniter\Router\Router->handle('{{appurl   \'uploads/images/\'   chat.details.staffavatar}}')
 3 SYSTEMPATH/CodeIgniter.php(457): CodeIgniter\CodeIgniter->tryToRouteIt(Object(CodeIgniter\Router\RouteCollection))
 4 SYSTEMPATH/CodeIgniter.php(355): CodeIgniter\CodeIgniter->handleRequest(null, Object(Config\Cache), false)
 5 SYSTEMPATH/Boot.php(325): CodeIgniter\CodeIgniter->run()
 6 SYSTEMPATH/Boot.php(67): CodeIgniter\Boot::runCodeIgniter(Object(CodeIgniter\CodeIgniter))
 7 FCPATH/index.php(56): CodeIgniter\Boot::bootWeb(Object(Config\Paths))
CRITICAL - 2024-09-26 19:27:31 --> CodeIgniter\HTTP\Exceptions\BadRequestException: The URI you submitted has disallowed characters: "{{appurl   'uploads"
[Method: GET, Route: %7B%7Bappurl%20%20%20%27uploads/images/%27%20%20%20chatAtual.details.staffavatar%7D%7D]
in SYSTEMPATH/Router/Router.php on line 737.
 1 SYSTEMPATH/Router/Router.php(204): CodeIgniter\Router\Router->checkDisallowedChars('{{appurl   \'uploads/images/\'   chatAtual.details.staffavatar}}')
 2 SYSTEMPATH/CodeIgniter.php(834): CodeIgniter\Router\Router->handle('{{appurl   \'uploads/images/\'   chatAtual.details.staffavatar}}')
 3 SYSTEMPATH/CodeIgniter.php(457): CodeIgniter\CodeIgniter->tryToRouteIt(Object(CodeIgniter\Router\RouteCollection))
 4 SYSTEMPATH/CodeIgniter.php(355): CodeIgniter\CodeIgniter->handleRequest(null, Object(Config\Cache), false)
 5 SYSTEMPATH/Boot.php(325): CodeIgniter\CodeIgniter->run()
 6 SYSTEMPATH/Boot.php(67): CodeIgniter\Boot::runCodeIgniter(Object(CodeIgniter\CodeIgniter))
 7 FCPATH/index.php(56): CodeIgniter\Boot::bootWeb(Object(Config\Paths))
CRITICAL - 2024-09-26 19:27:31 --> CodeIgniter\HTTP\Exceptions\BadRequestException: The URI you submitted has disallowed characters: "{{appurl   'assets"
[Method: GET, Route: %7B%7Bappurl%20%20%20%27assets/img/menu/Dashboard%20Leads.svg%27%7D%7D]
in SYSTEMPATH/Router/Router.php on line 737.
 1 SYSTEMPATH/Router/Router.php(204): CodeIgniter\Router\Router->checkDisallowedChars('{{appurl   \'assets/img/menu/Dashboard Leads.svg\'}}')
 2 SYSTEMPATH/CodeIgniter.php(834): CodeIgniter\Router\Router->handle('{{appurl   \'assets/img/menu/Dashboard Leads.svg\'}}')
 3 SYSTEMPATH/CodeIgniter.php(457): CodeIgniter\CodeIgniter->tryToRouteIt(Object(CodeIgniter\Router\RouteCollection))
 4 SYSTEMPATH/CodeIgniter.php(355): CodeIgniter\CodeIgniter->handleRequest(null, Object(Config\Cache), false)
 5 SYSTEMPATH/Boot.php(325): CodeIgniter\CodeIgniter->run()
 6 SYSTEMPATH/Boot.php(67): CodeIgniter\Boot::runCodeIgniter(Object(CodeIgniter\CodeIgniter))
 7 FCPATH/index.php(56): CodeIgniter\Boot::bootWeb(Object(Config\Paths))
CRITICAL - 2024-09-26 19:27:32 --> CodeIgniter\HTTP\Exceptions\BadRequestException: The URI you submitted has disallowed characters: "{{appurl   'assets"
[Method: GET, Route: %7B%7Bappurl%20%20%20%27assets/img/loading.gif%27%7D%7D]
in SYSTEMPATH/Router/Router.php on line 737.
 1 SYSTEMPATH/Router/Router.php(204): CodeIgniter\Router\Router->checkDisallowedChars('{{appurl   \'assets/img/loading.gif\'}}')
 2 SYSTEMPATH/CodeIgniter.php(834): CodeIgniter\Router\Router->handle('{{appurl   \'assets/img/loading.gif\'}}')
 3 SYSTEMPATH/CodeIgniter.php(457): CodeIgniter\CodeIgniter->tryToRouteIt(Object(CodeIgniter\Router\RouteCollection))
 4 SYSTEMPATH/CodeIgniter.php(355): CodeIgniter\CodeIgniter->handleRequest(null, Object(Config\Cache), false)
 5 SYSTEMPATH/Boot.php(325): CodeIgniter\CodeIgniter->run()
 6 SYSTEMPATH/Boot.php(67): CodeIgniter\Boot::runCodeIgniter(Object(CodeIgniter\CodeIgniter))
 7 FCPATH/index.php(56): CodeIgniter\Boot::bootWeb(Object(Config\Paths))
CRITICAL - 2024-09-26 19:27:32 --> CodeIgniter\HTTP\Exceptions\BadRequestException: The URI you submitted has disallowed characters: "{{appurl   'uploads"
[Method: GET, Route: %7B%7Bappurl%20%20%20%27uploads/images/%27%20%20%20chat.details.staffavatar%20%7D%7D]
in SYSTEMPATH/Router/Router.php on line 737.
 1 SYSTEMPATH/Router/Router.php(204): CodeIgniter\Router\Router->checkDisallowedChars('{{appurl   \'uploads/images/\'   chat.details.staffavatar }}')
 2 SYSTEMPATH/CodeIgniter.php(834): CodeIgniter\Router\Router->handle('{{appurl   \'uploads/images/\'   chat.details.staffavatar }}')
 3 SYSTEMPATH/CodeIgniter.php(457): CodeIgniter\CodeIgniter->tryToRouteIt(Object(CodeIgniter\Router\RouteCollection))
 4 SYSTEMPATH/CodeIgniter.php(355): CodeIgniter\CodeIgniter->handleRequest(null, Object(Config\Cache), false)
 5 SYSTEMPATH/Boot.php(325): CodeIgniter\CodeIgniter->run()
 6 SYSTEMPATH/Boot.php(67): CodeIgniter\Boot::runCodeIgniter(Object(CodeIgniter\CodeIgniter))
 7 FCPATH/index.php(56): CodeIgniter\Boot::bootWeb(Object(Config\Paths))
CRITICAL - 2024-09-26 19:27:43 --> CodeIgniter\HTTP\Exceptions\BadRequestException: The URI you submitted has disallowed characters: "{{appurl   'uploads"
[Method: GET, Route: %7B%7Bappurl%20%20%20%27uploads/images/%27%20%20%20chat.details.staffavatar%7D%7D]
in SYSTEMPATH/Router/Router.php on line 737.
 1 SYSTEMPATH/Router/Router.php(204): CodeIgniter\Router\Router->checkDisallowedChars('{{appurl   \'uploads/images/\'   chat.details.staffavatar}}')
 2 SYSTEMPATH/CodeIgniter.php(834): CodeIgniter\Router\Router->handle('{{appurl   \'uploads/images/\'   chat.details.staffavatar}}')
 3 SYSTEMPATH/CodeIgniter.php(457): CodeIgniter\CodeIgniter->tryToRouteIt(Object(CodeIgniter\Router\RouteCollection))
 4 SYSTEMPATH/CodeIgniter.php(355): CodeIgniter\CodeIgniter->handleRequest(null, Object(Config\Cache), false)
 5 SYSTEMPATH/Boot.php(325): CodeIgniter\CodeIgniter->run()
 6 SYSTEMPATH/Boot.php(67): CodeIgniter\Boot::runCodeIgniter(Object(CodeIgniter\CodeIgniter))
 7 FCPATH/index.php(56): CodeIgniter\Boot::bootWeb(Object(Config\Paths))
CRITICAL - 2024-09-26 19:27:44 --> CodeIgniter\HTTP\Exceptions\BadRequestException: The URI you submitted has disallowed characters: "{{appurl   'uploads"
[Method: GET, Route: %7B%7Bappurl%20%20%20%27uploads/images/%27%20%20%20chatAtual.details.staffavatar%7D%7D]
in SYSTEMPATH/Router/Router.php on line 737.
 1 SYSTEMPATH/Router/Router.php(204): CodeIgniter\Router\Router->checkDisallowedChars('{{appurl   \'uploads/images/\'   chatAtual.details.staffavatar}}')
 2 SYSTEMPATH/CodeIgniter.php(834): CodeIgniter\Router\Router->handle('{{appurl   \'uploads/images/\'   chatAtual.details.staffavatar}}')
 3 SYSTEMPATH/CodeIgniter.php(457): CodeIgniter\CodeIgniter->tryToRouteIt(Object(CodeIgniter\Router\RouteCollection))
 4 SYSTEMPATH/CodeIgniter.php(355): CodeIgniter\CodeIgniter->handleRequest(null, Object(Config\Cache), false)
 5 SYSTEMPATH/Boot.php(325): CodeIgniter\CodeIgniter->run()
 6 SYSTEMPATH/Boot.php(67): CodeIgniter\Boot::runCodeIgniter(Object(CodeIgniter\CodeIgniter))
 7 FCPATH/index.php(56): CodeIgniter\Boot::bootWeb(Object(Config\Paths))
CRITICAL - 2024-09-26 19:27:44 --> CodeIgniter\HTTP\Exceptions\BadRequestException: The URI you submitted has disallowed characters: "{{member.avatar}}"
[Method: GET, Route: uploads/images/%7B%7Bmember.avatar%7D%7D]
in SYSTEMPATH/Router/Router.php on line 737.
 1 SYSTEMPATH/Router/Router.php(204): CodeIgniter\Router\Router->checkDisallowedChars('uploads/images/{{member.avatar}}')
 2 SYSTEMPATH/CodeIgniter.php(834): CodeIgniter\Router\Router->handle('uploads/images/{{member.avatar}}')
 3 SYSTEMPATH/CodeIgniter.php(457): CodeIgniter\CodeIgniter->tryToRouteIt(Object(CodeIgniter\Router\RouteCollection))
 4 SYSTEMPATH/CodeIgniter.php(355): CodeIgniter\CodeIgniter->handleRequest(null, Object(Config\Cache), false)
 5 SYSTEMPATH/Boot.php(325): CodeIgniter\CodeIgniter->run()
 6 SYSTEMPATH/Boot.php(67): CodeIgniter\Boot::runCodeIgniter(Object(CodeIgniter\CodeIgniter))
 7 FCPATH/index.php(56): CodeIgniter\Boot::bootWeb(Object(Config\Paths))
CRITICAL - 2024-09-26 19:27:50 --> CodeIgniter\HTTP\Exceptions\BadRequestException: The URI you submitted has disallowed characters: "{{member.avatar}}"
[Method: GET, Route: uploads/images/%7B%7Bmember.avatar%7D%7D]
in SYSTEMPATH/Router/Router.php on line 737.
 1 SYSTEMPATH/Router/Router.php(204): CodeIgniter\Router\Router->checkDisallowedChars('uploads/images/{{member.avatar}}')
 2 SYSTEMPATH/CodeIgniter.php(834): CodeIgniter\Router\Router->handle('uploads/images/{{member.avatar}}')
 3 SYSTEMPATH/CodeIgniter.php(457): CodeIgniter\CodeIgniter->tryToRouteIt(Object(CodeIgniter\Router\RouteCollection))
 4 SYSTEMPATH/CodeIgniter.php(355): CodeIgniter\CodeIgniter->handleRequest(null, Object(Config\Cache), false)
 5 SYSTEMPATH/Boot.php(325): CodeIgniter\CodeIgniter->run()
 6 SYSTEMPATH/Boot.php(67): CodeIgniter\Boot::runCodeIgniter(Object(CodeIgniter\CodeIgniter))
 7 FCPATH/index.php(56): CodeIgniter\Boot::bootWeb(Object(Config\Paths))
CRITICAL - 2024-09-26 19:28:20 --> CodeIgniter\HTTP\Exceptions\BadRequestException: The URI you submitted has disallowed characters: "{{member.avatar}}"
[Method: GET, Route: uploads/images/%7B%7Bmember.avatar%7D%7D]
in SYSTEMPATH/Router/Router.php on line 737.
 1 SYSTEMPATH/Router/Router.php(204): CodeIgniter\Router\Router->checkDisallowedChars('uploads/images/{{member.avatar}}')
 2 SYSTEMPATH/CodeIgniter.php(834): CodeIgniter\Router\Router->handle('uploads/images/{{member.avatar}}')
 3 SYSTEMPATH/CodeIgniter.php(457): CodeIgniter\CodeIgniter->tryToRouteIt(Object(CodeIgniter\Router\RouteCollection))
 4 SYSTEMPATH/CodeIgniter.php(355): CodeIgniter\CodeIgniter->handleRequest(null, Object(Config\Cache), false)
 5 SYSTEMPATH/Boot.php(325): CodeIgniter\CodeIgniter->run()
 6 SYSTEMPATH/Boot.php(67): CodeIgniter\Boot::runCodeIgniter(Object(CodeIgniter\CodeIgniter))
 7 FCPATH/index.php(56): CodeIgniter\Boot::bootWeb(Object(Config\Paths))
CRITICAL - 2024-09-26 19:28:20 --> CodeIgniter\HTTP\Exceptions\BadRequestException: The URI you submitted has disallowed characters: "{{appurl   'uploads"
[Method: GET, Route: %7B%7Bappurl%20%20%20%27uploads/images/%27%20%20%20chat.details.staffavatar%7D%7D]
in SYSTEMPATH/Router/Router.php on line 737.
 1 SYSTEMPATH/Router/Router.php(204): CodeIgniter\Router\Router->checkDisallowedChars('{{appurl   \'uploads/images/\'   chat.details.staffavatar}}')
 2 SYSTEMPATH/CodeIgniter.php(834): CodeIgniter\Router\Router->handle('{{appurl   \'uploads/images/\'   chat.details.staffavatar}}')
 3 SYSTEMPATH/CodeIgniter.php(457): CodeIgniter\CodeIgniter->tryToRouteIt(Object(CodeIgniter\Router\RouteCollection))
 4 SYSTEMPATH/CodeIgniter.php(355): CodeIgniter\CodeIgniter->handleRequest(null, Object(Config\Cache), false)
 5 SYSTEMPATH/Boot.php(325): CodeIgniter\CodeIgniter->run()
 6 SYSTEMPATH/Boot.php(67): CodeIgniter\Boot::runCodeIgniter(Object(CodeIgniter\CodeIgniter))
 7 FCPATH/index.php(56): CodeIgniter\Boot::bootWeb(Object(Config\Paths))
CRITICAL - 2024-09-26 19:28:20 --> CodeIgniter\HTTP\Exceptions\BadRequestException: The URI you submitted has disallowed characters: "{{appurl   'uploads"
[Method: GET, Route: %7B%7Bappurl%20%20%20%27uploads/images/%27%20%20%20chatAtual.details.staffavatar%7D%7D]
in SYSTEMPATH/Router/Router.php on line 737.
 1 SYSTEMPATH/Router/Router.php(204): CodeIgniter\Router\Router->checkDisallowedChars('{{appurl   \'uploads/images/\'   chatAtual.details.staffavatar}}')
 2 SYSTEMPATH/CodeIgniter.php(834): CodeIgniter\Router\Router->handle('{{appurl   \'uploads/images/\'   chatAtual.details.staffavatar}}')
 3 SYSTEMPATH/CodeIgniter.php(457): CodeIgniter\CodeIgniter->tryToRouteIt(Object(CodeIgniter\Router\RouteCollection))
 4 SYSTEMPATH/CodeIgniter.php(355): CodeIgniter\CodeIgniter->handleRequest(null, Object(Config\Cache), false)
 5 SYSTEMPATH/Boot.php(325): CodeIgniter\CodeIgniter->run()
 6 SYSTEMPATH/Boot.php(67): CodeIgniter\Boot::runCodeIgniter(Object(CodeIgniter\CodeIgniter))
 7 FCPATH/index.php(56): CodeIgniter\Boot::bootWeb(Object(Config\Paths))
CRITICAL - 2024-09-26 19:28:26 --> CodeIgniter\HTTP\Exceptions\BadRequestException: The URI you submitted has disallowed characters: "{{member.avatar}}"
[Method: GET, Route: uploads/images/%7B%7Bmember.avatar%7D%7D]
in SYSTEMPATH/Router/Router.php on line 737.
 1 SYSTEMPATH/Router/Router.php(204): CodeIgniter\Router\Router->checkDisallowedChars('uploads/images/{{member.avatar}}')
 2 SYSTEMPATH/CodeIgniter.php(834): CodeIgniter\Router\Router->handle('uploads/images/{{member.avatar}}')
 3 SYSTEMPATH/CodeIgniter.php(457): CodeIgniter\CodeIgniter->tryToRouteIt(Object(CodeIgniter\Router\RouteCollection))
 4 SYSTEMPATH/CodeIgniter.php(355): CodeIgniter\CodeIgniter->handleRequest(null, Object(Config\Cache), false)
 5 SYSTEMPATH/Boot.php(325): CodeIgniter\CodeIgniter->run()
 6 SYSTEMPATH/Boot.php(67): CodeIgniter\Boot::runCodeIgniter(Object(CodeIgniter\CodeIgniter))
 7 FCPATH/index.php(56): CodeIgniter\Boot::bootWeb(Object(Config\Paths))
CRITICAL - 2024-09-26 19:30:03 --> ErrorException: Constant LANG already defined
[Method: GET, Route: CronJob/envia_avisos]
in APPPATH/Controllers/CronJob.php on line 18.
 1 [internal function]: CodeIgniter\Debug\Exceptions->errorHandler(2, 'Constant LANG already defined', '/home/next0355/dev.next1crm.com.br/app/Controllers/CronJob.php', 18)
 2 APPPATH/Controllers/CronJob.php(18): define('LANG', 'portuguese_br')
 3 APPPATH/Controllers/DynamicController.php(41): App\Controllers\CronJob->__construct()
 4 SYSTEMPATH/CodeIgniter.php(933): App\Controllers\DynamicController->execute('CronJob', 'envia_avisos')
 5 SYSTEMPATH/CodeIgniter.php(509): CodeIgniter\CodeIgniter->runController(Object(App\Controllers\DynamicController))
 6 SYSTEMPATH/CodeIgniter.php(355): CodeIgniter\CodeIgniter->handleRequest(null, Object(Config\Cache), false)
 7 SYSTEMPATH/Boot.php(325): CodeIgniter\CodeIgniter->run()
 8 SYSTEMPATH/Boot.php(67): CodeIgniter\Boot::runCodeIgniter(Object(CodeIgniter\CodeIgniter))
 9 FCPATH/index.php(56): CodeIgniter\Boot::bootWeb(Object(Config\Paths))
CRITICAL - 2024-09-26 19:31:20 --> CodeIgniter\HTTP\Exceptions\BadRequestException: The URI you submitted has disallowed characters: "{{appurl   'uploads"
[Method: GET, Route: %7B%7Bappurl%20%20%20%27uploads/images/%27%20%20%20chat.details.staffavatar%7D%7D]
in SYSTEMPATH/Router/Router.php on line 737.
 1 SYSTEMPATH/Router/Router.php(204): CodeIgniter\Router\Router->checkDisallowedChars('{{appurl   \'uploads/images/\'   chat.details.staffavatar}}')
 2 SYSTEMPATH/CodeIgniter.php(834): CodeIgniter\Router\Router->handle('{{appurl   \'uploads/images/\'   chat.details.staffavatar}}')
 3 SYSTEMPATH/CodeIgniter.php(457): CodeIgniter\CodeIgniter->tryToRouteIt(Object(CodeIgniter\Router\RouteCollection))
 4 SYSTEMPATH/CodeIgniter.php(355): CodeIgniter\CodeIgniter->handleRequest(null, Object(Config\Cache), false)
 5 SYSTEMPATH/Boot.php(325): CodeIgniter\CodeIgniter->run()
 6 SYSTEMPATH/Boot.php(67): CodeIgniter\Boot::runCodeIgniter(Object(CodeIgniter\CodeIgniter))
 7 FCPATH/index.php(56): CodeIgniter\Boot::bootWeb(Object(Config\Paths))
CRITICAL - 2024-09-26 19:31:20 --> CodeIgniter\HTTP\Exceptions\BadRequestException: The URI you submitted has disallowed characters: "{{member.avatar}}"
[Method: GET, Route: uploads/images/%7B%7Bmember.avatar%7D%7D]
in SYSTEMPATH/Router/Router.php on line 737.
 1 SYSTEMPATH/Router/Router.php(204): CodeIgniter\Router\Router->checkDisallowedChars('uploads/images/{{member.avatar}}')
 2 SYSTEMPATH/CodeIgniter.php(834): CodeIgniter\Router\Router->handle('uploads/images/{{member.avatar}}')
 3 SYSTEMPATH/CodeIgniter.php(457): CodeIgniter\CodeIgniter->tryToRouteIt(Object(CodeIgniter\Router\RouteCollection))
 4 SYSTEMPATH/CodeIgniter.php(355): CodeIgniter\CodeIgniter->handleRequest(null, Object(Config\Cache), false)
 5 SYSTEMPATH/Boot.php(325): CodeIgniter\CodeIgniter->run()
 6 SYSTEMPATH/Boot.php(67): CodeIgniter\Boot::runCodeIgniter(Object(CodeIgniter\CodeIgniter))
 7 FCPATH/index.php(56): CodeIgniter\Boot::bootWeb(Object(Config\Paths))
CRITICAL - 2024-09-26 19:31:20 --> CodeIgniter\HTTP\Exceptions\BadRequestException: The URI you submitted has disallowed characters: "{{appurl   'uploads"
[Method: GET, Route: %7B%7Bappurl%20%20%20%27uploads/images/%27%20%20%20chatAtual.details.staffavatar%7D%7D]
in SYSTEMPATH/Router/Router.php on line 737.
 1 SYSTEMPATH/Router/Router.php(204): CodeIgniter\Router\Router->checkDisallowedChars('{{appurl   \'uploads/images/\'   chatAtual.details.staffavatar}}')
 2 SYSTEMPATH/CodeIgniter.php(834): CodeIgniter\Router\Router->handle('{{appurl   \'uploads/images/\'   chatAtual.details.staffavatar}}')
 3 SYSTEMPATH/CodeIgniter.php(457): CodeIgniter\CodeIgniter->tryToRouteIt(Object(CodeIgniter\Router\RouteCollection))
 4 SYSTEMPATH/CodeIgniter.php(355): CodeIgniter\CodeIgniter->handleRequest(null, Object(Config\Cache), false)
 5 SYSTEMPATH/Boot.php(325): CodeIgniter\CodeIgniter->run()
 6 SYSTEMPATH/Boot.php(67): CodeIgniter\Boot::runCodeIgniter(Object(CodeIgniter\CodeIgniter))
 7 FCPATH/index.php(56): CodeIgniter\Boot::bootWeb(Object(Config\Paths))
CRITICAL - 2024-09-26 19:31:23 --> CodeIgniter\HTTP\Exceptions\BadRequestException: The URI you submitted has disallowed characters: "{{member.avatar}}"
[Method: GET, Route: uploads/images/%7B%7Bmember.avatar%7D%7D]
in SYSTEMPATH/Router/Router.php on line 737.
 1 SYSTEMPATH/Router/Router.php(204): CodeIgniter\Router\Router->checkDisallowedChars('uploads/images/{{member.avatar}}')
 2 SYSTEMPATH/CodeIgniter.php(834): CodeIgniter\Router\Router->handle('uploads/images/{{member.avatar}}')
 3 SYSTEMPATH/CodeIgniter.php(457): CodeIgniter\CodeIgniter->tryToRouteIt(Object(CodeIgniter\Router\RouteCollection))
 4 SYSTEMPATH/CodeIgniter.php(355): CodeIgniter\CodeIgniter->handleRequest(null, Object(Config\Cache), false)
 5 SYSTEMPATH/Boot.php(325): CodeIgniter\CodeIgniter->run()
 6 SYSTEMPATH/Boot.php(67): CodeIgniter\Boot::runCodeIgniter(Object(CodeIgniter\CodeIgniter))
 7 FCPATH/index.php(56): CodeIgniter\Boot::bootWeb(Object(Config\Paths))
CRITICAL - 2024-09-26 19:32:15 --> CodeIgniter\HTTP\Exceptions\BadRequestException: The URI you submitted has disallowed characters: "{{appurl   'uploads"
[Method: GET, Route: staff/staffmember/%7B%7Bappurl%20%20%20%27uploads/images/%27%20%20%20chat.details.staffavatar%7D%7D]
in SYSTEMPATH/Router/Router.php on line 737.
 1 SYSTEMPATH/Router/Router.php(204): CodeIgniter\Router\Router->checkDisallowedChars('staff/staffmember/{{appurl   \'uploads/images/\'   chat.details.staffavatar}}')
 2 SYSTEMPATH/CodeIgniter.php(834): CodeIgniter\Router\Router->handle('staff/staffmember/{{appurl   \'uploads/images/\'   chat.details.staffavatar}}')
 3 SYSTEMPATH/CodeIgniter.php(457): CodeIgniter\CodeIgniter->tryToRouteIt(Object(CodeIgniter\Router\RouteCollection))
 4 SYSTEMPATH/CodeIgniter.php(355): CodeIgniter\CodeIgniter->handleRequest(null, Object(Config\Cache), false)
 5 SYSTEMPATH/Boot.php(325): CodeIgniter\CodeIgniter->run()
 6 SYSTEMPATH/Boot.php(67): CodeIgniter\Boot::runCodeIgniter(Object(CodeIgniter\CodeIgniter))
 7 FCPATH/index.php(56): CodeIgniter\Boot::bootWeb(Object(Config\Paths))
CRITICAL - 2024-09-26 19:32:15 --> CodeIgniter\HTTP\Exceptions\BadRequestException: The URI you submitted has disallowed characters: "{{appurl   'uploads"
[Method: GET, Route: staff/staffmember/%7B%7Bappurl%20%20%20%27uploads/images/%27%20%20%20chatAtual.details.staffavatar%7D%7D]
in SYSTEMPATH/Router/Router.php on line 737.
 1 SYSTEMPATH/Router/Router.php(204): CodeIgniter\Router\Router->checkDisallowedChars('staff/staffmember/{{appurl   \'uploads/images/\'   chatAtual.details.staffavatar}}')
 2 SYSTEMPATH/CodeIgniter.php(834): CodeIgniter\Router\Router->handle('staff/staffmember/{{appurl   \'uploads/images/\'   chatAtual.details.staffavatar}}')
 3 SYSTEMPATH/CodeIgniter.php(457): CodeIgniter\CodeIgniter->tryToRouteIt(Object(CodeIgniter\Router\RouteCollection))
 4 SYSTEMPATH/CodeIgniter.php(355): CodeIgniter\CodeIgniter->handleRequest(null, Object(Config\Cache), false)
 5 SYSTEMPATH/Boot.php(325): CodeIgniter\CodeIgniter->run()
 6 SYSTEMPATH/Boot.php(67): CodeIgniter\Boot::runCodeIgniter(Object(CodeIgniter\CodeIgniter))
 7 FCPATH/index.php(56): CodeIgniter\Boot::bootWeb(Object(Config\Paths))
CRITICAL - 2024-09-26 19:32:35 --> CodeIgniter\HTTP\Exceptions\BadRequestException: The URI you submitted has disallowed characters: "{{appurl   'uploads"
[Method: GET, Route: %7B%7Bappurl%20%20%20%27uploads/images/%27%20%20%20chat.details.staffavatar%7D%7D]
in SYSTEMPATH/Router/Router.php on line 737.
 1 SYSTEMPATH/Router/Router.php(204): CodeIgniter\Router\Router->checkDisallowedChars('{{appurl   \'uploads/images/\'   chat.details.staffavatar}}')
 2 SYSTEMPATH/CodeIgniter.php(834): CodeIgniter\Router\Router->handle('{{appurl   \'uploads/images/\'   chat.details.staffavatar}}')
 3 SYSTEMPATH/CodeIgniter.php(457): CodeIgniter\CodeIgniter->tryToRouteIt(Object(CodeIgniter\Router\RouteCollection))
 4 SYSTEMPATH/CodeIgniter.php(355): CodeIgniter\CodeIgniter->handleRequest(null, Object(Config\Cache), false)
 5 SYSTEMPATH/Boot.php(325): CodeIgniter\CodeIgniter->run()
 6 SYSTEMPATH/Boot.php(67): CodeIgniter\Boot::runCodeIgniter(Object(CodeIgniter\CodeIgniter))
 7 FCPATH/index.php(56): CodeIgniter\Boot::bootWeb(Object(Config\Paths))
CRITICAL - 2024-09-26 19:32:35 --> CodeIgniter\HTTP\Exceptions\BadRequestException: The URI you submitted has disallowed characters: "{{appurl   'uploads"
[Method: GET, Route: %7B%7Bappurl%20%20%20%27uploads/images/%27%20%20%20chatAtual.details.staffavatar%7D%7D]
in SYSTEMPATH/Router/Router.php on line 737.
 1 SYSTEMPATH/Router/Router.php(204): CodeIgniter\Router\Router->checkDisallowedChars('{{appurl   \'uploads/images/\'   chatAtual.details.staffavatar}}')
 2 SYSTEMPATH/CodeIgniter.php(834): CodeIgniter\Router\Router->handle('{{appurl   \'uploads/images/\'   chatAtual.details.staffavatar}}')
 3 SYSTEMPATH/CodeIgniter.php(457): CodeIgniter\CodeIgniter->tryToRouteIt(Object(CodeIgniter\Router\RouteCollection))
 4 SYSTEMPATH/CodeIgniter.php(355): CodeIgniter\CodeIgniter->handleRequest(null, Object(Config\Cache), false)
 5 SYSTEMPATH/Boot.php(325): CodeIgniter\CodeIgniter->run()
 6 SYSTEMPATH/Boot.php(67): CodeIgniter\Boot::runCodeIgniter(Object(CodeIgniter\CodeIgniter))
 7 FCPATH/index.php(56): CodeIgniter\Boot::bootWeb(Object(Config\Paths))
CRITICAL - 2024-09-26 19:32:36 --> CodeIgniter\HTTP\Exceptions\BadRequestException: The URI you submitted has disallowed characters: "{{member.avatar}}"
[Method: GET, Route: uploads/images/%7B%7Bmember.avatar%7D%7D]
in SYSTEMPATH/Router/Router.php on line 737.
 1 SYSTEMPATH/Router/Router.php(204): CodeIgniter\Router\Router->checkDisallowedChars('uploads/images/{{member.avatar}}')
 2 SYSTEMPATH/CodeIgniter.php(834): CodeIgniter\Router\Router->handle('uploads/images/{{member.avatar}}')
 3 SYSTEMPATH/CodeIgniter.php(457): CodeIgniter\CodeIgniter->tryToRouteIt(Object(CodeIgniter\Router\RouteCollection))
 4 SYSTEMPATH/CodeIgniter.php(355): CodeIgniter\CodeIgniter->handleRequest(null, Object(Config\Cache), false)
 5 SYSTEMPATH/Boot.php(325): CodeIgniter\CodeIgniter->run()
 6 SYSTEMPATH/Boot.php(67): CodeIgniter\Boot::runCodeIgniter(Object(CodeIgniter\CodeIgniter))
 7 FCPATH/index.php(56): CodeIgniter\Boot::bootWeb(Object(Config\Paths))
CRITICAL - 2024-09-26 19:32:39 --> CodeIgniter\HTTP\Exceptions\BadRequestException: The URI you submitted has disallowed characters: "{{member.avatar}}"
[Method: GET, Route: uploads/images/%7B%7Bmember.avatar%7D%7D]
in SYSTEMPATH/Router/Router.php on line 737.
 1 SYSTEMPATH/Router/Router.php(204): CodeIgniter\Router\Router->checkDisallowedChars('uploads/images/{{member.avatar}}')
 2 SYSTEMPATH/CodeIgniter.php(834): CodeIgniter\Router\Router->handle('uploads/images/{{member.avatar}}')
 3 SYSTEMPATH/CodeIgniter.php(457): CodeIgniter\CodeIgniter->tryToRouteIt(Object(CodeIgniter\Router\RouteCollection))
 4 SYSTEMPATH/CodeIgniter.php(355): CodeIgniter\CodeIgniter->handleRequest(null, Object(Config\Cache), false)
 5 SYSTEMPATH/Boot.php(325): CodeIgniter\CodeIgniter->run()
 6 SYSTEMPATH/Boot.php(67): CodeIgniter\Boot::runCodeIgniter(Object(CodeIgniter\CodeIgniter))
 7 FCPATH/index.php(56): CodeIgniter\Boot::bootWeb(Object(Config\Paths))
CRITICAL - 2024-09-26 19:32:44 --> CodeIgniter\HTTP\Exceptions\BadRequestException: The URI you submitted has disallowed characters: "{{appurl   'uploads"
[Method: GET, Route: staff/staffmember/%7B%7Bappurl%20%20%20%27uploads/images/%27%20%20%20chat.details.staffavatar%7D%7D]
in SYSTEMPATH/Router/Router.php on line 737.
 1 SYSTEMPATH/Router/Router.php(204): CodeIgniter\Router\Router->checkDisallowedChars('staff/staffmember/{{appurl   \'uploads/images/\'   chat.details.staffavatar}}')
 2 SYSTEMPATH/CodeIgniter.php(834): CodeIgniter\Router\Router->handle('staff/staffmember/{{appurl   \'uploads/images/\'   chat.details.staffavatar}}')
 3 SYSTEMPATH/CodeIgniter.php(457): CodeIgniter\CodeIgniter->tryToRouteIt(Object(CodeIgniter\Router\RouteCollection))
 4 SYSTEMPATH/CodeIgniter.php(355): CodeIgniter\CodeIgniter->handleRequest(null, Object(Config\Cache), false)
 5 SYSTEMPATH/Boot.php(325): CodeIgniter\CodeIgniter->run()
 6 SYSTEMPATH/Boot.php(67): CodeIgniter\Boot::runCodeIgniter(Object(CodeIgniter\CodeIgniter))
 7 FCPATH/index.php(56): CodeIgniter\Boot::bootWeb(Object(Config\Paths))
CRITICAL - 2024-09-26 19:32:44 --> CodeIgniter\HTTP\Exceptions\BadRequestException: The URI you submitted has disallowed characters: "{{appurl   'uploads"
[Method: GET, Route: staff/staffmember/%7B%7Bappurl%20%20%20%27uploads/images/%27%20%20%20chatAtual.details.staffavatar%7D%7D]
in SYSTEMPATH/Router/Router.php on line 737.
 1 SYSTEMPATH/Router/Router.php(204): CodeIgniter\Router\Router->checkDisallowedChars('staff/staffmember/{{appurl   \'uploads/images/\'   chatAtual.details.staffavatar}}')
 2 SYSTEMPATH/CodeIgniter.php(834): CodeIgniter\Router\Router->handle('staff/staffmember/{{appurl   \'uploads/images/\'   chatAtual.details.staffavatar}}')
 3 SYSTEMPATH/CodeIgniter.php(457): CodeIgniter\CodeIgniter->tryToRouteIt(Object(CodeIgniter\Router\RouteCollection))
 4 SYSTEMPATH/CodeIgniter.php(355): CodeIgniter\CodeIgniter->handleRequest(null, Object(Config\Cache), false)
 5 SYSTEMPATH/Boot.php(325): CodeIgniter\CodeIgniter->run()
 6 SYSTEMPATH/Boot.php(67): CodeIgniter\Boot::runCodeIgniter(Object(CodeIgniter\CodeIgniter))
 7 FCPATH/index.php(56): CodeIgniter\Boot::bootWeb(Object(Config\Paths))
CRITICAL - 2024-09-26 19:39:41 --> CodeIgniter\HTTP\Exceptions\BadRequestException: The URI you submitted has disallowed characters: "{{appurl   'uploads"
[Method: GET, Route: staff/staffmember/%7B%7Bappurl%20%20%20%27uploads/images/%27%20%20%20chat.details.staffavatar%7D%7D]
in SYSTEMPATH/Router/Router.php on line 737.
 1 SYSTEMPATH/Router/Router.php(204): CodeIgniter\Router\Router->checkDisallowedChars('staff/staffmember/{{appurl   \'uploads/images/\'   chat.details.staffavatar}}')
 2 SYSTEMPATH/CodeIgniter.php(834): CodeIgniter\Router\Router->handle('staff/staffmember/{{appurl   \'uploads/images/\'   chat.details.staffavatar}}')
 3 SYSTEMPATH/CodeIgniter.php(457): CodeIgniter\CodeIgniter->tryToRouteIt(Object(CodeIgniter\Router\RouteCollection))
 4 SYSTEMPATH/CodeIgniter.php(355): CodeIgniter\CodeIgniter->handleRequest(null, Object(Config\Cache), false)
 5 SYSTEMPATH/Boot.php(325): CodeIgniter\CodeIgniter->run()
 6 SYSTEMPATH/Boot.php(67): CodeIgniter\Boot::runCodeIgniter(Object(CodeIgniter\CodeIgniter))
 7 FCPATH/index.php(56): CodeIgniter\Boot::bootWeb(Object(Config\Paths))
CRITICAL - 2024-09-26 19:39:41 --> CodeIgniter\HTTP\Exceptions\BadRequestException: The URI you submitted has disallowed characters: "{{appurl   'uploads"
[Method: GET, Route: staff/staffmember/%7B%7Bappurl%20%20%20%27uploads/images/%27%20%20%20chatAtual.details.staffavatar%7D%7D]
in SYSTEMPATH/Router/Router.php on line 737.
 1 SYSTEMPATH/Router/Router.php(204): CodeIgniter\Router\Router->checkDisallowedChars('staff/staffmember/{{appurl   \'uploads/images/\'   chatAtual.details.staffavatar}}')
 2 SYSTEMPATH/CodeIgniter.php(834): CodeIgniter\Router\Router->handle('staff/staffmember/{{appurl   \'uploads/images/\'   chatAtual.details.staffavatar}}')
 3 SYSTEMPATH/CodeIgniter.php(457): CodeIgniter\CodeIgniter->tryToRouteIt(Object(CodeIgniter\Router\RouteCollection))
 4 SYSTEMPATH/CodeIgniter.php(355): CodeIgniter\CodeIgniter->handleRequest(null, Object(Config\Cache), false)
 5 SYSTEMPATH/Boot.php(325): CodeIgniter\CodeIgniter->run()
 6 SYSTEMPATH/Boot.php(67): CodeIgniter\Boot::runCodeIgniter(Object(CodeIgniter\CodeIgniter))
 7 FCPATH/index.php(56): CodeIgniter\Boot::bootWeb(Object(Config\Paths))
CRITICAL - 2024-09-26 19:40:30 --> CodeIgniter\HTTP\Exceptions\BadRequestException: The URI you submitted has disallowed characters: "{{appurl   'uploads"
[Method: GET, Route: staff/staffmember/%7B%7Bappurl%20%20%20%27uploads/images/%27%20%20%20chat.details.staffavatar%7D%7D]
in SYSTEMPATH/Router/Router.php on line 737.
 1 SYSTEMPATH/Router/Router.php(204): CodeIgniter\Router\Router->checkDisallowedChars('staff/staffmember/{{appurl   \'uploads/images/\'   chat.details.staffavatar}}')
 2 SYSTEMPATH/CodeIgniter.php(834): CodeIgniter\Router\Router->handle('staff/staffmember/{{appurl   \'uploads/images/\'   chat.details.staffavatar}}')
 3 SYSTEMPATH/CodeIgniter.php(457): CodeIgniter\CodeIgniter->tryToRouteIt(Object(CodeIgniter\Router\RouteCollection))
 4 SYSTEMPATH/CodeIgniter.php(355): CodeIgniter\CodeIgniter->handleRequest(null, Object(Config\Cache), false)
 5 SYSTEMPATH/Boot.php(325): CodeIgniter\CodeIgniter->run()
 6 SYSTEMPATH/Boot.php(67): CodeIgniter\Boot::runCodeIgniter(Object(CodeIgniter\CodeIgniter))
 7 FCPATH/index.php(56): CodeIgniter\Boot::bootWeb(Object(Config\Paths))
CRITICAL - 2024-09-26 19:40:30 --> CodeIgniter\HTTP\Exceptions\BadRequestException: The URI you submitted has disallowed characters: "{{appurl   'uploads"
[Method: GET, Route: staff/staffmember/%7B%7Bappurl%20%20%20%27uploads/images/%27%20%20%20chatAtual.details.staffavatar%7D%7D]
in SYSTEMPATH/Router/Router.php on line 737.
 1 SYSTEMPATH/Router/Router.php(204): CodeIgniter\Router\Router->checkDisallowedChars('staff/staffmember/{{appurl   \'uploads/images/\'   chatAtual.details.staffavatar}}')
 2 SYSTEMPATH/CodeIgniter.php(834): CodeIgniter\Router\Router->handle('staff/staffmember/{{appurl   \'uploads/images/\'   chatAtual.details.staffavatar}}')
 3 SYSTEMPATH/CodeIgniter.php(457): CodeIgniter\CodeIgniter->tryToRouteIt(Object(CodeIgniter\Router\RouteCollection))
 4 SYSTEMPATH/CodeIgniter.php(355): CodeIgniter\CodeIgniter->handleRequest(null, Object(Config\Cache), false)
 5 SYSTEMPATH/Boot.php(325): CodeIgniter\CodeIgniter->run()
 6 SYSTEMPATH/Boot.php(67): CodeIgniter\Boot::runCodeIgniter(Object(CodeIgniter\CodeIgniter))
 7 FCPATH/index.php(56): CodeIgniter\Boot::bootWeb(Object(Config\Paths))
CRITICAL - 2024-09-26 19:41:39 --> CodeIgniter\HTTP\Exceptions\BadRequestException: The URI you submitted has disallowed characters: "{{appurl   'uploads"
[Method: GET, Route: staff/staffmember/%7B%7Bappurl%20%20%20%27uploads/images/%27%20%20%20chatAtual.details.staffavatar%7D%7D]
in SYSTEMPATH/Router/Router.php on line 737.
 1 SYSTEMPATH/Router/Router.php(204): CodeIgniter\Router\Router->checkDisallowedChars('staff/staffmember/{{appurl   \'uploads/images/\'   chatAtual.details.staffavatar}}')
 2 SYSTEMPATH/CodeIgniter.php(834): CodeIgniter\Router\Router->handle('staff/staffmember/{{appurl   \'uploads/images/\'   chatAtual.details.staffavatar}}')
 3 SYSTEMPATH/CodeIgniter.php(457): CodeIgniter\CodeIgniter->tryToRouteIt(Object(CodeIgniter\Router\RouteCollection))
 4 SYSTEMPATH/CodeIgniter.php(355): CodeIgniter\CodeIgniter->handleRequest(null, Object(Config\Cache), false)
 5 SYSTEMPATH/Boot.php(325): CodeIgniter\CodeIgniter->run()
 6 SYSTEMPATH/Boot.php(67): CodeIgniter\Boot::runCodeIgniter(Object(CodeIgniter\CodeIgniter))
 7 FCPATH/index.php(56): CodeIgniter\Boot::bootWeb(Object(Config\Paths))
CRITICAL - 2024-09-26 19:41:39 --> CodeIgniter\HTTP\Exceptions\BadRequestException: The URI you submitted has disallowed characters: "{{appurl   'uploads"
[Method: GET, Route: staff/staffmember/%7B%7Bappurl%20%20%20%27uploads/images/%27%20%20%20chat.details.staffavatar%7D%7D]
in SYSTEMPATH/Router/Router.php on line 737.
 1 SYSTEMPATH/Router/Router.php(204): CodeIgniter\Router\Router->checkDisallowedChars('staff/staffmember/{{appurl   \'uploads/images/\'   chat.details.staffavatar}}')
 2 SYSTEMPATH/CodeIgniter.php(834): CodeIgniter\Router\Router->handle('staff/staffmember/{{appurl   \'uploads/images/\'   chat.details.staffavatar}}')
 3 SYSTEMPATH/CodeIgniter.php(457): CodeIgniter\CodeIgniter->tryToRouteIt(Object(CodeIgniter\Router\RouteCollection))
 4 SYSTEMPATH/CodeIgniter.php(355): CodeIgniter\CodeIgniter->handleRequest(null, Object(Config\Cache), false)
 5 SYSTEMPATH/Boot.php(325): CodeIgniter\CodeIgniter->run()
 6 SYSTEMPATH/Boot.php(67): CodeIgniter\Boot::runCodeIgniter(Object(CodeIgniter\CodeIgniter))
 7 FCPATH/index.php(56): CodeIgniter\Boot::bootWeb(Object(Config\Paths))
CRITICAL - 2024-09-26 19:43:07 --> CodeIgniter\HTTP\Exceptions\BadRequestException: The URI you submitted has disallowed characters: "{{appurl   'uploads"
[Method: GET, Route: staff/staffmember/%7B%7Bappurl%20%20%20%27uploads/images/%27%20%20%20chat.details.staffavatar%7D%7D]
in SYSTEMPATH/Router/Router.php on line 737.
 1 SYSTEMPATH/Router/Router.php(204): CodeIgniter\Router\Router->checkDisallowedChars('staff/staffmember/{{appurl   \'uploads/images/\'   chat.details.staffavatar}}')
 2 SYSTEMPATH/CodeIgniter.php(834): CodeIgniter\Router\Router->handle('staff/staffmember/{{appurl   \'uploads/images/\'   chat.details.staffavatar}}')
 3 SYSTEMPATH/CodeIgniter.php(457): CodeIgniter\CodeIgniter->tryToRouteIt(Object(CodeIgniter\Router\RouteCollection))
 4 SYSTEMPATH/CodeIgniter.php(355): CodeIgniter\CodeIgniter->handleRequest(null, Object(Config\Cache), false)
 5 SYSTEMPATH/Boot.php(325): CodeIgniter\CodeIgniter->run()
 6 SYSTEMPATH/Boot.php(67): CodeIgniter\Boot::runCodeIgniter(Object(CodeIgniter\CodeIgniter))
 7 FCPATH/index.php(56): CodeIgniter\Boot::bootWeb(Object(Config\Paths))
CRITICAL - 2024-09-26 19:43:08 --> CodeIgniter\HTTP\Exceptions\BadRequestException: The URI you submitted has disallowed characters: "{{appurl   'uploads"
[Method: GET, Route: staff/staffmember/%7B%7Bappurl%20%20%20%27uploads/images/%27%20%20%20chatAtual.details.staffavatar%7D%7D]
in SYSTEMPATH/Router/Router.php on line 737.
 1 SYSTEMPATH/Router/Router.php(204): CodeIgniter\Router\Router->checkDisallowedChars('staff/staffmember/{{appurl   \'uploads/images/\'   chatAtual.details.staffavatar}}')
 2 SYSTEMPATH/CodeIgniter.php(834): CodeIgniter\Router\Router->handle('staff/staffmember/{{appurl   \'uploads/images/\'   chatAtual.details.staffavatar}}')
 3 SYSTEMPATH/CodeIgniter.php(457): CodeIgniter\CodeIgniter->tryToRouteIt(Object(CodeIgniter\Router\RouteCollection))
 4 SYSTEMPATH/CodeIgniter.php(355): CodeIgniter\CodeIgniter->handleRequest(null, Object(Config\Cache), false)
 5 SYSTEMPATH/Boot.php(325): CodeIgniter\CodeIgniter->run()
 6 SYSTEMPATH/Boot.php(67): CodeIgniter\Boot::runCodeIgniter(Object(CodeIgniter\CodeIgniter))
 7 FCPATH/index.php(56): CodeIgniter\Boot::bootWeb(Object(Config\Paths))
CRITICAL - 2024-09-26 19:44:48 --> CodeIgniter\HTTP\Exceptions\BadRequestException: The URI you submitted has disallowed characters: "{{appurl   'uploads"
[Method: GET, Route: staff/staffmember/%7B%7Bappurl%20%20%20%27uploads/images/%27%20%20%20chat.details.staffavatar%7D%7D]
in SYSTEMPATH/Router/Router.php on line 737.
 1 SYSTEMPATH/Router/Router.php(204): CodeIgniter\Router\Router->checkDisallowedChars('staff/staffmember/{{appurl   \'uploads/images/\'   chat.details.staffavatar}}')
 2 SYSTEMPATH/CodeIgniter.php(834): CodeIgniter\Router\Router->handle('staff/staffmember/{{appurl   \'uploads/images/\'   chat.details.staffavatar}}')
 3 SYSTEMPATH/CodeIgniter.php(457): CodeIgniter\CodeIgniter->tryToRouteIt(Object(CodeIgniter\Router\RouteCollection))
 4 SYSTEMPATH/CodeIgniter.php(355): CodeIgniter\CodeIgniter->handleRequest(null, Object(Config\Cache), false)
 5 SYSTEMPATH/Boot.php(325): CodeIgniter\CodeIgniter->run()
 6 SYSTEMPATH/Boot.php(67): CodeIgniter\Boot::runCodeIgniter(Object(CodeIgniter\CodeIgniter))
 7 FCPATH/index.php(56): CodeIgniter\Boot::bootWeb(Object(Config\Paths))
CRITICAL - 2024-09-26 19:44:48 --> CodeIgniter\HTTP\Exceptions\BadRequestException: The URI you submitted has disallowed characters: "{{appurl   'uploads"
[Method: GET, Route: staff/staffmember/%7B%7Bappurl%20%20%20%27uploads/images/%27%20%20%20chatAtual.details.staffavatar%7D%7D]
in SYSTEMPATH/Router/Router.php on line 737.
 1 SYSTEMPATH/Router/Router.php(204): CodeIgniter\Router\Router->checkDisallowedChars('staff/staffmember/{{appurl   \'uploads/images/\'   chatAtual.details.staffavatar}}')
 2 SYSTEMPATH/CodeIgniter.php(834): CodeIgniter\Router\Router->handle('staff/staffmember/{{appurl   \'uploads/images/\'   chatAtual.details.staffavatar}}')
 3 SYSTEMPATH/CodeIgniter.php(457): CodeIgniter\CodeIgniter->tryToRouteIt(Object(CodeIgniter\Router\RouteCollection))
 4 SYSTEMPATH/CodeIgniter.php(355): CodeIgniter\CodeIgniter->handleRequest(null, Object(Config\Cache), false)
 5 SYSTEMPATH/Boot.php(325): CodeIgniter\CodeIgniter->run()
 6 SYSTEMPATH/Boot.php(67): CodeIgniter\Boot::runCodeIgniter(Object(CodeIgniter\CodeIgniter))
 7 FCPATH/index.php(56): CodeIgniter\Boot::bootWeb(Object(Config\Paths))
CRITICAL - 2024-09-26 19:45:02 --> ErrorException: Constant LANG already defined
[Method: GET, Route: CronJob/envia_avisos]
in APPPATH/Controllers/CronJob.php on line 18.
 1 [internal function]: CodeIgniter\Debug\Exceptions->errorHandler(2, 'Constant LANG already defined', '/home/next0355/dev.next1crm.com.br/app/Controllers/CronJob.php', 18)
 2 APPPATH/Controllers/CronJob.php(18): define('LANG', 'portuguese_br')
 3 APPPATH/Controllers/DynamicController.php(41): App\Controllers\CronJob->__construct()
 4 SYSTEMPATH/CodeIgniter.php(933): App\Controllers\DynamicController->execute('CronJob', 'envia_avisos')
 5 SYSTEMPATH/CodeIgniter.php(509): CodeIgniter\CodeIgniter->runController(Object(App\Controllers\DynamicController))
 6 SYSTEMPATH/CodeIgniter.php(355): CodeIgniter\CodeIgniter->handleRequest(null, Object(Config\Cache), false)
 7 SYSTEMPATH/Boot.php(325): CodeIgniter\CodeIgniter->run()
 8 SYSTEMPATH/Boot.php(67): CodeIgniter\Boot::runCodeIgniter(Object(CodeIgniter\CodeIgniter))
 9 FCPATH/index.php(56): CodeIgniter\Boot::bootWeb(Object(Config\Paths))
CRITICAL - 2024-09-26 19:45:34 --> CodeIgniter\HTTP\Exceptions\BadRequestException: The URI you submitted has disallowed characters: "{{appurl   'uploads"
[Method: GET, Route: staff/staffmember/%7B%7Bappurl%20%20%20%27uploads/images/%27%20%20%20chat.details.staffavatar%7D%7D]
in SYSTEMPATH/Router/Router.php on line 737.
 1 SYSTEMPATH/Router/Router.php(204): CodeIgniter\Router\Router->checkDisallowedChars('staff/staffmember/{{appurl   \'uploads/images/\'   chat.details.staffavatar}}')
 2 SYSTEMPATH/CodeIgniter.php(834): CodeIgniter\Router\Router->handle('staff/staffmember/{{appurl   \'uploads/images/\'   chat.details.staffavatar}}')
 3 SYSTEMPATH/CodeIgniter.php(457): CodeIgniter\CodeIgniter->tryToRouteIt(Object(CodeIgniter\Router\RouteCollection))
 4 SYSTEMPATH/CodeIgniter.php(355): CodeIgniter\CodeIgniter->handleRequest(null, Object(Config\Cache), false)
 5 SYSTEMPATH/Boot.php(325): CodeIgniter\CodeIgniter->run()
 6 SYSTEMPATH/Boot.php(67): CodeIgniter\Boot::runCodeIgniter(Object(CodeIgniter\CodeIgniter))
 7 FCPATH/index.php(56): CodeIgniter\Boot::bootWeb(Object(Config\Paths))
CRITICAL - 2024-09-26 19:45:35 --> CodeIgniter\HTTP\Exceptions\BadRequestException: The URI you submitted has disallowed characters: "{{appurl   'uploads"
[Method: GET, Route: staff/staffmember/%7B%7Bappurl%20%20%20%27uploads/images/%27%20%20%20chatAtual.details.staffavatar%7D%7D]
in SYSTEMPATH/Router/Router.php on line 737.
 1 SYSTEMPATH/Router/Router.php(204): CodeIgniter\Router\Router->checkDisallowedChars('staff/staffmember/{{appurl   \'uploads/images/\'   chatAtual.details.staffavatar}}')
 2 SYSTEMPATH/CodeIgniter.php(834): CodeIgniter\Router\Router->handle('staff/staffmember/{{appurl   \'uploads/images/\'   chatAtual.details.staffavatar}}')
 3 SYSTEMPATH/CodeIgniter.php(457): CodeIgniter\CodeIgniter->tryToRouteIt(Object(CodeIgniter\Router\RouteCollection))
 4 SYSTEMPATH/CodeIgniter.php(355): CodeIgniter\CodeIgniter->handleRequest(null, Object(Config\Cache), false)
 5 SYSTEMPATH/Boot.php(325): CodeIgniter\CodeIgniter->run()
 6 SYSTEMPATH/Boot.php(67): CodeIgniter\Boot::runCodeIgniter(Object(CodeIgniter\CodeIgniter))
 7 FCPATH/index.php(56): CodeIgniter\Boot::bootWeb(Object(Config\Paths))
CRITICAL - 2024-09-26 19:46:36 --> CodeIgniter\HTTP\Exceptions\BadRequestException: The URI you submitted has disallowed characters: "{{appurl   'uploads"
[Method: GET, Route: staff/staffmember/%7B%7Bappurl%20%20%20%27uploads/images/%27%20%20%20chat.details.staffavatar%7D%7D]
in SYSTEMPATH/Router/Router.php on line 737.
 1 SYSTEMPATH/Router/Router.php(204): CodeIgniter\Router\Router->checkDisallowedChars('staff/staffmember/{{appurl   \'uploads/images/\'   chat.details.staffavatar}}')
 2 SYSTEMPATH/CodeIgniter.php(834): CodeIgniter\Router\Router->handle('staff/staffmember/{{appurl   \'uploads/images/\'   chat.details.staffavatar}}')
 3 SYSTEMPATH/CodeIgniter.php(457): CodeIgniter\CodeIgniter->tryToRouteIt(Object(CodeIgniter\Router\RouteCollection))
 4 SYSTEMPATH/CodeIgniter.php(355): CodeIgniter\CodeIgniter->handleRequest(null, Object(Config\Cache), false)
 5 SYSTEMPATH/Boot.php(325): CodeIgniter\CodeIgniter->run()
 6 SYSTEMPATH/Boot.php(67): CodeIgniter\Boot::runCodeIgniter(Object(CodeIgniter\CodeIgniter))
 7 FCPATH/index.php(56): CodeIgniter\Boot::bootWeb(Object(Config\Paths))
CRITICAL - 2024-09-26 19:46:36 --> CodeIgniter\HTTP\Exceptions\BadRequestException: The URI you submitted has disallowed characters: "{{appurl   'uploads"
[Method: GET, Route: staff/staffmember/%7B%7Bappurl%20%20%20%27uploads/images/%27%20%20%20chatAtual.details.staffavatar%7D%7D]
in SYSTEMPATH/Router/Router.php on line 737.
 1 SYSTEMPATH/Router/Router.php(204): CodeIgniter\Router\Router->checkDisallowedChars('staff/staffmember/{{appurl   \'uploads/images/\'   chatAtual.details.staffavatar}}')
 2 SYSTEMPATH/CodeIgniter.php(834): CodeIgniter\Router\Router->handle('staff/staffmember/{{appurl   \'uploads/images/\'   chatAtual.details.staffavatar}}')
 3 SYSTEMPATH/CodeIgniter.php(457): CodeIgniter\CodeIgniter->tryToRouteIt(Object(CodeIgniter\Router\RouteCollection))
 4 SYSTEMPATH/CodeIgniter.php(355): CodeIgniter\CodeIgniter->handleRequest(null, Object(Config\Cache), false)
 5 SYSTEMPATH/Boot.php(325): CodeIgniter\CodeIgniter->run()
 6 SYSTEMPATH/Boot.php(67): CodeIgniter\Boot::runCodeIgniter(Object(CodeIgniter\CodeIgniter))
 7 FCPATH/index.php(56): CodeIgniter\Boot::bootWeb(Object(Config\Paths))
CRITICAL - 2024-09-26 19:47:15 --> CodeIgniter\HTTP\Exceptions\BadRequestException: The URI you submitted has disallowed characters: "{{appurl   'uploads"
[Method: GET, Route: staff/staffmember/%7B%7Bappurl%20%20%20%27uploads/images/%27%20%20%20chatAtual.details.staffavatar%7D%7D]
in SYSTEMPATH/Router/Router.php on line 737.
 1 SYSTEMPATH/Router/Router.php(204): CodeIgniter\Router\Router->checkDisallowedChars('staff/staffmember/{{appurl   \'uploads/images/\'   chatAtual.details.staffavatar}}')
 2 SYSTEMPATH/CodeIgniter.php(834): CodeIgniter\Router\Router->handle('staff/staffmember/{{appurl   \'uploads/images/\'   chatAtual.details.staffavatar}}')
 3 SYSTEMPATH/CodeIgniter.php(457): CodeIgniter\CodeIgniter->tryToRouteIt(Object(CodeIgniter\Router\RouteCollection))
 4 SYSTEMPATH/CodeIgniter.php(355): CodeIgniter\CodeIgniter->handleRequest(null, Object(Config\Cache), false)
 5 SYSTEMPATH/Boot.php(325): CodeIgniter\CodeIgniter->run()
 6 SYSTEMPATH/Boot.php(67): CodeIgniter\Boot::runCodeIgniter(Object(CodeIgniter\CodeIgniter))
 7 FCPATH/index.php(56): CodeIgniter\Boot::bootWeb(Object(Config\Paths))
CRITICAL - 2024-09-26 19:47:15 --> CodeIgniter\HTTP\Exceptions\BadRequestException: The URI you submitted has disallowed characters: "{{appurl   'uploads"
[Method: GET, Route: staff/staffmember/%7B%7Bappurl%20%20%20%27uploads/images/%27%20%20%20chat.details.staffavatar%7D%7D]
in SYSTEMPATH/Router/Router.php on line 737.
 1 SYSTEMPATH/Router/Router.php(204): CodeIgniter\Router\Router->checkDisallowedChars('staff/staffmember/{{appurl   \'uploads/images/\'   chat.details.staffavatar}}')
 2 SYSTEMPATH/CodeIgniter.php(834): CodeIgniter\Router\Router->handle('staff/staffmember/{{appurl   \'uploads/images/\'   chat.details.staffavatar}}')
 3 SYSTEMPATH/CodeIgniter.php(457): CodeIgniter\CodeIgniter->tryToRouteIt(Object(CodeIgniter\Router\RouteCollection))
 4 SYSTEMPATH/CodeIgniter.php(355): CodeIgniter\CodeIgniter->handleRequest(null, Object(Config\Cache), false)
 5 SYSTEMPATH/Boot.php(325): CodeIgniter\CodeIgniter->run()
 6 SYSTEMPATH/Boot.php(67): CodeIgniter\Boot::runCodeIgniter(Object(CodeIgniter\CodeIgniter))
 7 FCPATH/index.php(56): CodeIgniter\Boot::bootWeb(Object(Config\Paths))
CRITICAL - 2024-09-26 19:49:15 --> CodeIgniter\HTTP\Exceptions\BadRequestException: The URI you submitted has disallowed characters: "{{appurl   'uploads"
[Method: GET, Route: staff/staffmember/%7B%7Bappurl%20%20%20%27uploads/images/%27%20%20%20chatAtual.details.staffavatar%7D%7D]
in SYSTEMPATH/Router/Router.php on line 737.
 1 SYSTEMPATH/Router/Router.php(204): CodeIgniter\Router\Router->checkDisallowedChars('staff/staffmember/{{appurl   \'uploads/images/\'   chatAtual.details.staffavatar}}')
 2 SYSTEMPATH/CodeIgniter.php(834): CodeIgniter\Router\Router->handle('staff/staffmember/{{appurl   \'uploads/images/\'   chatAtual.details.staffavatar}}')
 3 SYSTEMPATH/CodeIgniter.php(457): CodeIgniter\CodeIgniter->tryToRouteIt(Object(CodeIgniter\Router\RouteCollection))
 4 SYSTEMPATH/CodeIgniter.php(355): CodeIgniter\CodeIgniter->handleRequest(null, Object(Config\Cache), false)
 5 SYSTEMPATH/Boot.php(325): CodeIgniter\CodeIgniter->run()
 6 SYSTEMPATH/Boot.php(67): CodeIgniter\Boot::runCodeIgniter(Object(CodeIgniter\CodeIgniter))
 7 FCPATH/index.php(56): CodeIgniter\Boot::bootWeb(Object(Config\Paths))
CRITICAL - 2024-09-26 19:49:15 --> CodeIgniter\HTTP\Exceptions\BadRequestException: The URI you submitted has disallowed characters: "{{appurl   'uploads"
[Method: GET, Route: staff/staffmember/%7B%7Bappurl%20%20%20%27uploads/images/%27%20%20%20chat.details.staffavatar%7D%7D]
in SYSTEMPATH/Router/Router.php on line 737.
 1 SYSTEMPATH/Router/Router.php(204): CodeIgniter\Router\Router->checkDisallowedChars('staff/staffmember/{{appurl   \'uploads/images/\'   chat.details.staffavatar}}')
 2 SYSTEMPATH/CodeIgniter.php(834): CodeIgniter\Router\Router->handle('staff/staffmember/{{appurl   \'uploads/images/\'   chat.details.staffavatar}}')
 3 SYSTEMPATH/CodeIgniter.php(457): CodeIgniter\CodeIgniter->tryToRouteIt(Object(CodeIgniter\Router\RouteCollection))
 4 SYSTEMPATH/CodeIgniter.php(355): CodeIgniter\CodeIgniter->handleRequest(null, Object(Config\Cache), false)
 5 SYSTEMPATH/Boot.php(325): CodeIgniter\CodeIgniter->run()
 6 SYSTEMPATH/Boot.php(67): CodeIgniter\Boot::runCodeIgniter(Object(CodeIgniter\CodeIgniter))
 7 FCPATH/index.php(56): CodeIgniter\Boot::bootWeb(Object(Config\Paths))
CRITICAL - 2024-09-26 19:51:30 --> CodeIgniter\HTTP\Exceptions\BadRequestException: The URI you submitted has disallowed characters: "{{appurl   'uploads"
[Method: GET, Route: staff/staffmember/%7B%7Bappurl%20%20%20%27uploads/images/%27%20%20%20chatAtual.details.staffavatar%7D%7D]
in SYSTEMPATH/Router/Router.php on line 737.
 1 SYSTEMPATH/Router/Router.php(204): CodeIgniter\Router\Router->checkDisallowedChars('staff/staffmember/{{appurl   \'uploads/images/\'   chatAtual.details.staffavatar}}')
 2 SYSTEMPATH/CodeIgniter.php(834): CodeIgniter\Router\Router->handle('staff/staffmember/{{appurl   \'uploads/images/\'   chatAtual.details.staffavatar}}')
 3 SYSTEMPATH/CodeIgniter.php(457): CodeIgniter\CodeIgniter->tryToRouteIt(Object(CodeIgniter\Router\RouteCollection))
 4 SYSTEMPATH/CodeIgniter.php(355): CodeIgniter\CodeIgniter->handleRequest(null, Object(Config\Cache), false)
 5 SYSTEMPATH/Boot.php(325): CodeIgniter\CodeIgniter->run()
 6 SYSTEMPATH/Boot.php(67): CodeIgniter\Boot::runCodeIgniter(Object(CodeIgniter\CodeIgniter))
 7 FCPATH/index.php(56): CodeIgniter\Boot::bootWeb(Object(Config\Paths))
CRITICAL - 2024-09-26 19:51:30 --> CodeIgniter\HTTP\Exceptions\BadRequestException: The URI you submitted has disallowed characters: "{{appurl   'uploads"
[Method: GET, Route: staff/staffmember/%7B%7Bappurl%20%20%20%27uploads/images/%27%20%20%20chat.details.staffavatar%7D%7D]
in SYSTEMPATH/Router/Router.php on line 737.
 1 SYSTEMPATH/Router/Router.php(204): CodeIgniter\Router\Router->checkDisallowedChars('staff/staffmember/{{appurl   \'uploads/images/\'   chat.details.staffavatar}}')
 2 SYSTEMPATH/CodeIgniter.php(834): CodeIgniter\Router\Router->handle('staff/staffmember/{{appurl   \'uploads/images/\'   chat.details.staffavatar}}')
 3 SYSTEMPATH/CodeIgniter.php(457): CodeIgniter\CodeIgniter->tryToRouteIt(Object(CodeIgniter\Router\RouteCollection))
 4 SYSTEMPATH/CodeIgniter.php(355): CodeIgniter\CodeIgniter->handleRequest(null, Object(Config\Cache), false)
 5 SYSTEMPATH/Boot.php(325): CodeIgniter\CodeIgniter->run()
 6 SYSTEMPATH/Boot.php(67): CodeIgniter\Boot::runCodeIgniter(Object(CodeIgniter\CodeIgniter))
 7 FCPATH/index.php(56): CodeIgniter\Boot::bootWeb(Object(Config\Paths))
CRITICAL - 2024-09-26 19:52:14 --> ErrorException: Undefined property: App\Controllers\Logs::$Logs_Model
[Method: POST, Route: logs/get_logs_by_date]
in APPPATH/Controllers/Logs.php on line 74.
 1 APPPATH/Controllers/Logs.php(74): CodeIgniter\Debug\Exceptions->errorHandler(2, 'Undefined property: App\\Controllers\\Logs::$Logs_Model', '/home/next0355/dev.next1crm.com.br/app/Controllers/Logs.php', 74)
 2 APPPATH/Controllers/DynamicController.php(55): App\Controllers\Logs->get_logs_by_date()
 3 SYSTEMPATH/CodeIgniter.php(933): App\Controllers\DynamicController->execute('logs', 'get_logs_by_date')
 4 SYSTEMPATH/CodeIgniter.php(509): CodeIgniter\CodeIgniter->runController(Object(App\Controllers\DynamicController))
 5 SYSTEMPATH/CodeIgniter.php(355): CodeIgniter\CodeIgniter->handleRequest(null, Object(Config\Cache), false)
 6 SYSTEMPATH/Boot.php(325): CodeIgniter\CodeIgniter->run()
 7 SYSTEMPATH/Boot.php(67): CodeIgniter\Boot::runCodeIgniter(Object(CodeIgniter\CodeIgniter))
 8 FCPATH/index.php(56): CodeIgniter\Boot::bootWeb(Object(Config\Paths))
CRITICAL - 2024-09-26 19:54:37 --> CodeIgniter\HTTP\Exceptions\BadRequestException: The URI you submitted has disallowed characters: "{{appurl   'uploads"
[Method: GET, Route: staff/staffmember/%7B%7Bappurl%20%20%20%27uploads/images/%27%20%20%20chatAtual.details.staffavatar%7D%7D]
in SYSTEMPATH/Router/Router.php on line 737.
 1 SYSTEMPATH/Router/Router.php(204): CodeIgniter\Router\Router->checkDisallowedChars('staff/staffmember/{{appurl   \'uploads/images/\'   chatAtual.details.staffavatar}}')
 2 SYSTEMPATH/CodeIgniter.php(834): CodeIgniter\Router\Router->handle('staff/staffmember/{{appurl   \'uploads/images/\'   chatAtual.details.staffavatar}}')
 3 SYSTEMPATH/CodeIgniter.php(457): CodeIgniter\CodeIgniter->tryToRouteIt(Object(CodeIgniter\Router\RouteCollection))
 4 SYSTEMPATH/CodeIgniter.php(355): CodeIgniter\CodeIgniter->handleRequest(null, Object(Config\Cache), false)
 5 SYSTEMPATH/Boot.php(325): CodeIgniter\CodeIgniter->run()
 6 SYSTEMPATH/Boot.php(67): CodeIgniter\Boot::runCodeIgniter(Object(CodeIgniter\CodeIgniter))
 7 FCPATH/index.php(56): CodeIgniter\Boot::bootWeb(Object(Config\Paths))
CRITICAL - 2024-09-26 19:54:37 --> CodeIgniter\HTTP\Exceptions\BadRequestException: The URI you submitted has disallowed characters: "{{appurl   'uploads"
[Method: GET, Route: staff/staffmember/%7B%7Bappurl%20%20%20%27uploads/images/%27%20%20%20chat.details.staffavatar%7D%7D]
in SYSTEMPATH/Router/Router.php on line 737.
 1 SYSTEMPATH/Router/Router.php(204): CodeIgniter\Router\Router->checkDisallowedChars('staff/staffmember/{{appurl   \'uploads/images/\'   chat.details.staffavatar}}')
 2 SYSTEMPATH/CodeIgniter.php(834): CodeIgniter\Router\Router->handle('staff/staffmember/{{appurl   \'uploads/images/\'   chat.details.staffavatar}}')
 3 SYSTEMPATH/CodeIgniter.php(457): CodeIgniter\CodeIgniter->tryToRouteIt(Object(CodeIgniter\Router\RouteCollection))
 4 SYSTEMPATH/CodeIgniter.php(355): CodeIgniter\CodeIgniter->handleRequest(null, Object(Config\Cache), false)
 5 SYSTEMPATH/Boot.php(325): CodeIgniter\CodeIgniter->run()
 6 SYSTEMPATH/Boot.php(67): CodeIgniter\Boot::runCodeIgniter(Object(CodeIgniter\CodeIgniter))
 7 FCPATH/index.php(56): CodeIgniter\Boot::bootWeb(Object(Config\Paths))
CRITICAL - 2024-09-26 19:55:49 --> CodeIgniter\HTTP\Exceptions\BadRequestException: The URI you submitted has disallowed characters: "{{appurl   'uploads"
[Method: GET, Route: %7B%7Bappurl%20%20%20%27uploads/images/%27%20%20%20chatAtual.details.staffavatar%7D%7D]
in SYSTEMPATH/Router/Router.php on line 737.
 1 SYSTEMPATH/Router/Router.php(204): CodeIgniter\Router\Router->checkDisallowedChars('{{appurl   \'uploads/images/\'   chatAtual.details.staffavatar}}')
 2 SYSTEMPATH/CodeIgniter.php(834): CodeIgniter\Router\Router->handle('{{appurl   \'uploads/images/\'   chatAtual.details.staffavatar}}')
 3 SYSTEMPATH/CodeIgniter.php(457): CodeIgniter\CodeIgniter->tryToRouteIt(Object(CodeIgniter\Router\RouteCollection))
 4 SYSTEMPATH/CodeIgniter.php(355): CodeIgniter\CodeIgniter->handleRequest(null, Object(Config\Cache), false)
 5 SYSTEMPATH/Boot.php(325): CodeIgniter\CodeIgniter->run()
 6 SYSTEMPATH/Boot.php(67): CodeIgniter\Boot::runCodeIgniter(Object(CodeIgniter\CodeIgniter))
 7 FCPATH/index.php(56): CodeIgniter\Boot::bootWeb(Object(Config\Paths))
CRITICAL - 2024-09-26 19:55:49 --> CodeIgniter\HTTP\Exceptions\BadRequestException: The URI you submitted has disallowed characters: "{{appurl   'uploads"
[Method: GET, Route: %7B%7Bappurl%20%20%20%27uploads/images/%27%20%20%20chat.details.staffavatar%7D%7D]
in SYSTEMPATH/Router/Router.php on line 737.
 1 SYSTEMPATH/Router/Router.php(204): CodeIgniter\Router\Router->checkDisallowedChars('{{appurl   \'uploads/images/\'   chat.details.staffavatar}}')
 2 SYSTEMPATH/CodeIgniter.php(834): CodeIgniter\Router\Router->handle('{{appurl   \'uploads/images/\'   chat.details.staffavatar}}')
 3 SYSTEMPATH/CodeIgniter.php(457): CodeIgniter\CodeIgniter->tryToRouteIt(Object(CodeIgniter\Router\RouteCollection))
 4 SYSTEMPATH/CodeIgniter.php(355): CodeIgniter\CodeIgniter->handleRequest(null, Object(Config\Cache), false)
 5 SYSTEMPATH/Boot.php(325): CodeIgniter\CodeIgniter->run()
 6 SYSTEMPATH/Boot.php(67): CodeIgniter\Boot::runCodeIgniter(Object(CodeIgniter\CodeIgniter))
 7 FCPATH/index.php(56): CodeIgniter\Boot::bootWeb(Object(Config\Paths))
CRITICAL - 2024-09-26 19:55:49 --> CodeIgniter\HTTP\Exceptions\BadRequestException: The URI you submitted has disallowed characters: "{{member.avatar}}"
[Method: GET, Route: uploads/images/%7B%7Bmember.avatar%7D%7D]
in SYSTEMPATH/Router/Router.php on line 737.
 1 SYSTEMPATH/Router/Router.php(204): CodeIgniter\Router\Router->checkDisallowedChars('uploads/images/{{member.avatar}}')
 2 SYSTEMPATH/CodeIgniter.php(834): CodeIgniter\Router\Router->handle('uploads/images/{{member.avatar}}')
 3 SYSTEMPATH/CodeIgniter.php(457): CodeIgniter\CodeIgniter->tryToRouteIt(Object(CodeIgniter\Router\RouteCollection))
 4 SYSTEMPATH/CodeIgniter.php(355): CodeIgniter\CodeIgniter->handleRequest(null, Object(Config\Cache), false)
 5 SYSTEMPATH/Boot.php(325): CodeIgniter\CodeIgniter->run()
 6 SYSTEMPATH/Boot.php(67): CodeIgniter\Boot::runCodeIgniter(Object(CodeIgniter\CodeIgniter))
 7 FCPATH/index.php(56): CodeIgniter\Boot::bootWeb(Object(Config\Paths))
CRITICAL - 2024-09-26 19:55:52 --> CodeIgniter\HTTP\Exceptions\BadRequestException: The URI you submitted has disallowed characters: "{{member.avatar}}"
[Method: GET, Route: uploads/images/%7B%7Bmember.avatar%7D%7D]
in SYSTEMPATH/Router/Router.php on line 737.
 1 SYSTEMPATH/Router/Router.php(204): CodeIgniter\Router\Router->checkDisallowedChars('uploads/images/{{member.avatar}}')
 2 SYSTEMPATH/CodeIgniter.php(834): CodeIgniter\Router\Router->handle('uploads/images/{{member.avatar}}')
 3 SYSTEMPATH/CodeIgniter.php(457): CodeIgniter\CodeIgniter->tryToRouteIt(Object(CodeIgniter\Router\RouteCollection))
 4 SYSTEMPATH/CodeIgniter.php(355): CodeIgniter\CodeIgniter->handleRequest(null, Object(Config\Cache), false)
 5 SYSTEMPATH/Boot.php(325): CodeIgniter\CodeIgniter->run()
 6 SYSTEMPATH/Boot.php(67): CodeIgniter\Boot::runCodeIgniter(Object(CodeIgniter\CodeIgniter))
 7 FCPATH/index.php(56): CodeIgniter\Boot::bootWeb(Object(Config\Paths))
CRITICAL - 2024-09-26 19:56:03 --> CodeIgniter\HTTP\Exceptions\BadRequestException: The URI you submitted has disallowed characters: "{{appurl   'uploads"
[Method: GET, Route: staff/staffmember/%7B%7Bappurl%20%20%20%27uploads/images/%27%20%20%20chat.details.staffavatar%7D%7D]
in SYSTEMPATH/Router/Router.php on line 737.
 1 SYSTEMPATH/Router/Router.php(204): CodeIgniter\Router\Router->checkDisallowedChars('staff/staffmember/{{appurl   \'uploads/images/\'   chat.details.staffavatar}}')
 2 SYSTEMPATH/CodeIgniter.php(834): CodeIgniter\Router\Router->handle('staff/staffmember/{{appurl   \'uploads/images/\'   chat.details.staffavatar}}')
 3 SYSTEMPATH/CodeIgniter.php(457): CodeIgniter\CodeIgniter->tryToRouteIt(Object(CodeIgniter\Router\RouteCollection))
 4 SYSTEMPATH/CodeIgniter.php(355): CodeIgniter\CodeIgniter->handleRequest(null, Object(Config\Cache), false)
 5 SYSTEMPATH/Boot.php(325): CodeIgniter\CodeIgniter->run()
 6 SYSTEMPATH/Boot.php(67): CodeIgniter\Boot::runCodeIgniter(Object(CodeIgniter\CodeIgniter))
 7 FCPATH/index.php(56): CodeIgniter\Boot::bootWeb(Object(Config\Paths))
CRITICAL - 2024-09-26 19:56:03 --> CodeIgniter\HTTP\Exceptions\BadRequestException: The URI you submitted has disallowed characters: "{{appurl   'uploads"
[Method: GET, Route: staff/staffmember/%7B%7Bappurl%20%20%20%27uploads/images/%27%20%20%20chatAtual.details.staffavatar%7D%7D]
in SYSTEMPATH/Router/Router.php on line 737.
 1 SYSTEMPATH/Router/Router.php(204): CodeIgniter\Router\Router->checkDisallowedChars('staff/staffmember/{{appurl   \'uploads/images/\'   chatAtual.details.staffavatar}}')
 2 SYSTEMPATH/CodeIgniter.php(834): CodeIgniter\Router\Router->handle('staff/staffmember/{{appurl   \'uploads/images/\'   chatAtual.details.staffavatar}}')
 3 SYSTEMPATH/CodeIgniter.php(457): CodeIgniter\CodeIgniter->tryToRouteIt(Object(CodeIgniter\Router\RouteCollection))
 4 SYSTEMPATH/CodeIgniter.php(355): CodeIgniter\CodeIgniter->handleRequest(null, Object(Config\Cache), false)
 5 SYSTEMPATH/Boot.php(325): CodeIgniter\CodeIgniter->run()
 6 SYSTEMPATH/Boot.php(67): CodeIgniter\Boot::runCodeIgniter(Object(CodeIgniter\CodeIgniter))
 7 FCPATH/index.php(56): CodeIgniter\Boot::bootWeb(Object(Config\Paths))
CRITICAL - 2024-09-26 19:57:45 --> CodeIgniter\HTTP\Exceptions\BadRequestException: The URI you submitted has disallowed characters: "{{appurl   'uploads"
[Method: GET, Route: %7B%7Bappurl%20%20%20%27uploads/images/%27%20%20%20chat.details.staffavatar%7D%7D]
in SYSTEMPATH/Router/Router.php on line 737.
 1 SYSTEMPATH/Router/Router.php(204): CodeIgniter\Router\Router->checkDisallowedChars('{{appurl   \'uploads/images/\'   chat.details.staffavatar}}')
 2 SYSTEMPATH/CodeIgniter.php(834): CodeIgniter\Router\Router->handle('{{appurl   \'uploads/images/\'   chat.details.staffavatar}}')
 3 SYSTEMPATH/CodeIgniter.php(457): CodeIgniter\CodeIgniter->tryToRouteIt(Object(CodeIgniter\Router\RouteCollection))
 4 SYSTEMPATH/CodeIgniter.php(355): CodeIgniter\CodeIgniter->handleRequest(null, Object(Config\Cache), false)
 5 SYSTEMPATH/Boot.php(325): CodeIgniter\CodeIgniter->run()
 6 SYSTEMPATH/Boot.php(67): CodeIgniter\Boot::runCodeIgniter(Object(CodeIgniter\CodeIgniter))
 7 FCPATH/index.php(56): CodeIgniter\Boot::bootWeb(Object(Config\Paths))
CRITICAL - 2024-09-26 19:57:45 --> CodeIgniter\HTTP\Exceptions\BadRequestException: The URI you submitted has disallowed characters: "{{appurl   'uploads"
[Method: GET, Route: %7B%7Bappurl%20%20%20%27uploads/images/%27%20%20%20chatAtual.details.staffavatar%7D%7D]
in SYSTEMPATH/Router/Router.php on line 737.
 1 SYSTEMPATH/Router/Router.php(204): CodeIgniter\Router\Router->checkDisallowedChars('{{appurl   \'uploads/images/\'   chatAtual.details.staffavatar}}')
 2 SYSTEMPATH/CodeIgniter.php(834): CodeIgniter\Router\Router->handle('{{appurl   \'uploads/images/\'   chatAtual.details.staffavatar}}')
 3 SYSTEMPATH/CodeIgniter.php(457): CodeIgniter\CodeIgniter->tryToRouteIt(Object(CodeIgniter\Router\RouteCollection))
 4 SYSTEMPATH/CodeIgniter.php(355): CodeIgniter\CodeIgniter->handleRequest(null, Object(Config\Cache), false)
 5 SYSTEMPATH/Boot.php(325): CodeIgniter\CodeIgniter->run()
 6 SYSTEMPATH/Boot.php(67): CodeIgniter\Boot::runCodeIgniter(Object(CodeIgniter\CodeIgniter))
 7 FCPATH/index.php(56): CodeIgniter\Boot::bootWeb(Object(Config\Paths))
CRITICAL - 2024-09-26 19:57:47 --> CodeIgniter\HTTP\Exceptions\BadRequestException: The URI you submitted has disallowed characters: "{{UPIMGURL}}{{member.staffavatar}}"
[Method: GET, Route: %7B%7BUPIMGURL%7D%7D%7B%7Bmember.staffavatar%7D%7D]
in SYSTEMPATH/Router/Router.php on line 737.
 1 SYSTEMPATH/Router/Router.php(204): CodeIgniter\Router\Router->checkDisallowedChars('{{UPIMGURL}}{{member.staffavatar}}')
 2 SYSTEMPATH/CodeIgniter.php(834): CodeIgniter\Router\Router->handle('{{UPIMGURL}}{{member.staffavatar}}')
 3 SYSTEMPATH/CodeIgniter.php(457): CodeIgniter\CodeIgniter->tryToRouteIt(Object(CodeIgniter\Router\RouteCollection))
 4 SYSTEMPATH/CodeIgniter.php(355): CodeIgniter\CodeIgniter->handleRequest(null, Object(Config\Cache), false)
 5 SYSTEMPATH/Boot.php(325): CodeIgniter\CodeIgniter->run()
 6 SYSTEMPATH/Boot.php(67): CodeIgniter\Boot::runCodeIgniter(Object(CodeIgniter\CodeIgniter))
 7 FCPATH/index.php(56): CodeIgniter\Boot::bootWeb(Object(Config\Paths))
CRITICAL - 2024-09-26 19:59:44 --> CodeIgniter\HTTP\Exceptions\BadRequestException: The URI you submitted has disallowed characters: "{{appurl   'uploads"
[Method: GET, Route: %7B%7Bappurl%20%20%20%27uploads/images/%27%20%20%20chat.details.staffavatar%7D%7D]
in SYSTEMPATH/Router/Router.php on line 737.
 1 SYSTEMPATH/Router/Router.php(204): CodeIgniter\Router\Router->checkDisallowedChars('{{appurl   \'uploads/images/\'   chat.details.staffavatar}}')
 2 SYSTEMPATH/CodeIgniter.php(834): CodeIgniter\Router\Router->handle('{{appurl   \'uploads/images/\'   chat.details.staffavatar}}')
 3 SYSTEMPATH/CodeIgniter.php(457): CodeIgniter\CodeIgniter->tryToRouteIt(Object(CodeIgniter\Router\RouteCollection))
 4 SYSTEMPATH/CodeIgniter.php(355): CodeIgniter\CodeIgniter->handleRequest(null, Object(Config\Cache), false)
 5 SYSTEMPATH/Boot.php(325): CodeIgniter\CodeIgniter->run()
 6 SYSTEMPATH/Boot.php(67): CodeIgniter\Boot::runCodeIgniter(Object(CodeIgniter\CodeIgniter))
 7 FCPATH/index.php(56): CodeIgniter\Boot::bootWeb(Object(Config\Paths))
CRITICAL - 2024-09-26 19:59:44 --> CodeIgniter\HTTP\Exceptions\BadRequestException: The URI you submitted has disallowed characters: "{{appurl   'uploads"
[Method: GET, Route: %7B%7Bappurl%20%20%20%27uploads/images/%27%20%20%20chatAtual.details.staffavatar%7D%7D]
in SYSTEMPATH/Router/Router.php on line 737.
 1 SYSTEMPATH/Router/Router.php(204): CodeIgniter\Router\Router->checkDisallowedChars('{{appurl   \'uploads/images/\'   chatAtual.details.staffavatar}}')
 2 SYSTEMPATH/CodeIgniter.php(834): CodeIgniter\Router\Router->handle('{{appurl   \'uploads/images/\'   chatAtual.details.staffavatar}}')
 3 SYSTEMPATH/CodeIgniter.php(457): CodeIgniter\CodeIgniter->tryToRouteIt(Object(CodeIgniter\Router\RouteCollection))
 4 SYSTEMPATH/CodeIgniter.php(355): CodeIgniter\CodeIgniter->handleRequest(null, Object(Config\Cache), false)
 5 SYSTEMPATH/Boot.php(325): CodeIgniter\CodeIgniter->run()
 6 SYSTEMPATH/Boot.php(67): CodeIgniter\Boot::runCodeIgniter(Object(CodeIgniter\CodeIgniter))
 7 FCPATH/index.php(56): CodeIgniter\Boot::bootWeb(Object(Config\Paths))
CRITICAL - 2024-09-26 19:59:44 --> CodeIgniter\HTTP\Exceptions\BadRequestException: The URI you submitted has disallowed characters: "{{lead.avatar}}"
[Method: GET, Route: uploads/images/%7B%7Blead.avatar%7D%7D]
in SYSTEMPATH/Router/Router.php on line 737.
 1 SYSTEMPATH/Router/Router.php(204): CodeIgniter\Router\Router->checkDisallowedChars('uploads/images/{{lead.avatar}}')
 2 SYSTEMPATH/CodeIgniter.php(834): CodeIgniter\Router\Router->handle('uploads/images/{{lead.avatar}}')
 3 SYSTEMPATH/CodeIgniter.php(457): CodeIgniter\CodeIgniter->tryToRouteIt(Object(CodeIgniter\Router\RouteCollection))
 4 SYSTEMPATH/CodeIgniter.php(355): CodeIgniter\CodeIgniter->handleRequest(null, Object(Config\Cache), false)
 5 SYSTEMPATH/Boot.php(325): CodeIgniter\CodeIgniter->run()
 6 SYSTEMPATH/Boot.php(67): CodeIgniter\Boot::runCodeIgniter(Object(CodeIgniter\CodeIgniter))
 7 FCPATH/index.php(56): CodeIgniter\Boot::bootWeb(Object(Config\Paths))
CRITICAL - 2024-09-26 20:00:03 --> ErrorException: Constant LANG already defined
[Method: GET, Route: CronJob/envia_avisos]
in APPPATH/Controllers/CronJob.php on line 18.
 1 [internal function]: CodeIgniter\Debug\Exceptions->errorHandler(2, 'Constant LANG already defined', '/home/next0355/dev.next1crm.com.br/app/Controllers/CronJob.php', 18)
 2 APPPATH/Controllers/CronJob.php(18): define('LANG', 'portuguese_br')
 3 APPPATH/Controllers/DynamicController.php(41): App\Controllers\CronJob->__construct()
 4 SYSTEMPATH/CodeIgniter.php(933): App\Controllers\DynamicController->execute('CronJob', 'envia_avisos')
 5 SYSTEMPATH/CodeIgniter.php(509): CodeIgniter\CodeIgniter->runController(Object(App\Controllers\DynamicController))
 6 SYSTEMPATH/CodeIgniter.php(355): CodeIgniter\CodeIgniter->handleRequest(null, Object(Config\Cache), false)
 7 SYSTEMPATH/Boot.php(325): CodeIgniter\CodeIgniter->run()
 8 SYSTEMPATH/Boot.php(67): CodeIgniter\Boot::runCodeIgniter(Object(CodeIgniter\CodeIgniter))
 9 FCPATH/index.php(56): CodeIgniter\Boot::bootWeb(Object(Config\Paths))
CRITICAL - 2024-09-26 20:15:03 --> ErrorException: Constant LANG already defined
[Method: GET, Route: CronJob/envia_avisos]
in APPPATH/Controllers/CronJob.php on line 18.
 1 [internal function]: CodeIgniter\Debug\Exceptions->errorHandler(2, 'Constant LANG already defined', '/home/next0355/dev.next1crm.com.br/app/Controllers/CronJob.php', 18)
 2 APPPATH/Controllers/CronJob.php(18): define('LANG', 'portuguese_br')
 3 APPPATH/Controllers/DynamicController.php(41): App\Controllers\CronJob->__construct()
 4 SYSTEMPATH/CodeIgniter.php(933): App\Controllers\DynamicController->execute('CronJob', 'envia_avisos')
 5 SYSTEMPATH/CodeIgniter.php(509): CodeIgniter\CodeIgniter->runController(Object(App\Controllers\DynamicController))
 6 SYSTEMPATH/CodeIgniter.php(355): CodeIgniter\CodeIgniter->handleRequest(null, Object(Config\Cache), false)
 7 SYSTEMPATH/Boot.php(325): CodeIgniter\CodeIgniter->run()
 8 SYSTEMPATH/Boot.php(67): CodeIgniter\Boot::runCodeIgniter(Object(CodeIgniter\CodeIgniter))
 9 FCPATH/index.php(56): CodeIgniter\Boot::bootWeb(Object(Config\Paths))
CRITICAL - 2024-09-26 20:30:02 --> ErrorException: Constant LANG already defined
[Method: GET, Route: CronJob/envia_avisos]
in APPPATH/Controllers/CronJob.php on line 18.
 1 [internal function]: CodeIgniter\Debug\Exceptions->errorHandler(2, 'Constant LANG already defined', '/home/next0355/dev.next1crm.com.br/app/Controllers/CronJob.php', 18)
 2 APPPATH/Controllers/CronJob.php(18): define('LANG', 'portuguese_br')
 3 APPPATH/Controllers/DynamicController.php(41): App\Controllers\CronJob->__construct()
 4 SYSTEMPATH/CodeIgniter.php(933): App\Controllers\DynamicController->execute('CronJob', 'envia_avisos')
 5 SYSTEMPATH/CodeIgniter.php(509): CodeIgniter\CodeIgniter->runController(Object(App\Controllers\DynamicController))
 6 SYSTEMPATH/CodeIgniter.php(355): CodeIgniter\CodeIgniter->handleRequest(null, Object(Config\Cache), false)
 7 SYSTEMPATH/Boot.php(325): CodeIgniter\CodeIgniter->run()
 8 SYSTEMPATH/Boot.php(67): CodeIgniter\Boot::runCodeIgniter(Object(CodeIgniter\CodeIgniter))
 9 FCPATH/index.php(56): CodeIgniter\Boot::bootWeb(Object(Config\Paths))
CRITICAL - 2024-09-26 20:45:03 --> ErrorException: Constant LANG already defined
[Method: GET, Route: CronJob/envia_avisos]
in APPPATH/Controllers/CronJob.php on line 18.
 1 [internal function]: CodeIgniter\Debug\Exceptions->errorHandler(2, 'Constant LANG already defined', '/home/next0355/dev.next1crm.com.br/app/Controllers/CronJob.php', 18)
 2 APPPATH/Controllers/CronJob.php(18): define('LANG', 'portuguese_br')
 3 APPPATH/Controllers/DynamicController.php(41): App\Controllers\CronJob->__construct()
 4 SYSTEMPATH/CodeIgniter.php(933): App\Controllers\DynamicController->execute('CronJob', 'envia_avisos')
 5 SYSTEMPATH/CodeIgniter.php(509): CodeIgniter\CodeIgniter->runController(Object(App\Controllers\DynamicController))
 6 SYSTEMPATH/CodeIgniter.php(355): CodeIgniter\CodeIgniter->handleRequest(null, Object(Config\Cache), false)
 7 SYSTEMPATH/Boot.php(325): CodeIgniter\CodeIgniter->run()
 8 SYSTEMPATH/Boot.php(67): CodeIgniter\Boot::runCodeIgniter(Object(CodeIgniter\CodeIgniter))
 9 FCPATH/index.php(56): CodeIgniter\Boot::bootWeb(Object(Config\Paths))
CRITICAL - 2024-09-26 21:00:03 --> ErrorException: Constant LANG already defined
[Method: GET, Route: CronJob/envia_avisos]
in APPPATH/Controllers/CronJob.php on line 18.
 1 [internal function]: CodeIgniter\Debug\Exceptions->errorHandler(2, 'Constant LANG already defined', '/home/next0355/dev.next1crm.com.br/app/Controllers/CronJob.php', 18)
 2 APPPATH/Controllers/CronJob.php(18): define('LANG', 'portuguese_br')
 3 APPPATH/Controllers/DynamicController.php(41): App\Controllers\CronJob->__construct()
 4 SYSTEMPATH/CodeIgniter.php(933): App\Controllers\DynamicController->execute('CronJob', 'envia_avisos')
 5 SYSTEMPATH/CodeIgniter.php(509): CodeIgniter\CodeIgniter->runController(Object(App\Controllers\DynamicController))
 6 SYSTEMPATH/CodeIgniter.php(355): CodeIgniter\CodeIgniter->handleRequest(null, Object(Config\Cache), false)
 7 SYSTEMPATH/Boot.php(325): CodeIgniter\CodeIgniter->run()
 8 SYSTEMPATH/Boot.php(67): CodeIgniter\Boot::runCodeIgniter(Object(CodeIgniter\CodeIgniter))
 9 FCPATH/index.php(56): CodeIgniter\Boot::bootWeb(Object(Config\Paths))
CRITICAL - 2024-09-26 21:15:03 --> ErrorException: Constant LANG already defined
[Method: GET, Route: CronJob/envia_avisos]
in APPPATH/Controllers/CronJob.php on line 18.
 1 [internal function]: CodeIgniter\Debug\Exceptions->errorHandler(2, 'Constant LANG already defined', '/home/next0355/dev.next1crm.com.br/app/Controllers/CronJob.php', 18)
 2 APPPATH/Controllers/CronJob.php(18): define('LANG', 'portuguese_br')
 3 APPPATH/Controllers/DynamicController.php(41): App\Controllers\CronJob->__construct()
 4 SYSTEMPATH/CodeIgniter.php(933): App\Controllers\DynamicController->execute('CronJob', 'envia_avisos')
 5 SYSTEMPATH/CodeIgniter.php(509): CodeIgniter\CodeIgniter->runController(Object(App\Controllers\DynamicController))
 6 SYSTEMPATH/CodeIgniter.php(355): CodeIgniter\CodeIgniter->handleRequest(null, Object(Config\Cache), false)
 7 SYSTEMPATH/Boot.php(325): CodeIgniter\CodeIgniter->run()
 8 SYSTEMPATH/Boot.php(67): CodeIgniter\Boot::runCodeIgniter(Object(CodeIgniter\CodeIgniter))
 9 FCPATH/index.php(56): CodeIgniter\Boot::bootWeb(Object(Config\Paths))
CRITICAL - 2024-09-26 21:30:02 --> ErrorException: Constant LANG already defined
[Method: GET, Route: CronJob/envia_avisos]
in APPPATH/Controllers/CronJob.php on line 18.
 1 [internal function]: CodeIgniter\Debug\Exceptions->errorHandler(2, 'Constant LANG already defined', '/home/next0355/dev.next1crm.com.br/app/Controllers/CronJob.php', 18)
 2 APPPATH/Controllers/CronJob.php(18): define('LANG', 'portuguese_br')
 3 APPPATH/Controllers/DynamicController.php(41): App\Controllers\CronJob->__construct()
 4 SYSTEMPATH/CodeIgniter.php(933): App\Controllers\DynamicController->execute('CronJob', 'envia_avisos')
 5 SYSTEMPATH/CodeIgniter.php(509): CodeIgniter\CodeIgniter->runController(Object(App\Controllers\DynamicController))
 6 SYSTEMPATH/CodeIgniter.php(355): CodeIgniter\CodeIgniter->handleRequest(null, Object(Config\Cache), false)
 7 SYSTEMPATH/Boot.php(325): CodeIgniter\CodeIgniter->run()
 8 SYSTEMPATH/Boot.php(67): CodeIgniter\Boot::runCodeIgniter(Object(CodeIgniter\CodeIgniter))
 9 FCPATH/index.php(56): CodeIgniter\Boot::bootWeb(Object(Config\Paths))
CRITICAL - 2024-09-26 21:45:02 --> ErrorException: Constant LANG already defined
[Method: GET, Route: CronJob/envia_avisos]
in APPPATH/Controllers/CronJob.php on line 18.
 1 [internal function]: CodeIgniter\Debug\Exceptions->errorHandler(2, 'Constant LANG already defined', '/home/next0355/dev.next1crm.com.br/app/Controllers/CronJob.php', 18)
 2 APPPATH/Controllers/CronJob.php(18): define('LANG', 'portuguese_br')
 3 APPPATH/Controllers/DynamicController.php(41): App\Controllers\CronJob->__construct()
 4 SYSTEMPATH/CodeIgniter.php(933): App\Controllers\DynamicController->execute('CronJob', 'envia_avisos')
 5 SYSTEMPATH/CodeIgniter.php(509): CodeIgniter\CodeIgniter->runController(Object(App\Controllers\DynamicController))
 6 SYSTEMPATH/CodeIgniter.php(355): CodeIgniter\CodeIgniter->handleRequest(null, Object(Config\Cache), false)
 7 SYSTEMPATH/Boot.php(325): CodeIgniter\CodeIgniter->run()
 8 SYSTEMPATH/Boot.php(67): CodeIgniter\Boot::runCodeIgniter(Object(CodeIgniter\CodeIgniter))
 9 FCPATH/index.php(56): CodeIgniter\Boot::bootWeb(Object(Config\Paths))
CRITICAL - 2024-09-26 22:00:02 --> ErrorException: Constant LANG already defined
[Method: GET, Route: CronJob/envia_avisos]
in APPPATH/Controllers/CronJob.php on line 18.
 1 [internal function]: CodeIgniter\Debug\Exceptions->errorHandler(2, 'Constant LANG already defined', '/home/next0355/dev.next1crm.com.br/app/Controllers/CronJob.php', 18)
 2 APPPATH/Controllers/CronJob.php(18): define('LANG', 'portuguese_br')
 3 APPPATH/Controllers/DynamicController.php(41): App\Controllers\CronJob->__construct()
 4 SYSTEMPATH/CodeIgniter.php(933): App\Controllers\DynamicController->execute('CronJob', 'envia_avisos')
 5 SYSTEMPATH/CodeIgniter.php(509): CodeIgniter\CodeIgniter->runController(Object(App\Controllers\DynamicController))
 6 SYSTEMPATH/CodeIgniter.php(355): CodeIgniter\CodeIgniter->handleRequest(null, Object(Config\Cache), false)
 7 SYSTEMPATH/Boot.php(325): CodeIgniter\CodeIgniter->run()
 8 SYSTEMPATH/Boot.php(67): CodeIgniter\Boot::runCodeIgniter(Object(CodeIgniter\CodeIgniter))
 9 FCPATH/index.php(56): CodeIgniter\Boot::bootWeb(Object(Config\Paths))
CRITICAL - 2024-09-26 22:15:02 --> ErrorException: Constant LANG already defined
[Method: GET, Route: CronJob/envia_avisos]
in APPPATH/Controllers/CronJob.php on line 18.
 1 [internal function]: CodeIgniter\Debug\Exceptions->errorHandler(2, 'Constant LANG already defined', '/home/next0355/dev.next1crm.com.br/app/Controllers/CronJob.php', 18)
 2 APPPATH/Controllers/CronJob.php(18): define('LANG', 'portuguese_br')
 3 APPPATH/Controllers/DynamicController.php(41): App\Controllers\CronJob->__construct()
 4 SYSTEMPATH/CodeIgniter.php(933): App\Controllers\DynamicController->execute('CronJob', 'envia_avisos')
 5 SYSTEMPATH/CodeIgniter.php(509): CodeIgniter\CodeIgniter->runController(Object(App\Controllers\DynamicController))
 6 SYSTEMPATH/CodeIgniter.php(355): CodeIgniter\CodeIgniter->handleRequest(null, Object(Config\Cache), false)
 7 SYSTEMPATH/Boot.php(325): CodeIgniter\CodeIgniter->run()
 8 SYSTEMPATH/Boot.php(67): CodeIgniter\Boot::runCodeIgniter(Object(CodeIgniter\CodeIgniter))
 9 FCPATH/index.php(56): CodeIgniter\Boot::bootWeb(Object(Config\Paths))
CRITICAL - 2024-09-26 22:30:02 --> ErrorException: Constant LANG already defined
[Method: GET, Route: CronJob/envia_avisos]
in APPPATH/Controllers/CronJob.php on line 18.
 1 [internal function]: CodeIgniter\Debug\Exceptions->errorHandler(2, 'Constant LANG already defined', '/home/next0355/dev.next1crm.com.br/app/Controllers/CronJob.php', 18)
 2 APPPATH/Controllers/CronJob.php(18): define('LANG', 'portuguese_br')
 3 APPPATH/Controllers/DynamicController.php(41): App\Controllers\CronJob->__construct()
 4 SYSTEMPATH/CodeIgniter.php(933): App\Controllers\DynamicController->execute('CronJob', 'envia_avisos')
 5 SYSTEMPATH/CodeIgniter.php(509): CodeIgniter\CodeIgniter->runController(Object(App\Controllers\DynamicController))
 6 SYSTEMPATH/CodeIgniter.php(355): CodeIgniter\CodeIgniter->handleRequest(null, Object(Config\Cache), false)
 7 SYSTEMPATH/Boot.php(325): CodeIgniter\CodeIgniter->run()
 8 SYSTEMPATH/Boot.php(67): CodeIgniter\Boot::runCodeIgniter(Object(CodeIgniter\CodeIgniter))
 9 FCPATH/index.php(56): CodeIgniter\Boot::bootWeb(Object(Config\Paths))
CRITICAL - 2024-09-26 22:45:02 --> ErrorException: Constant LANG already defined
[Method: GET, Route: CronJob/envia_avisos]
in APPPATH/Controllers/CronJob.php on line 18.
 1 [internal function]: CodeIgniter\Debug\Exceptions->errorHandler(2, 'Constant LANG already defined', '/home/next0355/dev.next1crm.com.br/app/Controllers/CronJob.php', 18)
 2 APPPATH/Controllers/CronJob.php(18): define('LANG', 'portuguese_br')
 3 APPPATH/Controllers/DynamicController.php(41): App\Controllers\CronJob->__construct()
 4 SYSTEMPATH/CodeIgniter.php(933): App\Controllers\DynamicController->execute('CronJob', 'envia_avisos')
 5 SYSTEMPATH/CodeIgniter.php(509): CodeIgniter\CodeIgniter->runController(Object(App\Controllers\DynamicController))
 6 SYSTEMPATH/CodeIgniter.php(355): CodeIgniter\CodeIgniter->handleRequest(null, Object(Config\Cache), false)
 7 SYSTEMPATH/Boot.php(325): CodeIgniter\CodeIgniter->run()
 8 SYSTEMPATH/Boot.php(67): CodeIgniter\Boot::runCodeIgniter(Object(CodeIgniter\CodeIgniter))
 9 FCPATH/index.php(56): CodeIgniter\Boot::bootWeb(Object(Config\Paths))
CRITICAL - 2024-09-26 23:00:03 --> ErrorException: Constant LANG already defined
[Method: GET, Route: CronJob/envia_avisos]
in APPPATH/Controllers/CronJob.php on line 18.
 1 [internal function]: CodeIgniter\Debug\Exceptions->errorHandler(2, 'Constant LANG already defined', '/home/next0355/dev.next1crm.com.br/app/Controllers/CronJob.php', 18)
 2 APPPATH/Controllers/CronJob.php(18): define('LANG', 'portuguese_br')
 3 APPPATH/Controllers/DynamicController.php(41): App\Controllers\CronJob->__construct()
 4 SYSTEMPATH/CodeIgniter.php(933): App\Controllers\DynamicController->execute('CronJob', 'envia_avisos')
 5 SYSTEMPATH/CodeIgniter.php(509): CodeIgniter\CodeIgniter->runController(Object(App\Controllers\DynamicController))
 6 SYSTEMPATH/CodeIgniter.php(355): CodeIgniter\CodeIgniter->handleRequest(null, Object(Config\Cache), false)
 7 SYSTEMPATH/Boot.php(325): CodeIgniter\CodeIgniter->run()
 8 SYSTEMPATH/Boot.php(67): CodeIgniter\Boot::runCodeIgniter(Object(CodeIgniter\CodeIgniter))
 9 FCPATH/index.php(56): CodeIgniter\Boot::bootWeb(Object(Config\Paths))
CRITICAL - 2024-09-26 23:15:02 --> ErrorException: Constant LANG already defined
[Method: GET, Route: CronJob/envia_avisos]
in APPPATH/Controllers/CronJob.php on line 18.
 1 [internal function]: CodeIgniter\Debug\Exceptions->errorHandler(2, 'Constant LANG already defined', '/home/next0355/dev.next1crm.com.br/app/Controllers/CronJob.php', 18)
 2 APPPATH/Controllers/CronJob.php(18): define('LANG', 'portuguese_br')
 3 APPPATH/Controllers/DynamicController.php(41): App\Controllers\CronJob->__construct()
 4 SYSTEMPATH/CodeIgniter.php(933): App\Controllers\DynamicController->execute('CronJob', 'envia_avisos')
 5 SYSTEMPATH/CodeIgniter.php(509): CodeIgniter\CodeIgniter->runController(Object(App\Controllers\DynamicController))
 6 SYSTEMPATH/CodeIgniter.php(355): CodeIgniter\CodeIgniter->handleRequest(null, Object(Config\Cache), false)
 7 SYSTEMPATH/Boot.php(325): CodeIgniter\CodeIgniter->run()
 8 SYSTEMPATH/Boot.php(67): CodeIgniter\Boot::runCodeIgniter(Object(CodeIgniter\CodeIgniter))
 9 FCPATH/index.php(56): CodeIgniter\Boot::bootWeb(Object(Config\Paths))
CRITICAL - 2024-09-26 23:30:02 --> ErrorException: Constant LANG already defined
[Method: GET, Route: CronJob/envia_avisos]
in APPPATH/Controllers/CronJob.php on line 18.
 1 [internal function]: CodeIgniter\Debug\Exceptions->errorHandler(2, 'Constant LANG already defined', '/home/next0355/dev.next1crm.com.br/app/Controllers/CronJob.php', 18)
 2 APPPATH/Controllers/CronJob.php(18): define('LANG', 'portuguese_br')
 3 APPPATH/Controllers/DynamicController.php(41): App\Controllers\CronJob->__construct()
 4 SYSTEMPATH/CodeIgniter.php(933): App\Controllers\DynamicController->execute('CronJob', 'envia_avisos')
 5 SYSTEMPATH/CodeIgniter.php(509): CodeIgniter\CodeIgniter->runController(Object(App\Controllers\DynamicController))
 6 SYSTEMPATH/CodeIgniter.php(355): CodeIgniter\CodeIgniter->handleRequest(null, Object(Config\Cache), false)
 7 SYSTEMPATH/Boot.php(325): CodeIgniter\CodeIgniter->run()
 8 SYSTEMPATH/Boot.php(67): CodeIgniter\Boot::runCodeIgniter(Object(CodeIgniter\CodeIgniter))
 9 FCPATH/index.php(56): CodeIgniter\Boot::bootWeb(Object(Config\Paths))
CRITICAL - 2024-09-26 23:45:02 --> ErrorException: Constant LANG already defined
[Method: GET, Route: CronJob/envia_avisos]
in APPPATH/Controllers/CronJob.php on line 18.
 1 [internal function]: CodeIgniter\Debug\Exceptions->errorHandler(2, 'Constant LANG already defined', '/home/next0355/dev.next1crm.com.br/app/Controllers/CronJob.php', 18)
 2 APPPATH/Controllers/CronJob.php(18): define('LANG', 'portuguese_br')
 3 APPPATH/Controllers/DynamicController.php(41): App\Controllers\CronJob->__construct()
 4 SYSTEMPATH/CodeIgniter.php(933): App\Controllers\DynamicController->execute('CronJob', 'envia_avisos')
 5 SYSTEMPATH/CodeIgniter.php(509): CodeIgniter\CodeIgniter->runController(Object(App\Controllers\DynamicController))
 6 SYSTEMPATH/CodeIgniter.php(355): CodeIgniter\CodeIgniter->handleRequest(null, Object(Config\Cache), false)
 7 SYSTEMPATH/Boot.php(325): CodeIgniter\CodeIgniter->run()
 8 SYSTEMPATH/Boot.php(67): CodeIgniter\Boot::runCodeIgniter(Object(CodeIgniter\CodeIgniter))
 9 FCPATH/index.php(56): CodeIgniter\Boot::bootWeb(Object(Config\Paths))
