CRITICAL - 2024-09-29 00:00:02 --> ErrorException: Constant LANG already defined
[Method: GET, Route: CronJob/envia_avisos]
in APPPATH/Controllers/CronJob.php on line 18.
 1 [internal function]: CodeIgniter\Debug\Exceptions->errorHandler(2, 'Constant LANG already defined', '/home/next0355/dev.next1crm.com.br/app/Controllers/CronJob.php', 18)
 2 APPPATH/Controllers/CronJob.php(18): define('LANG', 'portuguese_br')
 3 APPPATH/Controllers/DynamicController.php(41): App\Controllers\CronJob->__construct()
 4 SYSTEMPATH/CodeIgniter.php(933): App\Controllers\DynamicController->execute('CronJob', 'envia_avisos')
 5 SYSTEMPATH/CodeIgniter.php(509): CodeIgniter\CodeIgniter->runController(Object(App\Controllers\DynamicController))
 6 SYSTEMPATH/CodeIgniter.php(355): CodeIgniter\CodeIgniter->handleRequest(null, Object(Config\Cache), false)
 7 SYSTEMPATH/Boot.php(325): CodeIgniter\CodeIgniter->run()
 8 SYSTEMPATH/Boot.php(67): CodeIgniter\Boot::runCodeIgniter(Object(CodeIgniter\CodeIgniter))
 9 FCPATH/index.php(56): CodeIgniter\Boot::bootWeb(Object(Config\Paths))
CRITICAL - 2024-09-29 00:15:02 --> ErrorException: Constant LANG already defined
[Method: GET, Route: CronJob/envia_avisos]
in APPPATH/Controllers/CronJob.php on line 18.
 1 [internal function]: CodeIgniter\Debug\Exceptions->errorHandler(2, 'Constant LANG already defined', '/home/next0355/dev.next1crm.com.br/app/Controllers/CronJob.php', 18)
 2 APPPATH/Controllers/CronJob.php(18): define('LANG', 'portuguese_br')
 3 APPPATH/Controllers/DynamicController.php(41): App\Controllers\CronJob->__construct()
 4 SYSTEMPATH/CodeIgniter.php(933): App\Controllers\DynamicController->execute('CronJob', 'envia_avisos')
 5 SYSTEMPATH/CodeIgniter.php(509): CodeIgniter\CodeIgniter->runController(Object(App\Controllers\DynamicController))
 6 SYSTEMPATH/CodeIgniter.php(355): CodeIgniter\CodeIgniter->handleRequest(null, Object(Config\Cache), false)
 7 SYSTEMPATH/Boot.php(325): CodeIgniter\CodeIgniter->run()
 8 SYSTEMPATH/Boot.php(67): CodeIgniter\Boot::runCodeIgniter(Object(CodeIgniter\CodeIgniter))
 9 FCPATH/index.php(56): CodeIgniter\Boot::bootWeb(Object(Config\Paths))
CRITICAL - 2024-09-29 00:30:02 --> ErrorException: Constant LANG already defined
[Method: GET, Route: CronJob/envia_avisos]
in APPPATH/Controllers/CronJob.php on line 18.
 1 [internal function]: CodeIgniter\Debug\Exceptions->errorHandler(2, 'Constant LANG already defined', '/home/next0355/dev.next1crm.com.br/app/Controllers/CronJob.php', 18)
 2 APPPATH/Controllers/CronJob.php(18): define('LANG', 'portuguese_br')
 3 APPPATH/Controllers/DynamicController.php(41): App\Controllers\CronJob->__construct()
 4 SYSTEMPATH/CodeIgniter.php(933): App\Controllers\DynamicController->execute('CronJob', 'envia_avisos')
 5 SYSTEMPATH/CodeIgniter.php(509): CodeIgniter\CodeIgniter->runController(Object(App\Controllers\DynamicController))
 6 SYSTEMPATH/CodeIgniter.php(355): CodeIgniter\CodeIgniter->handleRequest(null, Object(Config\Cache), false)
 7 SYSTEMPATH/Boot.php(325): CodeIgniter\CodeIgniter->run()
 8 SYSTEMPATH/Boot.php(67): CodeIgniter\Boot::runCodeIgniter(Object(CodeIgniter\CodeIgniter))
 9 FCPATH/index.php(56): CodeIgniter\Boot::bootWeb(Object(Config\Paths))
CRITICAL - 2024-09-29 00:45:02 --> ErrorException: Constant LANG already defined
[Method: GET, Route: CronJob/envia_avisos]
in APPPATH/Controllers/CronJob.php on line 18.
 1 [internal function]: CodeIgniter\Debug\Exceptions->errorHandler(2, 'Constant LANG already defined', '/home/next0355/dev.next1crm.com.br/app/Controllers/CronJob.php', 18)
 2 APPPATH/Controllers/CronJob.php(18): define('LANG', 'portuguese_br')
 3 APPPATH/Controllers/DynamicController.php(41): App\Controllers\CronJob->__construct()
 4 SYSTEMPATH/CodeIgniter.php(933): App\Controllers\DynamicController->execute('CronJob', 'envia_avisos')
 5 SYSTEMPATH/CodeIgniter.php(509): CodeIgniter\CodeIgniter->runController(Object(App\Controllers\DynamicController))
 6 SYSTEMPATH/CodeIgniter.php(355): CodeIgniter\CodeIgniter->handleRequest(null, Object(Config\Cache), false)
 7 SYSTEMPATH/Boot.php(325): CodeIgniter\CodeIgniter->run()
 8 SYSTEMPATH/Boot.php(67): CodeIgniter\Boot::runCodeIgniter(Object(CodeIgniter\CodeIgniter))
 9 FCPATH/index.php(56): CodeIgniter\Boot::bootWeb(Object(Config\Paths))
CRITICAL - 2024-09-29 01:00:02 --> ErrorException: Constant LANG already defined
[Method: GET, Route: CronJob/envia_avisos]
in APPPATH/Controllers/CronJob.php on line 18.
 1 [internal function]: CodeIgniter\Debug\Exceptions->errorHandler(2, 'Constant LANG already defined', '/home/next0355/dev.next1crm.com.br/app/Controllers/CronJob.php', 18)
 2 APPPATH/Controllers/CronJob.php(18): define('LANG', 'portuguese_br')
 3 APPPATH/Controllers/DynamicController.php(41): App\Controllers\CronJob->__construct()
 4 SYSTEMPATH/CodeIgniter.php(933): App\Controllers\DynamicController->execute('CronJob', 'envia_avisos')
 5 SYSTEMPATH/CodeIgniter.php(509): CodeIgniter\CodeIgniter->runController(Object(App\Controllers\DynamicController))
 6 SYSTEMPATH/CodeIgniter.php(355): CodeIgniter\CodeIgniter->handleRequest(null, Object(Config\Cache), false)
 7 SYSTEMPATH/Boot.php(325): CodeIgniter\CodeIgniter->run()
 8 SYSTEMPATH/Boot.php(67): CodeIgniter\Boot::runCodeIgniter(Object(CodeIgniter\CodeIgniter))
 9 FCPATH/index.php(56): CodeIgniter\Boot::bootWeb(Object(Config\Paths))
CRITICAL - 2024-09-29 01:15:02 --> ErrorException: Constant LANG already defined
[Method: GET, Route: CronJob/envia_avisos]
in APPPATH/Controllers/CronJob.php on line 18.
 1 [internal function]: CodeIgniter\Debug\Exceptions->errorHandler(2, 'Constant LANG already defined', '/home/next0355/dev.next1crm.com.br/app/Controllers/CronJob.php', 18)
 2 APPPATH/Controllers/CronJob.php(18): define('LANG', 'portuguese_br')
 3 APPPATH/Controllers/DynamicController.php(41): App\Controllers\CronJob->__construct()
 4 SYSTEMPATH/CodeIgniter.php(933): App\Controllers\DynamicController->execute('CronJob', 'envia_avisos')
 5 SYSTEMPATH/CodeIgniter.php(509): CodeIgniter\CodeIgniter->runController(Object(App\Controllers\DynamicController))
 6 SYSTEMPATH/CodeIgniter.php(355): CodeIgniter\CodeIgniter->handleRequest(null, Object(Config\Cache), false)
 7 SYSTEMPATH/Boot.php(325): CodeIgniter\CodeIgniter->run()
 8 SYSTEMPATH/Boot.php(67): CodeIgniter\Boot::runCodeIgniter(Object(CodeIgniter\CodeIgniter))
 9 FCPATH/index.php(56): CodeIgniter\Boot::bootWeb(Object(Config\Paths))
CRITICAL - 2024-09-29 01:30:02 --> ErrorException: Constant LANG already defined
[Method: GET, Route: CronJob/envia_avisos]
in APPPATH/Controllers/CronJob.php on line 18.
 1 [internal function]: CodeIgniter\Debug\Exceptions->errorHandler(2, 'Constant LANG already defined', '/home/next0355/dev.next1crm.com.br/app/Controllers/CronJob.php', 18)
 2 APPPATH/Controllers/CronJob.php(18): define('LANG', 'portuguese_br')
 3 APPPATH/Controllers/DynamicController.php(41): App\Controllers\CronJob->__construct()
 4 SYSTEMPATH/CodeIgniter.php(933): App\Controllers\DynamicController->execute('CronJob', 'envia_avisos')
 5 SYSTEMPATH/CodeIgniter.php(509): CodeIgniter\CodeIgniter->runController(Object(App\Controllers\DynamicController))
 6 SYSTEMPATH/CodeIgniter.php(355): CodeIgniter\CodeIgniter->handleRequest(null, Object(Config\Cache), false)
 7 SYSTEMPATH/Boot.php(325): CodeIgniter\CodeIgniter->run()
 8 SYSTEMPATH/Boot.php(67): CodeIgniter\Boot::runCodeIgniter(Object(CodeIgniter\CodeIgniter))
 9 FCPATH/index.php(56): CodeIgniter\Boot::bootWeb(Object(Config\Paths))
CRITICAL - 2024-09-29 01:45:02 --> ErrorException: Constant LANG already defined
[Method: GET, Route: CronJob/envia_avisos]
in APPPATH/Controllers/CronJob.php on line 18.
 1 [internal function]: CodeIgniter\Debug\Exceptions->errorHandler(2, 'Constant LANG already defined', '/home/next0355/dev.next1crm.com.br/app/Controllers/CronJob.php', 18)
 2 APPPATH/Controllers/CronJob.php(18): define('LANG', 'portuguese_br')
 3 APPPATH/Controllers/DynamicController.php(41): App\Controllers\CronJob->__construct()
 4 SYSTEMPATH/CodeIgniter.php(933): App\Controllers\DynamicController->execute('CronJob', 'envia_avisos')
 5 SYSTEMPATH/CodeIgniter.php(509): CodeIgniter\CodeIgniter->runController(Object(App\Controllers\DynamicController))
 6 SYSTEMPATH/CodeIgniter.php(355): CodeIgniter\CodeIgniter->handleRequest(null, Object(Config\Cache), false)
 7 SYSTEMPATH/Boot.php(325): CodeIgniter\CodeIgniter->run()
 8 SYSTEMPATH/Boot.php(67): CodeIgniter\Boot::runCodeIgniter(Object(CodeIgniter\CodeIgniter))
 9 FCPATH/index.php(56): CodeIgniter\Boot::bootWeb(Object(Config\Paths))
CRITICAL - 2024-09-29 02:00:02 --> ErrorException: Constant LANG already defined
[Method: GET, Route: CronJob/envia_avisos]
in APPPATH/Controllers/CronJob.php on line 18.
 1 [internal function]: CodeIgniter\Debug\Exceptions->errorHandler(2, 'Constant LANG already defined', '/home/next0355/dev.next1crm.com.br/app/Controllers/CronJob.php', 18)
 2 APPPATH/Controllers/CronJob.php(18): define('LANG', 'portuguese_br')
 3 APPPATH/Controllers/DynamicController.php(41): App\Controllers\CronJob->__construct()
 4 SYSTEMPATH/CodeIgniter.php(933): App\Controllers\DynamicController->execute('CronJob', 'envia_avisos')
 5 SYSTEMPATH/CodeIgniter.php(509): CodeIgniter\CodeIgniter->runController(Object(App\Controllers\DynamicController))
 6 SYSTEMPATH/CodeIgniter.php(355): CodeIgniter\CodeIgniter->handleRequest(null, Object(Config\Cache), false)
 7 SYSTEMPATH/Boot.php(325): CodeIgniter\CodeIgniter->run()
 8 SYSTEMPATH/Boot.php(67): CodeIgniter\Boot::runCodeIgniter(Object(CodeIgniter\CodeIgniter))
 9 FCPATH/index.php(56): CodeIgniter\Boot::bootWeb(Object(Config\Paths))
CRITICAL - 2024-09-29 02:15:02 --> ErrorException: Constant LANG already defined
[Method: GET, Route: CronJob/envia_avisos]
in APPPATH/Controllers/CronJob.php on line 18.
 1 [internal function]: CodeIgniter\Debug\Exceptions->errorHandler(2, 'Constant LANG already defined', '/home/next0355/dev.next1crm.com.br/app/Controllers/CronJob.php', 18)
 2 APPPATH/Controllers/CronJob.php(18): define('LANG', 'portuguese_br')
 3 APPPATH/Controllers/DynamicController.php(41): App\Controllers\CronJob->__construct()
 4 SYSTEMPATH/CodeIgniter.php(933): App\Controllers\DynamicController->execute('CronJob', 'envia_avisos')
 5 SYSTEMPATH/CodeIgniter.php(509): CodeIgniter\CodeIgniter->runController(Object(App\Controllers\DynamicController))
 6 SYSTEMPATH/CodeIgniter.php(355): CodeIgniter\CodeIgniter->handleRequest(null, Object(Config\Cache), false)
 7 SYSTEMPATH/Boot.php(325): CodeIgniter\CodeIgniter->run()
 8 SYSTEMPATH/Boot.php(67): CodeIgniter\Boot::runCodeIgniter(Object(CodeIgniter\CodeIgniter))
 9 FCPATH/index.php(56): CodeIgniter\Boot::bootWeb(Object(Config\Paths))
CRITICAL - 2024-09-29 02:30:03 --> ErrorException: Constant LANG already defined
[Method: GET, Route: CronJob/envia_avisos]
in APPPATH/Controllers/CronJob.php on line 18.
 1 [internal function]: CodeIgniter\Debug\Exceptions->errorHandler(2, 'Constant LANG already defined', '/home/next0355/dev.next1crm.com.br/app/Controllers/CronJob.php', 18)
 2 APPPATH/Controllers/CronJob.php(18): define('LANG', 'portuguese_br')
 3 APPPATH/Controllers/DynamicController.php(41): App\Controllers\CronJob->__construct()
 4 SYSTEMPATH/CodeIgniter.php(933): App\Controllers\DynamicController->execute('CronJob', 'envia_avisos')
 5 SYSTEMPATH/CodeIgniter.php(509): CodeIgniter\CodeIgniter->runController(Object(App\Controllers\DynamicController))
 6 SYSTEMPATH/CodeIgniter.php(355): CodeIgniter\CodeIgniter->handleRequest(null, Object(Config\Cache), false)
 7 SYSTEMPATH/Boot.php(325): CodeIgniter\CodeIgniter->run()
 8 SYSTEMPATH/Boot.php(67): CodeIgniter\Boot::runCodeIgniter(Object(CodeIgniter\CodeIgniter))
 9 FCPATH/index.php(56): CodeIgniter\Boot::bootWeb(Object(Config\Paths))
CRITICAL - 2024-09-29 02:45:02 --> ErrorException: Constant LANG already defined
[Method: GET, Route: CronJob/envia_avisos]
in APPPATH/Controllers/CronJob.php on line 18.
 1 [internal function]: CodeIgniter\Debug\Exceptions->errorHandler(2, 'Constant LANG already defined', '/home/next0355/dev.next1crm.com.br/app/Controllers/CronJob.php', 18)
 2 APPPATH/Controllers/CronJob.php(18): define('LANG', 'portuguese_br')
 3 APPPATH/Controllers/DynamicController.php(41): App\Controllers\CronJob->__construct()
 4 SYSTEMPATH/CodeIgniter.php(933): App\Controllers\DynamicController->execute('CronJob', 'envia_avisos')
 5 SYSTEMPATH/CodeIgniter.php(509): CodeIgniter\CodeIgniter->runController(Object(App\Controllers\DynamicController))
 6 SYSTEMPATH/CodeIgniter.php(355): CodeIgniter\CodeIgniter->handleRequest(null, Object(Config\Cache), false)
 7 SYSTEMPATH/Boot.php(325): CodeIgniter\CodeIgniter->run()
 8 SYSTEMPATH/Boot.php(67): CodeIgniter\Boot::runCodeIgniter(Object(CodeIgniter\CodeIgniter))
 9 FCPATH/index.php(56): CodeIgniter\Boot::bootWeb(Object(Config\Paths))
CRITICAL - 2024-09-29 03:00:02 --> ErrorException: Constant LANG already defined
[Method: GET, Route: CronJob/envia_avisos]
in APPPATH/Controllers/CronJob.php on line 18.
 1 [internal function]: CodeIgniter\Debug\Exceptions->errorHandler(2, 'Constant LANG already defined', '/home/next0355/dev.next1crm.com.br/app/Controllers/CronJob.php', 18)
 2 APPPATH/Controllers/CronJob.php(18): define('LANG', 'portuguese_br')
 3 APPPATH/Controllers/DynamicController.php(41): App\Controllers\CronJob->__construct()
 4 SYSTEMPATH/CodeIgniter.php(933): App\Controllers\DynamicController->execute('CronJob', 'envia_avisos')
 5 SYSTEMPATH/CodeIgniter.php(509): CodeIgniter\CodeIgniter->runController(Object(App\Controllers\DynamicController))
 6 SYSTEMPATH/CodeIgniter.php(355): CodeIgniter\CodeIgniter->handleRequest(null, Object(Config\Cache), false)
 7 SYSTEMPATH/Boot.php(325): CodeIgniter\CodeIgniter->run()
 8 SYSTEMPATH/Boot.php(67): CodeIgniter\Boot::runCodeIgniter(Object(CodeIgniter\CodeIgniter))
 9 FCPATH/index.php(56): CodeIgniter\Boot::bootWeb(Object(Config\Paths))
CRITICAL - 2024-09-29 03:15:03 --> ErrorException: Constant LANG already defined
[Method: GET, Route: CronJob/envia_avisos]
in APPPATH/Controllers/CronJob.php on line 18.
 1 [internal function]: CodeIgniter\Debug\Exceptions->errorHandler(2, 'Constant LANG already defined', '/home/next0355/dev.next1crm.com.br/app/Controllers/CronJob.php', 18)
 2 APPPATH/Controllers/CronJob.php(18): define('LANG', 'portuguese_br')
 3 APPPATH/Controllers/DynamicController.php(41): App\Controllers\CronJob->__construct()
 4 SYSTEMPATH/CodeIgniter.php(933): App\Controllers\DynamicController->execute('CronJob', 'envia_avisos')
 5 SYSTEMPATH/CodeIgniter.php(509): CodeIgniter\CodeIgniter->runController(Object(App\Controllers\DynamicController))
 6 SYSTEMPATH/CodeIgniter.php(355): CodeIgniter\CodeIgniter->handleRequest(null, Object(Config\Cache), false)
 7 SYSTEMPATH/Boot.php(325): CodeIgniter\CodeIgniter->run()
 8 SYSTEMPATH/Boot.php(67): CodeIgniter\Boot::runCodeIgniter(Object(CodeIgniter\CodeIgniter))
 9 FCPATH/index.php(56): CodeIgniter\Boot::bootWeb(Object(Config\Paths))
CRITICAL - 2024-09-29 03:30:03 --> ErrorException: Constant LANG already defined
[Method: GET, Route: CronJob/envia_avisos]
in APPPATH/Controllers/CronJob.php on line 18.
 1 [internal function]: CodeIgniter\Debug\Exceptions->errorHandler(2, 'Constant LANG already defined', '/home/next0355/dev.next1crm.com.br/app/Controllers/CronJob.php', 18)
 2 APPPATH/Controllers/CronJob.php(18): define('LANG', 'portuguese_br')
 3 APPPATH/Controllers/DynamicController.php(41): App\Controllers\CronJob->__construct()
 4 SYSTEMPATH/CodeIgniter.php(933): App\Controllers\DynamicController->execute('CronJob', 'envia_avisos')
 5 SYSTEMPATH/CodeIgniter.php(509): CodeIgniter\CodeIgniter->runController(Object(App\Controllers\DynamicController))
 6 SYSTEMPATH/CodeIgniter.php(355): CodeIgniter\CodeIgniter->handleRequest(null, Object(Config\Cache), false)
 7 SYSTEMPATH/Boot.php(325): CodeIgniter\CodeIgniter->run()
 8 SYSTEMPATH/Boot.php(67): CodeIgniter\Boot::runCodeIgniter(Object(CodeIgniter\CodeIgniter))
 9 FCPATH/index.php(56): CodeIgniter\Boot::bootWeb(Object(Config\Paths))
CRITICAL - 2024-09-29 03:45:02 --> ErrorException: Constant LANG already defined
[Method: GET, Route: CronJob/envia_avisos]
in APPPATH/Controllers/CronJob.php on line 18.
 1 [internal function]: CodeIgniter\Debug\Exceptions->errorHandler(2, 'Constant LANG already defined', '/home/next0355/dev.next1crm.com.br/app/Controllers/CronJob.php', 18)
 2 APPPATH/Controllers/CronJob.php(18): define('LANG', 'portuguese_br')
 3 APPPATH/Controllers/DynamicController.php(41): App\Controllers\CronJob->__construct()
 4 SYSTEMPATH/CodeIgniter.php(933): App\Controllers\DynamicController->execute('CronJob', 'envia_avisos')
 5 SYSTEMPATH/CodeIgniter.php(509): CodeIgniter\CodeIgniter->runController(Object(App\Controllers\DynamicController))
 6 SYSTEMPATH/CodeIgniter.php(355): CodeIgniter\CodeIgniter->handleRequest(null, Object(Config\Cache), false)
 7 SYSTEMPATH/Boot.php(325): CodeIgniter\CodeIgniter->run()
 8 SYSTEMPATH/Boot.php(67): CodeIgniter\Boot::runCodeIgniter(Object(CodeIgniter\CodeIgniter))
 9 FCPATH/index.php(56): CodeIgniter\Boot::bootWeb(Object(Config\Paths))
CRITICAL - 2024-09-29 04:00:02 --> ErrorException: Constant LANG already defined
[Method: GET, Route: CronJob/envia_avisos]
in APPPATH/Controllers/CronJob.php on line 18.
 1 [internal function]: CodeIgniter\Debug\Exceptions->errorHandler(2, 'Constant LANG already defined', '/home/next0355/dev.next1crm.com.br/app/Controllers/CronJob.php', 18)
 2 APPPATH/Controllers/CronJob.php(18): define('LANG', 'portuguese_br')
 3 APPPATH/Controllers/DynamicController.php(41): App\Controllers\CronJob->__construct()
 4 SYSTEMPATH/CodeIgniter.php(933): App\Controllers\DynamicController->execute('CronJob', 'envia_avisos')
 5 SYSTEMPATH/CodeIgniter.php(509): CodeIgniter\CodeIgniter->runController(Object(App\Controllers\DynamicController))
 6 SYSTEMPATH/CodeIgniter.php(355): CodeIgniter\CodeIgniter->handleRequest(null, Object(Config\Cache), false)
 7 SYSTEMPATH/Boot.php(325): CodeIgniter\CodeIgniter->run()
 8 SYSTEMPATH/Boot.php(67): CodeIgniter\Boot::runCodeIgniter(Object(CodeIgniter\CodeIgniter))
 9 FCPATH/index.php(56): CodeIgniter\Boot::bootWeb(Object(Config\Paths))
CRITICAL - 2024-09-29 04:15:02 --> ErrorException: Constant LANG already defined
[Method: GET, Route: CronJob/envia_avisos]
in APPPATH/Controllers/CronJob.php on line 18.
 1 [internal function]: CodeIgniter\Debug\Exceptions->errorHandler(2, 'Constant LANG already defined', '/home/next0355/dev.next1crm.com.br/app/Controllers/CronJob.php', 18)
 2 APPPATH/Controllers/CronJob.php(18): define('LANG', 'portuguese_br')
 3 APPPATH/Controllers/DynamicController.php(41): App\Controllers\CronJob->__construct()
 4 SYSTEMPATH/CodeIgniter.php(933): App\Controllers\DynamicController->execute('CronJob', 'envia_avisos')
 5 SYSTEMPATH/CodeIgniter.php(509): CodeIgniter\CodeIgniter->runController(Object(App\Controllers\DynamicController))
 6 SYSTEMPATH/CodeIgniter.php(355): CodeIgniter\CodeIgniter->handleRequest(null, Object(Config\Cache), false)
 7 SYSTEMPATH/Boot.php(325): CodeIgniter\CodeIgniter->run()
 8 SYSTEMPATH/Boot.php(67): CodeIgniter\Boot::runCodeIgniter(Object(CodeIgniter\CodeIgniter))
 9 FCPATH/index.php(56): CodeIgniter\Boot::bootWeb(Object(Config\Paths))
CRITICAL - 2024-09-29 04:30:02 --> ErrorException: Constant LANG already defined
[Method: GET, Route: CronJob/envia_avisos]
in APPPATH/Controllers/CronJob.php on line 18.
 1 [internal function]: CodeIgniter\Debug\Exceptions->errorHandler(2, 'Constant LANG already defined', '/home/next0355/dev.next1crm.com.br/app/Controllers/CronJob.php', 18)
 2 APPPATH/Controllers/CronJob.php(18): define('LANG', 'portuguese_br')
 3 APPPATH/Controllers/DynamicController.php(41): App\Controllers\CronJob->__construct()
 4 SYSTEMPATH/CodeIgniter.php(933): App\Controllers\DynamicController->execute('CronJob', 'envia_avisos')
 5 SYSTEMPATH/CodeIgniter.php(509): CodeIgniter\CodeIgniter->runController(Object(App\Controllers\DynamicController))
 6 SYSTEMPATH/CodeIgniter.php(355): CodeIgniter\CodeIgniter->handleRequest(null, Object(Config\Cache), false)
 7 SYSTEMPATH/Boot.php(325): CodeIgniter\CodeIgniter->run()
 8 SYSTEMPATH/Boot.php(67): CodeIgniter\Boot::runCodeIgniter(Object(CodeIgniter\CodeIgniter))
 9 FCPATH/index.php(56): CodeIgniter\Boot::bootWeb(Object(Config\Paths))
CRITICAL - 2024-09-29 04:45:03 --> ErrorException: Constant LANG already defined
[Method: GET, Route: CronJob/envia_avisos]
in APPPATH/Controllers/CronJob.php on line 18.
 1 [internal function]: CodeIgniter\Debug\Exceptions->errorHandler(2, 'Constant LANG already defined', '/home/next0355/dev.next1crm.com.br/app/Controllers/CronJob.php', 18)
 2 APPPATH/Controllers/CronJob.php(18): define('LANG', 'portuguese_br')
 3 APPPATH/Controllers/DynamicController.php(41): App\Controllers\CronJob->__construct()
 4 SYSTEMPATH/CodeIgniter.php(933): App\Controllers\DynamicController->execute('CronJob', 'envia_avisos')
 5 SYSTEMPATH/CodeIgniter.php(509): CodeIgniter\CodeIgniter->runController(Object(App\Controllers\DynamicController))
 6 SYSTEMPATH/CodeIgniter.php(355): CodeIgniter\CodeIgniter->handleRequest(null, Object(Config\Cache), false)
 7 SYSTEMPATH/Boot.php(325): CodeIgniter\CodeIgniter->run()
 8 SYSTEMPATH/Boot.php(67): CodeIgniter\Boot::runCodeIgniter(Object(CodeIgniter\CodeIgniter))
 9 FCPATH/index.php(56): CodeIgniter\Boot::bootWeb(Object(Config\Paths))
CRITICAL - 2024-09-29 05:00:02 --> ErrorException: Constant LANG already defined
[Method: GET, Route: CronJob/envia_avisos]
in APPPATH/Controllers/CronJob.php on line 18.
 1 [internal function]: CodeIgniter\Debug\Exceptions->errorHandler(2, 'Constant LANG already defined', '/home/next0355/dev.next1crm.com.br/app/Controllers/CronJob.php', 18)
 2 APPPATH/Controllers/CronJob.php(18): define('LANG', 'portuguese_br')
 3 APPPATH/Controllers/DynamicController.php(41): App\Controllers\CronJob->__construct()
 4 SYSTEMPATH/CodeIgniter.php(933): App\Controllers\DynamicController->execute('CronJob', 'envia_avisos')
 5 SYSTEMPATH/CodeIgniter.php(509): CodeIgniter\CodeIgniter->runController(Object(App\Controllers\DynamicController))
 6 SYSTEMPATH/CodeIgniter.php(355): CodeIgniter\CodeIgniter->handleRequest(null, Object(Config\Cache), false)
 7 SYSTEMPATH/Boot.php(325): CodeIgniter\CodeIgniter->run()
 8 SYSTEMPATH/Boot.php(67): CodeIgniter\Boot::runCodeIgniter(Object(CodeIgniter\CodeIgniter))
 9 FCPATH/index.php(56): CodeIgniter\Boot::bootWeb(Object(Config\Paths))
CRITICAL - 2024-09-29 05:15:02 --> ErrorException: Constant LANG already defined
[Method: GET, Route: CronJob/envia_avisos]
in APPPATH/Controllers/CronJob.php on line 18.
 1 [internal function]: CodeIgniter\Debug\Exceptions->errorHandler(2, 'Constant LANG already defined', '/home/next0355/dev.next1crm.com.br/app/Controllers/CronJob.php', 18)
 2 APPPATH/Controllers/CronJob.php(18): define('LANG', 'portuguese_br')
 3 APPPATH/Controllers/DynamicController.php(41): App\Controllers\CronJob->__construct()
 4 SYSTEMPATH/CodeIgniter.php(933): App\Controllers\DynamicController->execute('CronJob', 'envia_avisos')
 5 SYSTEMPATH/CodeIgniter.php(509): CodeIgniter\CodeIgniter->runController(Object(App\Controllers\DynamicController))
 6 SYSTEMPATH/CodeIgniter.php(355): CodeIgniter\CodeIgniter->handleRequest(null, Object(Config\Cache), false)
 7 SYSTEMPATH/Boot.php(325): CodeIgniter\CodeIgniter->run()
 8 SYSTEMPATH/Boot.php(67): CodeIgniter\Boot::runCodeIgniter(Object(CodeIgniter\CodeIgniter))
 9 FCPATH/index.php(56): CodeIgniter\Boot::bootWeb(Object(Config\Paths))
CRITICAL - 2024-09-29 05:30:02 --> ErrorException: Constant LANG already defined
[Method: GET, Route: CronJob/envia_avisos]
in APPPATH/Controllers/CronJob.php on line 18.
 1 [internal function]: CodeIgniter\Debug\Exceptions->errorHandler(2, 'Constant LANG already defined', '/home/next0355/dev.next1crm.com.br/app/Controllers/CronJob.php', 18)
 2 APPPATH/Controllers/CronJob.php(18): define('LANG', 'portuguese_br')
 3 APPPATH/Controllers/DynamicController.php(41): App\Controllers\CronJob->__construct()
 4 SYSTEMPATH/CodeIgniter.php(933): App\Controllers\DynamicController->execute('CronJob', 'envia_avisos')
 5 SYSTEMPATH/CodeIgniter.php(509): CodeIgniter\CodeIgniter->runController(Object(App\Controllers\DynamicController))
 6 SYSTEMPATH/CodeIgniter.php(355): CodeIgniter\CodeIgniter->handleRequest(null, Object(Config\Cache), false)
 7 SYSTEMPATH/Boot.php(325): CodeIgniter\CodeIgniter->run()
 8 SYSTEMPATH/Boot.php(67): CodeIgniter\Boot::runCodeIgniter(Object(CodeIgniter\CodeIgniter))
 9 FCPATH/index.php(56): CodeIgniter\Boot::bootWeb(Object(Config\Paths))
CRITICAL - 2024-09-29 05:45:02 --> ErrorException: Constant LANG already defined
[Method: GET, Route: CronJob/envia_avisos]
in APPPATH/Controllers/CronJob.php on line 18.
 1 [internal function]: CodeIgniter\Debug\Exceptions->errorHandler(2, 'Constant LANG already defined', '/home/next0355/dev.next1crm.com.br/app/Controllers/CronJob.php', 18)
 2 APPPATH/Controllers/CronJob.php(18): define('LANG', 'portuguese_br')
 3 APPPATH/Controllers/DynamicController.php(41): App\Controllers\CronJob->__construct()
 4 SYSTEMPATH/CodeIgniter.php(933): App\Controllers\DynamicController->execute('CronJob', 'envia_avisos')
 5 SYSTEMPATH/CodeIgniter.php(509): CodeIgniter\CodeIgniter->runController(Object(App\Controllers\DynamicController))
 6 SYSTEMPATH/CodeIgniter.php(355): CodeIgniter\CodeIgniter->handleRequest(null, Object(Config\Cache), false)
 7 SYSTEMPATH/Boot.php(325): CodeIgniter\CodeIgniter->run()
 8 SYSTEMPATH/Boot.php(67): CodeIgniter\Boot::runCodeIgniter(Object(CodeIgniter\CodeIgniter))
 9 FCPATH/index.php(56): CodeIgniter\Boot::bootWeb(Object(Config\Paths))
CRITICAL - 2024-09-29 06:00:02 --> ErrorException: Constant LANG already defined
[Method: GET, Route: CronJob/envia_avisos]
in APPPATH/Controllers/CronJob.php on line 18.
 1 [internal function]: CodeIgniter\Debug\Exceptions->errorHandler(2, 'Constant LANG already defined', '/home/next0355/dev.next1crm.com.br/app/Controllers/CronJob.php', 18)
 2 APPPATH/Controllers/CronJob.php(18): define('LANG', 'portuguese_br')
 3 APPPATH/Controllers/DynamicController.php(41): App\Controllers\CronJob->__construct()
 4 SYSTEMPATH/CodeIgniter.php(933): App\Controllers\DynamicController->execute('CronJob', 'envia_avisos')
 5 SYSTEMPATH/CodeIgniter.php(509): CodeIgniter\CodeIgniter->runController(Object(App\Controllers\DynamicController))
 6 SYSTEMPATH/CodeIgniter.php(355): CodeIgniter\CodeIgniter->handleRequest(null, Object(Config\Cache), false)
 7 SYSTEMPATH/Boot.php(325): CodeIgniter\CodeIgniter->run()
 8 SYSTEMPATH/Boot.php(67): CodeIgniter\Boot::runCodeIgniter(Object(CodeIgniter\CodeIgniter))
 9 FCPATH/index.php(56): CodeIgniter\Boot::bootWeb(Object(Config\Paths))
CRITICAL - 2024-09-29 06:15:02 --> ErrorException: Constant LANG already defined
[Method: GET, Route: CronJob/envia_avisos]
in APPPATH/Controllers/CronJob.php on line 18.
 1 [internal function]: CodeIgniter\Debug\Exceptions->errorHandler(2, 'Constant LANG already defined', '/home/next0355/dev.next1crm.com.br/app/Controllers/CronJob.php', 18)
 2 APPPATH/Controllers/CronJob.php(18): define('LANG', 'portuguese_br')
 3 APPPATH/Controllers/DynamicController.php(41): App\Controllers\CronJob->__construct()
 4 SYSTEMPATH/CodeIgniter.php(933): App\Controllers\DynamicController->execute('CronJob', 'envia_avisos')
 5 SYSTEMPATH/CodeIgniter.php(509): CodeIgniter\CodeIgniter->runController(Object(App\Controllers\DynamicController))
 6 SYSTEMPATH/CodeIgniter.php(355): CodeIgniter\CodeIgniter->handleRequest(null, Object(Config\Cache), false)
 7 SYSTEMPATH/Boot.php(325): CodeIgniter\CodeIgniter->run()
 8 SYSTEMPATH/Boot.php(67): CodeIgniter\Boot::runCodeIgniter(Object(CodeIgniter\CodeIgniter))
 9 FCPATH/index.php(56): CodeIgniter\Boot::bootWeb(Object(Config\Paths))
CRITICAL - 2024-09-29 06:30:03 --> ErrorException: Constant LANG already defined
[Method: GET, Route: CronJob/envia_avisos]
in APPPATH/Controllers/CronJob.php on line 18.
 1 [internal function]: CodeIgniter\Debug\Exceptions->errorHandler(2, 'Constant LANG already defined', '/home/next0355/dev.next1crm.com.br/app/Controllers/CronJob.php', 18)
 2 APPPATH/Controllers/CronJob.php(18): define('LANG', 'portuguese_br')
 3 APPPATH/Controllers/DynamicController.php(41): App\Controllers\CronJob->__construct()
 4 SYSTEMPATH/CodeIgniter.php(933): App\Controllers\DynamicController->execute('CronJob', 'envia_avisos')
 5 SYSTEMPATH/CodeIgniter.php(509): CodeIgniter\CodeIgniter->runController(Object(App\Controllers\DynamicController))
 6 SYSTEMPATH/CodeIgniter.php(355): CodeIgniter\CodeIgniter->handleRequest(null, Object(Config\Cache), false)
 7 SYSTEMPATH/Boot.php(325): CodeIgniter\CodeIgniter->run()
 8 SYSTEMPATH/Boot.php(67): CodeIgniter\Boot::runCodeIgniter(Object(CodeIgniter\CodeIgniter))
 9 FCPATH/index.php(56): CodeIgniter\Boot::bootWeb(Object(Config\Paths))
CRITICAL - 2024-09-29 06:45:02 --> ErrorException: Constant LANG already defined
[Method: GET, Route: CronJob/envia_avisos]
in APPPATH/Controllers/CronJob.php on line 18.
 1 [internal function]: CodeIgniter\Debug\Exceptions->errorHandler(2, 'Constant LANG already defined', '/home/next0355/dev.next1crm.com.br/app/Controllers/CronJob.php', 18)
 2 APPPATH/Controllers/CronJob.php(18): define('LANG', 'portuguese_br')
 3 APPPATH/Controllers/DynamicController.php(41): App\Controllers\CronJob->__construct()
 4 SYSTEMPATH/CodeIgniter.php(933): App\Controllers\DynamicController->execute('CronJob', 'envia_avisos')
 5 SYSTEMPATH/CodeIgniter.php(509): CodeIgniter\CodeIgniter->runController(Object(App\Controllers\DynamicController))
 6 SYSTEMPATH/CodeIgniter.php(355): CodeIgniter\CodeIgniter->handleRequest(null, Object(Config\Cache), false)
 7 SYSTEMPATH/Boot.php(325): CodeIgniter\CodeIgniter->run()
 8 SYSTEMPATH/Boot.php(67): CodeIgniter\Boot::runCodeIgniter(Object(CodeIgniter\CodeIgniter))
 9 FCPATH/index.php(56): CodeIgniter\Boot::bootWeb(Object(Config\Paths))
CRITICAL - 2024-09-29 07:00:03 --> ErrorException: Constant LANG already defined
[Method: GET, Route: CronJob/envia_avisos]
in APPPATH/Controllers/CronJob.php on line 18.
 1 [internal function]: CodeIgniter\Debug\Exceptions->errorHandler(2, 'Constant LANG already defined', '/home/next0355/dev.next1crm.com.br/app/Controllers/CronJob.php', 18)
 2 APPPATH/Controllers/CronJob.php(18): define('LANG', 'portuguese_br')
 3 APPPATH/Controllers/DynamicController.php(41): App\Controllers\CronJob->__construct()
 4 SYSTEMPATH/CodeIgniter.php(933): App\Controllers\DynamicController->execute('CronJob', 'envia_avisos')
 5 SYSTEMPATH/CodeIgniter.php(509): CodeIgniter\CodeIgniter->runController(Object(App\Controllers\DynamicController))
 6 SYSTEMPATH/CodeIgniter.php(355): CodeIgniter\CodeIgniter->handleRequest(null, Object(Config\Cache), false)
 7 SYSTEMPATH/Boot.php(325): CodeIgniter\CodeIgniter->run()
 8 SYSTEMPATH/Boot.php(67): CodeIgniter\Boot::runCodeIgniter(Object(CodeIgniter\CodeIgniter))
 9 FCPATH/index.php(56): CodeIgniter\Boot::bootWeb(Object(Config\Paths))
CRITICAL - 2024-09-29 07:15:02 --> ErrorException: Constant LANG already defined
[Method: GET, Route: CronJob/envia_avisos]
in APPPATH/Controllers/CronJob.php on line 18.
 1 [internal function]: CodeIgniter\Debug\Exceptions->errorHandler(2, 'Constant LANG already defined', '/home/next0355/dev.next1crm.com.br/app/Controllers/CronJob.php', 18)
 2 APPPATH/Controllers/CronJob.php(18): define('LANG', 'portuguese_br')
 3 APPPATH/Controllers/DynamicController.php(41): App\Controllers\CronJob->__construct()
 4 SYSTEMPATH/CodeIgniter.php(933): App\Controllers\DynamicController->execute('CronJob', 'envia_avisos')
 5 SYSTEMPATH/CodeIgniter.php(509): CodeIgniter\CodeIgniter->runController(Object(App\Controllers\DynamicController))
 6 SYSTEMPATH/CodeIgniter.php(355): CodeIgniter\CodeIgniter->handleRequest(null, Object(Config\Cache), false)
 7 SYSTEMPATH/Boot.php(325): CodeIgniter\CodeIgniter->run()
 8 SYSTEMPATH/Boot.php(67): CodeIgniter\Boot::runCodeIgniter(Object(CodeIgniter\CodeIgniter))
 9 FCPATH/index.php(56): CodeIgniter\Boot::bootWeb(Object(Config\Paths))
CRITICAL - 2024-09-29 07:30:03 --> ErrorException: Constant LANG already defined
[Method: GET, Route: CronJob/envia_avisos]
in APPPATH/Controllers/CronJob.php on line 18.
 1 [internal function]: CodeIgniter\Debug\Exceptions->errorHandler(2, 'Constant LANG already defined', '/home/next0355/dev.next1crm.com.br/app/Controllers/CronJob.php', 18)
 2 APPPATH/Controllers/CronJob.php(18): define('LANG', 'portuguese_br')
 3 APPPATH/Controllers/DynamicController.php(41): App\Controllers\CronJob->__construct()
 4 SYSTEMPATH/CodeIgniter.php(933): App\Controllers\DynamicController->execute('CronJob', 'envia_avisos')
 5 SYSTEMPATH/CodeIgniter.php(509): CodeIgniter\CodeIgniter->runController(Object(App\Controllers\DynamicController))
 6 SYSTEMPATH/CodeIgniter.php(355): CodeIgniter\CodeIgniter->handleRequest(null, Object(Config\Cache), false)
 7 SYSTEMPATH/Boot.php(325): CodeIgniter\CodeIgniter->run()
 8 SYSTEMPATH/Boot.php(67): CodeIgniter\Boot::runCodeIgniter(Object(CodeIgniter\CodeIgniter))
 9 FCPATH/index.php(56): CodeIgniter\Boot::bootWeb(Object(Config\Paths))
CRITICAL - 2024-09-29 07:45:03 --> ErrorException: Constant LANG already defined
[Method: GET, Route: CronJob/envia_avisos]
in APPPATH/Controllers/CronJob.php on line 18.
 1 [internal function]: CodeIgniter\Debug\Exceptions->errorHandler(2, 'Constant LANG already defined', '/home/next0355/dev.next1crm.com.br/app/Controllers/CronJob.php', 18)
 2 APPPATH/Controllers/CronJob.php(18): define('LANG', 'portuguese_br')
 3 APPPATH/Controllers/DynamicController.php(41): App\Controllers\CronJob->__construct()
 4 SYSTEMPATH/CodeIgniter.php(933): App\Controllers\DynamicController->execute('CronJob', 'envia_avisos')
 5 SYSTEMPATH/CodeIgniter.php(509): CodeIgniter\CodeIgniter->runController(Object(App\Controllers\DynamicController))
 6 SYSTEMPATH/CodeIgniter.php(355): CodeIgniter\CodeIgniter->handleRequest(null, Object(Config\Cache), false)
 7 SYSTEMPATH/Boot.php(325): CodeIgniter\CodeIgniter->run()
 8 SYSTEMPATH/Boot.php(67): CodeIgniter\Boot::runCodeIgniter(Object(CodeIgniter\CodeIgniter))
 9 FCPATH/index.php(56): CodeIgniter\Boot::bootWeb(Object(Config\Paths))
CRITICAL - 2024-09-29 08:00:02 --> ErrorException: Constant LANG already defined
[Method: GET, Route: CronJob/envia_avisos]
in APPPATH/Controllers/CronJob.php on line 18.
 1 [internal function]: CodeIgniter\Debug\Exceptions->errorHandler(2, 'Constant LANG already defined', '/home/next0355/dev.next1crm.com.br/app/Controllers/CronJob.php', 18)
 2 APPPATH/Controllers/CronJob.php(18): define('LANG', 'portuguese_br')
 3 APPPATH/Controllers/DynamicController.php(41): App\Controllers\CronJob->__construct()
 4 SYSTEMPATH/CodeIgniter.php(933): App\Controllers\DynamicController->execute('CronJob', 'envia_avisos')
 5 SYSTEMPATH/CodeIgniter.php(509): CodeIgniter\CodeIgniter->runController(Object(App\Controllers\DynamicController))
 6 SYSTEMPATH/CodeIgniter.php(355): CodeIgniter\CodeIgniter->handleRequest(null, Object(Config\Cache), false)
 7 SYSTEMPATH/Boot.php(325): CodeIgniter\CodeIgniter->run()
 8 SYSTEMPATH/Boot.php(67): CodeIgniter\Boot::runCodeIgniter(Object(CodeIgniter\CodeIgniter))
 9 FCPATH/index.php(56): CodeIgniter\Boot::bootWeb(Object(Config\Paths))
CRITICAL - 2024-09-29 08:15:02 --> ErrorException: Constant LANG already defined
[Method: GET, Route: CronJob/envia_avisos]
in APPPATH/Controllers/CronJob.php on line 18.
 1 [internal function]: CodeIgniter\Debug\Exceptions->errorHandler(2, 'Constant LANG already defined', '/home/next0355/dev.next1crm.com.br/app/Controllers/CronJob.php', 18)
 2 APPPATH/Controllers/CronJob.php(18): define('LANG', 'portuguese_br')
 3 APPPATH/Controllers/DynamicController.php(41): App\Controllers\CronJob->__construct()
 4 SYSTEMPATH/CodeIgniter.php(933): App\Controllers\DynamicController->execute('CronJob', 'envia_avisos')
 5 SYSTEMPATH/CodeIgniter.php(509): CodeIgniter\CodeIgniter->runController(Object(App\Controllers\DynamicController))
 6 SYSTEMPATH/CodeIgniter.php(355): CodeIgniter\CodeIgniter->handleRequest(null, Object(Config\Cache), false)
 7 SYSTEMPATH/Boot.php(325): CodeIgniter\CodeIgniter->run()
 8 SYSTEMPATH/Boot.php(67): CodeIgniter\Boot::runCodeIgniter(Object(CodeIgniter\CodeIgniter))
 9 FCPATH/index.php(56): CodeIgniter\Boot::bootWeb(Object(Config\Paths))
CRITICAL - 2024-09-29 08:30:02 --> ErrorException: Constant LANG already defined
[Method: GET, Route: CronJob/envia_avisos]
in APPPATH/Controllers/CronJob.php on line 18.
 1 [internal function]: CodeIgniter\Debug\Exceptions->errorHandler(2, 'Constant LANG already defined', '/home/next0355/dev.next1crm.com.br/app/Controllers/CronJob.php', 18)
 2 APPPATH/Controllers/CronJob.php(18): define('LANG', 'portuguese_br')
 3 APPPATH/Controllers/DynamicController.php(41): App\Controllers\CronJob->__construct()
 4 SYSTEMPATH/CodeIgniter.php(933): App\Controllers\DynamicController->execute('CronJob', 'envia_avisos')
 5 SYSTEMPATH/CodeIgniter.php(509): CodeIgniter\CodeIgniter->runController(Object(App\Controllers\DynamicController))
 6 SYSTEMPATH/CodeIgniter.php(355): CodeIgniter\CodeIgniter->handleRequest(null, Object(Config\Cache), false)
 7 SYSTEMPATH/Boot.php(325): CodeIgniter\CodeIgniter->run()
 8 SYSTEMPATH/Boot.php(67): CodeIgniter\Boot::runCodeIgniter(Object(CodeIgniter\CodeIgniter))
 9 FCPATH/index.php(56): CodeIgniter\Boot::bootWeb(Object(Config\Paths))
CRITICAL - 2024-09-29 08:45:02 --> ErrorException: Constant LANG already defined
[Method: GET, Route: CronJob/envia_avisos]
in APPPATH/Controllers/CronJob.php on line 18.
 1 [internal function]: CodeIgniter\Debug\Exceptions->errorHandler(2, 'Constant LANG already defined', '/home/next0355/dev.next1crm.com.br/app/Controllers/CronJob.php', 18)
 2 APPPATH/Controllers/CronJob.php(18): define('LANG', 'portuguese_br')
 3 APPPATH/Controllers/DynamicController.php(41): App\Controllers\CronJob->__construct()
 4 SYSTEMPATH/CodeIgniter.php(933): App\Controllers\DynamicController->execute('CronJob', 'envia_avisos')
 5 SYSTEMPATH/CodeIgniter.php(509): CodeIgniter\CodeIgniter->runController(Object(App\Controllers\DynamicController))
 6 SYSTEMPATH/CodeIgniter.php(355): CodeIgniter\CodeIgniter->handleRequest(null, Object(Config\Cache), false)
 7 SYSTEMPATH/Boot.php(325): CodeIgniter\CodeIgniter->run()
 8 SYSTEMPATH/Boot.php(67): CodeIgniter\Boot::runCodeIgniter(Object(CodeIgniter\CodeIgniter))
 9 FCPATH/index.php(56): CodeIgniter\Boot::bootWeb(Object(Config\Paths))
CRITICAL - 2024-09-29 09:00:02 --> ErrorException: Constant LANG already defined
[Method: GET, Route: CronJob/envia_avisos]
in APPPATH/Controllers/CronJob.php on line 18.
 1 [internal function]: CodeIgniter\Debug\Exceptions->errorHandler(2, 'Constant LANG already defined', '/home/next0355/dev.next1crm.com.br/app/Controllers/CronJob.php', 18)
 2 APPPATH/Controllers/CronJob.php(18): define('LANG', 'portuguese_br')
 3 APPPATH/Controllers/DynamicController.php(41): App\Controllers\CronJob->__construct()
 4 SYSTEMPATH/CodeIgniter.php(933): App\Controllers\DynamicController->execute('CronJob', 'envia_avisos')
 5 SYSTEMPATH/CodeIgniter.php(509): CodeIgniter\CodeIgniter->runController(Object(App\Controllers\DynamicController))
 6 SYSTEMPATH/CodeIgniter.php(355): CodeIgniter\CodeIgniter->handleRequest(null, Object(Config\Cache), false)
 7 SYSTEMPATH/Boot.php(325): CodeIgniter\CodeIgniter->run()
 8 SYSTEMPATH/Boot.php(67): CodeIgniter\Boot::runCodeIgniter(Object(CodeIgniter\CodeIgniter))
 9 FCPATH/index.php(56): CodeIgniter\Boot::bootWeb(Object(Config\Paths))
CRITICAL - 2024-09-29 09:15:02 --> ErrorException: Constant LANG already defined
[Method: GET, Route: CronJob/envia_avisos]
in APPPATH/Controllers/CronJob.php on line 18.
 1 [internal function]: CodeIgniter\Debug\Exceptions->errorHandler(2, 'Constant LANG already defined', '/home/next0355/dev.next1crm.com.br/app/Controllers/CronJob.php', 18)
 2 APPPATH/Controllers/CronJob.php(18): define('LANG', 'portuguese_br')
 3 APPPATH/Controllers/DynamicController.php(41): App\Controllers\CronJob->__construct()
 4 SYSTEMPATH/CodeIgniter.php(933): App\Controllers\DynamicController->execute('CronJob', 'envia_avisos')
 5 SYSTEMPATH/CodeIgniter.php(509): CodeIgniter\CodeIgniter->runController(Object(App\Controllers\DynamicController))
 6 SYSTEMPATH/CodeIgniter.php(355): CodeIgniter\CodeIgniter->handleRequest(null, Object(Config\Cache), false)
 7 SYSTEMPATH/Boot.php(325): CodeIgniter\CodeIgniter->run()
 8 SYSTEMPATH/Boot.php(67): CodeIgniter\Boot::runCodeIgniter(Object(CodeIgniter\CodeIgniter))
 9 FCPATH/index.php(56): CodeIgniter\Boot::bootWeb(Object(Config\Paths))
CRITICAL - 2024-09-29 09:30:02 --> ErrorException: Constant LANG already defined
[Method: GET, Route: CronJob/envia_avisos]
in APPPATH/Controllers/CronJob.php on line 18.
 1 [internal function]: CodeIgniter\Debug\Exceptions->errorHandler(2, 'Constant LANG already defined', '/home/next0355/dev.next1crm.com.br/app/Controllers/CronJob.php', 18)
 2 APPPATH/Controllers/CronJob.php(18): define('LANG', 'portuguese_br')
 3 APPPATH/Controllers/DynamicController.php(41): App\Controllers\CronJob->__construct()
 4 SYSTEMPATH/CodeIgniter.php(933): App\Controllers\DynamicController->execute('CronJob', 'envia_avisos')
 5 SYSTEMPATH/CodeIgniter.php(509): CodeIgniter\CodeIgniter->runController(Object(App\Controllers\DynamicController))
 6 SYSTEMPATH/CodeIgniter.php(355): CodeIgniter\CodeIgniter->handleRequest(null, Object(Config\Cache), false)
 7 SYSTEMPATH/Boot.php(325): CodeIgniter\CodeIgniter->run()
 8 SYSTEMPATH/Boot.php(67): CodeIgniter\Boot::runCodeIgniter(Object(CodeIgniter\CodeIgniter))
 9 FCPATH/index.php(56): CodeIgniter\Boot::bootWeb(Object(Config\Paths))
CRITICAL - 2024-09-29 09:45:02 --> ErrorException: Constant LANG already defined
[Method: GET, Route: CronJob/envia_avisos]
in APPPATH/Controllers/CronJob.php on line 18.
 1 [internal function]: CodeIgniter\Debug\Exceptions->errorHandler(2, 'Constant LANG already defined', '/home/next0355/dev.next1crm.com.br/app/Controllers/CronJob.php', 18)
 2 APPPATH/Controllers/CronJob.php(18): define('LANG', 'portuguese_br')
 3 APPPATH/Controllers/DynamicController.php(41): App\Controllers\CronJob->__construct()
 4 SYSTEMPATH/CodeIgniter.php(933): App\Controllers\DynamicController->execute('CronJob', 'envia_avisos')
 5 SYSTEMPATH/CodeIgniter.php(509): CodeIgniter\CodeIgniter->runController(Object(App\Controllers\DynamicController))
 6 SYSTEMPATH/CodeIgniter.php(355): CodeIgniter\CodeIgniter->handleRequest(null, Object(Config\Cache), false)
 7 SYSTEMPATH/Boot.php(325): CodeIgniter\CodeIgniter->run()
 8 SYSTEMPATH/Boot.php(67): CodeIgniter\Boot::runCodeIgniter(Object(CodeIgniter\CodeIgniter))
 9 FCPATH/index.php(56): CodeIgniter\Boot::bootWeb(Object(Config\Paths))
CRITICAL - 2024-09-29 10:00:02 --> ErrorException: Constant LANG already defined
[Method: GET, Route: CronJob/envia_avisos]
in APPPATH/Controllers/CronJob.php on line 18.
 1 [internal function]: CodeIgniter\Debug\Exceptions->errorHandler(2, 'Constant LANG already defined', '/home/next0355/dev.next1crm.com.br/app/Controllers/CronJob.php', 18)
 2 APPPATH/Controllers/CronJob.php(18): define('LANG', 'portuguese_br')
 3 APPPATH/Controllers/DynamicController.php(41): App\Controllers\CronJob->__construct()
 4 SYSTEMPATH/CodeIgniter.php(933): App\Controllers\DynamicController->execute('CronJob', 'envia_avisos')
 5 SYSTEMPATH/CodeIgniter.php(509): CodeIgniter\CodeIgniter->runController(Object(App\Controllers\DynamicController))
 6 SYSTEMPATH/CodeIgniter.php(355): CodeIgniter\CodeIgniter->handleRequest(null, Object(Config\Cache), false)
 7 SYSTEMPATH/Boot.php(325): CodeIgniter\CodeIgniter->run()
 8 SYSTEMPATH/Boot.php(67): CodeIgniter\Boot::runCodeIgniter(Object(CodeIgniter\CodeIgniter))
 9 FCPATH/index.php(56): CodeIgniter\Boot::bootWeb(Object(Config\Paths))
CRITICAL - 2024-09-29 10:15:02 --> ErrorException: Constant LANG already defined
[Method: GET, Route: CronJob/envia_avisos]
in APPPATH/Controllers/CronJob.php on line 18.
 1 [internal function]: CodeIgniter\Debug\Exceptions->errorHandler(2, 'Constant LANG already defined', '/home/next0355/dev.next1crm.com.br/app/Controllers/CronJob.php', 18)
 2 APPPATH/Controllers/CronJob.php(18): define('LANG', 'portuguese_br')
 3 APPPATH/Controllers/DynamicController.php(41): App\Controllers\CronJob->__construct()
 4 SYSTEMPATH/CodeIgniter.php(933): App\Controllers\DynamicController->execute('CronJob', 'envia_avisos')
 5 SYSTEMPATH/CodeIgniter.php(509): CodeIgniter\CodeIgniter->runController(Object(App\Controllers\DynamicController))
 6 SYSTEMPATH/CodeIgniter.php(355): CodeIgniter\CodeIgniter->handleRequest(null, Object(Config\Cache), false)
 7 SYSTEMPATH/Boot.php(325): CodeIgniter\CodeIgniter->run()
 8 SYSTEMPATH/Boot.php(67): CodeIgniter\Boot::runCodeIgniter(Object(CodeIgniter\CodeIgniter))
 9 FCPATH/index.php(56): CodeIgniter\Boot::bootWeb(Object(Config\Paths))
CRITICAL - 2024-09-29 10:30:02 --> ErrorException: Constant LANG already defined
[Method: GET, Route: CronJob/envia_avisos]
in APPPATH/Controllers/CronJob.php on line 18.
 1 [internal function]: CodeIgniter\Debug\Exceptions->errorHandler(2, 'Constant LANG already defined', '/home/next0355/dev.next1crm.com.br/app/Controllers/CronJob.php', 18)
 2 APPPATH/Controllers/CronJob.php(18): define('LANG', 'portuguese_br')
 3 APPPATH/Controllers/DynamicController.php(41): App\Controllers\CronJob->__construct()
 4 SYSTEMPATH/CodeIgniter.php(933): App\Controllers\DynamicController->execute('CronJob', 'envia_avisos')
 5 SYSTEMPATH/CodeIgniter.php(509): CodeIgniter\CodeIgniter->runController(Object(App\Controllers\DynamicController))
 6 SYSTEMPATH/CodeIgniter.php(355): CodeIgniter\CodeIgniter->handleRequest(null, Object(Config\Cache), false)
 7 SYSTEMPATH/Boot.php(325): CodeIgniter\CodeIgniter->run()
 8 SYSTEMPATH/Boot.php(67): CodeIgniter\Boot::runCodeIgniter(Object(CodeIgniter\CodeIgniter))
 9 FCPATH/index.php(56): CodeIgniter\Boot::bootWeb(Object(Config\Paths))
CRITICAL - 2024-09-29 10:45:02 --> ErrorException: Constant LANG already defined
[Method: GET, Route: CronJob/envia_avisos]
in APPPATH/Controllers/CronJob.php on line 18.
 1 [internal function]: CodeIgniter\Debug\Exceptions->errorHandler(2, 'Constant LANG already defined', '/home/next0355/dev.next1crm.com.br/app/Controllers/CronJob.php', 18)
 2 APPPATH/Controllers/CronJob.php(18): define('LANG', 'portuguese_br')
 3 APPPATH/Controllers/DynamicController.php(41): App\Controllers\CronJob->__construct()
 4 SYSTEMPATH/CodeIgniter.php(933): App\Controllers\DynamicController->execute('CronJob', 'envia_avisos')
 5 SYSTEMPATH/CodeIgniter.php(509): CodeIgniter\CodeIgniter->runController(Object(App\Controllers\DynamicController))
 6 SYSTEMPATH/CodeIgniter.php(355): CodeIgniter\CodeIgniter->handleRequest(null, Object(Config\Cache), false)
 7 SYSTEMPATH/Boot.php(325): CodeIgniter\CodeIgniter->run()
 8 SYSTEMPATH/Boot.php(67): CodeIgniter\Boot::runCodeIgniter(Object(CodeIgniter\CodeIgniter))
 9 FCPATH/index.php(56): CodeIgniter\Boot::bootWeb(Object(Config\Paths))
CRITICAL - 2024-09-29 11:00:03 --> ErrorException: Constant LANG already defined
[Method: GET, Route: CronJob/envia_avisos]
in APPPATH/Controllers/CronJob.php on line 18.
 1 [internal function]: CodeIgniter\Debug\Exceptions->errorHandler(2, 'Constant LANG already defined', '/home/next0355/dev.next1crm.com.br/app/Controllers/CronJob.php', 18)
 2 APPPATH/Controllers/CronJob.php(18): define('LANG', 'portuguese_br')
 3 APPPATH/Controllers/DynamicController.php(41): App\Controllers\CronJob->__construct()
 4 SYSTEMPATH/CodeIgniter.php(933): App\Controllers\DynamicController->execute('CronJob', 'envia_avisos')
 5 SYSTEMPATH/CodeIgniter.php(509): CodeIgniter\CodeIgniter->runController(Object(App\Controllers\DynamicController))
 6 SYSTEMPATH/CodeIgniter.php(355): CodeIgniter\CodeIgniter->handleRequest(null, Object(Config\Cache), false)
 7 SYSTEMPATH/Boot.php(325): CodeIgniter\CodeIgniter->run()
 8 SYSTEMPATH/Boot.php(67): CodeIgniter\Boot::runCodeIgniter(Object(CodeIgniter\CodeIgniter))
 9 FCPATH/index.php(56): CodeIgniter\Boot::bootWeb(Object(Config\Paths))
CRITICAL - 2024-09-29 11:15:03 --> ErrorException: Constant LANG already defined
[Method: GET, Route: CronJob/envia_avisos]
in APPPATH/Controllers/CronJob.php on line 18.
 1 [internal function]: CodeIgniter\Debug\Exceptions->errorHandler(2, 'Constant LANG already defined', '/home/next0355/dev.next1crm.com.br/app/Controllers/CronJob.php', 18)
 2 APPPATH/Controllers/CronJob.php(18): define('LANG', 'portuguese_br')
 3 APPPATH/Controllers/DynamicController.php(41): App\Controllers\CronJob->__construct()
 4 SYSTEMPATH/CodeIgniter.php(933): App\Controllers\DynamicController->execute('CronJob', 'envia_avisos')
 5 SYSTEMPATH/CodeIgniter.php(509): CodeIgniter\CodeIgniter->runController(Object(App\Controllers\DynamicController))
 6 SYSTEMPATH/CodeIgniter.php(355): CodeIgniter\CodeIgniter->handleRequest(null, Object(Config\Cache), false)
 7 SYSTEMPATH/Boot.php(325): CodeIgniter\CodeIgniter->run()
 8 SYSTEMPATH/Boot.php(67): CodeIgniter\Boot::runCodeIgniter(Object(CodeIgniter\CodeIgniter))
 9 FCPATH/index.php(56): CodeIgniter\Boot::bootWeb(Object(Config\Paths))
CRITICAL - 2024-09-29 11:30:02 --> ErrorException: Constant LANG already defined
[Method: GET, Route: CronJob/envia_avisos]
in APPPATH/Controllers/CronJob.php on line 18.
 1 [internal function]: CodeIgniter\Debug\Exceptions->errorHandler(2, 'Constant LANG already defined', '/home/next0355/dev.next1crm.com.br/app/Controllers/CronJob.php', 18)
 2 APPPATH/Controllers/CronJob.php(18): define('LANG', 'portuguese_br')
 3 APPPATH/Controllers/DynamicController.php(41): App\Controllers\CronJob->__construct()
 4 SYSTEMPATH/CodeIgniter.php(933): App\Controllers\DynamicController->execute('CronJob', 'envia_avisos')
 5 SYSTEMPATH/CodeIgniter.php(509): CodeIgniter\CodeIgniter->runController(Object(App\Controllers\DynamicController))
 6 SYSTEMPATH/CodeIgniter.php(355): CodeIgniter\CodeIgniter->handleRequest(null, Object(Config\Cache), false)
 7 SYSTEMPATH/Boot.php(325): CodeIgniter\CodeIgniter->run()
 8 SYSTEMPATH/Boot.php(67): CodeIgniter\Boot::runCodeIgniter(Object(CodeIgniter\CodeIgniter))
 9 FCPATH/index.php(56): CodeIgniter\Boot::bootWeb(Object(Config\Paths))
CRITICAL - 2024-09-29 11:45:02 --> ErrorException: Constant LANG already defined
[Method: GET, Route: CronJob/envia_avisos]
in APPPATH/Controllers/CronJob.php on line 18.
 1 [internal function]: CodeIgniter\Debug\Exceptions->errorHandler(2, 'Constant LANG already defined', '/home/next0355/dev.next1crm.com.br/app/Controllers/CronJob.php', 18)
 2 APPPATH/Controllers/CronJob.php(18): define('LANG', 'portuguese_br')
 3 APPPATH/Controllers/DynamicController.php(41): App\Controllers\CronJob->__construct()
 4 SYSTEMPATH/CodeIgniter.php(933): App\Controllers\DynamicController->execute('CronJob', 'envia_avisos')
 5 SYSTEMPATH/CodeIgniter.php(509): CodeIgniter\CodeIgniter->runController(Object(App\Controllers\DynamicController))
 6 SYSTEMPATH/CodeIgniter.php(355): CodeIgniter\CodeIgniter->handleRequest(null, Object(Config\Cache), false)
 7 SYSTEMPATH/Boot.php(325): CodeIgniter\CodeIgniter->run()
 8 SYSTEMPATH/Boot.php(67): CodeIgniter\Boot::runCodeIgniter(Object(CodeIgniter\CodeIgniter))
 9 FCPATH/index.php(56): CodeIgniter\Boot::bootWeb(Object(Config\Paths))
CRITICAL - 2024-09-29 12:00:02 --> ErrorException: Constant LANG already defined
[Method: GET, Route: CronJob/envia_avisos]
in APPPATH/Controllers/CronJob.php on line 18.
 1 [internal function]: CodeIgniter\Debug\Exceptions->errorHandler(2, 'Constant LANG already defined', '/home/next0355/dev.next1crm.com.br/app/Controllers/CronJob.php', 18)
 2 APPPATH/Controllers/CronJob.php(18): define('LANG', 'portuguese_br')
 3 APPPATH/Controllers/DynamicController.php(41): App\Controllers\CronJob->__construct()
 4 SYSTEMPATH/CodeIgniter.php(933): App\Controllers\DynamicController->execute('CronJob', 'envia_avisos')
 5 SYSTEMPATH/CodeIgniter.php(509): CodeIgniter\CodeIgniter->runController(Object(App\Controllers\DynamicController))
 6 SYSTEMPATH/CodeIgniter.php(355): CodeIgniter\CodeIgniter->handleRequest(null, Object(Config\Cache), false)
 7 SYSTEMPATH/Boot.php(325): CodeIgniter\CodeIgniter->run()
 8 SYSTEMPATH/Boot.php(67): CodeIgniter\Boot::runCodeIgniter(Object(CodeIgniter\CodeIgniter))
 9 FCPATH/index.php(56): CodeIgniter\Boot::bootWeb(Object(Config\Paths))
CRITICAL - 2024-09-29 12:15:02 --> ErrorException: Constant LANG already defined
[Method: GET, Route: CronJob/envia_avisos]
in APPPATH/Controllers/CronJob.php on line 18.
 1 [internal function]: CodeIgniter\Debug\Exceptions->errorHandler(2, 'Constant LANG already defined', '/home/next0355/dev.next1crm.com.br/app/Controllers/CronJob.php', 18)
 2 APPPATH/Controllers/CronJob.php(18): define('LANG', 'portuguese_br')
 3 APPPATH/Controllers/DynamicController.php(41): App\Controllers\CronJob->__construct()
 4 SYSTEMPATH/CodeIgniter.php(933): App\Controllers\DynamicController->execute('CronJob', 'envia_avisos')
 5 SYSTEMPATH/CodeIgniter.php(509): CodeIgniter\CodeIgniter->runController(Object(App\Controllers\DynamicController))
 6 SYSTEMPATH/CodeIgniter.php(355): CodeIgniter\CodeIgniter->handleRequest(null, Object(Config\Cache), false)
 7 SYSTEMPATH/Boot.php(325): CodeIgniter\CodeIgniter->run()
 8 SYSTEMPATH/Boot.php(67): CodeIgniter\Boot::runCodeIgniter(Object(CodeIgniter\CodeIgniter))
 9 FCPATH/index.php(56): CodeIgniter\Boot::bootWeb(Object(Config\Paths))
CRITICAL - 2024-09-29 12:30:02 --> ErrorException: Constant LANG already defined
[Method: GET, Route: CronJob/envia_avisos]
in APPPATH/Controllers/CronJob.php on line 18.
 1 [internal function]: CodeIgniter\Debug\Exceptions->errorHandler(2, 'Constant LANG already defined', '/home/next0355/dev.next1crm.com.br/app/Controllers/CronJob.php', 18)
 2 APPPATH/Controllers/CronJob.php(18): define('LANG', 'portuguese_br')
 3 APPPATH/Controllers/DynamicController.php(41): App\Controllers\CronJob->__construct()
 4 SYSTEMPATH/CodeIgniter.php(933): App\Controllers\DynamicController->execute('CronJob', 'envia_avisos')
 5 SYSTEMPATH/CodeIgniter.php(509): CodeIgniter\CodeIgniter->runController(Object(App\Controllers\DynamicController))
 6 SYSTEMPATH/CodeIgniter.php(355): CodeIgniter\CodeIgniter->handleRequest(null, Object(Config\Cache), false)
 7 SYSTEMPATH/Boot.php(325): CodeIgniter\CodeIgniter->run()
 8 SYSTEMPATH/Boot.php(67): CodeIgniter\Boot::runCodeIgniter(Object(CodeIgniter\CodeIgniter))
 9 FCPATH/index.php(56): CodeIgniter\Boot::bootWeb(Object(Config\Paths))
CRITICAL - 2024-09-29 12:45:03 --> ErrorException: Constant LANG already defined
[Method: GET, Route: CronJob/envia_avisos]
in APPPATH/Controllers/CronJob.php on line 18.
 1 [internal function]: CodeIgniter\Debug\Exceptions->errorHandler(2, 'Constant LANG already defined', '/home/next0355/dev.next1crm.com.br/app/Controllers/CronJob.php', 18)
 2 APPPATH/Controllers/CronJob.php(18): define('LANG', 'portuguese_br')
 3 APPPATH/Controllers/DynamicController.php(41): App\Controllers\CronJob->__construct()
 4 SYSTEMPATH/CodeIgniter.php(933): App\Controllers\DynamicController->execute('CronJob', 'envia_avisos')
 5 SYSTEMPATH/CodeIgniter.php(509): CodeIgniter\CodeIgniter->runController(Object(App\Controllers\DynamicController))
 6 SYSTEMPATH/CodeIgniter.php(355): CodeIgniter\CodeIgniter->handleRequest(null, Object(Config\Cache), false)
 7 SYSTEMPATH/Boot.php(325): CodeIgniter\CodeIgniter->run()
 8 SYSTEMPATH/Boot.php(67): CodeIgniter\Boot::runCodeIgniter(Object(CodeIgniter\CodeIgniter))
 9 FCPATH/index.php(56): CodeIgniter\Boot::bootWeb(Object(Config\Paths))
CRITICAL - 2024-09-29 13:00:02 --> ErrorException: Constant LANG already defined
[Method: GET, Route: CronJob/envia_avisos]
in APPPATH/Controllers/CronJob.php on line 18.
 1 [internal function]: CodeIgniter\Debug\Exceptions->errorHandler(2, 'Constant LANG already defined', '/home/next0355/dev.next1crm.com.br/app/Controllers/CronJob.php', 18)
 2 APPPATH/Controllers/CronJob.php(18): define('LANG', 'portuguese_br')
 3 APPPATH/Controllers/DynamicController.php(41): App\Controllers\CronJob->__construct()
 4 SYSTEMPATH/CodeIgniter.php(933): App\Controllers\DynamicController->execute('CronJob', 'envia_avisos')
 5 SYSTEMPATH/CodeIgniter.php(509): CodeIgniter\CodeIgniter->runController(Object(App\Controllers\DynamicController))
 6 SYSTEMPATH/CodeIgniter.php(355): CodeIgniter\CodeIgniter->handleRequest(null, Object(Config\Cache), false)
 7 SYSTEMPATH/Boot.php(325): CodeIgniter\CodeIgniter->run()
 8 SYSTEMPATH/Boot.php(67): CodeIgniter\Boot::runCodeIgniter(Object(CodeIgniter\CodeIgniter))
 9 FCPATH/index.php(56): CodeIgniter\Boot::bootWeb(Object(Config\Paths))
CRITICAL - 2024-09-29 13:15:02 --> ErrorException: Constant LANG already defined
[Method: GET, Route: CronJob/envia_avisos]
in APPPATH/Controllers/CronJob.php on line 18.
 1 [internal function]: CodeIgniter\Debug\Exceptions->errorHandler(2, 'Constant LANG already defined', '/home/next0355/dev.next1crm.com.br/app/Controllers/CronJob.php', 18)
 2 APPPATH/Controllers/CronJob.php(18): define('LANG', 'portuguese_br')
 3 APPPATH/Controllers/DynamicController.php(41): App\Controllers\CronJob->__construct()
 4 SYSTEMPATH/CodeIgniter.php(933): App\Controllers\DynamicController->execute('CronJob', 'envia_avisos')
 5 SYSTEMPATH/CodeIgniter.php(509): CodeIgniter\CodeIgniter->runController(Object(App\Controllers\DynamicController))
 6 SYSTEMPATH/CodeIgniter.php(355): CodeIgniter\CodeIgniter->handleRequest(null, Object(Config\Cache), false)
 7 SYSTEMPATH/Boot.php(325): CodeIgniter\CodeIgniter->run()
 8 SYSTEMPATH/Boot.php(67): CodeIgniter\Boot::runCodeIgniter(Object(CodeIgniter\CodeIgniter))
 9 FCPATH/index.php(56): CodeIgniter\Boot::bootWeb(Object(Config\Paths))
CRITICAL - 2024-09-29 13:30:02 --> ErrorException: Constant LANG already defined
[Method: GET, Route: CronJob/envia_avisos]
in APPPATH/Controllers/CronJob.php on line 18.
 1 [internal function]: CodeIgniter\Debug\Exceptions->errorHandler(2, 'Constant LANG already defined', '/home/next0355/dev.next1crm.com.br/app/Controllers/CronJob.php', 18)
 2 APPPATH/Controllers/CronJob.php(18): define('LANG', 'portuguese_br')
 3 APPPATH/Controllers/DynamicController.php(41): App\Controllers\CronJob->__construct()
 4 SYSTEMPATH/CodeIgniter.php(933): App\Controllers\DynamicController->execute('CronJob', 'envia_avisos')
 5 SYSTEMPATH/CodeIgniter.php(509): CodeIgniter\CodeIgniter->runController(Object(App\Controllers\DynamicController))
 6 SYSTEMPATH/CodeIgniter.php(355): CodeIgniter\CodeIgniter->handleRequest(null, Object(Config\Cache), false)
 7 SYSTEMPATH/Boot.php(325): CodeIgniter\CodeIgniter->run()
 8 SYSTEMPATH/Boot.php(67): CodeIgniter\Boot::runCodeIgniter(Object(CodeIgniter\CodeIgniter))
 9 FCPATH/index.php(56): CodeIgniter\Boot::bootWeb(Object(Config\Paths))
CRITICAL - 2024-09-29 13:45:02 --> ErrorException: Constant LANG already defined
[Method: GET, Route: CronJob/envia_avisos]
in APPPATH/Controllers/CronJob.php on line 18.
 1 [internal function]: CodeIgniter\Debug\Exceptions->errorHandler(2, 'Constant LANG already defined', '/home/next0355/dev.next1crm.com.br/app/Controllers/CronJob.php', 18)
 2 APPPATH/Controllers/CronJob.php(18): define('LANG', 'portuguese_br')
 3 APPPATH/Controllers/DynamicController.php(41): App\Controllers\CronJob->__construct()
 4 SYSTEMPATH/CodeIgniter.php(933): App\Controllers\DynamicController->execute('CronJob', 'envia_avisos')
 5 SYSTEMPATH/CodeIgniter.php(509): CodeIgniter\CodeIgniter->runController(Object(App\Controllers\DynamicController))
 6 SYSTEMPATH/CodeIgniter.php(355): CodeIgniter\CodeIgniter->handleRequest(null, Object(Config\Cache), false)
 7 SYSTEMPATH/Boot.php(325): CodeIgniter\CodeIgniter->run()
 8 SYSTEMPATH/Boot.php(67): CodeIgniter\Boot::runCodeIgniter(Object(CodeIgniter\CodeIgniter))
 9 FCPATH/index.php(56): CodeIgniter\Boot::bootWeb(Object(Config\Paths))
CRITICAL - 2024-09-29 14:00:03 --> ErrorException: Constant LANG already defined
[Method: GET, Route: CronJob/envia_avisos]
in APPPATH/Controllers/CronJob.php on line 18.
 1 [internal function]: CodeIgniter\Debug\Exceptions->errorHandler(2, 'Constant LANG already defined', '/home/next0355/dev.next1crm.com.br/app/Controllers/CronJob.php', 18)
 2 APPPATH/Controllers/CronJob.php(18): define('LANG', 'portuguese_br')
 3 APPPATH/Controllers/DynamicController.php(41): App\Controllers\CronJob->__construct()
 4 SYSTEMPATH/CodeIgniter.php(933): App\Controllers\DynamicController->execute('CronJob', 'envia_avisos')
 5 SYSTEMPATH/CodeIgniter.php(509): CodeIgniter\CodeIgniter->runController(Object(App\Controllers\DynamicController))
 6 SYSTEMPATH/CodeIgniter.php(355): CodeIgniter\CodeIgniter->handleRequest(null, Object(Config\Cache), false)
 7 SYSTEMPATH/Boot.php(325): CodeIgniter\CodeIgniter->run()
 8 SYSTEMPATH/Boot.php(67): CodeIgniter\Boot::runCodeIgniter(Object(CodeIgniter\CodeIgniter))
 9 FCPATH/index.php(56): CodeIgniter\Boot::bootWeb(Object(Config\Paths))
CRITICAL - 2024-09-29 14:15:02 --> ErrorException: Constant LANG already defined
[Method: GET, Route: CronJob/envia_avisos]
in APPPATH/Controllers/CronJob.php on line 18.
 1 [internal function]: CodeIgniter\Debug\Exceptions->errorHandler(2, 'Constant LANG already defined', '/home/next0355/dev.next1crm.com.br/app/Controllers/CronJob.php', 18)
 2 APPPATH/Controllers/CronJob.php(18): define('LANG', 'portuguese_br')
 3 APPPATH/Controllers/DynamicController.php(41): App\Controllers\CronJob->__construct()
 4 SYSTEMPATH/CodeIgniter.php(933): App\Controllers\DynamicController->execute('CronJob', 'envia_avisos')
 5 SYSTEMPATH/CodeIgniter.php(509): CodeIgniter\CodeIgniter->runController(Object(App\Controllers\DynamicController))
 6 SYSTEMPATH/CodeIgniter.php(355): CodeIgniter\CodeIgniter->handleRequest(null, Object(Config\Cache), false)
 7 SYSTEMPATH/Boot.php(325): CodeIgniter\CodeIgniter->run()
 8 SYSTEMPATH/Boot.php(67): CodeIgniter\Boot::runCodeIgniter(Object(CodeIgniter\CodeIgniter))
 9 FCPATH/index.php(56): CodeIgniter\Boot::bootWeb(Object(Config\Paths))
CRITICAL - 2024-09-29 14:30:02 --> ErrorException: Constant LANG already defined
[Method: GET, Route: CronJob/envia_avisos]
in APPPATH/Controllers/CronJob.php on line 18.
 1 [internal function]: CodeIgniter\Debug\Exceptions->errorHandler(2, 'Constant LANG already defined', '/home/next0355/dev.next1crm.com.br/app/Controllers/CronJob.php', 18)
 2 APPPATH/Controllers/CronJob.php(18): define('LANG', 'portuguese_br')
 3 APPPATH/Controllers/DynamicController.php(41): App\Controllers\CronJob->__construct()
 4 SYSTEMPATH/CodeIgniter.php(933): App\Controllers\DynamicController->execute('CronJob', 'envia_avisos')
 5 SYSTEMPATH/CodeIgniter.php(509): CodeIgniter\CodeIgniter->runController(Object(App\Controllers\DynamicController))
 6 SYSTEMPATH/CodeIgniter.php(355): CodeIgniter\CodeIgniter->handleRequest(null, Object(Config\Cache), false)
 7 SYSTEMPATH/Boot.php(325): CodeIgniter\CodeIgniter->run()
 8 SYSTEMPATH/Boot.php(67): CodeIgniter\Boot::runCodeIgniter(Object(CodeIgniter\CodeIgniter))
 9 FCPATH/index.php(56): CodeIgniter\Boot::bootWeb(Object(Config\Paths))
CRITICAL - 2024-09-29 14:45:02 --> ErrorException: Constant LANG already defined
[Method: GET, Route: CronJob/envia_avisos]
in APPPATH/Controllers/CronJob.php on line 18.
 1 [internal function]: CodeIgniter\Debug\Exceptions->errorHandler(2, 'Constant LANG already defined', '/home/next0355/dev.next1crm.com.br/app/Controllers/CronJob.php', 18)
 2 APPPATH/Controllers/CronJob.php(18): define('LANG', 'portuguese_br')
 3 APPPATH/Controllers/DynamicController.php(41): App\Controllers\CronJob->__construct()
 4 SYSTEMPATH/CodeIgniter.php(933): App\Controllers\DynamicController->execute('CronJob', 'envia_avisos')
 5 SYSTEMPATH/CodeIgniter.php(509): CodeIgniter\CodeIgniter->runController(Object(App\Controllers\DynamicController))
 6 SYSTEMPATH/CodeIgniter.php(355): CodeIgniter\CodeIgniter->handleRequest(null, Object(Config\Cache), false)
 7 SYSTEMPATH/Boot.php(325): CodeIgniter\CodeIgniter->run()
 8 SYSTEMPATH/Boot.php(67): CodeIgniter\Boot::runCodeIgniter(Object(CodeIgniter\CodeIgniter))
 9 FCPATH/index.php(56): CodeIgniter\Boot::bootWeb(Object(Config\Paths))
CRITICAL - 2024-09-29 15:00:02 --> ErrorException: Constant LANG already defined
[Method: GET, Route: CronJob/envia_avisos]
in APPPATH/Controllers/CronJob.php on line 18.
 1 [internal function]: CodeIgniter\Debug\Exceptions->errorHandler(2, 'Constant LANG already defined', '/home/next0355/dev.next1crm.com.br/app/Controllers/CronJob.php', 18)
 2 APPPATH/Controllers/CronJob.php(18): define('LANG', 'portuguese_br')
 3 APPPATH/Controllers/DynamicController.php(41): App\Controllers\CronJob->__construct()
 4 SYSTEMPATH/CodeIgniter.php(933): App\Controllers\DynamicController->execute('CronJob', 'envia_avisos')
 5 SYSTEMPATH/CodeIgniter.php(509): CodeIgniter\CodeIgniter->runController(Object(App\Controllers\DynamicController))
 6 SYSTEMPATH/CodeIgniter.php(355): CodeIgniter\CodeIgniter->handleRequest(null, Object(Config\Cache), false)
 7 SYSTEMPATH/Boot.php(325): CodeIgniter\CodeIgniter->run()
 8 SYSTEMPATH/Boot.php(67): CodeIgniter\Boot::runCodeIgniter(Object(CodeIgniter\CodeIgniter))
 9 FCPATH/index.php(56): CodeIgniter\Boot::bootWeb(Object(Config\Paths))
CRITICAL - 2024-09-29 15:15:03 --> ErrorException: Constant LANG already defined
[Method: GET, Route: CronJob/envia_avisos]
in APPPATH/Controllers/CronJob.php on line 18.
 1 [internal function]: CodeIgniter\Debug\Exceptions->errorHandler(2, 'Constant LANG already defined', '/home/next0355/dev.next1crm.com.br/app/Controllers/CronJob.php', 18)
 2 APPPATH/Controllers/CronJob.php(18): define('LANG', 'portuguese_br')
 3 APPPATH/Controllers/DynamicController.php(41): App\Controllers\CronJob->__construct()
 4 SYSTEMPATH/CodeIgniter.php(933): App\Controllers\DynamicController->execute('CronJob', 'envia_avisos')
 5 SYSTEMPATH/CodeIgniter.php(509): CodeIgniter\CodeIgniter->runController(Object(App\Controllers\DynamicController))
 6 SYSTEMPATH/CodeIgniter.php(355): CodeIgniter\CodeIgniter->handleRequest(null, Object(Config\Cache), false)
 7 SYSTEMPATH/Boot.php(325): CodeIgniter\CodeIgniter->run()
 8 SYSTEMPATH/Boot.php(67): CodeIgniter\Boot::runCodeIgniter(Object(CodeIgniter\CodeIgniter))
 9 FCPATH/index.php(56): CodeIgniter\Boot::bootWeb(Object(Config\Paths))
CRITICAL - 2024-09-29 15:30:02 --> ErrorException: Constant LANG already defined
[Method: GET, Route: CronJob/envia_avisos]
in APPPATH/Controllers/CronJob.php on line 18.
 1 [internal function]: CodeIgniter\Debug\Exceptions->errorHandler(2, 'Constant LANG already defined', '/home/next0355/dev.next1crm.com.br/app/Controllers/CronJob.php', 18)
 2 APPPATH/Controllers/CronJob.php(18): define('LANG', 'portuguese_br')
 3 APPPATH/Controllers/DynamicController.php(41): App\Controllers\CronJob->__construct()
 4 SYSTEMPATH/CodeIgniter.php(933): App\Controllers\DynamicController->execute('CronJob', 'envia_avisos')
 5 SYSTEMPATH/CodeIgniter.php(509): CodeIgniter\CodeIgniter->runController(Object(App\Controllers\DynamicController))
 6 SYSTEMPATH/CodeIgniter.php(355): CodeIgniter\CodeIgniter->handleRequest(null, Object(Config\Cache), false)
 7 SYSTEMPATH/Boot.php(325): CodeIgniter\CodeIgniter->run()
 8 SYSTEMPATH/Boot.php(67): CodeIgniter\Boot::runCodeIgniter(Object(CodeIgniter\CodeIgniter))
 9 FCPATH/index.php(56): CodeIgniter\Boot::bootWeb(Object(Config\Paths))
CRITICAL - 2024-09-29 15:45:02 --> ErrorException: Constant LANG already defined
[Method: GET, Route: CronJob/envia_avisos]
in APPPATH/Controllers/CronJob.php on line 18.
 1 [internal function]: CodeIgniter\Debug\Exceptions->errorHandler(2, 'Constant LANG already defined', '/home/next0355/dev.next1crm.com.br/app/Controllers/CronJob.php', 18)
 2 APPPATH/Controllers/CronJob.php(18): define('LANG', 'portuguese_br')
 3 APPPATH/Controllers/DynamicController.php(41): App\Controllers\CronJob->__construct()
 4 SYSTEMPATH/CodeIgniter.php(933): App\Controllers\DynamicController->execute('CronJob', 'envia_avisos')
 5 SYSTEMPATH/CodeIgniter.php(509): CodeIgniter\CodeIgniter->runController(Object(App\Controllers\DynamicController))
 6 SYSTEMPATH/CodeIgniter.php(355): CodeIgniter\CodeIgniter->handleRequest(null, Object(Config\Cache), false)
 7 SYSTEMPATH/Boot.php(325): CodeIgniter\CodeIgniter->run()
 8 SYSTEMPATH/Boot.php(67): CodeIgniter\Boot::runCodeIgniter(Object(CodeIgniter\CodeIgniter))
 9 FCPATH/index.php(56): CodeIgniter\Boot::bootWeb(Object(Config\Paths))
CRITICAL - 2024-09-29 16:00:02 --> ErrorException: Constant LANG already defined
[Method: GET, Route: CronJob/envia_avisos]
in APPPATH/Controllers/CronJob.php on line 18.
 1 [internal function]: CodeIgniter\Debug\Exceptions->errorHandler(2, 'Constant LANG already defined', '/home/next0355/dev.next1crm.com.br/app/Controllers/CronJob.php', 18)
 2 APPPATH/Controllers/CronJob.php(18): define('LANG', 'portuguese_br')
 3 APPPATH/Controllers/DynamicController.php(41): App\Controllers\CronJob->__construct()
 4 SYSTEMPATH/CodeIgniter.php(933): App\Controllers\DynamicController->execute('CronJob', 'envia_avisos')
 5 SYSTEMPATH/CodeIgniter.php(509): CodeIgniter\CodeIgniter->runController(Object(App\Controllers\DynamicController))
 6 SYSTEMPATH/CodeIgniter.php(355): CodeIgniter\CodeIgniter->handleRequest(null, Object(Config\Cache), false)
 7 SYSTEMPATH/Boot.php(325): CodeIgniter\CodeIgniter->run()
 8 SYSTEMPATH/Boot.php(67): CodeIgniter\Boot::runCodeIgniter(Object(CodeIgniter\CodeIgniter))
 9 FCPATH/index.php(56): CodeIgniter\Boot::bootWeb(Object(Config\Paths))
CRITICAL - 2024-09-29 16:15:02 --> ErrorException: Constant LANG already defined
[Method: GET, Route: CronJob/envia_avisos]
in APPPATH/Controllers/CronJob.php on line 18.
 1 [internal function]: CodeIgniter\Debug\Exceptions->errorHandler(2, 'Constant LANG already defined', '/home/next0355/dev.next1crm.com.br/app/Controllers/CronJob.php', 18)
 2 APPPATH/Controllers/CronJob.php(18): define('LANG', 'portuguese_br')
 3 APPPATH/Controllers/DynamicController.php(41): App\Controllers\CronJob->__construct()
 4 SYSTEMPATH/CodeIgniter.php(933): App\Controllers\DynamicController->execute('CronJob', 'envia_avisos')
 5 SYSTEMPATH/CodeIgniter.php(509): CodeIgniter\CodeIgniter->runController(Object(App\Controllers\DynamicController))
 6 SYSTEMPATH/CodeIgniter.php(355): CodeIgniter\CodeIgniter->handleRequest(null, Object(Config\Cache), false)
 7 SYSTEMPATH/Boot.php(325): CodeIgniter\CodeIgniter->run()
 8 SYSTEMPATH/Boot.php(67): CodeIgniter\Boot::runCodeIgniter(Object(CodeIgniter\CodeIgniter))
 9 FCPATH/index.php(56): CodeIgniter\Boot::bootWeb(Object(Config\Paths))
CRITICAL - 2024-09-29 16:30:02 --> ErrorException: Constant LANG already defined
[Method: GET, Route: CronJob/envia_avisos]
in APPPATH/Controllers/CronJob.php on line 18.
 1 [internal function]: CodeIgniter\Debug\Exceptions->errorHandler(2, 'Constant LANG already defined', '/home/next0355/dev.next1crm.com.br/app/Controllers/CronJob.php', 18)
 2 APPPATH/Controllers/CronJob.php(18): define('LANG', 'portuguese_br')
 3 APPPATH/Controllers/DynamicController.php(41): App\Controllers\CronJob->__construct()
 4 SYSTEMPATH/CodeIgniter.php(933): App\Controllers\DynamicController->execute('CronJob', 'envia_avisos')
 5 SYSTEMPATH/CodeIgniter.php(509): CodeIgniter\CodeIgniter->runController(Object(App\Controllers\DynamicController))
 6 SYSTEMPATH/CodeIgniter.php(355): CodeIgniter\CodeIgniter->handleRequest(null, Object(Config\Cache), false)
 7 SYSTEMPATH/Boot.php(325): CodeIgniter\CodeIgniter->run()
 8 SYSTEMPATH/Boot.php(67): CodeIgniter\Boot::runCodeIgniter(Object(CodeIgniter\CodeIgniter))
 9 FCPATH/index.php(56): CodeIgniter\Boot::bootWeb(Object(Config\Paths))
CRITICAL - 2024-09-29 16:45:02 --> ErrorException: Constant LANG already defined
[Method: GET, Route: CronJob/envia_avisos]
in APPPATH/Controllers/CronJob.php on line 18.
 1 [internal function]: CodeIgniter\Debug\Exceptions->errorHandler(2, 'Constant LANG already defined', '/home/next0355/dev.next1crm.com.br/app/Controllers/CronJob.php', 18)
 2 APPPATH/Controllers/CronJob.php(18): define('LANG', 'portuguese_br')
 3 APPPATH/Controllers/DynamicController.php(41): App\Controllers\CronJob->__construct()
 4 SYSTEMPATH/CodeIgniter.php(933): App\Controllers\DynamicController->execute('CronJob', 'envia_avisos')
 5 SYSTEMPATH/CodeIgniter.php(509): CodeIgniter\CodeIgniter->runController(Object(App\Controllers\DynamicController))
 6 SYSTEMPATH/CodeIgniter.php(355): CodeIgniter\CodeIgniter->handleRequest(null, Object(Config\Cache), false)
 7 SYSTEMPATH/Boot.php(325): CodeIgniter\CodeIgniter->run()
 8 SYSTEMPATH/Boot.php(67): CodeIgniter\Boot::runCodeIgniter(Object(CodeIgniter\CodeIgniter))
 9 FCPATH/index.php(56): CodeIgniter\Boot::bootWeb(Object(Config\Paths))
CRITICAL - 2024-09-29 17:00:03 --> ErrorException: Constant LANG already defined
[Method: GET, Route: CronJob/envia_avisos]
in APPPATH/Controllers/CronJob.php on line 18.
 1 [internal function]: CodeIgniter\Debug\Exceptions->errorHandler(2, 'Constant LANG already defined', '/home/next0355/dev.next1crm.com.br/app/Controllers/CronJob.php', 18)
 2 APPPATH/Controllers/CronJob.php(18): define('LANG', 'portuguese_br')
 3 APPPATH/Controllers/DynamicController.php(41): App\Controllers\CronJob->__construct()
 4 SYSTEMPATH/CodeIgniter.php(933): App\Controllers\DynamicController->execute('CronJob', 'envia_avisos')
 5 SYSTEMPATH/CodeIgniter.php(509): CodeIgniter\CodeIgniter->runController(Object(App\Controllers\DynamicController))
 6 SYSTEMPATH/CodeIgniter.php(355): CodeIgniter\CodeIgniter->handleRequest(null, Object(Config\Cache), false)
 7 SYSTEMPATH/Boot.php(325): CodeIgniter\CodeIgniter->run()
 8 SYSTEMPATH/Boot.php(67): CodeIgniter\Boot::runCodeIgniter(Object(CodeIgniter\CodeIgniter))
 9 FCPATH/index.php(56): CodeIgniter\Boot::bootWeb(Object(Config\Paths))
CRITICAL - 2024-09-29 17:15:02 --> ErrorException: Constant LANG already defined
[Method: GET, Route: CronJob/envia_avisos]
in APPPATH/Controllers/CronJob.php on line 18.
 1 [internal function]: CodeIgniter\Debug\Exceptions->errorHandler(2, 'Constant LANG already defined', '/home/next0355/dev.next1crm.com.br/app/Controllers/CronJob.php', 18)
 2 APPPATH/Controllers/CronJob.php(18): define('LANG', 'portuguese_br')
 3 APPPATH/Controllers/DynamicController.php(41): App\Controllers\CronJob->__construct()
 4 SYSTEMPATH/CodeIgniter.php(933): App\Controllers\DynamicController->execute('CronJob', 'envia_avisos')
 5 SYSTEMPATH/CodeIgniter.php(509): CodeIgniter\CodeIgniter->runController(Object(App\Controllers\DynamicController))
 6 SYSTEMPATH/CodeIgniter.php(355): CodeIgniter\CodeIgniter->handleRequest(null, Object(Config\Cache), false)
 7 SYSTEMPATH/Boot.php(325): CodeIgniter\CodeIgniter->run()
 8 SYSTEMPATH/Boot.php(67): CodeIgniter\Boot::runCodeIgniter(Object(CodeIgniter\CodeIgniter))
 9 FCPATH/index.php(56): CodeIgniter\Boot::bootWeb(Object(Config\Paths))
CRITICAL - 2024-09-29 17:30:03 --> ErrorException: Constant LANG already defined
[Method: GET, Route: CronJob/envia_avisos]
in APPPATH/Controllers/CronJob.php on line 18.
 1 [internal function]: CodeIgniter\Debug\Exceptions->errorHandler(2, 'Constant LANG already defined', '/home/next0355/dev.next1crm.com.br/app/Controllers/CronJob.php', 18)
 2 APPPATH/Controllers/CronJob.php(18): define('LANG', 'portuguese_br')
 3 APPPATH/Controllers/DynamicController.php(41): App\Controllers\CronJob->__construct()
 4 SYSTEMPATH/CodeIgniter.php(933): App\Controllers\DynamicController->execute('CronJob', 'envia_avisos')
 5 SYSTEMPATH/CodeIgniter.php(509): CodeIgniter\CodeIgniter->runController(Object(App\Controllers\DynamicController))
 6 SYSTEMPATH/CodeIgniter.php(355): CodeIgniter\CodeIgniter->handleRequest(null, Object(Config\Cache), false)
 7 SYSTEMPATH/Boot.php(325): CodeIgniter\CodeIgniter->run()
 8 SYSTEMPATH/Boot.php(67): CodeIgniter\Boot::runCodeIgniter(Object(CodeIgniter\CodeIgniter))
 9 FCPATH/index.php(56): CodeIgniter\Boot::bootWeb(Object(Config\Paths))
CRITICAL - 2024-09-29 17:45:03 --> ErrorException: Constant LANG already defined
[Method: GET, Route: CronJob/envia_avisos]
in APPPATH/Controllers/CronJob.php on line 18.
 1 [internal function]: CodeIgniter\Debug\Exceptions->errorHandler(2, 'Constant LANG already defined', '/home/next0355/dev.next1crm.com.br/app/Controllers/CronJob.php', 18)
 2 APPPATH/Controllers/CronJob.php(18): define('LANG', 'portuguese_br')
 3 APPPATH/Controllers/DynamicController.php(41): App\Controllers\CronJob->__construct()
 4 SYSTEMPATH/CodeIgniter.php(933): App\Controllers\DynamicController->execute('CronJob', 'envia_avisos')
 5 SYSTEMPATH/CodeIgniter.php(509): CodeIgniter\CodeIgniter->runController(Object(App\Controllers\DynamicController))
 6 SYSTEMPATH/CodeIgniter.php(355): CodeIgniter\CodeIgniter->handleRequest(null, Object(Config\Cache), false)
 7 SYSTEMPATH/Boot.php(325): CodeIgniter\CodeIgniter->run()
 8 SYSTEMPATH/Boot.php(67): CodeIgniter\Boot::runCodeIgniter(Object(CodeIgniter\CodeIgniter))
 9 FCPATH/index.php(56): CodeIgniter\Boot::bootWeb(Object(Config\Paths))
CRITICAL - 2024-09-29 18:00:02 --> ErrorException: Constant LANG already defined
[Method: GET, Route: CronJob/envia_avisos]
in APPPATH/Controllers/CronJob.php on line 18.
 1 [internal function]: CodeIgniter\Debug\Exceptions->errorHandler(2, 'Constant LANG already defined', '/home/next0355/dev.next1crm.com.br/app/Controllers/CronJob.php', 18)
 2 APPPATH/Controllers/CronJob.php(18): define('LANG', 'portuguese_br')
 3 APPPATH/Controllers/DynamicController.php(41): App\Controllers\CronJob->__construct()
 4 SYSTEMPATH/CodeIgniter.php(933): App\Controllers\DynamicController->execute('CronJob', 'envia_avisos')
 5 SYSTEMPATH/CodeIgniter.php(509): CodeIgniter\CodeIgniter->runController(Object(App\Controllers\DynamicController))
 6 SYSTEMPATH/CodeIgniter.php(355): CodeIgniter\CodeIgniter->handleRequest(null, Object(Config\Cache), false)
 7 SYSTEMPATH/Boot.php(325): CodeIgniter\CodeIgniter->run()
 8 SYSTEMPATH/Boot.php(67): CodeIgniter\Boot::runCodeIgniter(Object(CodeIgniter\CodeIgniter))
 9 FCPATH/index.php(56): CodeIgniter\Boot::bootWeb(Object(Config\Paths))
CRITICAL - 2024-09-29 18:15:02 --> ErrorException: Constant LANG already defined
[Method: GET, Route: CronJob/envia_avisos]
in APPPATH/Controllers/CronJob.php on line 18.
 1 [internal function]: CodeIgniter\Debug\Exceptions->errorHandler(2, 'Constant LANG already defined', '/home/next0355/dev.next1crm.com.br/app/Controllers/CronJob.php', 18)
 2 APPPATH/Controllers/CronJob.php(18): define('LANG', 'portuguese_br')
 3 APPPATH/Controllers/DynamicController.php(41): App\Controllers\CronJob->__construct()
 4 SYSTEMPATH/CodeIgniter.php(933): App\Controllers\DynamicController->execute('CronJob', 'envia_avisos')
 5 SYSTEMPATH/CodeIgniter.php(509): CodeIgniter\CodeIgniter->runController(Object(App\Controllers\DynamicController))
 6 SYSTEMPATH/CodeIgniter.php(355): CodeIgniter\CodeIgniter->handleRequest(null, Object(Config\Cache), false)
 7 SYSTEMPATH/Boot.php(325): CodeIgniter\CodeIgniter->run()
 8 SYSTEMPATH/Boot.php(67): CodeIgniter\Boot::runCodeIgniter(Object(CodeIgniter\CodeIgniter))
 9 FCPATH/index.php(56): CodeIgniter\Boot::bootWeb(Object(Config\Paths))
CRITICAL - 2024-09-29 18:30:02 --> ErrorException: Constant LANG already defined
[Method: GET, Route: CronJob/envia_avisos]
in APPPATH/Controllers/CronJob.php on line 18.
 1 [internal function]: CodeIgniter\Debug\Exceptions->errorHandler(2, 'Constant LANG already defined', '/home/next0355/dev.next1crm.com.br/app/Controllers/CronJob.php', 18)
 2 APPPATH/Controllers/CronJob.php(18): define('LANG', 'portuguese_br')
 3 APPPATH/Controllers/DynamicController.php(41): App\Controllers\CronJob->__construct()
 4 SYSTEMPATH/CodeIgniter.php(933): App\Controllers\DynamicController->execute('CronJob', 'envia_avisos')
 5 SYSTEMPATH/CodeIgniter.php(509): CodeIgniter\CodeIgniter->runController(Object(App\Controllers\DynamicController))
 6 SYSTEMPATH/CodeIgniter.php(355): CodeIgniter\CodeIgniter->handleRequest(null, Object(Config\Cache), false)
 7 SYSTEMPATH/Boot.php(325): CodeIgniter\CodeIgniter->run()
 8 SYSTEMPATH/Boot.php(67): CodeIgniter\Boot::runCodeIgniter(Object(CodeIgniter\CodeIgniter))
 9 FCPATH/index.php(56): CodeIgniter\Boot::bootWeb(Object(Config\Paths))
CRITICAL - 2024-09-29 18:45:02 --> ErrorException: Constant LANG already defined
[Method: GET, Route: CronJob/envia_avisos]
in APPPATH/Controllers/CronJob.php on line 18.
 1 [internal function]: CodeIgniter\Debug\Exceptions->errorHandler(2, 'Constant LANG already defined', '/home/next0355/dev.next1crm.com.br/app/Controllers/CronJob.php', 18)
 2 APPPATH/Controllers/CronJob.php(18): define('LANG', 'portuguese_br')
 3 APPPATH/Controllers/DynamicController.php(41): App\Controllers\CronJob->__construct()
 4 SYSTEMPATH/CodeIgniter.php(933): App\Controllers\DynamicController->execute('CronJob', 'envia_avisos')
 5 SYSTEMPATH/CodeIgniter.php(509): CodeIgniter\CodeIgniter->runController(Object(App\Controllers\DynamicController))
 6 SYSTEMPATH/CodeIgniter.php(355): CodeIgniter\CodeIgniter->handleRequest(null, Object(Config\Cache), false)
 7 SYSTEMPATH/Boot.php(325): CodeIgniter\CodeIgniter->run()
 8 SYSTEMPATH/Boot.php(67): CodeIgniter\Boot::runCodeIgniter(Object(CodeIgniter\CodeIgniter))
 9 FCPATH/index.php(56): CodeIgniter\Boot::bootWeb(Object(Config\Paths))
CRITICAL - 2024-09-29 19:00:02 --> ErrorException: Constant LANG already defined
[Method: GET, Route: CronJob/envia_avisos]
in APPPATH/Controllers/CronJob.php on line 18.
 1 [internal function]: CodeIgniter\Debug\Exceptions->errorHandler(2, 'Constant LANG already defined', '/home/next0355/dev.next1crm.com.br/app/Controllers/CronJob.php', 18)
 2 APPPATH/Controllers/CronJob.php(18): define('LANG', 'portuguese_br')
 3 APPPATH/Controllers/DynamicController.php(41): App\Controllers\CronJob->__construct()
 4 SYSTEMPATH/CodeIgniter.php(933): App\Controllers\DynamicController->execute('CronJob', 'envia_avisos')
 5 SYSTEMPATH/CodeIgniter.php(509): CodeIgniter\CodeIgniter->runController(Object(App\Controllers\DynamicController))
 6 SYSTEMPATH/CodeIgniter.php(355): CodeIgniter\CodeIgniter->handleRequest(null, Object(Config\Cache), false)
 7 SYSTEMPATH/Boot.php(325): CodeIgniter\CodeIgniter->run()
 8 SYSTEMPATH/Boot.php(67): CodeIgniter\Boot::runCodeIgniter(Object(CodeIgniter\CodeIgniter))
 9 FCPATH/index.php(56): CodeIgniter\Boot::bootWeb(Object(Config\Paths))
CRITICAL - 2024-09-29 19:15:03 --> ErrorException: Constant LANG already defined
[Method: GET, Route: CronJob/envia_avisos]
in APPPATH/Controllers/CronJob.php on line 18.
 1 [internal function]: CodeIgniter\Debug\Exceptions->errorHandler(2, 'Constant LANG already defined', '/home/next0355/dev.next1crm.com.br/app/Controllers/CronJob.php', 18)
 2 APPPATH/Controllers/CronJob.php(18): define('LANG', 'portuguese_br')
 3 APPPATH/Controllers/DynamicController.php(41): App\Controllers\CronJob->__construct()
 4 SYSTEMPATH/CodeIgniter.php(933): App\Controllers\DynamicController->execute('CronJob', 'envia_avisos')
 5 SYSTEMPATH/CodeIgniter.php(509): CodeIgniter\CodeIgniter->runController(Object(App\Controllers\DynamicController))
 6 SYSTEMPATH/CodeIgniter.php(355): CodeIgniter\CodeIgniter->handleRequest(null, Object(Config\Cache), false)
 7 SYSTEMPATH/Boot.php(325): CodeIgniter\CodeIgniter->run()
 8 SYSTEMPATH/Boot.php(67): CodeIgniter\Boot::runCodeIgniter(Object(CodeIgniter\CodeIgniter))
 9 FCPATH/index.php(56): CodeIgniter\Boot::bootWeb(Object(Config\Paths))
CRITICAL - 2024-09-29 19:30:02 --> ErrorException: Constant LANG already defined
[Method: GET, Route: CronJob/envia_avisos]
in APPPATH/Controllers/CronJob.php on line 18.
 1 [internal function]: CodeIgniter\Debug\Exceptions->errorHandler(2, 'Constant LANG already defined', '/home/next0355/dev.next1crm.com.br/app/Controllers/CronJob.php', 18)
 2 APPPATH/Controllers/CronJob.php(18): define('LANG', 'portuguese_br')
 3 APPPATH/Controllers/DynamicController.php(41): App\Controllers\CronJob->__construct()
 4 SYSTEMPATH/CodeIgniter.php(933): App\Controllers\DynamicController->execute('CronJob', 'envia_avisos')
 5 SYSTEMPATH/CodeIgniter.php(509): CodeIgniter\CodeIgniter->runController(Object(App\Controllers\DynamicController))
 6 SYSTEMPATH/CodeIgniter.php(355): CodeIgniter\CodeIgniter->handleRequest(null, Object(Config\Cache), false)
 7 SYSTEMPATH/Boot.php(325): CodeIgniter\CodeIgniter->run()
 8 SYSTEMPATH/Boot.php(67): CodeIgniter\Boot::runCodeIgniter(Object(CodeIgniter\CodeIgniter))
 9 FCPATH/index.php(56): CodeIgniter\Boot::bootWeb(Object(Config\Paths))
CRITICAL - 2024-09-29 19:45:02 --> ErrorException: Constant LANG already defined
[Method: GET, Route: CronJob/envia_avisos]
in APPPATH/Controllers/CronJob.php on line 18.
 1 [internal function]: CodeIgniter\Debug\Exceptions->errorHandler(2, 'Constant LANG already defined', '/home/next0355/dev.next1crm.com.br/app/Controllers/CronJob.php', 18)
 2 APPPATH/Controllers/CronJob.php(18): define('LANG', 'portuguese_br')
 3 APPPATH/Controllers/DynamicController.php(41): App\Controllers\CronJob->__construct()
 4 SYSTEMPATH/CodeIgniter.php(933): App\Controllers\DynamicController->execute('CronJob', 'envia_avisos')
 5 SYSTEMPATH/CodeIgniter.php(509): CodeIgniter\CodeIgniter->runController(Object(App\Controllers\DynamicController))
 6 SYSTEMPATH/CodeIgniter.php(355): CodeIgniter\CodeIgniter->handleRequest(null, Object(Config\Cache), false)
 7 SYSTEMPATH/Boot.php(325): CodeIgniter\CodeIgniter->run()
 8 SYSTEMPATH/Boot.php(67): CodeIgniter\Boot::runCodeIgniter(Object(CodeIgniter\CodeIgniter))
 9 FCPATH/index.php(56): CodeIgniter\Boot::bootWeb(Object(Config\Paths))
CRITICAL - 2024-09-29 20:00:02 --> ErrorException: Constant LANG already defined
[Method: GET, Route: CronJob/envia_avisos]
in APPPATH/Controllers/CronJob.php on line 18.
 1 [internal function]: CodeIgniter\Debug\Exceptions->errorHandler(2, 'Constant LANG already defined', '/home/next0355/dev.next1crm.com.br/app/Controllers/CronJob.php', 18)
 2 APPPATH/Controllers/CronJob.php(18): define('LANG', 'portuguese_br')
 3 APPPATH/Controllers/DynamicController.php(41): App\Controllers\CronJob->__construct()
 4 SYSTEMPATH/CodeIgniter.php(933): App\Controllers\DynamicController->execute('CronJob', 'envia_avisos')
 5 SYSTEMPATH/CodeIgniter.php(509): CodeIgniter\CodeIgniter->runController(Object(App\Controllers\DynamicController))
 6 SYSTEMPATH/CodeIgniter.php(355): CodeIgniter\CodeIgniter->handleRequest(null, Object(Config\Cache), false)
 7 SYSTEMPATH/Boot.php(325): CodeIgniter\CodeIgniter->run()
 8 SYSTEMPATH/Boot.php(67): CodeIgniter\Boot::runCodeIgniter(Object(CodeIgniter\CodeIgniter))
 9 FCPATH/index.php(56): CodeIgniter\Boot::bootWeb(Object(Config\Paths))
CRITICAL - 2024-09-29 20:15:03 --> ErrorException: Constant LANG already defined
[Method: GET, Route: CronJob/envia_avisos]
in APPPATH/Controllers/CronJob.php on line 18.
 1 [internal function]: CodeIgniter\Debug\Exceptions->errorHandler(2, 'Constant LANG already defined', '/home/next0355/dev.next1crm.com.br/app/Controllers/CronJob.php', 18)
 2 APPPATH/Controllers/CronJob.php(18): define('LANG', 'portuguese_br')
 3 APPPATH/Controllers/DynamicController.php(41): App\Controllers\CronJob->__construct()
 4 SYSTEMPATH/CodeIgniter.php(933): App\Controllers\DynamicController->execute('CronJob', 'envia_avisos')
 5 SYSTEMPATH/CodeIgniter.php(509): CodeIgniter\CodeIgniter->runController(Object(App\Controllers\DynamicController))
 6 SYSTEMPATH/CodeIgniter.php(355): CodeIgniter\CodeIgniter->handleRequest(null, Object(Config\Cache), false)
 7 SYSTEMPATH/Boot.php(325): CodeIgniter\CodeIgniter->run()
 8 SYSTEMPATH/Boot.php(67): CodeIgniter\Boot::runCodeIgniter(Object(CodeIgniter\CodeIgniter))
 9 FCPATH/index.php(56): CodeIgniter\Boot::bootWeb(Object(Config\Paths))
CRITICAL - 2024-09-29 20:30:02 --> ErrorException: Constant LANG already defined
[Method: GET, Route: CronJob/envia_avisos]
in APPPATH/Controllers/CronJob.php on line 18.
 1 [internal function]: CodeIgniter\Debug\Exceptions->errorHandler(2, 'Constant LANG already defined', '/home/next0355/dev.next1crm.com.br/app/Controllers/CronJob.php', 18)
 2 APPPATH/Controllers/CronJob.php(18): define('LANG', 'portuguese_br')
 3 APPPATH/Controllers/DynamicController.php(41): App\Controllers\CronJob->__construct()
 4 SYSTEMPATH/CodeIgniter.php(933): App\Controllers\DynamicController->execute('CronJob', 'envia_avisos')
 5 SYSTEMPATH/CodeIgniter.php(509): CodeIgniter\CodeIgniter->runController(Object(App\Controllers\DynamicController))
 6 SYSTEMPATH/CodeIgniter.php(355): CodeIgniter\CodeIgniter->handleRequest(null, Object(Config\Cache), false)
 7 SYSTEMPATH/Boot.php(325): CodeIgniter\CodeIgniter->run()
 8 SYSTEMPATH/Boot.php(67): CodeIgniter\Boot::runCodeIgniter(Object(CodeIgniter\CodeIgniter))
 9 FCPATH/index.php(56): CodeIgniter\Boot::bootWeb(Object(Config\Paths))
CRITICAL - 2024-09-29 20:45:03 --> ErrorException: Constant LANG already defined
[Method: GET, Route: CronJob/envia_avisos]
in APPPATH/Controllers/CronJob.php on line 18.
 1 [internal function]: CodeIgniter\Debug\Exceptions->errorHandler(2, 'Constant LANG already defined', '/home/next0355/dev.next1crm.com.br/app/Controllers/CronJob.php', 18)
 2 APPPATH/Controllers/CronJob.php(18): define('LANG', 'portuguese_br')
 3 APPPATH/Controllers/DynamicController.php(41): App\Controllers\CronJob->__construct()
 4 SYSTEMPATH/CodeIgniter.php(933): App\Controllers\DynamicController->execute('CronJob', 'envia_avisos')
 5 SYSTEMPATH/CodeIgniter.php(509): CodeIgniter\CodeIgniter->runController(Object(App\Controllers\DynamicController))
 6 SYSTEMPATH/CodeIgniter.php(355): CodeIgniter\CodeIgniter->handleRequest(null, Object(Config\Cache), false)
 7 SYSTEMPATH/Boot.php(325): CodeIgniter\CodeIgniter->run()
 8 SYSTEMPATH/Boot.php(67): CodeIgniter\Boot::runCodeIgniter(Object(CodeIgniter\CodeIgniter))
 9 FCPATH/index.php(56): CodeIgniter\Boot::bootWeb(Object(Config\Paths))
CRITICAL - 2024-09-29 21:00:02 --> ErrorException: Constant LANG already defined
[Method: GET, Route: CronJob/envia_avisos]
in APPPATH/Controllers/CronJob.php on line 18.
 1 [internal function]: CodeIgniter\Debug\Exceptions->errorHandler(2, 'Constant LANG already defined', '/home/next0355/dev.next1crm.com.br/app/Controllers/CronJob.php', 18)
 2 APPPATH/Controllers/CronJob.php(18): define('LANG', 'portuguese_br')
 3 APPPATH/Controllers/DynamicController.php(41): App\Controllers\CronJob->__construct()
 4 SYSTEMPATH/CodeIgniter.php(933): App\Controllers\DynamicController->execute('CronJob', 'envia_avisos')
 5 SYSTEMPATH/CodeIgniter.php(509): CodeIgniter\CodeIgniter->runController(Object(App\Controllers\DynamicController))
 6 SYSTEMPATH/CodeIgniter.php(355): CodeIgniter\CodeIgniter->handleRequest(null, Object(Config\Cache), false)
 7 SYSTEMPATH/Boot.php(325): CodeIgniter\CodeIgniter->run()
 8 SYSTEMPATH/Boot.php(67): CodeIgniter\Boot::runCodeIgniter(Object(CodeIgniter\CodeIgniter))
 9 FCPATH/index.php(56): CodeIgniter\Boot::bootWeb(Object(Config\Paths))
CRITICAL - 2024-09-29 21:15:02 --> ErrorException: Constant LANG already defined
[Method: GET, Route: CronJob/envia_avisos]
in APPPATH/Controllers/CronJob.php on line 18.
 1 [internal function]: CodeIgniter\Debug\Exceptions->errorHandler(2, 'Constant LANG already defined', '/home/next0355/dev.next1crm.com.br/app/Controllers/CronJob.php', 18)
 2 APPPATH/Controllers/CronJob.php(18): define('LANG', 'portuguese_br')
 3 APPPATH/Controllers/DynamicController.php(41): App\Controllers\CronJob->__construct()
 4 SYSTEMPATH/CodeIgniter.php(933): App\Controllers\DynamicController->execute('CronJob', 'envia_avisos')
 5 SYSTEMPATH/CodeIgniter.php(509): CodeIgniter\CodeIgniter->runController(Object(App\Controllers\DynamicController))
 6 SYSTEMPATH/CodeIgniter.php(355): CodeIgniter\CodeIgniter->handleRequest(null, Object(Config\Cache), false)
 7 SYSTEMPATH/Boot.php(325): CodeIgniter\CodeIgniter->run()
 8 SYSTEMPATH/Boot.php(67): CodeIgniter\Boot::runCodeIgniter(Object(CodeIgniter\CodeIgniter))
 9 FCPATH/index.php(56): CodeIgniter\Boot::bootWeb(Object(Config\Paths))
CRITICAL - 2024-09-29 21:30:02 --> ErrorException: Constant LANG already defined
[Method: GET, Route: CronJob/envia_avisos]
in APPPATH/Controllers/CronJob.php on line 18.
 1 [internal function]: CodeIgniter\Debug\Exceptions->errorHandler(2, 'Constant LANG already defined', '/home/next0355/dev.next1crm.com.br/app/Controllers/CronJob.php', 18)
 2 APPPATH/Controllers/CronJob.php(18): define('LANG', 'portuguese_br')
 3 APPPATH/Controllers/DynamicController.php(41): App\Controllers\CronJob->__construct()
 4 SYSTEMPATH/CodeIgniter.php(933): App\Controllers\DynamicController->execute('CronJob', 'envia_avisos')
 5 SYSTEMPATH/CodeIgniter.php(509): CodeIgniter\CodeIgniter->runController(Object(App\Controllers\DynamicController))
 6 SYSTEMPATH/CodeIgniter.php(355): CodeIgniter\CodeIgniter->handleRequest(null, Object(Config\Cache), false)
 7 SYSTEMPATH/Boot.php(325): CodeIgniter\CodeIgniter->run()
 8 SYSTEMPATH/Boot.php(67): CodeIgniter\Boot::runCodeIgniter(Object(CodeIgniter\CodeIgniter))
 9 FCPATH/index.php(56): CodeIgniter\Boot::bootWeb(Object(Config\Paths))
CRITICAL - 2024-09-29 21:45:03 --> ErrorException: Constant LANG already defined
[Method: GET, Route: CronJob/envia_avisos]
in APPPATH/Controllers/CronJob.php on line 18.
 1 [internal function]: CodeIgniter\Debug\Exceptions->errorHandler(2, 'Constant LANG already defined', '/home/next0355/dev.next1crm.com.br/app/Controllers/CronJob.php', 18)
 2 APPPATH/Controllers/CronJob.php(18): define('LANG', 'portuguese_br')
 3 APPPATH/Controllers/DynamicController.php(41): App\Controllers\CronJob->__construct()
 4 SYSTEMPATH/CodeIgniter.php(933): App\Controllers\DynamicController->execute('CronJob', 'envia_avisos')
 5 SYSTEMPATH/CodeIgniter.php(509): CodeIgniter\CodeIgniter->runController(Object(App\Controllers\DynamicController))
 6 SYSTEMPATH/CodeIgniter.php(355): CodeIgniter\CodeIgniter->handleRequest(null, Object(Config\Cache), false)
 7 SYSTEMPATH/Boot.php(325): CodeIgniter\CodeIgniter->run()
 8 SYSTEMPATH/Boot.php(67): CodeIgniter\Boot::runCodeIgniter(Object(CodeIgniter\CodeIgniter))
 9 FCPATH/index.php(56): CodeIgniter\Boot::bootWeb(Object(Config\Paths))
CRITICAL - 2024-09-29 22:00:02 --> ErrorException: Constant LANG already defined
[Method: GET, Route: CronJob/envia_avisos]
in APPPATH/Controllers/CronJob.php on line 18.
 1 [internal function]: CodeIgniter\Debug\Exceptions->errorHandler(2, 'Constant LANG already defined', '/home/next0355/dev.next1crm.com.br/app/Controllers/CronJob.php', 18)
 2 APPPATH/Controllers/CronJob.php(18): define('LANG', 'portuguese_br')
 3 APPPATH/Controllers/DynamicController.php(41): App\Controllers\CronJob->__construct()
 4 SYSTEMPATH/CodeIgniter.php(933): App\Controllers\DynamicController->execute('CronJob', 'envia_avisos')
 5 SYSTEMPATH/CodeIgniter.php(509): CodeIgniter\CodeIgniter->runController(Object(App\Controllers\DynamicController))
 6 SYSTEMPATH/CodeIgniter.php(355): CodeIgniter\CodeIgniter->handleRequest(null, Object(Config\Cache), false)
 7 SYSTEMPATH/Boot.php(325): CodeIgniter\CodeIgniter->run()
 8 SYSTEMPATH/Boot.php(67): CodeIgniter\Boot::runCodeIgniter(Object(CodeIgniter\CodeIgniter))
 9 FCPATH/index.php(56): CodeIgniter\Boot::bootWeb(Object(Config\Paths))
CRITICAL - 2024-09-29 22:15:02 --> ErrorException: Constant LANG already defined
[Method: GET, Route: CronJob/envia_avisos]
in APPPATH/Controllers/CronJob.php on line 18.
 1 [internal function]: CodeIgniter\Debug\Exceptions->errorHandler(2, 'Constant LANG already defined', '/home/next0355/dev.next1crm.com.br/app/Controllers/CronJob.php', 18)
 2 APPPATH/Controllers/CronJob.php(18): define('LANG', 'portuguese_br')
 3 APPPATH/Controllers/DynamicController.php(41): App\Controllers\CronJob->__construct()
 4 SYSTEMPATH/CodeIgniter.php(933): App\Controllers\DynamicController->execute('CronJob', 'envia_avisos')
 5 SYSTEMPATH/CodeIgniter.php(509): CodeIgniter\CodeIgniter->runController(Object(App\Controllers\DynamicController))
 6 SYSTEMPATH/CodeIgniter.php(355): CodeIgniter\CodeIgniter->handleRequest(null, Object(Config\Cache), false)
 7 SYSTEMPATH/Boot.php(325): CodeIgniter\CodeIgniter->run()
 8 SYSTEMPATH/Boot.php(67): CodeIgniter\Boot::runCodeIgniter(Object(CodeIgniter\CodeIgniter))
 9 FCPATH/index.php(56): CodeIgniter\Boot::bootWeb(Object(Config\Paths))
CRITICAL - 2024-09-29 22:30:03 --> ErrorException: Constant LANG already defined
[Method: GET, Route: CronJob/envia_avisos]
in APPPATH/Controllers/CronJob.php on line 18.
 1 [internal function]: CodeIgniter\Debug\Exceptions->errorHandler(2, 'Constant LANG already defined', '/home/next0355/dev.next1crm.com.br/app/Controllers/CronJob.php', 18)
 2 APPPATH/Controllers/CronJob.php(18): define('LANG', 'portuguese_br')
 3 APPPATH/Controllers/DynamicController.php(41): App\Controllers\CronJob->__construct()
 4 SYSTEMPATH/CodeIgniter.php(933): App\Controllers\DynamicController->execute('CronJob', 'envia_avisos')
 5 SYSTEMPATH/CodeIgniter.php(509): CodeIgniter\CodeIgniter->runController(Object(App\Controllers\DynamicController))
 6 SYSTEMPATH/CodeIgniter.php(355): CodeIgniter\CodeIgniter->handleRequest(null, Object(Config\Cache), false)
 7 SYSTEMPATH/Boot.php(325): CodeIgniter\CodeIgniter->run()
 8 SYSTEMPATH/Boot.php(67): CodeIgniter\Boot::runCodeIgniter(Object(CodeIgniter\CodeIgniter))
 9 FCPATH/index.php(56): CodeIgniter\Boot::bootWeb(Object(Config\Paths))
CRITICAL - 2024-09-29 22:45:02 --> ErrorException: Constant LANG already defined
[Method: GET, Route: CronJob/envia_avisos]
in APPPATH/Controllers/CronJob.php on line 18.
 1 [internal function]: CodeIgniter\Debug\Exceptions->errorHandler(2, 'Constant LANG already defined', '/home/next0355/dev.next1crm.com.br/app/Controllers/CronJob.php', 18)
 2 APPPATH/Controllers/CronJob.php(18): define('LANG', 'portuguese_br')
 3 APPPATH/Controllers/DynamicController.php(41): App\Controllers\CronJob->__construct()
 4 SYSTEMPATH/CodeIgniter.php(933): App\Controllers\DynamicController->execute('CronJob', 'envia_avisos')
 5 SYSTEMPATH/CodeIgniter.php(509): CodeIgniter\CodeIgniter->runController(Object(App\Controllers\DynamicController))
 6 SYSTEMPATH/CodeIgniter.php(355): CodeIgniter\CodeIgniter->handleRequest(null, Object(Config\Cache), false)
 7 SYSTEMPATH/Boot.php(325): CodeIgniter\CodeIgniter->run()
 8 SYSTEMPATH/Boot.php(67): CodeIgniter\Boot::runCodeIgniter(Object(CodeIgniter\CodeIgniter))
 9 FCPATH/index.php(56): CodeIgniter\Boot::bootWeb(Object(Config\Paths))
CRITICAL - 2024-09-29 23:00:03 --> ErrorException: Constant LANG already defined
[Method: GET, Route: CronJob/envia_avisos]
in APPPATH/Controllers/CronJob.php on line 18.
 1 [internal function]: CodeIgniter\Debug\Exceptions->errorHandler(2, 'Constant LANG already defined', '/home/next0355/dev.next1crm.com.br/app/Controllers/CronJob.php', 18)
 2 APPPATH/Controllers/CronJob.php(18): define('LANG', 'portuguese_br')
 3 APPPATH/Controllers/DynamicController.php(41): App\Controllers\CronJob->__construct()
 4 SYSTEMPATH/CodeIgniter.php(933): App\Controllers\DynamicController->execute('CronJob', 'envia_avisos')
 5 SYSTEMPATH/CodeIgniter.php(509): CodeIgniter\CodeIgniter->runController(Object(App\Controllers\DynamicController))
 6 SYSTEMPATH/CodeIgniter.php(355): CodeIgniter\CodeIgniter->handleRequest(null, Object(Config\Cache), false)
 7 SYSTEMPATH/Boot.php(325): CodeIgniter\CodeIgniter->run()
 8 SYSTEMPATH/Boot.php(67): CodeIgniter\Boot::runCodeIgniter(Object(CodeIgniter\CodeIgniter))
 9 FCPATH/index.php(56): CodeIgniter\Boot::bootWeb(Object(Config\Paths))
CRITICAL - 2024-09-29 23:15:02 --> ErrorException: Constant LANG already defined
[Method: GET, Route: CronJob/envia_avisos]
in APPPATH/Controllers/CronJob.php on line 18.
 1 [internal function]: CodeIgniter\Debug\Exceptions->errorHandler(2, 'Constant LANG already defined', '/home/next0355/dev.next1crm.com.br/app/Controllers/CronJob.php', 18)
 2 APPPATH/Controllers/CronJob.php(18): define('LANG', 'portuguese_br')
 3 APPPATH/Controllers/DynamicController.php(41): App\Controllers\CronJob->__construct()
 4 SYSTEMPATH/CodeIgniter.php(933): App\Controllers\DynamicController->execute('CronJob', 'envia_avisos')
 5 SYSTEMPATH/CodeIgniter.php(509): CodeIgniter\CodeIgniter->runController(Object(App\Controllers\DynamicController))
 6 SYSTEMPATH/CodeIgniter.php(355): CodeIgniter\CodeIgniter->handleRequest(null, Object(Config\Cache), false)
 7 SYSTEMPATH/Boot.php(325): CodeIgniter\CodeIgniter->run()
 8 SYSTEMPATH/Boot.php(67): CodeIgniter\Boot::runCodeIgniter(Object(CodeIgniter\CodeIgniter))
 9 FCPATH/index.php(56): CodeIgniter\Boot::bootWeb(Object(Config\Paths))
CRITICAL - 2024-09-29 23:30:03 --> ErrorException: Constant LANG already defined
[Method: GET, Route: CronJob/envia_avisos]
in APPPATH/Controllers/CronJob.php on line 18.
 1 [internal function]: CodeIgniter\Debug\Exceptions->errorHandler(2, 'Constant LANG already defined', '/home/next0355/dev.next1crm.com.br/app/Controllers/CronJob.php', 18)
 2 APPPATH/Controllers/CronJob.php(18): define('LANG', 'portuguese_br')
 3 APPPATH/Controllers/DynamicController.php(41): App\Controllers\CronJob->__construct()
 4 SYSTEMPATH/CodeIgniter.php(933): App\Controllers\DynamicController->execute('CronJob', 'envia_avisos')
 5 SYSTEMPATH/CodeIgniter.php(509): CodeIgniter\CodeIgniter->runController(Object(App\Controllers\DynamicController))
 6 SYSTEMPATH/CodeIgniter.php(355): CodeIgniter\CodeIgniter->handleRequest(null, Object(Config\Cache), false)
 7 SYSTEMPATH/Boot.php(325): CodeIgniter\CodeIgniter->run()
 8 SYSTEMPATH/Boot.php(67): CodeIgniter\Boot::runCodeIgniter(Object(CodeIgniter\CodeIgniter))
 9 FCPATH/index.php(56): CodeIgniter\Boot::bootWeb(Object(Config\Paths))
CRITICAL - 2024-09-29 23:45:02 --> ErrorException: Constant LANG already defined
[Method: GET, Route: CronJob/envia_avisos]
in APPPATH/Controllers/CronJob.php on line 18.
 1 [internal function]: CodeIgniter\Debug\Exceptions->errorHandler(2, 'Constant LANG already defined', '/home/next0355/dev.next1crm.com.br/app/Controllers/CronJob.php', 18)
 2 APPPATH/Controllers/CronJob.php(18): define('LANG', 'portuguese_br')
 3 APPPATH/Controllers/DynamicController.php(41): App\Controllers\CronJob->__construct()
 4 SYSTEMPATH/CodeIgniter.php(933): App\Controllers\DynamicController->execute('CronJob', 'envia_avisos')
 5 SYSTEMPATH/CodeIgniter.php(509): CodeIgniter\CodeIgniter->runController(Object(App\Controllers\DynamicController))
 6 SYSTEMPATH/CodeIgniter.php(355): CodeIgniter\CodeIgniter->handleRequest(null, Object(Config\Cache), false)
 7 SYSTEMPATH/Boot.php(325): CodeIgniter\CodeIgniter->run()
 8 SYSTEMPATH/Boot.php(67): CodeIgniter\Boot::runCodeIgniter(Object(CodeIgniter\CodeIgniter))
 9 FCPATH/index.php(56): CodeIgniter\Boot::bootWeb(Object(Config\Paths))
