CRITICAL - 2024-09-09 12:02:59 --> ErrorException: Trying to access array offset on value of type null
[Method: GET, Route: goals]
in APPPATH/Models/Privileges_Model.php on line 25.
 1 APPPATH/Models/Privileges_Model.php(25): CodeIgniter\Debug\Exceptions->errorHandler(2, 'Trying to access array offset on value of type null', '/home/next0355/dev.next1crm.com.br/app/Models/Privileges_Model.php', 25)
 2 APPPATH/Controllers/Goals.php(14): App\Models\Privileges_Model->has_privilege('goals')
 3 APPPATH/Controllers/DynamicController.php(19): App\Controllers\Goals->__construct()
 4 SYSTEMPATH/CodeIgniter.php(933): App\Controllers\DynamicController->execute('goals')
 5 SYSTEMPATH/CodeIgniter.php(509): CodeIgniter\CodeIgniter->runController(Object(App\Controllers\DynamicController))
 6 SYSTEMPATH/CodeIgniter.php(355): CodeIgniter\CodeIgniter->handleRequest(null, Object(Config\Cache), false)
 7 SYSTEMPATH/Boot.php(325): CodeIgniter\CodeIgniter->run()
 8 SYSTEMPATH/Boot.php(67): CodeIgniter\Boot::runCodeIgniter(Object(CodeIgniter\CodeIgniter))
 9 FCPATH/index.php(56): CodeIgniter\Boot::bootWeb(Object(Config\Paths))
CRITICAL - 2024-09-09 12:03:37 --> ErrorException: Trying to access array offset on value of type null
[Method: GET, Route: goals]
in APPPATH/Models/Privileges_Model.php on line 25.
 1 APPPATH/Models/Privileges_Model.php(25): CodeIgniter\Debug\Exceptions->errorHandler(2, 'Trying to access array offset on value of type null', '/home/next0355/dev.next1crm.com.br/app/Models/Privileges_Model.php', 25)
 2 APPPATH/Controllers/Goals.php(14): App\Models\Privileges_Model->has_privilege('goals')
 3 APPPATH/Controllers/DynamicController.php(19): App\Controllers\Goals->__construct()
 4 SYSTEMPATH/CodeIgniter.php(933): App\Controllers\DynamicController->execute('goals')
 5 SYSTEMPATH/CodeIgniter.php(509): CodeIgniter\CodeIgniter->runController(Object(App\Controllers\DynamicController))
 6 SYSTEMPATH/CodeIgniter.php(355): CodeIgniter\CodeIgniter->handleRequest(null, Object(Config\Cache), false)
 7 SYSTEMPATH/Boot.php(325): CodeIgniter\CodeIgniter->run()
 8 SYSTEMPATH/Boot.php(67): CodeIgniter\Boot::runCodeIgniter(Object(CodeIgniter\CodeIgniter))
 9 FCPATH/index.php(56): CodeIgniter\Boot::bootWeb(Object(Config\Paths))
CRITICAL - 2024-09-09 12:04:08 --> CodeIgniter\HTTP\Exceptions\BadRequestException: The URI you submitted has disallowed characters: "{{appurl   'uploads"
[Method: GET, Route: %7B%7Bappurl%20%20%20%27uploads/images/%27%20%20%20chat.details.staffavatar%20%7D%7D]
in SYSTEMPATH/Router/Router.php on line 737.
 1 SYSTEMPATH/Router/Router.php(204): CodeIgniter\Router\Router->checkDisallowedChars('{{appurl   \'uploads/images/\'   chat.details.staffavatar }}')
 2 SYSTEMPATH/CodeIgniter.php(834): CodeIgniter\Router\Router->handle('{{appurl   \'uploads/images/\'   chat.details.staffavatar }}')
 3 SYSTEMPATH/CodeIgniter.php(457): CodeIgniter\CodeIgniter->tryToRouteIt(Object(CodeIgniter\Router\RouteCollection))
 4 SYSTEMPATH/CodeIgniter.php(355): CodeIgniter\CodeIgniter->handleRequest(null, Object(Config\Cache), false)
 5 SYSTEMPATH/Boot.php(325): CodeIgniter\CodeIgniter->run()
 6 SYSTEMPATH/Boot.php(67): CodeIgniter\Boot::runCodeIgniter(Object(CodeIgniter\CodeIgniter))
 7 FCPATH/index.php(56): CodeIgniter\Boot::bootWeb(Object(Config\Paths))
CRITICAL - 2024-09-09 12:04:08 --> CodeIgniter\HTTP\Exceptions\BadRequestException: The URI you submitted has disallowed characters: "{{appurl   'assets"
[Method: GET, Route: %7B%7Bappurl%20%20%20%27assets/img/menu/Dashboard%20Leads.svg%27%7D%7D]
in SYSTEMPATH/Router/Router.php on line 737.
 1 SYSTEMPATH/Router/Router.php(204): CodeIgniter\Router\Router->checkDisallowedChars('{{appurl   \'assets/img/menu/Dashboard Leads.svg\'}}')
 2 SYSTEMPATH/CodeIgniter.php(834): CodeIgniter\Router\Router->handle('{{appurl   \'assets/img/menu/Dashboard Leads.svg\'}}')
 3 SYSTEMPATH/CodeIgniter.php(457): CodeIgniter\CodeIgniter->tryToRouteIt(Object(CodeIgniter\Router\RouteCollection))
 4 SYSTEMPATH/CodeIgniter.php(355): CodeIgniter\CodeIgniter->handleRequest(null, Object(Config\Cache), false)
 5 SYSTEMPATH/Boot.php(325): CodeIgniter\CodeIgniter->run()
 6 SYSTEMPATH/Boot.php(67): CodeIgniter\Boot::runCodeIgniter(Object(CodeIgniter\CodeIgniter))
 7 FCPATH/index.php(56): CodeIgniter\Boot::bootWeb(Object(Config\Paths))
CRITICAL - 2024-09-09 12:04:08 --> CodeIgniter\HTTP\Exceptions\BadRequestException: The URI you submitted has disallowed characters: "{{appurl   'uploads"
[Method: GET, Route: %7B%7Bappurl%20%20%20%27uploads/images/%27%20%20%20chat.details.staffavatar%7D%7D]
in SYSTEMPATH/Router/Router.php on line 737.
 1 SYSTEMPATH/Router/Router.php(204): CodeIgniter\Router\Router->checkDisallowedChars('{{appurl   \'uploads/images/\'   chat.details.staffavatar}}')
 2 SYSTEMPATH/CodeIgniter.php(834): CodeIgniter\Router\Router->handle('{{appurl   \'uploads/images/\'   chat.details.staffavatar}}')
 3 SYSTEMPATH/CodeIgniter.php(457): CodeIgniter\CodeIgniter->tryToRouteIt(Object(CodeIgniter\Router\RouteCollection))
 4 SYSTEMPATH/CodeIgniter.php(355): CodeIgniter\CodeIgniter->handleRequest(null, Object(Config\Cache), false)
 5 SYSTEMPATH/Boot.php(325): CodeIgniter\CodeIgniter->run()
 6 SYSTEMPATH/Boot.php(67): CodeIgniter\Boot::runCodeIgniter(Object(CodeIgniter\CodeIgniter))
 7 FCPATH/index.php(56): CodeIgniter\Boot::bootWeb(Object(Config\Paths))
CRITICAL - 2024-09-09 12:04:08 --> CodeIgniter\HTTP\Exceptions\BadRequestException: The URI you submitted has disallowed characters: "{{appurl   'assets"
[Method: GET, Route: %7B%7Bappurl%20%20%20%27assets/img/loading.gif%27%7D%7D]
in SYSTEMPATH/Router/Router.php on line 737.
 1 SYSTEMPATH/Router/Router.php(204): CodeIgniter\Router\Router->checkDisallowedChars('{{appurl   \'assets/img/loading.gif\'}}')
 2 SYSTEMPATH/CodeIgniter.php(834): CodeIgniter\Router\Router->handle('{{appurl   \'assets/img/loading.gif\'}}')
 3 SYSTEMPATH/CodeIgniter.php(457): CodeIgniter\CodeIgniter->tryToRouteIt(Object(CodeIgniter\Router\RouteCollection))
 4 SYSTEMPATH/CodeIgniter.php(355): CodeIgniter\CodeIgniter->handleRequest(null, Object(Config\Cache), false)
 5 SYSTEMPATH/Boot.php(325): CodeIgniter\CodeIgniter->run()
 6 SYSTEMPATH/Boot.php(67): CodeIgniter\Boot::runCodeIgniter(Object(CodeIgniter\CodeIgniter))
 7 FCPATH/index.php(56): CodeIgniter\Boot::bootWeb(Object(Config\Paths))
CRITICAL - 2024-09-09 12:04:08 --> CodeIgniter\HTTP\Exceptions\BadRequestException: The URI you submitted has disallowed characters: "{{appurl   'uploads"
[Method: GET, Route: %7B%7Bappurl%20%20%20%27uploads/images/%27%20%20%20chatAtual.details.staffavatar%7D%7D]
in SYSTEMPATH/Router/Router.php on line 737.
 1 SYSTEMPATH/Router/Router.php(204): CodeIgniter\Router\Router->checkDisallowedChars('{{appurl   \'uploads/images/\'   chatAtual.details.staffavatar}}')
 2 SYSTEMPATH/CodeIgniter.php(834): CodeIgniter\Router\Router->handle('{{appurl   \'uploads/images/\'   chatAtual.details.staffavatar}}')
 3 SYSTEMPATH/CodeIgniter.php(457): CodeIgniter\CodeIgniter->tryToRouteIt(Object(CodeIgniter\Router\RouteCollection))
 4 SYSTEMPATH/CodeIgniter.php(355): CodeIgniter\CodeIgniter->handleRequest(null, Object(Config\Cache), false)
 5 SYSTEMPATH/Boot.php(325): CodeIgniter\CodeIgniter->run()
 6 SYSTEMPATH/Boot.php(67): CodeIgniter\Boot::runCodeIgniter(Object(CodeIgniter\CodeIgniter))
 7 FCPATH/index.php(56): CodeIgniter\Boot::bootWeb(Object(Config\Paths))
CRITICAL - 2024-09-09 12:04:13 --> CodeIgniter\HTTP\Exceptions\BadRequestException: The URI you submitted has disallowed characters: "{{appurl   'assets"
[Method: GET, Route: %7B%7Bappurl%20%20%20%27assets/img/menu/Dashboard%20Leads.svg%27%7D%7D]
in SYSTEMPATH/Router/Router.php on line 737.
 1 SYSTEMPATH/Router/Router.php(204): CodeIgniter\Router\Router->checkDisallowedChars('{{appurl   \'assets/img/menu/Dashboard Leads.svg\'}}')
 2 SYSTEMPATH/CodeIgniter.php(834): CodeIgniter\Router\Router->handle('{{appurl   \'assets/img/menu/Dashboard Leads.svg\'}}')
 3 SYSTEMPATH/CodeIgniter.php(457): CodeIgniter\CodeIgniter->tryToRouteIt(Object(CodeIgniter\Router\RouteCollection))
 4 SYSTEMPATH/CodeIgniter.php(355): CodeIgniter\CodeIgniter->handleRequest(null, Object(Config\Cache), false)
 5 SYSTEMPATH/Boot.php(325): CodeIgniter\CodeIgniter->run()
 6 SYSTEMPATH/Boot.php(67): CodeIgniter\Boot::runCodeIgniter(Object(CodeIgniter\CodeIgniter))
 7 FCPATH/index.php(56): CodeIgniter\Boot::bootWeb(Object(Config\Paths))
CRITICAL - 2024-09-09 12:06:10 --> Error: Call to a member function table() on null
[Method: POST, Route: logs/insert]
in APPPATH/Controllers/Logs.php on line 61.
 1 APPPATH/Controllers/DynamicController.php(34): App\Controllers\Logs->insert()
 2 SYSTEMPATH/CodeIgniter.php(933): App\Controllers\DynamicController->execute('logs', 'insert')
 3 SYSTEMPATH/CodeIgniter.php(509): CodeIgniter\CodeIgniter->runController(Object(App\Controllers\DynamicController))
 4 SYSTEMPATH/CodeIgniter.php(355): CodeIgniter\CodeIgniter->handleRequest(null, Object(Config\Cache), false)
 5 SYSTEMPATH/Boot.php(325): CodeIgniter\CodeIgniter->run()
 6 SYSTEMPATH/Boot.php(67): CodeIgniter\Boot::runCodeIgniter(Object(CodeIgniter\CodeIgniter))
 7 FCPATH/index.php(56): CodeIgniter\Boot::bootWeb(Object(Config\Paths))
CRITICAL - 2024-09-09 12:06:56 --> CodeIgniter\HTTP\Exceptions\BadRequestException: The URI you submitted has disallowed characters: "{{appurl   'uploads"
[Method: GET, Route: %7B%7Bappurl%20%20%20%27uploads/images/%27%20%20%20chat.details.staffavatar%7D%7D]
in SYSTEMPATH/Router/Router.php on line 737.
 1 SYSTEMPATH/Router/Router.php(204): CodeIgniter\Router\Router->checkDisallowedChars('{{appurl   \'uploads/images/\'   chat.details.staffavatar}}')
 2 SYSTEMPATH/CodeIgniter.php(834): CodeIgniter\Router\Router->handle('{{appurl   \'uploads/images/\'   chat.details.staffavatar}}')
 3 SYSTEMPATH/CodeIgniter.php(457): CodeIgniter\CodeIgniter->tryToRouteIt(Object(CodeIgniter\Router\RouteCollection))
 4 SYSTEMPATH/CodeIgniter.php(355): CodeIgniter\CodeIgniter->handleRequest(null, Object(Config\Cache), false)
 5 SYSTEMPATH/Boot.php(325): CodeIgniter\CodeIgniter->run()
 6 SYSTEMPATH/Boot.php(67): CodeIgniter\Boot::runCodeIgniter(Object(CodeIgniter\CodeIgniter))
 7 FCPATH/index.php(56): CodeIgniter\Boot::bootWeb(Object(Config\Paths))
CRITICAL - 2024-09-09 12:06:57 --> CodeIgniter\HTTP\Exceptions\BadRequestException: The URI you submitted has disallowed characters: "{{appurl   'assets"
[Method: GET, Route: %7B%7Bappurl%20%20%20%27assets/img/menu/Dashboard%20Leads.svg%27%7D%7D]
in SYSTEMPATH/Router/Router.php on line 737.
 1 SYSTEMPATH/Router/Router.php(204): CodeIgniter\Router\Router->checkDisallowedChars('{{appurl   \'assets/img/menu/Dashboard Leads.svg\'}}')
 2 SYSTEMPATH/CodeIgniter.php(834): CodeIgniter\Router\Router->handle('{{appurl   \'assets/img/menu/Dashboard Leads.svg\'}}')
 3 SYSTEMPATH/CodeIgniter.php(457): CodeIgniter\CodeIgniter->tryToRouteIt(Object(CodeIgniter\Router\RouteCollection))
 4 SYSTEMPATH/CodeIgniter.php(355): CodeIgniter\CodeIgniter->handleRequest(null, Object(Config\Cache), false)
 5 SYSTEMPATH/Boot.php(325): CodeIgniter\CodeIgniter->run()
 6 SYSTEMPATH/Boot.php(67): CodeIgniter\Boot::runCodeIgniter(Object(CodeIgniter\CodeIgniter))
 7 FCPATH/index.php(56): CodeIgniter\Boot::bootWeb(Object(Config\Paths))
CRITICAL - 2024-09-09 12:06:57 --> CodeIgniter\HTTP\Exceptions\BadRequestException: The URI you submitted has disallowed characters: "{{appurl   'assets"
[Method: GET, Route: %7B%7Bappurl%20%20%20%27assets/img/loading.gif%27%7D%7D]
in SYSTEMPATH/Router/Router.php on line 737.
 1 SYSTEMPATH/Router/Router.php(204): CodeIgniter\Router\Router->checkDisallowedChars('{{appurl   \'assets/img/loading.gif\'}}')
 2 SYSTEMPATH/CodeIgniter.php(834): CodeIgniter\Router\Router->handle('{{appurl   \'assets/img/loading.gif\'}}')
 3 SYSTEMPATH/CodeIgniter.php(457): CodeIgniter\CodeIgniter->tryToRouteIt(Object(CodeIgniter\Router\RouteCollection))
 4 SYSTEMPATH/CodeIgniter.php(355): CodeIgniter\CodeIgniter->handleRequest(null, Object(Config\Cache), false)
 5 SYSTEMPATH/Boot.php(325): CodeIgniter\CodeIgniter->run()
 6 SYSTEMPATH/Boot.php(67): CodeIgniter\Boot::runCodeIgniter(Object(CodeIgniter\CodeIgniter))
 7 FCPATH/index.php(56): CodeIgniter\Boot::bootWeb(Object(Config\Paths))
CRITICAL - 2024-09-09 12:06:57 --> CodeIgniter\HTTP\Exceptions\BadRequestException: The URI you submitted has disallowed characters: "{{appurl   'uploads"
[Method: GET, Route: %7B%7Bappurl%20%20%20%27uploads/images/%27%20%20%20chatAtual.details.staffavatar%7D%7D]
in SYSTEMPATH/Router/Router.php on line 737.
 1 SYSTEMPATH/Router/Router.php(204): CodeIgniter\Router\Router->checkDisallowedChars('{{appurl   \'uploads/images/\'   chatAtual.details.staffavatar}}')
 2 SYSTEMPATH/CodeIgniter.php(834): CodeIgniter\Router\Router->handle('{{appurl   \'uploads/images/\'   chatAtual.details.staffavatar}}')
 3 SYSTEMPATH/CodeIgniter.php(457): CodeIgniter\CodeIgniter->tryToRouteIt(Object(CodeIgniter\Router\RouteCollection))
 4 SYSTEMPATH/CodeIgniter.php(355): CodeIgniter\CodeIgniter->handleRequest(null, Object(Config\Cache), false)
 5 SYSTEMPATH/Boot.php(325): CodeIgniter\CodeIgniter->run()
 6 SYSTEMPATH/Boot.php(67): CodeIgniter\Boot::runCodeIgniter(Object(CodeIgniter\CodeIgniter))
 7 FCPATH/index.php(56): CodeIgniter\Boot::bootWeb(Object(Config\Paths))
CRITICAL - 2024-09-09 12:06:58 --> CodeIgniter\HTTP\Exceptions\BadRequestException: The URI you submitted has disallowed characters: "{{appurl   'uploads"
[Method: GET, Route: %7B%7Bappurl%20%20%20%27uploads/images/%27%20%20%20chat.details.staffavatar%20%7D%7D]
in SYSTEMPATH/Router/Router.php on line 737.
 1 SYSTEMPATH/Router/Router.php(204): CodeIgniter\Router\Router->checkDisallowedChars('{{appurl   \'uploads/images/\'   chat.details.staffavatar }}')
 2 SYSTEMPATH/CodeIgniter.php(834): CodeIgniter\Router\Router->handle('{{appurl   \'uploads/images/\'   chat.details.staffavatar }}')
 3 SYSTEMPATH/CodeIgniter.php(457): CodeIgniter\CodeIgniter->tryToRouteIt(Object(CodeIgniter\Router\RouteCollection))
 4 SYSTEMPATH/CodeIgniter.php(355): CodeIgniter\CodeIgniter->handleRequest(null, Object(Config\Cache), false)
 5 SYSTEMPATH/Boot.php(325): CodeIgniter\CodeIgniter->run()
 6 SYSTEMPATH/Boot.php(67): CodeIgniter\Boot::runCodeIgniter(Object(CodeIgniter\CodeIgniter))
 7 FCPATH/index.php(56): CodeIgniter\Boot::bootWeb(Object(Config\Paths))
CRITICAL - 2024-09-09 12:07:09 --> CodeIgniter\HTTP\Exceptions\BadRequestException: The URI you submitted has disallowed characters: "{{appurl   'uploads"
[Method: GET, Route: %7B%7Bappurl%20%20%20%27uploads/images/%27%20%20%20chat.details.staffavatar%7D%7D]
in SYSTEMPATH/Router/Router.php on line 737.
 1 SYSTEMPATH/Router/Router.php(204): CodeIgniter\Router\Router->checkDisallowedChars('{{appurl   \'uploads/images/\'   chat.details.staffavatar}}')
 2 SYSTEMPATH/CodeIgniter.php(834): CodeIgniter\Router\Router->handle('{{appurl   \'uploads/images/\'   chat.details.staffavatar}}')
 3 SYSTEMPATH/CodeIgniter.php(457): CodeIgniter\CodeIgniter->tryToRouteIt(Object(CodeIgniter\Router\RouteCollection))
 4 SYSTEMPATH/CodeIgniter.php(355): CodeIgniter\CodeIgniter->handleRequest(null, Object(Config\Cache), false)
 5 SYSTEMPATH/Boot.php(325): CodeIgniter\CodeIgniter->run()
 6 SYSTEMPATH/Boot.php(67): CodeIgniter\Boot::runCodeIgniter(Object(CodeIgniter\CodeIgniter))
 7 FCPATH/index.php(56): CodeIgniter\Boot::bootWeb(Object(Config\Paths))
CRITICAL - 2024-09-09 12:07:10 --> CodeIgniter\HTTP\Exceptions\BadRequestException: The URI you submitted has disallowed characters: "{{appurl   'uploads"
[Method: GET, Route: %7B%7Bappurl%20%20%20%27uploads/images/%27%20%20%20chatAtual.details.staffavatar%7D%7D]
in SYSTEMPATH/Router/Router.php on line 737.
 1 SYSTEMPATH/Router/Router.php(204): CodeIgniter\Router\Router->checkDisallowedChars('{{appurl   \'uploads/images/\'   chatAtual.details.staffavatar}}')
 2 SYSTEMPATH/CodeIgniter.php(834): CodeIgniter\Router\Router->handle('{{appurl   \'uploads/images/\'   chatAtual.details.staffavatar}}')
 3 SYSTEMPATH/CodeIgniter.php(457): CodeIgniter\CodeIgniter->tryToRouteIt(Object(CodeIgniter\Router\RouteCollection))
 4 SYSTEMPATH/CodeIgniter.php(355): CodeIgniter\CodeIgniter->handleRequest(null, Object(Config\Cache), false)
 5 SYSTEMPATH/Boot.php(325): CodeIgniter\CodeIgniter->run()
 6 SYSTEMPATH/Boot.php(67): CodeIgniter\Boot::runCodeIgniter(Object(CodeIgniter\CodeIgniter))
 7 FCPATH/index.php(56): CodeIgniter\Boot::bootWeb(Object(Config\Paths))
CRITICAL - 2024-09-09 12:07:10 --> CodeIgniter\HTTP\Exceptions\BadRequestException: The URI you submitted has disallowed characters: "{{lead.avatar}}"
[Method: GET, Route: uploads/images/%7B%7Blead.avatar%7D%7D]
in SYSTEMPATH/Router/Router.php on line 737.
 1 SYSTEMPATH/Router/Router.php(204): CodeIgniter\Router\Router->checkDisallowedChars('uploads/images/{{lead.avatar}}')
 2 SYSTEMPATH/CodeIgniter.php(834): CodeIgniter\Router\Router->handle('uploads/images/{{lead.avatar}}')
 3 SYSTEMPATH/CodeIgniter.php(457): CodeIgniter\CodeIgniter->tryToRouteIt(Object(CodeIgniter\Router\RouteCollection))
 4 SYSTEMPATH/CodeIgniter.php(355): CodeIgniter\CodeIgniter->handleRequest(null, Object(Config\Cache), false)
 5 SYSTEMPATH/Boot.php(325): CodeIgniter\CodeIgniter->run()
 6 SYSTEMPATH/Boot.php(67): CodeIgniter\Boot::runCodeIgniter(Object(CodeIgniter\CodeIgniter))
 7 FCPATH/index.php(56): CodeIgniter\Boot::bootWeb(Object(Config\Paths))
CRITICAL - 2024-09-09 12:08:19 --> CodeIgniter\HTTP\Exceptions\BadRequestException: The URI you submitted has disallowed characters: "{{appurl   'uploads"
[Method: GET, Route: %7B%7Bappurl%20%20%20%27uploads/images/%27%20%20%20chat.details.staffavatar%7D%7D]
in SYSTEMPATH/Router/Router.php on line 737.
 1 SYSTEMPATH/Router/Router.php(204): CodeIgniter\Router\Router->checkDisallowedChars('{{appurl   \'uploads/images/\'   chat.details.staffavatar}}')
 2 SYSTEMPATH/CodeIgniter.php(834): CodeIgniter\Router\Router->handle('{{appurl   \'uploads/images/\'   chat.details.staffavatar}}')
 3 SYSTEMPATH/CodeIgniter.php(457): CodeIgniter\CodeIgniter->tryToRouteIt(Object(CodeIgniter\Router\RouteCollection))
 4 SYSTEMPATH/CodeIgniter.php(355): CodeIgniter\CodeIgniter->handleRequest(null, Object(Config\Cache), false)
 5 SYSTEMPATH/Boot.php(325): CodeIgniter\CodeIgniter->run()
 6 SYSTEMPATH/Boot.php(67): CodeIgniter\Boot::runCodeIgniter(Object(CodeIgniter\CodeIgniter))
 7 FCPATH/index.php(56): CodeIgniter\Boot::bootWeb(Object(Config\Paths))
CRITICAL - 2024-09-09 12:08:19 --> CodeIgniter\HTTP\Exceptions\BadRequestException: The URI you submitted has disallowed characters: "{{appurl   'uploads"
[Method: GET, Route: %7B%7Bappurl%20%20%20%27uploads/images/%27%20%20%20chatAtual.details.staffavatar%7D%7D]
in SYSTEMPATH/Router/Router.php on line 737.
 1 SYSTEMPATH/Router/Router.php(204): CodeIgniter\Router\Router->checkDisallowedChars('{{appurl   \'uploads/images/\'   chatAtual.details.staffavatar}}')
 2 SYSTEMPATH/CodeIgniter.php(834): CodeIgniter\Router\Router->handle('{{appurl   \'uploads/images/\'   chatAtual.details.staffavatar}}')
 3 SYSTEMPATH/CodeIgniter.php(457): CodeIgniter\CodeIgniter->tryToRouteIt(Object(CodeIgniter\Router\RouteCollection))
 4 SYSTEMPATH/CodeIgniter.php(355): CodeIgniter\CodeIgniter->handleRequest(null, Object(Config\Cache), false)
 5 SYSTEMPATH/Boot.php(325): CodeIgniter\CodeIgniter->run()
 6 SYSTEMPATH/Boot.php(67): CodeIgniter\Boot::runCodeIgniter(Object(CodeIgniter\CodeIgniter))
 7 FCPATH/index.php(56): CodeIgniter\Boot::bootWeb(Object(Config\Paths))
CRITICAL - 2024-09-09 12:08:19 --> CodeIgniter\HTTP\Exceptions\BadRequestException: The URI you submitted has disallowed characters: "{{lead.avatar}}"
[Method: GET, Route: uploads/images/%7B%7Blead.avatar%7D%7D]
in SYSTEMPATH/Router/Router.php on line 737.
 1 SYSTEMPATH/Router/Router.php(204): CodeIgniter\Router\Router->checkDisallowedChars('uploads/images/{{lead.avatar}}')
 2 SYSTEMPATH/CodeIgniter.php(834): CodeIgniter\Router\Router->handle('uploads/images/{{lead.avatar}}')
 3 SYSTEMPATH/CodeIgniter.php(457): CodeIgniter\CodeIgniter->tryToRouteIt(Object(CodeIgniter\Router\RouteCollection))
 4 SYSTEMPATH/CodeIgniter.php(355): CodeIgniter\CodeIgniter->handleRequest(null, Object(Config\Cache), false)
 5 SYSTEMPATH/Boot.php(325): CodeIgniter\CodeIgniter->run()
 6 SYSTEMPATH/Boot.php(67): CodeIgniter\Boot::runCodeIgniter(Object(CodeIgniter\CodeIgniter))
 7 FCPATH/index.php(56): CodeIgniter\Boot::bootWeb(Object(Config\Paths))
CRITICAL - 2024-09-09 12:08:23 --> CodeIgniter\HTTP\Exceptions\BadRequestException: The URI you submitted has disallowed characters: "{{appurl   'uploads"
[Method: GET, Route: %7B%7Bappurl%20%20%20%27uploads/images/%27%20%20%20chat.details.staffavatar%7D%7D]
in SYSTEMPATH/Router/Router.php on line 737.
 1 SYSTEMPATH/Router/Router.php(204): CodeIgniter\Router\Router->checkDisallowedChars('{{appurl   \'uploads/images/\'   chat.details.staffavatar}}')
 2 SYSTEMPATH/CodeIgniter.php(834): CodeIgniter\Router\Router->handle('{{appurl   \'uploads/images/\'   chat.details.staffavatar}}')
 3 SYSTEMPATH/CodeIgniter.php(457): CodeIgniter\CodeIgniter->tryToRouteIt(Object(CodeIgniter\Router\RouteCollection))
 4 SYSTEMPATH/CodeIgniter.php(355): CodeIgniter\CodeIgniter->handleRequest(null, Object(Config\Cache), false)
 5 SYSTEMPATH/Boot.php(325): CodeIgniter\CodeIgniter->run()
 6 SYSTEMPATH/Boot.php(67): CodeIgniter\Boot::runCodeIgniter(Object(CodeIgniter\CodeIgniter))
 7 FCPATH/index.php(56): CodeIgniter\Boot::bootWeb(Object(Config\Paths))
CRITICAL - 2024-09-09 12:08:23 --> CodeIgniter\HTTP\Exceptions\BadRequestException: The URI you submitted has disallowed characters: "{{appurl   'uploads"
[Method: GET, Route: %7B%7Bappurl%20%20%20%27uploads/images/%27%20%20%20chatAtual.details.staffavatar%7D%7D]
in SYSTEMPATH/Router/Router.php on line 737.
 1 SYSTEMPATH/Router/Router.php(204): CodeIgniter\Router\Router->checkDisallowedChars('{{appurl   \'uploads/images/\'   chatAtual.details.staffavatar}}')
 2 SYSTEMPATH/CodeIgniter.php(834): CodeIgniter\Router\Router->handle('{{appurl   \'uploads/images/\'   chatAtual.details.staffavatar}}')
 3 SYSTEMPATH/CodeIgniter.php(457): CodeIgniter\CodeIgniter->tryToRouteIt(Object(CodeIgniter\Router\RouteCollection))
 4 SYSTEMPATH/CodeIgniter.php(355): CodeIgniter\CodeIgniter->handleRequest(null, Object(Config\Cache), false)
 5 SYSTEMPATH/Boot.php(325): CodeIgniter\CodeIgniter->run()
 6 SYSTEMPATH/Boot.php(67): CodeIgniter\Boot::runCodeIgniter(Object(CodeIgniter\CodeIgniter))
 7 FCPATH/index.php(56): CodeIgniter\Boot::bootWeb(Object(Config\Paths))
CRITICAL - 2024-09-09 12:08:24 --> CodeIgniter\HTTP\Exceptions\BadRequestException: The URI you submitted has disallowed characters: "{{base_url   atividade.atv_ft}}"
[Method: GET, Route: %7B%7Bbase_url%20%20%20atividade.atv_ft%7D%7D]
in SYSTEMPATH/Router/Router.php on line 737.
 1 SYSTEMPATH/Router/Router.php(204): CodeIgniter\Router\Router->checkDisallowedChars('{{base_url   atividade.atv_ft}}')
 2 SYSTEMPATH/CodeIgniter.php(834): CodeIgniter\Router\Router->handle('{{base_url   atividade.atv_ft}}')
 3 SYSTEMPATH/CodeIgniter.php(457): CodeIgniter\CodeIgniter->tryToRouteIt(Object(CodeIgniter\Router\RouteCollection))
 4 SYSTEMPATH/CodeIgniter.php(355): CodeIgniter\CodeIgniter->handleRequest(null, Object(Config\Cache), false)
 5 SYSTEMPATH/Boot.php(325): CodeIgniter\CodeIgniter->run()
 6 SYSTEMPATH/Boot.php(67): CodeIgniter\Boot::runCodeIgniter(Object(CodeIgniter\CodeIgniter))
 7 FCPATH/index.php(56): CodeIgniter\Boot::bootWeb(Object(Config\Paths))
CRITICAL - 2024-09-09 12:08:25 --> CodeIgniter\HTTP\Exceptions\BadRequestException: The URI you submitted has disallowed characters: "{{icon}}"
[Method: GET, Route: assets/img/atividades/icons/%7B%7Bicon%7D%7D]
in SYSTEMPATH/Router/Router.php on line 737.
 1 SYSTEMPATH/Router/Router.php(204): CodeIgniter\Router\Router->checkDisallowedChars('assets/img/atividades/icons/{{icon}}')
 2 SYSTEMPATH/CodeIgniter.php(834): CodeIgniter\Router\Router->handle('assets/img/atividades/icons/{{icon}}')
 3 SYSTEMPATH/CodeIgniter.php(457): CodeIgniter\CodeIgniter->tryToRouteIt(Object(CodeIgniter\Router\RouteCollection))
 4 SYSTEMPATH/CodeIgniter.php(355): CodeIgniter\CodeIgniter->handleRequest(null, Object(Config\Cache), false)
 5 SYSTEMPATH/Boot.php(325): CodeIgniter\CodeIgniter->run()
 6 SYSTEMPATH/Boot.php(67): CodeIgniter\Boot::runCodeIgniter(Object(CodeIgniter\CodeIgniter))
 7 FCPATH/index.php(56): CodeIgniter\Boot::bootWeb(Object(Config\Paths))
CRITICAL - 2024-09-09 12:09:50 --> CodeIgniter\HTTP\Exceptions\BadRequestException: The URI you submitted has disallowed characters: "{{appurl   'uploads"
[Method: GET, Route: %7B%7Bappurl%20%20%20%27uploads/images/%27%20%20%20chat.details.staffavatar%7D%7D]
in SYSTEMPATH/Router/Router.php on line 737.
 1 SYSTEMPATH/Router/Router.php(204): CodeIgniter\Router\Router->checkDisallowedChars('{{appurl   \'uploads/images/\'   chat.details.staffavatar}}')
 2 SYSTEMPATH/CodeIgniter.php(834): CodeIgniter\Router\Router->handle('{{appurl   \'uploads/images/\'   chat.details.staffavatar}}')
 3 SYSTEMPATH/CodeIgniter.php(457): CodeIgniter\CodeIgniter->tryToRouteIt(Object(CodeIgniter\Router\RouteCollection))
 4 SYSTEMPATH/CodeIgniter.php(355): CodeIgniter\CodeIgniter->handleRequest(null, Object(Config\Cache), false)
 5 SYSTEMPATH/Boot.php(325): CodeIgniter\CodeIgniter->run()
 6 SYSTEMPATH/Boot.php(67): CodeIgniter\Boot::runCodeIgniter(Object(CodeIgniter\CodeIgniter))
 7 FCPATH/index.php(56): CodeIgniter\Boot::bootWeb(Object(Config\Paths))
CRITICAL - 2024-09-09 12:09:50 --> CodeIgniter\HTTP\Exceptions\BadRequestException: The URI you submitted has disallowed characters: "{{appurl   'uploads"
[Method: GET, Route: %7B%7Bappurl%20%20%20%27uploads/images/%27%20%20%20chatAtual.details.staffavatar%7D%7D]
in SYSTEMPATH/Router/Router.php on line 737.
 1 SYSTEMPATH/Router/Router.php(204): CodeIgniter\Router\Router->checkDisallowedChars('{{appurl   \'uploads/images/\'   chatAtual.details.staffavatar}}')
 2 SYSTEMPATH/CodeIgniter.php(834): CodeIgniter\Router\Router->handle('{{appurl   \'uploads/images/\'   chatAtual.details.staffavatar}}')
 3 SYSTEMPATH/CodeIgniter.php(457): CodeIgniter\CodeIgniter->tryToRouteIt(Object(CodeIgniter\Router\RouteCollection))
 4 SYSTEMPATH/CodeIgniter.php(355): CodeIgniter\CodeIgniter->handleRequest(null, Object(Config\Cache), false)
 5 SYSTEMPATH/Boot.php(325): CodeIgniter\CodeIgniter->run()
 6 SYSTEMPATH/Boot.php(67): CodeIgniter\Boot::runCodeIgniter(Object(CodeIgniter\CodeIgniter))
 7 FCPATH/index.php(56): CodeIgniter\Boot::bootWeb(Object(Config\Paths))
CRITICAL - 2024-09-09 12:09:50 --> CodeIgniter\HTTP\Exceptions\BadRequestException: The URI you submitted has disallowed characters: "{{base_url   atividade.atv_ft}}"
[Method: GET, Route: %7B%7Bbase_url%20%20%20atividade.atv_ft%7D%7D]
in SYSTEMPATH/Router/Router.php on line 737.
 1 SYSTEMPATH/Router/Router.php(204): CodeIgniter\Router\Router->checkDisallowedChars('{{base_url   atividade.atv_ft}}')
 2 SYSTEMPATH/CodeIgniter.php(834): CodeIgniter\Router\Router->handle('{{base_url   atividade.atv_ft}}')
 3 SYSTEMPATH/CodeIgniter.php(457): CodeIgniter\CodeIgniter->tryToRouteIt(Object(CodeIgniter\Router\RouteCollection))
 4 SYSTEMPATH/CodeIgniter.php(355): CodeIgniter\CodeIgniter->handleRequest(null, Object(Config\Cache), false)
 5 SYSTEMPATH/Boot.php(325): CodeIgniter\CodeIgniter->run()
 6 SYSTEMPATH/Boot.php(67): CodeIgniter\Boot::runCodeIgniter(Object(CodeIgniter\CodeIgniter))
 7 FCPATH/index.php(56): CodeIgniter\Boot::bootWeb(Object(Config\Paths))
CRITICAL - 2024-09-09 12:09:50 --> CodeIgniter\HTTP\Exceptions\BadRequestException: The URI you submitted has disallowed characters: "{{icon}}"
[Method: GET, Route: assets/img/atividades/icons/%7B%7Bicon%7D%7D]
in SYSTEMPATH/Router/Router.php on line 737.
 1 SYSTEMPATH/Router/Router.php(204): CodeIgniter\Router\Router->checkDisallowedChars('assets/img/atividades/icons/{{icon}}')
 2 SYSTEMPATH/CodeIgniter.php(834): CodeIgniter\Router\Router->handle('assets/img/atividades/icons/{{icon}}')
 3 SYSTEMPATH/CodeIgniter.php(457): CodeIgniter\CodeIgniter->tryToRouteIt(Object(CodeIgniter\Router\RouteCollection))
 4 SYSTEMPATH/CodeIgniter.php(355): CodeIgniter\CodeIgniter->handleRequest(null, Object(Config\Cache), false)
 5 SYSTEMPATH/Boot.php(325): CodeIgniter\CodeIgniter->run()
 6 SYSTEMPATH/Boot.php(67): CodeIgniter\Boot::runCodeIgniter(Object(CodeIgniter\CodeIgniter))
 7 FCPATH/index.php(56): CodeIgniter\Boot::bootWeb(Object(Config\Paths))
CRITICAL - 2024-09-09 12:10:41 --> CodeIgniter\HTTP\Exceptions\BadRequestException: The URI you submitted has disallowed characters: "{{base_url   atividade.atv_ft}}"
[Method: GET, Route: %7B%7Bbase_url%20%20%20atividade.atv_ft%7D%7D]
in SYSTEMPATH/Router/Router.php on line 737.
 1 SYSTEMPATH/Router/Router.php(204): CodeIgniter\Router\Router->checkDisallowedChars('{{base_url   atividade.atv_ft}}')
 2 SYSTEMPATH/CodeIgniter.php(834): CodeIgniter\Router\Router->handle('{{base_url   atividade.atv_ft}}')
 3 SYSTEMPATH/CodeIgniter.php(457): CodeIgniter\CodeIgniter->tryToRouteIt(Object(CodeIgniter\Router\RouteCollection))
 4 SYSTEMPATH/CodeIgniter.php(355): CodeIgniter\CodeIgniter->handleRequest(null, Object(Config\Cache), false)
 5 SYSTEMPATH/Boot.php(325): CodeIgniter\CodeIgniter->run()
 6 SYSTEMPATH/Boot.php(67): CodeIgniter\Boot::runCodeIgniter(Object(CodeIgniter\CodeIgniter))
 7 FCPATH/index.php(56): CodeIgniter\Boot::bootWeb(Object(Config\Paths))
CRITICAL - 2024-09-09 12:10:41 --> CodeIgniter\HTTP\Exceptions\BadRequestException: The URI you submitted has disallowed characters: "{{icon}}"
[Method: GET, Route: assets/img/atividades/icons/%7B%7Bicon%7D%7D]
in SYSTEMPATH/Router/Router.php on line 737.
 1 SYSTEMPATH/Router/Router.php(204): CodeIgniter\Router\Router->checkDisallowedChars('assets/img/atividades/icons/{{icon}}')
 2 SYSTEMPATH/CodeIgniter.php(834): CodeIgniter\Router\Router->handle('assets/img/atividades/icons/{{icon}}')
 3 SYSTEMPATH/CodeIgniter.php(457): CodeIgniter\CodeIgniter->tryToRouteIt(Object(CodeIgniter\Router\RouteCollection))
 4 SYSTEMPATH/CodeIgniter.php(355): CodeIgniter\CodeIgniter->handleRequest(null, Object(Config\Cache), false)
 5 SYSTEMPATH/Boot.php(325): CodeIgniter\CodeIgniter->run()
 6 SYSTEMPATH/Boot.php(67): CodeIgniter\Boot::runCodeIgniter(Object(CodeIgniter\CodeIgniter))
 7 FCPATH/index.php(56): CodeIgniter\Boot::bootWeb(Object(Config\Paths))
CRITICAL - 2024-09-09 12:10:41 --> CodeIgniter\HTTP\Exceptions\BadRequestException: The URI you submitted has disallowed characters: "{{appurl   'uploads"
[Method: GET, Route: %7B%7Bappurl%20%20%20%27uploads/images/%27%20%20%20chatAtual.details.staffavatar%7D%7D]
in SYSTEMPATH/Router/Router.php on line 737.
 1 SYSTEMPATH/Router/Router.php(204): CodeIgniter\Router\Router->checkDisallowedChars('{{appurl   \'uploads/images/\'   chatAtual.details.staffavatar}}')
 2 SYSTEMPATH/CodeIgniter.php(834): CodeIgniter\Router\Router->handle('{{appurl   \'uploads/images/\'   chatAtual.details.staffavatar}}')
 3 SYSTEMPATH/CodeIgniter.php(457): CodeIgniter\CodeIgniter->tryToRouteIt(Object(CodeIgniter\Router\RouteCollection))
 4 SYSTEMPATH/CodeIgniter.php(355): CodeIgniter\CodeIgniter->handleRequest(null, Object(Config\Cache), false)
 5 SYSTEMPATH/Boot.php(325): CodeIgniter\CodeIgniter->run()
 6 SYSTEMPATH/Boot.php(67): CodeIgniter\Boot::runCodeIgniter(Object(CodeIgniter\CodeIgniter))
 7 FCPATH/index.php(56): CodeIgniter\Boot::bootWeb(Object(Config\Paths))
CRITICAL - 2024-09-09 12:10:41 --> CodeIgniter\HTTP\Exceptions\BadRequestException: The URI you submitted has disallowed characters: "{{appurl   'uploads"
[Method: GET, Route: %7B%7Bappurl%20%20%20%27uploads/images/%27%20%20%20chat.details.staffavatar%7D%7D]
in SYSTEMPATH/Router/Router.php on line 737.
 1 SYSTEMPATH/Router/Router.php(204): CodeIgniter\Router\Router->checkDisallowedChars('{{appurl   \'uploads/images/\'   chat.details.staffavatar}}')
 2 SYSTEMPATH/CodeIgniter.php(834): CodeIgniter\Router\Router->handle('{{appurl   \'uploads/images/\'   chat.details.staffavatar}}')
 3 SYSTEMPATH/CodeIgniter.php(457): CodeIgniter\CodeIgniter->tryToRouteIt(Object(CodeIgniter\Router\RouteCollection))
 4 SYSTEMPATH/CodeIgniter.php(355): CodeIgniter\CodeIgniter->handleRequest(null, Object(Config\Cache), false)
 5 SYSTEMPATH/Boot.php(325): CodeIgniter\CodeIgniter->run()
 6 SYSTEMPATH/Boot.php(67): CodeIgniter\Boot::runCodeIgniter(Object(CodeIgniter\CodeIgniter))
 7 FCPATH/index.php(56): CodeIgniter\Boot::bootWeb(Object(Config\Paths))
CRITICAL - 2024-09-09 12:12:42 --> Error: Call to a member function table() on null
[Method: POST, Route: logs/insert]
in APPPATH/Controllers/Logs.php on line 61.
 1 APPPATH/Controllers/DynamicController.php(34): App\Controllers\Logs->insert()
 2 SYSTEMPATH/CodeIgniter.php(933): App\Controllers\DynamicController->execute('logs', 'insert')
 3 SYSTEMPATH/CodeIgniter.php(509): CodeIgniter\CodeIgniter->runController(Object(App\Controllers\DynamicController))
 4 SYSTEMPATH/CodeIgniter.php(355): CodeIgniter\CodeIgniter->handleRequest(null, Object(Config\Cache), false)
 5 SYSTEMPATH/Boot.php(325): CodeIgniter\CodeIgniter->run()
 6 SYSTEMPATH/Boot.php(67): CodeIgniter\Boot::runCodeIgniter(Object(CodeIgniter\CodeIgniter))
 7 FCPATH/index.php(56): CodeIgniter\Boot::bootWeb(Object(Config\Paths))
CRITICAL - 2024-09-09 12:14:16 --> CodeIgniter\HTTP\Exceptions\BadRequestException: The URI you submitted has disallowed characters: "{{icon}}"
[Method: GET, Route: assets/img/atividades/icons/%7B%7Bicon%7D%7D]
in SYSTEMPATH/Router/Router.php on line 737.
 1 SYSTEMPATH/Router/Router.php(204): CodeIgniter\Router\Router->checkDisallowedChars('assets/img/atividades/icons/{{icon}}')
 2 SYSTEMPATH/CodeIgniter.php(834): CodeIgniter\Router\Router->handle('assets/img/atividades/icons/{{icon}}')
 3 SYSTEMPATH/CodeIgniter.php(457): CodeIgniter\CodeIgniter->tryToRouteIt(Object(CodeIgniter\Router\RouteCollection))
 4 SYSTEMPATH/CodeIgniter.php(355): CodeIgniter\CodeIgniter->handleRequest(null, Object(Config\Cache), false)
 5 SYSTEMPATH/Boot.php(325): CodeIgniter\CodeIgniter->run()
 6 SYSTEMPATH/Boot.php(67): CodeIgniter\Boot::runCodeIgniter(Object(CodeIgniter\CodeIgniter))
 7 FCPATH/index.php(56): CodeIgniter\Boot::bootWeb(Object(Config\Paths))
CRITICAL - 2024-09-09 12:14:16 --> CodeIgniter\HTTP\Exceptions\BadRequestException: The URI you submitted has disallowed characters: "{{base_url   atividade.atv_ft}}"
[Method: GET, Route: %7B%7Bbase_url%20%20%20atividade.atv_ft%7D%7D]
in SYSTEMPATH/Router/Router.php on line 737.
 1 SYSTEMPATH/Router/Router.php(204): CodeIgniter\Router\Router->checkDisallowedChars('{{base_url   atividade.atv_ft}}')
 2 SYSTEMPATH/CodeIgniter.php(834): CodeIgniter\Router\Router->handle('{{base_url   atividade.atv_ft}}')
 3 SYSTEMPATH/CodeIgniter.php(457): CodeIgniter\CodeIgniter->tryToRouteIt(Object(CodeIgniter\Router\RouteCollection))
 4 SYSTEMPATH/CodeIgniter.php(355): CodeIgniter\CodeIgniter->handleRequest(null, Object(Config\Cache), false)
 5 SYSTEMPATH/Boot.php(325): CodeIgniter\CodeIgniter->run()
 6 SYSTEMPATH/Boot.php(67): CodeIgniter\Boot::runCodeIgniter(Object(CodeIgniter\CodeIgniter))
 7 FCPATH/index.php(56): CodeIgniter\Boot::bootWeb(Object(Config\Paths))
CRITICAL - 2024-09-09 12:14:16 --> CodeIgniter\HTTP\Exceptions\BadRequestException: The URI you submitted has disallowed characters: "{{appurl   'uploads"
[Method: GET, Route: %7B%7Bappurl%20%20%20%27uploads/images/%27%20%20%20chatAtual.details.staffavatar%7D%7D]
in SYSTEMPATH/Router/Router.php on line 737.
 1 SYSTEMPATH/Router/Router.php(204): CodeIgniter\Router\Router->checkDisallowedChars('{{appurl   \'uploads/images/\'   chatAtual.details.staffavatar}}')
 2 SYSTEMPATH/CodeIgniter.php(834): CodeIgniter\Router\Router->handle('{{appurl   \'uploads/images/\'   chatAtual.details.staffavatar}}')
 3 SYSTEMPATH/CodeIgniter.php(457): CodeIgniter\CodeIgniter->tryToRouteIt(Object(CodeIgniter\Router\RouteCollection))
 4 SYSTEMPATH/CodeIgniter.php(355): CodeIgniter\CodeIgniter->handleRequest(null, Object(Config\Cache), false)
 5 SYSTEMPATH/Boot.php(325): CodeIgniter\CodeIgniter->run()
 6 SYSTEMPATH/Boot.php(67): CodeIgniter\Boot::runCodeIgniter(Object(CodeIgniter\CodeIgniter))
 7 FCPATH/index.php(56): CodeIgniter\Boot::bootWeb(Object(Config\Paths))
CRITICAL - 2024-09-09 12:14:16 --> CodeIgniter\HTTP\Exceptions\BadRequestException: The URI you submitted has disallowed characters: "{{appurl   'uploads"
[Method: GET, Route: %7B%7Bappurl%20%20%20%27uploads/images/%27%20%20%20chat.details.staffavatar%7D%7D]
in SYSTEMPATH/Router/Router.php on line 737.
 1 SYSTEMPATH/Router/Router.php(204): CodeIgniter\Router\Router->checkDisallowedChars('{{appurl   \'uploads/images/\'   chat.details.staffavatar}}')
 2 SYSTEMPATH/CodeIgniter.php(834): CodeIgniter\Router\Router->handle('{{appurl   \'uploads/images/\'   chat.details.staffavatar}}')
 3 SYSTEMPATH/CodeIgniter.php(457): CodeIgniter\CodeIgniter->tryToRouteIt(Object(CodeIgniter\Router\RouteCollection))
 4 SYSTEMPATH/CodeIgniter.php(355): CodeIgniter\CodeIgniter->handleRequest(null, Object(Config\Cache), false)
 5 SYSTEMPATH/Boot.php(325): CodeIgniter\CodeIgniter->run()
 6 SYSTEMPATH/Boot.php(67): CodeIgniter\Boot::runCodeIgniter(Object(CodeIgniter\CodeIgniter))
 7 FCPATH/index.php(56): CodeIgniter\Boot::bootWeb(Object(Config\Paths))
CRITICAL - 2024-09-09 12:15:02 --> ErrorException: Constant LANG already defined
[Method: GET, Route: CronJob/envia_avisos]
in APPPATH/Controllers/CronJob.php on line 18.
 1 [internal function]: CodeIgniter\Debug\Exceptions->errorHandler(2, 'Constant LANG already defined', '/home/next0355/dev.next1crm.com.br/app/Controllers/CronJob.php', 18)
 2 APPPATH/Controllers/CronJob.php(18): define('LANG', 'portuguese_br')
 3 APPPATH/Controllers/DynamicController.php(19): App\Controllers\CronJob->__construct()
 4 SYSTEMPATH/CodeIgniter.php(933): App\Controllers\DynamicController->execute('CronJob', 'envia_avisos')
 5 SYSTEMPATH/CodeIgniter.php(509): CodeIgniter\CodeIgniter->runController(Object(App\Controllers\DynamicController))
 6 SYSTEMPATH/CodeIgniter.php(355): CodeIgniter\CodeIgniter->handleRequest(null, Object(Config\Cache), false)
 7 SYSTEMPATH/Boot.php(325): CodeIgniter\CodeIgniter->run()
 8 SYSTEMPATH/Boot.php(67): CodeIgniter\Boot::runCodeIgniter(Object(CodeIgniter\CodeIgniter))
 9 FCPATH/index.php(56): CodeIgniter\Boot::bootWeb(Object(Config\Paths))
CRITICAL - 2024-09-09 12:16:11 --> CodeIgniter\HTTP\Exceptions\BadRequestException: The URI you submitted has disallowed characters: "{{icon}}"
[Method: GET, Route: assets/img/atividades/icons/%7B%7Bicon%7D%7D]
in SYSTEMPATH/Router/Router.php on line 737.
 1 SYSTEMPATH/Router/Router.php(204): CodeIgniter\Router\Router->checkDisallowedChars('assets/img/atividades/icons/{{icon}}')
 2 SYSTEMPATH/CodeIgniter.php(834): CodeIgniter\Router\Router->handle('assets/img/atividades/icons/{{icon}}')
 3 SYSTEMPATH/CodeIgniter.php(457): CodeIgniter\CodeIgniter->tryToRouteIt(Object(CodeIgniter\Router\RouteCollection))
 4 SYSTEMPATH/CodeIgniter.php(355): CodeIgniter\CodeIgniter->handleRequest(null, Object(Config\Cache), false)
 5 SYSTEMPATH/Boot.php(325): CodeIgniter\CodeIgniter->run()
 6 SYSTEMPATH/Boot.php(67): CodeIgniter\Boot::runCodeIgniter(Object(CodeIgniter\CodeIgniter))
 7 FCPATH/index.php(56): CodeIgniter\Boot::bootWeb(Object(Config\Paths))
CRITICAL - 2024-09-09 12:16:11 --> CodeIgniter\HTTP\Exceptions\BadRequestException: The URI you submitted has disallowed characters: "{{appurl   'uploads"
[Method: GET, Route: %7B%7Bappurl%20%20%20%27uploads/images/%27%20%20%20chat.details.staffavatar%7D%7D]
in SYSTEMPATH/Router/Router.php on line 737.
 1 SYSTEMPATH/Router/Router.php(204): CodeIgniter\Router\Router->checkDisallowedChars('{{appurl   \'uploads/images/\'   chat.details.staffavatar}}')
 2 SYSTEMPATH/CodeIgniter.php(834): CodeIgniter\Router\Router->handle('{{appurl   \'uploads/images/\'   chat.details.staffavatar}}')
 3 SYSTEMPATH/CodeIgniter.php(457): CodeIgniter\CodeIgniter->tryToRouteIt(Object(CodeIgniter\Router\RouteCollection))
 4 SYSTEMPATH/CodeIgniter.php(355): CodeIgniter\CodeIgniter->handleRequest(null, Object(Config\Cache), false)
 5 SYSTEMPATH/Boot.php(325): CodeIgniter\CodeIgniter->run()
 6 SYSTEMPATH/Boot.php(67): CodeIgniter\Boot::runCodeIgniter(Object(CodeIgniter\CodeIgniter))
 7 FCPATH/index.php(56): CodeIgniter\Boot::bootWeb(Object(Config\Paths))
CRITICAL - 2024-09-09 12:16:11 --> CodeIgniter\HTTP\Exceptions\BadRequestException: The URI you submitted has disallowed characters: "{{appurl   'uploads"
[Method: GET, Route: %7B%7Bappurl%20%20%20%27uploads/images/%27%20%20%20chatAtual.details.staffavatar%7D%7D]
in SYSTEMPATH/Router/Router.php on line 737.
 1 SYSTEMPATH/Router/Router.php(204): CodeIgniter\Router\Router->checkDisallowedChars('{{appurl   \'uploads/images/\'   chatAtual.details.staffavatar}}')
 2 SYSTEMPATH/CodeIgniter.php(834): CodeIgniter\Router\Router->handle('{{appurl   \'uploads/images/\'   chatAtual.details.staffavatar}}')
 3 SYSTEMPATH/CodeIgniter.php(457): CodeIgniter\CodeIgniter->tryToRouteIt(Object(CodeIgniter\Router\RouteCollection))
 4 SYSTEMPATH/CodeIgniter.php(355): CodeIgniter\CodeIgniter->handleRequest(null, Object(Config\Cache), false)
 5 SYSTEMPATH/Boot.php(325): CodeIgniter\CodeIgniter->run()
 6 SYSTEMPATH/Boot.php(67): CodeIgniter\Boot::runCodeIgniter(Object(CodeIgniter\CodeIgniter))
 7 FCPATH/index.php(56): CodeIgniter\Boot::bootWeb(Object(Config\Paths))
CRITICAL - 2024-09-09 12:16:11 --> CodeIgniter\HTTP\Exceptions\BadRequestException: The URI you submitted has disallowed characters: "{{base_url   atividade.atv_ft}}"
[Method: GET, Route: %7B%7Bbase_url%20%20%20atividade.atv_ft%7D%7D]
in SYSTEMPATH/Router/Router.php on line 737.
 1 SYSTEMPATH/Router/Router.php(204): CodeIgniter\Router\Router->checkDisallowedChars('{{base_url   atividade.atv_ft}}')
 2 SYSTEMPATH/CodeIgniter.php(834): CodeIgniter\Router\Router->handle('{{base_url   atividade.atv_ft}}')
 3 SYSTEMPATH/CodeIgniter.php(457): CodeIgniter\CodeIgniter->tryToRouteIt(Object(CodeIgniter\Router\RouteCollection))
 4 SYSTEMPATH/CodeIgniter.php(355): CodeIgniter\CodeIgniter->handleRequest(null, Object(Config\Cache), false)
 5 SYSTEMPATH/Boot.php(325): CodeIgniter\CodeIgniter->run()
 6 SYSTEMPATH/Boot.php(67): CodeIgniter\Boot::runCodeIgniter(Object(CodeIgniter\CodeIgniter))
 7 FCPATH/index.php(56): CodeIgniter\Boot::bootWeb(Object(Config\Paths))
CRITICAL - 2024-09-09 12:16:13 --> CodeIgniter\HTTP\Exceptions\BadRequestException: The URI you submitted has disallowed characters: "{{icon}}"
[Method: GET, Route: assets/img/atividades/icons/%7B%7Bicon%7D%7D]
in SYSTEMPATH/Router/Router.php on line 737.
 1 SYSTEMPATH/Router/Router.php(204): CodeIgniter\Router\Router->checkDisallowedChars('assets/img/atividades/icons/{{icon}}')
 2 SYSTEMPATH/CodeIgniter.php(834): CodeIgniter\Router\Router->handle('assets/img/atividades/icons/{{icon}}')
 3 SYSTEMPATH/CodeIgniter.php(457): CodeIgniter\CodeIgniter->tryToRouteIt(Object(CodeIgniter\Router\RouteCollection))
 4 SYSTEMPATH/CodeIgniter.php(355): CodeIgniter\CodeIgniter->handleRequest(null, Object(Config\Cache), false)
 5 SYSTEMPATH/Boot.php(325): CodeIgniter\CodeIgniter->run()
 6 SYSTEMPATH/Boot.php(67): CodeIgniter\Boot::runCodeIgniter(Object(CodeIgniter\CodeIgniter))
 7 FCPATH/index.php(56): CodeIgniter\Boot::bootWeb(Object(Config\Paths))
CRITICAL - 2024-09-09 12:17:24 --> CodeIgniter\HTTP\Exceptions\BadRequestException: The URI you submitted has disallowed characters: "{{appurl   'uploads"
[Method: GET, Route: %7B%7Bappurl%20%20%20%27uploads/images/%27%20%20%20chatAtual.details.staffavatar%7D%7D]
in SYSTEMPATH/Router/Router.php on line 737.
 1 SYSTEMPATH/Router/Router.php(204): CodeIgniter\Router\Router->checkDisallowedChars('{{appurl   \'uploads/images/\'   chatAtual.details.staffavatar}}')
 2 SYSTEMPATH/CodeIgniter.php(834): CodeIgniter\Router\Router->handle('{{appurl   \'uploads/images/\'   chatAtual.details.staffavatar}}')
 3 SYSTEMPATH/CodeIgniter.php(457): CodeIgniter\CodeIgniter->tryToRouteIt(Object(CodeIgniter\Router\RouteCollection))
 4 SYSTEMPATH/CodeIgniter.php(355): CodeIgniter\CodeIgniter->handleRequest(null, Object(Config\Cache), false)
 5 SYSTEMPATH/Boot.php(325): CodeIgniter\CodeIgniter->run()
 6 SYSTEMPATH/Boot.php(67): CodeIgniter\Boot::runCodeIgniter(Object(CodeIgniter\CodeIgniter))
 7 FCPATH/index.php(56): CodeIgniter\Boot::bootWeb(Object(Config\Paths))
CRITICAL - 2024-09-09 12:17:24 --> CodeIgniter\HTTP\Exceptions\BadRequestException: The URI you submitted has disallowed characters: "{{icon}}"
[Method: GET, Route: assets/img/atividades/icons/%7B%7Bicon%7D%7D]
in SYSTEMPATH/Router/Router.php on line 737.
 1 SYSTEMPATH/Router/Router.php(204): CodeIgniter\Router\Router->checkDisallowedChars('assets/img/atividades/icons/{{icon}}')
 2 SYSTEMPATH/CodeIgniter.php(834): CodeIgniter\Router\Router->handle('assets/img/atividades/icons/{{icon}}')
 3 SYSTEMPATH/CodeIgniter.php(457): CodeIgniter\CodeIgniter->tryToRouteIt(Object(CodeIgniter\Router\RouteCollection))
 4 SYSTEMPATH/CodeIgniter.php(355): CodeIgniter\CodeIgniter->handleRequest(null, Object(Config\Cache), false)
 5 SYSTEMPATH/Boot.php(325): CodeIgniter\CodeIgniter->run()
 6 SYSTEMPATH/Boot.php(67): CodeIgniter\Boot::runCodeIgniter(Object(CodeIgniter\CodeIgniter))
 7 FCPATH/index.php(56): CodeIgniter\Boot::bootWeb(Object(Config\Paths))
CRITICAL - 2024-09-09 12:17:24 --> CodeIgniter\HTTP\Exceptions\BadRequestException: The URI you submitted has disallowed characters: "{{appurl   'uploads"
[Method: GET, Route: %7B%7Bappurl%20%20%20%27uploads/images/%27%20%20%20chat.details.staffavatar%7D%7D]
in SYSTEMPATH/Router/Router.php on line 737.
 1 SYSTEMPATH/Router/Router.php(204): CodeIgniter\Router\Router->checkDisallowedChars('{{appurl   \'uploads/images/\'   chat.details.staffavatar}}')
 2 SYSTEMPATH/CodeIgniter.php(834): CodeIgniter\Router\Router->handle('{{appurl   \'uploads/images/\'   chat.details.staffavatar}}')
 3 SYSTEMPATH/CodeIgniter.php(457): CodeIgniter\CodeIgniter->tryToRouteIt(Object(CodeIgniter\Router\RouteCollection))
 4 SYSTEMPATH/CodeIgniter.php(355): CodeIgniter\CodeIgniter->handleRequest(null, Object(Config\Cache), false)
 5 SYSTEMPATH/Boot.php(325): CodeIgniter\CodeIgniter->run()
 6 SYSTEMPATH/Boot.php(67): CodeIgniter\Boot::runCodeIgniter(Object(CodeIgniter\CodeIgniter))
 7 FCPATH/index.php(56): CodeIgniter\Boot::bootWeb(Object(Config\Paths))
CRITICAL - 2024-09-09 12:17:24 --> CodeIgniter\HTTP\Exceptions\BadRequestException: The URI you submitted has disallowed characters: "{{base_url   atividade.atv_ft}}"
[Method: GET, Route: %7B%7Bbase_url%20%20%20atividade.atv_ft%7D%7D]
in SYSTEMPATH/Router/Router.php on line 737.
 1 SYSTEMPATH/Router/Router.php(204): CodeIgniter\Router\Router->checkDisallowedChars('{{base_url   atividade.atv_ft}}')
 2 SYSTEMPATH/CodeIgniter.php(834): CodeIgniter\Router\Router->handle('{{base_url   atividade.atv_ft}}')
 3 SYSTEMPATH/CodeIgniter.php(457): CodeIgniter\CodeIgniter->tryToRouteIt(Object(CodeIgniter\Router\RouteCollection))
 4 SYSTEMPATH/CodeIgniter.php(355): CodeIgniter\CodeIgniter->handleRequest(null, Object(Config\Cache), false)
 5 SYSTEMPATH/Boot.php(325): CodeIgniter\CodeIgniter->run()
 6 SYSTEMPATH/Boot.php(67): CodeIgniter\Boot::runCodeIgniter(Object(CodeIgniter\CodeIgniter))
 7 FCPATH/index.php(56): CodeIgniter\Boot::bootWeb(Object(Config\Paths))
CRITICAL - 2024-09-09 12:17:26 --> CodeIgniter\HTTP\Exceptions\BadRequestException: The URI you submitted has disallowed characters: "{{base_url   atividade.atv_ft}}"
[Method: GET, Route: %7B%7Bbase_url%20%20%20atividade.atv_ft%7D%7D]
in SYSTEMPATH/Router/Router.php on line 737.
 1 SYSTEMPATH/Router/Router.php(204): CodeIgniter\Router\Router->checkDisallowedChars('{{base_url   atividade.atv_ft}}')
 2 SYSTEMPATH/CodeIgniter.php(834): CodeIgniter\Router\Router->handle('{{base_url   atividade.atv_ft}}')
 3 SYSTEMPATH/CodeIgniter.php(457): CodeIgniter\CodeIgniter->tryToRouteIt(Object(CodeIgniter\Router\RouteCollection))
 4 SYSTEMPATH/CodeIgniter.php(355): CodeIgniter\CodeIgniter->handleRequest(null, Object(Config\Cache), false)
 5 SYSTEMPATH/Boot.php(325): CodeIgniter\CodeIgniter->run()
 6 SYSTEMPATH/Boot.php(67): CodeIgniter\Boot::runCodeIgniter(Object(CodeIgniter\CodeIgniter))
 7 FCPATH/index.php(56): CodeIgniter\Boot::bootWeb(Object(Config\Paths))
CRITICAL - 2024-09-09 12:17:26 --> CodeIgniter\HTTP\Exceptions\BadRequestException: The URI you submitted has disallowed characters: "{{icon}}"
[Method: GET, Route: assets/img/atividades/icons/%7B%7Bicon%7D%7D]
in SYSTEMPATH/Router/Router.php on line 737.
 1 SYSTEMPATH/Router/Router.php(204): CodeIgniter\Router\Router->checkDisallowedChars('assets/img/atividades/icons/{{icon}}')
 2 SYSTEMPATH/CodeIgniter.php(834): CodeIgniter\Router\Router->handle('assets/img/atividades/icons/{{icon}}')
 3 SYSTEMPATH/CodeIgniter.php(457): CodeIgniter\CodeIgniter->tryToRouteIt(Object(CodeIgniter\Router\RouteCollection))
 4 SYSTEMPATH/CodeIgniter.php(355): CodeIgniter\CodeIgniter->handleRequest(null, Object(Config\Cache), false)
 5 SYSTEMPATH/Boot.php(325): CodeIgniter\CodeIgniter->run()
 6 SYSTEMPATH/Boot.php(67): CodeIgniter\Boot::runCodeIgniter(Object(CodeIgniter\CodeIgniter))
 7 FCPATH/index.php(56): CodeIgniter\Boot::bootWeb(Object(Config\Paths))
CRITICAL - 2024-09-09 12:19:25 --> Error: Call to a member function table() on null
[Method: POST, Route: logs/insert]
in APPPATH/Controllers/Logs.php on line 61.
 1 APPPATH/Controllers/DynamicController.php(34): App\Controllers\Logs->insert()
 2 SYSTEMPATH/CodeIgniter.php(933): App\Controllers\DynamicController->execute('logs', 'insert')
 3 SYSTEMPATH/CodeIgniter.php(509): CodeIgniter\CodeIgniter->runController(Object(App\Controllers\DynamicController))
 4 SYSTEMPATH/CodeIgniter.php(355): CodeIgniter\CodeIgniter->handleRequest(null, Object(Config\Cache), false)
 5 SYSTEMPATH/Boot.php(325): CodeIgniter\CodeIgniter->run()
 6 SYSTEMPATH/Boot.php(67): CodeIgniter\Boot::runCodeIgniter(Object(CodeIgniter\CodeIgniter))
 7 FCPATH/index.php(56): CodeIgniter\Boot::bootWeb(Object(Config\Paths))
CRITICAL - 2024-09-09 12:20:31 --> CodeIgniter\HTTP\Exceptions\BadRequestException: The URI you submitted has disallowed characters: "{{appurl   'uploads"
[Method: GET, Route: %7B%7Bappurl%20%20%20%27uploads/images/%27%20%20%20chat.details.staffavatar%7D%7D]
in SYSTEMPATH/Router/Router.php on line 737.
 1 SYSTEMPATH/Router/Router.php(204): CodeIgniter\Router\Router->checkDisallowedChars('{{appurl   \'uploads/images/\'   chat.details.staffavatar}}')
 2 SYSTEMPATH/CodeIgniter.php(834): CodeIgniter\Router\Router->handle('{{appurl   \'uploads/images/\'   chat.details.staffavatar}}')
 3 SYSTEMPATH/CodeIgniter.php(457): CodeIgniter\CodeIgniter->tryToRouteIt(Object(CodeIgniter\Router\RouteCollection))
 4 SYSTEMPATH/CodeIgniter.php(355): CodeIgniter\CodeIgniter->handleRequest(null, Object(Config\Cache), false)
 5 SYSTEMPATH/Boot.php(325): CodeIgniter\CodeIgniter->run()
 6 SYSTEMPATH/Boot.php(67): CodeIgniter\Boot::runCodeIgniter(Object(CodeIgniter\CodeIgniter))
 7 FCPATH/index.php(56): CodeIgniter\Boot::bootWeb(Object(Config\Paths))
CRITICAL - 2024-09-09 12:20:31 --> CodeIgniter\HTTP\Exceptions\BadRequestException: The URI you submitted has disallowed characters: "{{base_url   atividade.atv_ft}}"
[Method: GET, Route: %7B%7Bbase_url%20%20%20atividade.atv_ft%7D%7D]
in SYSTEMPATH/Router/Router.php on line 737.
 1 SYSTEMPATH/Router/Router.php(204): CodeIgniter\Router\Router->checkDisallowedChars('{{base_url   atividade.atv_ft}}')
 2 SYSTEMPATH/CodeIgniter.php(834): CodeIgniter\Router\Router->handle('{{base_url   atividade.atv_ft}}')
 3 SYSTEMPATH/CodeIgniter.php(457): CodeIgniter\CodeIgniter->tryToRouteIt(Object(CodeIgniter\Router\RouteCollection))
 4 SYSTEMPATH/CodeIgniter.php(355): CodeIgniter\CodeIgniter->handleRequest(null, Object(Config\Cache), false)
 5 SYSTEMPATH/Boot.php(325): CodeIgniter\CodeIgniter->run()
 6 SYSTEMPATH/Boot.php(67): CodeIgniter\Boot::runCodeIgniter(Object(CodeIgniter\CodeIgniter))
 7 FCPATH/index.php(56): CodeIgniter\Boot::bootWeb(Object(Config\Paths))
CRITICAL - 2024-09-09 12:20:31 --> CodeIgniter\HTTP\Exceptions\BadRequestException: The URI you submitted has disallowed characters: "{{appurl   'uploads"
[Method: GET, Route: %7B%7Bappurl%20%20%20%27uploads/images/%27%20%20%20chatAtual.details.staffavatar%7D%7D]
in SYSTEMPATH/Router/Router.php on line 737.
 1 SYSTEMPATH/Router/Router.php(204): CodeIgniter\Router\Router->checkDisallowedChars('{{appurl   \'uploads/images/\'   chatAtual.details.staffavatar}}')
 2 SYSTEMPATH/CodeIgniter.php(834): CodeIgniter\Router\Router->handle('{{appurl   \'uploads/images/\'   chatAtual.details.staffavatar}}')
 3 SYSTEMPATH/CodeIgniter.php(457): CodeIgniter\CodeIgniter->tryToRouteIt(Object(CodeIgniter\Router\RouteCollection))
 4 SYSTEMPATH/CodeIgniter.php(355): CodeIgniter\CodeIgniter->handleRequest(null, Object(Config\Cache), false)
 5 SYSTEMPATH/Boot.php(325): CodeIgniter\CodeIgniter->run()
 6 SYSTEMPATH/Boot.php(67): CodeIgniter\Boot::runCodeIgniter(Object(CodeIgniter\CodeIgniter))
 7 FCPATH/index.php(56): CodeIgniter\Boot::bootWeb(Object(Config\Paths))
CRITICAL - 2024-09-09 12:20:31 --> CodeIgniter\HTTP\Exceptions\BadRequestException: The URI you submitted has disallowed characters: "{{icon}}"
[Method: GET, Route: assets/img/atividades/icons/%7B%7Bicon%7D%7D]
in SYSTEMPATH/Router/Router.php on line 737.
 1 SYSTEMPATH/Router/Router.php(204): CodeIgniter\Router\Router->checkDisallowedChars('assets/img/atividades/icons/{{icon}}')
 2 SYSTEMPATH/CodeIgniter.php(834): CodeIgniter\Router\Router->handle('assets/img/atividades/icons/{{icon}}')
 3 SYSTEMPATH/CodeIgniter.php(457): CodeIgniter\CodeIgniter->tryToRouteIt(Object(CodeIgniter\Router\RouteCollection))
 4 SYSTEMPATH/CodeIgniter.php(355): CodeIgniter\CodeIgniter->handleRequest(null, Object(Config\Cache), false)
 5 SYSTEMPATH/Boot.php(325): CodeIgniter\CodeIgniter->run()
 6 SYSTEMPATH/Boot.php(67): CodeIgniter\Boot::runCodeIgniter(Object(CodeIgniter\CodeIgniter))
 7 FCPATH/index.php(56): CodeIgniter\Boot::bootWeb(Object(Config\Paths))
CRITICAL - 2024-09-09 12:24:02 --> CodeIgniter\Database\Exceptions\DatabaseException: You must set the database table to be used with your query.
[Method: POST, Route: settings/create_role]
in SYSTEMPATH/Database/BaseConnection.php on line 927.
 1 SYSTEMPATH/Model.php(716): CodeIgniter\Database\BaseConnection->table(null)
 2 SYSTEMPATH/Model.php(897): CodeIgniter\Model->builder()
 3 APPPATH/Models/Settings_Model.php(482): CodeIgniter\Model->__get('input')
 4 APPPATH/Controllers/Settings.php(2179): App\Models\Settings_Model->create_role([...])
 5 APPPATH/Controllers/DynamicController.php(34): App\Controllers\Settings->create_role()
 6 SYSTEMPATH/CodeIgniter.php(933): App\Controllers\DynamicController->execute('settings', 'create_role')
 7 SYSTEMPATH/CodeIgniter.php(509): CodeIgniter\CodeIgniter->runController(Object(App\Controllers\DynamicController))
 8 SYSTEMPATH/CodeIgniter.php(355): CodeIgniter\CodeIgniter->handleRequest(null, Object(Config\Cache), false)
 9 SYSTEMPATH/Boot.php(325): CodeIgniter\CodeIgniter->run()
10 SYSTEMPATH/Boot.php(67): CodeIgniter\Boot::runCodeIgniter(Object(CodeIgniter\CodeIgniter))
11 FCPATH/index.php(56): CodeIgniter\Boot::bootWeb(Object(Config\Paths))
CRITICAL - 2024-09-09 12:24:31 --> ErrorException: Undefined property: App\Controllers\Logs::$Logs_Model
[Method: POST, Route: logs/insert]
in APPPATH/Controllers/Logs.php on line 48.
 1 APPPATH/Controllers/Logs.php(48): CodeIgniter\Debug\Exceptions->errorHandler(2, 'Undefined property: App\\Controllers\\Logs::$Logs_Model', '/home/next0355/dev.next1crm.com.br/app/Controllers/Logs.php', 48)
 2 APPPATH/Controllers/DynamicController.php(34): App\Controllers\Logs->insert()
 3 SYSTEMPATH/CodeIgniter.php(933): App\Controllers\DynamicController->execute('logs', 'insert')
 4 SYSTEMPATH/CodeIgniter.php(509): CodeIgniter\CodeIgniter->runController(Object(App\Controllers\DynamicController))
 5 SYSTEMPATH/CodeIgniter.php(355): CodeIgniter\CodeIgniter->handleRequest(null, Object(Config\Cache), false)
 6 SYSTEMPATH/Boot.php(325): CodeIgniter\CodeIgniter->run()
 7 SYSTEMPATH/Boot.php(67): CodeIgniter\Boot::runCodeIgniter(Object(CodeIgniter\CodeIgniter))
 8 FCPATH/index.php(56): CodeIgniter\Boot::bootWeb(Object(Config\Paths))
CRITICAL - 2024-09-09 12:24:33 --> ErrorException: Undefined property: App\Controllers\Logs::$Logs_Model
[Method: POST, Route: logs/insert]
in APPPATH/Controllers/Logs.php on line 48.
 1 APPPATH/Controllers/Logs.php(48): CodeIgniter\Debug\Exceptions->errorHandler(2, 'Undefined property: App\\Controllers\\Logs::$Logs_Model', '/home/next0355/dev.next1crm.com.br/app/Controllers/Logs.php', 48)
 2 APPPATH/Controllers/DynamicController.php(34): App\Controllers\Logs->insert()
 3 SYSTEMPATH/CodeIgniter.php(933): App\Controllers\DynamicController->execute('logs', 'insert')
 4 SYSTEMPATH/CodeIgniter.php(509): CodeIgniter\CodeIgniter->runController(Object(App\Controllers\DynamicController))
 5 SYSTEMPATH/CodeIgniter.php(355): CodeIgniter\CodeIgniter->handleRequest(null, Object(Config\Cache), false)
 6 SYSTEMPATH/Boot.php(325): CodeIgniter\CodeIgniter->run()
 7 SYSTEMPATH/Boot.php(67): CodeIgniter\Boot::runCodeIgniter(Object(CodeIgniter\CodeIgniter))
 8 FCPATH/index.php(56): CodeIgniter\Boot::bootWeb(Object(Config\Paths))
CRITICAL - 2024-09-09 12:26:14 --> CodeIgniter\HTTP\Exceptions\BadRequestException: The URI you submitted has disallowed characters: "{{base_url   atividade.atv_ft}}"
[Method: GET, Route: %7B%7Bbase_url%20%20%20atividade.atv_ft%7D%7D]
in SYSTEMPATH/Router/Router.php on line 737.
 1 SYSTEMPATH/Router/Router.php(204): CodeIgniter\Router\Router->checkDisallowedChars('{{base_url   atividade.atv_ft}}')
 2 SYSTEMPATH/CodeIgniter.php(834): CodeIgniter\Router\Router->handle('{{base_url   atividade.atv_ft}}')
 3 SYSTEMPATH/CodeIgniter.php(457): CodeIgniter\CodeIgniter->tryToRouteIt(Object(CodeIgniter\Router\RouteCollection))
 4 SYSTEMPATH/CodeIgniter.php(355): CodeIgniter\CodeIgniter->handleRequest(null, Object(Config\Cache), false)
 5 SYSTEMPATH/Boot.php(325): CodeIgniter\CodeIgniter->run()
 6 SYSTEMPATH/Boot.php(67): CodeIgniter\Boot::runCodeIgniter(Object(CodeIgniter\CodeIgniter))
 7 FCPATH/index.php(56): CodeIgniter\Boot::bootWeb(Object(Config\Paths))
CRITICAL - 2024-09-09 12:26:14 --> CodeIgniter\HTTP\Exceptions\BadRequestException: The URI you submitted has disallowed characters: "{{appurl   'uploads"
[Method: GET, Route: %7B%7Bappurl%20%20%20%27uploads/images/%27%20%20%20chat.details.staffavatar%7D%7D]
in SYSTEMPATH/Router/Router.php on line 737.
 1 SYSTEMPATH/Router/Router.php(204): CodeIgniter\Router\Router->checkDisallowedChars('{{appurl   \'uploads/images/\'   chat.details.staffavatar}}')
 2 SYSTEMPATH/CodeIgniter.php(834): CodeIgniter\Router\Router->handle('{{appurl   \'uploads/images/\'   chat.details.staffavatar}}')
 3 SYSTEMPATH/CodeIgniter.php(457): CodeIgniter\CodeIgniter->tryToRouteIt(Object(CodeIgniter\Router\RouteCollection))
 4 SYSTEMPATH/CodeIgniter.php(355): CodeIgniter\CodeIgniter->handleRequest(null, Object(Config\Cache), false)
 5 SYSTEMPATH/Boot.php(325): CodeIgniter\CodeIgniter->run()
 6 SYSTEMPATH/Boot.php(67): CodeIgniter\Boot::runCodeIgniter(Object(CodeIgniter\CodeIgniter))
 7 FCPATH/index.php(56): CodeIgniter\Boot::bootWeb(Object(Config\Paths))
CRITICAL - 2024-09-09 12:26:14 --> CodeIgniter\HTTP\Exceptions\BadRequestException: The URI you submitted has disallowed characters: "{{icon}}"
[Method: GET, Route: assets/img/atividades/icons/%7B%7Bicon%7D%7D]
in SYSTEMPATH/Router/Router.php on line 737.
 1 SYSTEMPATH/Router/Router.php(204): CodeIgniter\Router\Router->checkDisallowedChars('assets/img/atividades/icons/{{icon}}')
 2 SYSTEMPATH/CodeIgniter.php(834): CodeIgniter\Router\Router->handle('assets/img/atividades/icons/{{icon}}')
 3 SYSTEMPATH/CodeIgniter.php(457): CodeIgniter\CodeIgniter->tryToRouteIt(Object(CodeIgniter\Router\RouteCollection))
 4 SYSTEMPATH/CodeIgniter.php(355): CodeIgniter\CodeIgniter->handleRequest(null, Object(Config\Cache), false)
 5 SYSTEMPATH/Boot.php(325): CodeIgniter\CodeIgniter->run()
 6 SYSTEMPATH/Boot.php(67): CodeIgniter\Boot::runCodeIgniter(Object(CodeIgniter\CodeIgniter))
 7 FCPATH/index.php(56): CodeIgniter\Boot::bootWeb(Object(Config\Paths))
CRITICAL - 2024-09-09 12:26:14 --> CodeIgniter\HTTP\Exceptions\BadRequestException: The URI you submitted has disallowed characters: "{{appurl   'uploads"
[Method: GET, Route: %7B%7Bappurl%20%20%20%27uploads/images/%27%20%20%20chatAtual.details.staffavatar%7D%7D]
in SYSTEMPATH/Router/Router.php on line 737.
 1 SYSTEMPATH/Router/Router.php(204): CodeIgniter\Router\Router->checkDisallowedChars('{{appurl   \'uploads/images/\'   chatAtual.details.staffavatar}}')
 2 SYSTEMPATH/CodeIgniter.php(834): CodeIgniter\Router\Router->handle('{{appurl   \'uploads/images/\'   chatAtual.details.staffavatar}}')
 3 SYSTEMPATH/CodeIgniter.php(457): CodeIgniter\CodeIgniter->tryToRouteIt(Object(CodeIgniter\Router\RouteCollection))
 4 SYSTEMPATH/CodeIgniter.php(355): CodeIgniter\CodeIgniter->handleRequest(null, Object(Config\Cache), false)
 5 SYSTEMPATH/Boot.php(325): CodeIgniter\CodeIgniter->run()
 6 SYSTEMPATH/Boot.php(67): CodeIgniter\Boot::runCodeIgniter(Object(CodeIgniter\CodeIgniter))
 7 FCPATH/index.php(56): CodeIgniter\Boot::bootWeb(Object(Config\Paths))
CRITICAL - 2024-09-09 12:27:52 --> CodeIgniter\HTTP\Exceptions\BadRequestException: The URI you submitted has disallowed characters: "{{appurl   'uploads"
[Method: GET, Route: %7B%7Bappurl%20%20%20%27uploads/images/%27%20%20%20chat.details.staffavatar%7D%7D]
in SYSTEMPATH/Router/Router.php on line 737.
 1 SYSTEMPATH/Router/Router.php(204): CodeIgniter\Router\Router->checkDisallowedChars('{{appurl   \'uploads/images/\'   chat.details.staffavatar}}')
 2 SYSTEMPATH/CodeIgniter.php(834): CodeIgniter\Router\Router->handle('{{appurl   \'uploads/images/\'   chat.details.staffavatar}}')
 3 SYSTEMPATH/CodeIgniter.php(457): CodeIgniter\CodeIgniter->tryToRouteIt(Object(CodeIgniter\Router\RouteCollection))
 4 SYSTEMPATH/CodeIgniter.php(355): CodeIgniter\CodeIgniter->handleRequest(null, Object(Config\Cache), false)
 5 SYSTEMPATH/Boot.php(325): CodeIgniter\CodeIgniter->run()
 6 SYSTEMPATH/Boot.php(67): CodeIgniter\Boot::runCodeIgniter(Object(CodeIgniter\CodeIgniter))
 7 FCPATH/index.php(56): CodeIgniter\Boot::bootWeb(Object(Config\Paths))
CRITICAL - 2024-09-09 12:27:53 --> CodeIgniter\HTTP\Exceptions\BadRequestException: The URI you submitted has disallowed characters: "{{appurl   'uploads"
[Method: GET, Route: %7B%7Bappurl%20%20%20%27uploads/images/%27%20%20%20chatAtual.details.staffavatar%7D%7D]
in SYSTEMPATH/Router/Router.php on line 737.
 1 SYSTEMPATH/Router/Router.php(204): CodeIgniter\Router\Router->checkDisallowedChars('{{appurl   \'uploads/images/\'   chatAtual.details.staffavatar}}')
 2 SYSTEMPATH/CodeIgniter.php(834): CodeIgniter\Router\Router->handle('{{appurl   \'uploads/images/\'   chatAtual.details.staffavatar}}')
 3 SYSTEMPATH/CodeIgniter.php(457): CodeIgniter\CodeIgniter->tryToRouteIt(Object(CodeIgniter\Router\RouteCollection))
 4 SYSTEMPATH/CodeIgniter.php(355): CodeIgniter\CodeIgniter->handleRequest(null, Object(Config\Cache), false)
 5 SYSTEMPATH/Boot.php(325): CodeIgniter\CodeIgniter->run()
 6 SYSTEMPATH/Boot.php(67): CodeIgniter\Boot::runCodeIgniter(Object(CodeIgniter\CodeIgniter))
 7 FCPATH/index.php(56): CodeIgniter\Boot::bootWeb(Object(Config\Paths))
CRITICAL - 2024-09-09 12:27:53 --> CodeIgniter\HTTP\Exceptions\BadRequestException: The URI you submitted has disallowed characters: "{{appurl   'uploads"
[Method: GET, Route: %7B%7Bappurl%20%20%20%27uploads/images/%27%20%20%20chat.details.staffavatar%20%7D%7D]
in SYSTEMPATH/Router/Router.php on line 737.
 1 SYSTEMPATH/Router/Router.php(204): CodeIgniter\Router\Router->checkDisallowedChars('{{appurl   \'uploads/images/\'   chat.details.staffavatar }}')
 2 SYSTEMPATH/CodeIgniter.php(834): CodeIgniter\Router\Router->handle('{{appurl   \'uploads/images/\'   chat.details.staffavatar }}')
 3 SYSTEMPATH/CodeIgniter.php(457): CodeIgniter\CodeIgniter->tryToRouteIt(Object(CodeIgniter\Router\RouteCollection))
 4 SYSTEMPATH/CodeIgniter.php(355): CodeIgniter\CodeIgniter->handleRequest(null, Object(Config\Cache), false)
 5 SYSTEMPATH/Boot.php(325): CodeIgniter\CodeIgniter->run()
 6 SYSTEMPATH/Boot.php(67): CodeIgniter\Boot::runCodeIgniter(Object(CodeIgniter\CodeIgniter))
 7 FCPATH/index.php(56): CodeIgniter\Boot::bootWeb(Object(Config\Paths))
CRITICAL - 2024-09-09 12:27:53 --> CodeIgniter\HTTP\Exceptions\BadRequestException: The URI you submitted has disallowed characters: "{{appurl   'assets"
[Method: GET, Route: %7B%7Bappurl%20%20%20%27assets/img/menu/Dashboard%20Leads.svg%27%7D%7D]
in SYSTEMPATH/Router/Router.php on line 737.
 1 SYSTEMPATH/Router/Router.php(204): CodeIgniter\Router\Router->checkDisallowedChars('{{appurl   \'assets/img/menu/Dashboard Leads.svg\'}}')
 2 SYSTEMPATH/CodeIgniter.php(834): CodeIgniter\Router\Router->handle('{{appurl   \'assets/img/menu/Dashboard Leads.svg\'}}')
 3 SYSTEMPATH/CodeIgniter.php(457): CodeIgniter\CodeIgniter->tryToRouteIt(Object(CodeIgniter\Router\RouteCollection))
 4 SYSTEMPATH/CodeIgniter.php(355): CodeIgniter\CodeIgniter->handleRequest(null, Object(Config\Cache), false)
 5 SYSTEMPATH/Boot.php(325): CodeIgniter\CodeIgniter->run()
 6 SYSTEMPATH/Boot.php(67): CodeIgniter\Boot::runCodeIgniter(Object(CodeIgniter\CodeIgniter))
 7 FCPATH/index.php(56): CodeIgniter\Boot::bootWeb(Object(Config\Paths))
CRITICAL - 2024-09-09 12:27:54 --> CodeIgniter\HTTP\Exceptions\BadRequestException: The URI you submitted has disallowed characters: "{{appurl   'assets"
[Method: GET, Route: %7B%7Bappurl%20%20%20%27assets/img/loading.gif%27%7D%7D]
in SYSTEMPATH/Router/Router.php on line 737.
 1 SYSTEMPATH/Router/Router.php(204): CodeIgniter\Router\Router->checkDisallowedChars('{{appurl   \'assets/img/loading.gif\'}}')
 2 SYSTEMPATH/CodeIgniter.php(834): CodeIgniter\Router\Router->handle('{{appurl   \'assets/img/loading.gif\'}}')
 3 SYSTEMPATH/CodeIgniter.php(457): CodeIgniter\CodeIgniter->tryToRouteIt(Object(CodeIgniter\Router\RouteCollection))
 4 SYSTEMPATH/CodeIgniter.php(355): CodeIgniter\CodeIgniter->handleRequest(null, Object(Config\Cache), false)
 5 SYSTEMPATH/Boot.php(325): CodeIgniter\CodeIgniter->run()
 6 SYSTEMPATH/Boot.php(67): CodeIgniter\Boot::runCodeIgniter(Object(CodeIgniter\CodeIgniter))
 7 FCPATH/index.php(56): CodeIgniter\Boot::bootWeb(Object(Config\Paths))
CRITICAL - 2024-09-09 12:28:04 --> CodeIgniter\HTTP\Exceptions\BadRequestException: The URI you submitted has disallowed characters: "{{appurl   'uploads"
[Method: GET, Route: %7B%7Bappurl%20%20%20%27uploads/images/%27%20%20%20chat.details.staffavatar%7D%7D]
in SYSTEMPATH/Router/Router.php on line 737.
 1 SYSTEMPATH/Router/Router.php(204): CodeIgniter\Router\Router->checkDisallowedChars('{{appurl   \'uploads/images/\'   chat.details.staffavatar}}')
 2 SYSTEMPATH/CodeIgniter.php(834): CodeIgniter\Router\Router->handle('{{appurl   \'uploads/images/\'   chat.details.staffavatar}}')
 3 SYSTEMPATH/CodeIgniter.php(457): CodeIgniter\CodeIgniter->tryToRouteIt(Object(CodeIgniter\Router\RouteCollection))
 4 SYSTEMPATH/CodeIgniter.php(355): CodeIgniter\CodeIgniter->handleRequest(null, Object(Config\Cache), false)
 5 SYSTEMPATH/Boot.php(325): CodeIgniter\CodeIgniter->run()
 6 SYSTEMPATH/Boot.php(67): CodeIgniter\Boot::runCodeIgniter(Object(CodeIgniter\CodeIgniter))
 7 FCPATH/index.php(56): CodeIgniter\Boot::bootWeb(Object(Config\Paths))
CRITICAL - 2024-09-09 12:28:05 --> CodeIgniter\HTTP\Exceptions\BadRequestException: The URI you submitted has disallowed characters: "{{appurl   'uploads"
[Method: GET, Route: %7B%7Bappurl%20%20%20%27uploads/images/%27%20%20%20chatAtual.details.staffavatar%7D%7D]
in SYSTEMPATH/Router/Router.php on line 737.
 1 SYSTEMPATH/Router/Router.php(204): CodeIgniter\Router\Router->checkDisallowedChars('{{appurl   \'uploads/images/\'   chatAtual.details.staffavatar}}')
 2 SYSTEMPATH/CodeIgniter.php(834): CodeIgniter\Router\Router->handle('{{appurl   \'uploads/images/\'   chatAtual.details.staffavatar}}')
 3 SYSTEMPATH/CodeIgniter.php(457): CodeIgniter\CodeIgniter->tryToRouteIt(Object(CodeIgniter\Router\RouteCollection))
 4 SYSTEMPATH/CodeIgniter.php(355): CodeIgniter\CodeIgniter->handleRequest(null, Object(Config\Cache), false)
 5 SYSTEMPATH/Boot.php(325): CodeIgniter\CodeIgniter->run()
 6 SYSTEMPATH/Boot.php(67): CodeIgniter\Boot::runCodeIgniter(Object(CodeIgniter\CodeIgniter))
 7 FCPATH/index.php(56): CodeIgniter\Boot::bootWeb(Object(Config\Paths))
CRITICAL - 2024-09-09 12:28:05 --> CodeIgniter\HTTP\Exceptions\BadRequestException: The URI you submitted has disallowed characters: "{{base_url   atividade.atv_ft}}"
[Method: GET, Route: %7B%7Bbase_url%20%20%20atividade.atv_ft%7D%7D]
in SYSTEMPATH/Router/Router.php on line 737.
 1 SYSTEMPATH/Router/Router.php(204): CodeIgniter\Router\Router->checkDisallowedChars('{{base_url   atividade.atv_ft}}')
 2 SYSTEMPATH/CodeIgniter.php(834): CodeIgniter\Router\Router->handle('{{base_url   atividade.atv_ft}}')
 3 SYSTEMPATH/CodeIgniter.php(457): CodeIgniter\CodeIgniter->tryToRouteIt(Object(CodeIgniter\Router\RouteCollection))
 4 SYSTEMPATH/CodeIgniter.php(355): CodeIgniter\CodeIgniter->handleRequest(null, Object(Config\Cache), false)
 5 SYSTEMPATH/Boot.php(325): CodeIgniter\CodeIgniter->run()
 6 SYSTEMPATH/Boot.php(67): CodeIgniter\Boot::runCodeIgniter(Object(CodeIgniter\CodeIgniter))
 7 FCPATH/index.php(56): CodeIgniter\Boot::bootWeb(Object(Config\Paths))
CRITICAL - 2024-09-09 12:28:05 --> CodeIgniter\HTTP\Exceptions\BadRequestException: The URI you submitted has disallowed characters: "{{icon}}"
[Method: GET, Route: assets/img/atividades/icons/%7B%7Bicon%7D%7D]
in SYSTEMPATH/Router/Router.php on line 737.
 1 SYSTEMPATH/Router/Router.php(204): CodeIgniter\Router\Router->checkDisallowedChars('assets/img/atividades/icons/{{icon}}')
 2 SYSTEMPATH/CodeIgniter.php(834): CodeIgniter\Router\Router->handle('assets/img/atividades/icons/{{icon}}')
 3 SYSTEMPATH/CodeIgniter.php(457): CodeIgniter\CodeIgniter->tryToRouteIt(Object(CodeIgniter\Router\RouteCollection))
 4 SYSTEMPATH/CodeIgniter.php(355): CodeIgniter\CodeIgniter->handleRequest(null, Object(Config\Cache), false)
 5 SYSTEMPATH/Boot.php(325): CodeIgniter\CodeIgniter->run()
 6 SYSTEMPATH/Boot.php(67): CodeIgniter\Boot::runCodeIgniter(Object(CodeIgniter\CodeIgniter))
 7 FCPATH/index.php(56): CodeIgniter\Boot::bootWeb(Object(Config\Paths))
CRITICAL - 2024-09-09 12:28:06 --> CodeIgniter\HTTP\Exceptions\BadRequestException: The URI you submitted has disallowed characters: "{{gateway.image}}"
[Method: GET, Route: assets/img/payment-modes/%7B%7Bgateway.image%7D%7D]
in SYSTEMPATH/Router/Router.php on line 737.
 1 SYSTEMPATH/Router/Router.php(204): CodeIgniter\Router\Router->checkDisallowedChars('assets/img/payment-modes/{{gateway.image}}')
 2 SYSTEMPATH/CodeIgniter.php(834): CodeIgniter\Router\Router->handle('assets/img/payment-modes/{{gateway.image}}')
 3 SYSTEMPATH/CodeIgniter.php(457): CodeIgniter\CodeIgniter->tryToRouteIt(Object(CodeIgniter\Router\RouteCollection))
 4 SYSTEMPATH/CodeIgniter.php(355): CodeIgniter\CodeIgniter->handleRequest(null, Object(Config\Cache), false)
 5 SYSTEMPATH/Boot.php(325): CodeIgniter\CodeIgniter->run()
 6 SYSTEMPATH/Boot.php(67): CodeIgniter\Boot::runCodeIgniter(Object(CodeIgniter\CodeIgniter))
 7 FCPATH/index.php(56): CodeIgniter\Boot::bootWeb(Object(Config\Paths))
CRITICAL - 2024-09-09 12:28:07 --> CodeIgniter\HTTP\Exceptions\BadRequestException: The URI you submitted has disallowed characters: "{{rebrand.favicon_icon}}"
[Method: GET, Route: assets/img/images/%7B%7Brebrand.favicon_icon%7D%7D]
in SYSTEMPATH/Router/Router.php on line 737.
 1 SYSTEMPATH/Router/Router.php(204): CodeIgniter\Router\Router->checkDisallowedChars('assets/img/images/{{rebrand.favicon_icon}}')
 2 SYSTEMPATH/CodeIgniter.php(834): CodeIgniter\Router\Router->handle('assets/img/images/{{rebrand.favicon_icon}}')
 3 SYSTEMPATH/CodeIgniter.php(457): CodeIgniter\CodeIgniter->tryToRouteIt(Object(CodeIgniter\Router\RouteCollection))
 4 SYSTEMPATH/CodeIgniter.php(355): CodeIgniter\CodeIgniter->handleRequest(null, Object(Config\Cache), false)
 5 SYSTEMPATH/Boot.php(325): CodeIgniter\CodeIgniter->run()
 6 SYSTEMPATH/Boot.php(67): CodeIgniter\Boot::runCodeIgniter(Object(CodeIgniter\CodeIgniter))
 7 FCPATH/index.php(56): CodeIgniter\Boot::bootWeb(Object(Config\Paths))
CRITICAL - 2024-09-09 12:28:07 --> CodeIgniter\HTTP\Exceptions\BadRequestException: The URI you submitted has disallowed characters: "{{rebrand.admin_login_image}}"
[Method: GET, Route: assets/img/images/%7B%7Brebrand.admin_login_image%7D%7D]
in SYSTEMPATH/Router/Router.php on line 737.
 1 SYSTEMPATH/Router/Router.php(204): CodeIgniter\Router\Router->checkDisallowedChars('assets/img/images/{{rebrand.admin_login_image}}')
 2 SYSTEMPATH/CodeIgniter.php(834): CodeIgniter\Router\Router->handle('assets/img/images/{{rebrand.admin_login_image}}')
 3 SYSTEMPATH/CodeIgniter.php(457): CodeIgniter\CodeIgniter->tryToRouteIt(Object(CodeIgniter\Router\RouteCollection))
 4 SYSTEMPATH/CodeIgniter.php(355): CodeIgniter\CodeIgniter->handleRequest(null, Object(Config\Cache), false)
 5 SYSTEMPATH/Boot.php(325): CodeIgniter\CodeIgniter->run()
 6 SYSTEMPATH/Boot.php(67): CodeIgniter\Boot::runCodeIgniter(Object(CodeIgniter\CodeIgniter))
 7 FCPATH/index.php(56): CodeIgniter\Boot::bootWeb(Object(Config\Paths))
CRITICAL - 2024-09-09 12:28:07 --> CodeIgniter\HTTP\Exceptions\BadRequestException: The URI you submitted has disallowed characters: "{{rebrand.preloader}}"
[Method: GET, Route: assets/img/%7B%7Brebrand.preloader%7D%7D]
in SYSTEMPATH/Router/Router.php on line 737.
 1 SYSTEMPATH/Router/Router.php(204): CodeIgniter\Router\Router->checkDisallowedChars('assets/img/{{rebrand.preloader}}')
 2 SYSTEMPATH/CodeIgniter.php(834): CodeIgniter\Router\Router->handle('assets/img/{{rebrand.preloader}}')
 3 SYSTEMPATH/CodeIgniter.php(457): CodeIgniter\CodeIgniter->tryToRouteIt(Object(CodeIgniter\Router\RouteCollection))
 4 SYSTEMPATH/CodeIgniter.php(355): CodeIgniter\CodeIgniter->handleRequest(null, Object(Config\Cache), false)
 5 SYSTEMPATH/Boot.php(325): CodeIgniter\CodeIgniter->run()
 6 SYSTEMPATH/Boot.php(67): CodeIgniter\Boot::runCodeIgniter(Object(CodeIgniter\CodeIgniter))
 7 FCPATH/index.php(56): CodeIgniter\Boot::bootWeb(Object(Config\Paths))
CRITICAL - 2024-09-09 12:28:07 --> CodeIgniter\HTTP\Exceptions\BadRequestException: The URI you submitted has disallowed characters: "{{rebrand.back_lead1}}"
[Method: GET, Route: assets/img/images/%7B%7Brebrand.back_lead1%7D%7D]
in SYSTEMPATH/Router/Router.php on line 737.
 1 SYSTEMPATH/Router/Router.php(204): CodeIgniter\Router\Router->checkDisallowedChars('assets/img/images/{{rebrand.back_lead1}}')
 2 SYSTEMPATH/CodeIgniter.php(834): CodeIgniter\Router\Router->handle('assets/img/images/{{rebrand.back_lead1}}')
 3 SYSTEMPATH/CodeIgniter.php(457): CodeIgniter\CodeIgniter->tryToRouteIt(Object(CodeIgniter\Router\RouteCollection))
 4 SYSTEMPATH/CodeIgniter.php(355): CodeIgniter\CodeIgniter->handleRequest(null, Object(Config\Cache), false)
 5 SYSTEMPATH/Boot.php(325): CodeIgniter\CodeIgniter->run()
 6 SYSTEMPATH/Boot.php(67): CodeIgniter\Boot::runCodeIgniter(Object(CodeIgniter\CodeIgniter))
 7 FCPATH/index.php(56): CodeIgniter\Boot::bootWeb(Object(Config\Paths))
CRITICAL - 2024-09-09 12:28:07 --> CodeIgniter\HTTP\Exceptions\BadRequestException: The URI you submitted has disallowed characters: "{{settings_detail.app_logo}}"
[Method: GET, Route: uploads/ciuis_settings/%7B%7Bsettings_detail.app_logo%7D%7D]
in SYSTEMPATH/Router/Router.php on line 737.
 1 SYSTEMPATH/Router/Router.php(204): CodeIgniter\Router\Router->checkDisallowedChars('uploads/ciuis_settings/{{settings_detail.app_logo}}')
 2 SYSTEMPATH/CodeIgniter.php(834): CodeIgniter\Router\Router->handle('uploads/ciuis_settings/{{settings_detail.app_logo}}')
 3 SYSTEMPATH/CodeIgniter.php(457): CodeIgniter\CodeIgniter->tryToRouteIt(Object(CodeIgniter\Router\RouteCollection))
 4 SYSTEMPATH/CodeIgniter.php(355): CodeIgniter\CodeIgniter->handleRequest(null, Object(Config\Cache), false)
 5 SYSTEMPATH/Boot.php(325): CodeIgniter\CodeIgniter->run()
 6 SYSTEMPATH/Boot.php(67): CodeIgniter\Boot::runCodeIgniter(Object(CodeIgniter\CodeIgniter))
 7 FCPATH/index.php(56): CodeIgniter\Boot::bootWeb(Object(Config\Paths))
CRITICAL - 2024-09-09 12:28:07 --> CodeIgniter\HTTP\Exceptions\BadRequestException: The URI you submitted has disallowed characters: "{{settings_detail.logo}}"
[Method: GET, Route: uploads/ciuis_settings/%7B%7Bsettings_detail.logo%7D%7D]
in SYSTEMPATH/Router/Router.php on line 737.
 1 SYSTEMPATH/Router/Router.php(204): CodeIgniter\Router\Router->checkDisallowedChars('uploads/ciuis_settings/{{settings_detail.logo}}')
 2 SYSTEMPATH/CodeIgniter.php(834): CodeIgniter\Router\Router->handle('uploads/ciuis_settings/{{settings_detail.logo}}')
 3 SYSTEMPATH/CodeIgniter.php(457): CodeIgniter\CodeIgniter->tryToRouteIt(Object(CodeIgniter\Router\RouteCollection))
 4 SYSTEMPATH/CodeIgniter.php(355): CodeIgniter\CodeIgniter->handleRequest(null, Object(Config\Cache), false)
 5 SYSTEMPATH/Boot.php(325): CodeIgniter\CodeIgniter->run()
 6 SYSTEMPATH/Boot.php(67): CodeIgniter\Boot::runCodeIgniter(Object(CodeIgniter\CodeIgniter))
 7 FCPATH/index.php(56): CodeIgniter\Boot::bootWeb(Object(Config\Paths))
CRITICAL - 2024-09-09 12:28:07 --> CodeIgniter\HTTP\Exceptions\BadRequestException: The URI you submitted has disallowed characters: "{{rebrand.client_login_image}}"
[Method: GET, Route: assets/img/images/%7B%7Brebrand.client_login_image%7D%7D]
in SYSTEMPATH/Router/Router.php on line 737.
 1 SYSTEMPATH/Router/Router.php(204): CodeIgniter\Router\Router->checkDisallowedChars('assets/img/images/{{rebrand.client_login_image}}')
 2 SYSTEMPATH/CodeIgniter.php(834): CodeIgniter\Router\Router->handle('assets/img/images/{{rebrand.client_login_image}}')
 3 SYSTEMPATH/CodeIgniter.php(457): CodeIgniter\CodeIgniter->tryToRouteIt(Object(CodeIgniter\Router\RouteCollection))
 4 SYSTEMPATH/CodeIgniter.php(355): CodeIgniter\CodeIgniter->handleRequest(null, Object(Config\Cache), false)
 5 SYSTEMPATH/Boot.php(325): CodeIgniter\CodeIgniter->run()
 6 SYSTEMPATH/Boot.php(67): CodeIgniter\Boot::runCodeIgniter(Object(CodeIgniter\CodeIgniter))
 7 FCPATH/index.php(56): CodeIgniter\Boot::bootWeb(Object(Config\Paths))
CRITICAL - 2024-09-09 12:28:24 --> Error: Call to undefined method CodeIgniter\Database\MySQLi\Connection::get()
[Method: GET, Route: settings/get_prioridades]
in APPPATH/Controllers/Settings.php on line 2450.
 1 APPPATH/Controllers/DynamicController.php(34): App\Controllers\Settings->get_prioridades()
 2 SYSTEMPATH/CodeIgniter.php(933): App\Controllers\DynamicController->execute('settings', 'get_prioridades')
 3 SYSTEMPATH/CodeIgniter.php(509): CodeIgniter\CodeIgniter->runController(Object(App\Controllers\DynamicController))
 4 SYSTEMPATH/CodeIgniter.php(355): CodeIgniter\CodeIgniter->handleRequest(null, Object(Config\Cache), false)
 5 SYSTEMPATH/Boot.php(325): CodeIgniter\CodeIgniter->run()
 6 SYSTEMPATH/Boot.php(67): CodeIgniter\Boot::runCodeIgniter(Object(CodeIgniter\CodeIgniter))
 7 FCPATH/index.php(56): CodeIgniter\Boot::bootWeb(Object(Config\Paths))
CRITICAL - 2024-09-09 12:28:27 --> CodeIgniter\HTTP\Exceptions\BadRequestException: The URI you submitted has disallowed characters: "almoço.png"
[Method: GET, Route: assets/img/atividades/almoc%CC%A7o.png]
in SYSTEMPATH/Router/Router.php on line 737.
 1 SYSTEMPATH/Router/Router.php(204): CodeIgniter\Router\Router->checkDisallowedChars('assets/img/atividades/almoço.png')
 2 SYSTEMPATH/CodeIgniter.php(834): CodeIgniter\Router\Router->handle('assets/img/atividades/almoço.png')
 3 SYSTEMPATH/CodeIgniter.php(457): CodeIgniter\CodeIgniter->tryToRouteIt(Object(CodeIgniter\Router\RouteCollection))
 4 SYSTEMPATH/CodeIgniter.php(355): CodeIgniter\CodeIgniter->handleRequest(null, Object(Config\Cache), false)
 5 SYSTEMPATH/Boot.php(325): CodeIgniter\CodeIgniter->run()
 6 SYSTEMPATH/Boot.php(67): CodeIgniter\Boot::runCodeIgniter(Object(CodeIgniter\CodeIgniter))
 7 FCPATH/index.php(56): CodeIgniter\Boot::bootWeb(Object(Config\Paths))
CRITICAL - 2024-09-09 12:28:27 --> CodeIgniter\HTTP\Exceptions\BadRequestException: The URI you submitted has disallowed characters: "whatsapp_-_cópia.png"
[Method: GET, Route: assets/img/atividades/whatsapp_-_co%CC%81pia.png]
in SYSTEMPATH/Router/Router.php on line 737.
 1 SYSTEMPATH/Router/Router.php(204): CodeIgniter\Router\Router->checkDisallowedChars('assets/img/atividades/whatsapp_-_cópia.png')
 2 SYSTEMPATH/CodeIgniter.php(834): CodeIgniter\Router\Router->handle('assets/img/atividades/whatsapp_-_cópia.png')
 3 SYSTEMPATH/CodeIgniter.php(457): CodeIgniter\CodeIgniter->tryToRouteIt(Object(CodeIgniter\Router\RouteCollection))
 4 SYSTEMPATH/CodeIgniter.php(355): CodeIgniter\CodeIgniter->handleRequest(null, Object(Config\Cache), false)
 5 SYSTEMPATH/Boot.php(325): CodeIgniter\CodeIgniter->run()
 6 SYSTEMPATH/Boot.php(67): CodeIgniter\Boot::runCodeIgniter(Object(CodeIgniter\CodeIgniter))
 7 FCPATH/index.php(56): CodeIgniter\Boot::bootWeb(Object(Config\Paths))
CRITICAL - 2024-09-09 12:28:39 --> Error: Call to undefined method CodeIgniter\Database\MySQLi\Connection::get()
[Method: GET, Route: settings/get_prioridades]
in APPPATH/Controllers/Settings.php on line 2450.
 1 APPPATH/Controllers/DynamicController.php(34): App\Controllers\Settings->get_prioridades()
 2 SYSTEMPATH/CodeIgniter.php(933): App\Controllers\DynamicController->execute('settings', 'get_prioridades')
 3 SYSTEMPATH/CodeIgniter.php(509): CodeIgniter\CodeIgniter->runController(Object(App\Controllers\DynamicController))
 4 SYSTEMPATH/CodeIgniter.php(355): CodeIgniter\CodeIgniter->handleRequest(null, Object(Config\Cache), false)
 5 SYSTEMPATH/Boot.php(325): CodeIgniter\CodeIgniter->run()
 6 SYSTEMPATH/Boot.php(67): CodeIgniter\Boot::runCodeIgniter(Object(CodeIgniter\CodeIgniter))
 7 FCPATH/index.php(56): CodeIgniter\Boot::bootWeb(Object(Config\Paths))
CRITICAL - 2024-09-09 12:28:43 --> CodeIgniter\HTTP\Exceptions\BadRequestException: The URI you submitted has disallowed characters: "almoço.png"
[Method: GET, Route: assets/img/atividades/almoc%CC%A7o.png]
in SYSTEMPATH/Router/Router.php on line 737.
 1 SYSTEMPATH/Router/Router.php(204): CodeIgniter\Router\Router->checkDisallowedChars('assets/img/atividades/almoço.png')
 2 SYSTEMPATH/CodeIgniter.php(834): CodeIgniter\Router\Router->handle('assets/img/atividades/almoço.png')
 3 SYSTEMPATH/CodeIgniter.php(457): CodeIgniter\CodeIgniter->tryToRouteIt(Object(CodeIgniter\Router\RouteCollection))
 4 SYSTEMPATH/CodeIgniter.php(355): CodeIgniter\CodeIgniter->handleRequest(null, Object(Config\Cache), false)
 5 SYSTEMPATH/Boot.php(325): CodeIgniter\CodeIgniter->run()
 6 SYSTEMPATH/Boot.php(67): CodeIgniter\Boot::runCodeIgniter(Object(CodeIgniter\CodeIgniter))
 7 FCPATH/index.php(56): CodeIgniter\Boot::bootWeb(Object(Config\Paths))
CRITICAL - 2024-09-09 12:28:43 --> CodeIgniter\HTTP\Exceptions\BadRequestException: The URI you submitted has disallowed characters: "whatsapp_-_cópia.png"
[Method: GET, Route: assets/img/atividades/whatsapp_-_co%CC%81pia.png]
in SYSTEMPATH/Router/Router.php on line 737.
 1 SYSTEMPATH/Router/Router.php(204): CodeIgniter\Router\Router->checkDisallowedChars('assets/img/atividades/whatsapp_-_cópia.png')
 2 SYSTEMPATH/CodeIgniter.php(834): CodeIgniter\Router\Router->handle('assets/img/atividades/whatsapp_-_cópia.png')
 3 SYSTEMPATH/CodeIgniter.php(457): CodeIgniter\CodeIgniter->tryToRouteIt(Object(CodeIgniter\Router\RouteCollection))
 4 SYSTEMPATH/CodeIgniter.php(355): CodeIgniter\CodeIgniter->handleRequest(null, Object(Config\Cache), false)
 5 SYSTEMPATH/Boot.php(325): CodeIgniter\CodeIgniter->run()
 6 SYSTEMPATH/Boot.php(67): CodeIgniter\Boot::runCodeIgniter(Object(CodeIgniter\CodeIgniter))
 7 FCPATH/index.php(56): CodeIgniter\Boot::bootWeb(Object(Config\Paths))
CRITICAL - 2024-09-09 12:28:53 --> Error: Call to undefined method CodeIgniter\Database\MySQLi\Connection::get()
[Method: GET, Route: settings/get_prioridades]
in APPPATH/Controllers/Settings.php on line 2450.
 1 APPPATH/Controllers/DynamicController.php(34): App\Controllers\Settings->get_prioridades()
 2 SYSTEMPATH/CodeIgniter.php(933): App\Controllers\DynamicController->execute('settings', 'get_prioridades')
 3 SYSTEMPATH/CodeIgniter.php(509): CodeIgniter\CodeIgniter->runController(Object(App\Controllers\DynamicController))
 4 SYSTEMPATH/CodeIgniter.php(355): CodeIgniter\CodeIgniter->handleRequest(null, Object(Config\Cache), false)
 5 SYSTEMPATH/Boot.php(325): CodeIgniter\CodeIgniter->run()
 6 SYSTEMPATH/Boot.php(67): CodeIgniter\Boot::runCodeIgniter(Object(CodeIgniter\CodeIgniter))
 7 FCPATH/index.php(56): CodeIgniter\Boot::bootWeb(Object(Config\Paths))
CRITICAL - 2024-09-09 12:28:55 --> CodeIgniter\HTTP\Exceptions\BadRequestException: The URI you submitted has disallowed characters: "almoço.png"
[Method: GET, Route: assets/img/atividades/almoc%CC%A7o.png]
in SYSTEMPATH/Router/Router.php on line 737.
 1 SYSTEMPATH/Router/Router.php(204): CodeIgniter\Router\Router->checkDisallowedChars('assets/img/atividades/almoço.png')
 2 SYSTEMPATH/CodeIgniter.php(834): CodeIgniter\Router\Router->handle('assets/img/atividades/almoço.png')
 3 SYSTEMPATH/CodeIgniter.php(457): CodeIgniter\CodeIgniter->tryToRouteIt(Object(CodeIgniter\Router\RouteCollection))
 4 SYSTEMPATH/CodeIgniter.php(355): CodeIgniter\CodeIgniter->handleRequest(null, Object(Config\Cache), false)
 5 SYSTEMPATH/Boot.php(325): CodeIgniter\CodeIgniter->run()
 6 SYSTEMPATH/Boot.php(67): CodeIgniter\Boot::runCodeIgniter(Object(CodeIgniter\CodeIgniter))
 7 FCPATH/index.php(56): CodeIgniter\Boot::bootWeb(Object(Config\Paths))
CRITICAL - 2024-09-09 12:28:55 --> CodeIgniter\HTTP\Exceptions\BadRequestException: The URI you submitted has disallowed characters: "whatsapp_-_cópia.png"
[Method: GET, Route: assets/img/atividades/whatsapp_-_co%CC%81pia.png]
in SYSTEMPATH/Router/Router.php on line 737.
 1 SYSTEMPATH/Router/Router.php(204): CodeIgniter\Router\Router->checkDisallowedChars('assets/img/atividades/whatsapp_-_cópia.png')
 2 SYSTEMPATH/CodeIgniter.php(834): CodeIgniter\Router\Router->handle('assets/img/atividades/whatsapp_-_cópia.png')
 3 SYSTEMPATH/CodeIgniter.php(457): CodeIgniter\CodeIgniter->tryToRouteIt(Object(CodeIgniter\Router\RouteCollection))
 4 SYSTEMPATH/CodeIgniter.php(355): CodeIgniter\CodeIgniter->handleRequest(null, Object(Config\Cache), false)
 5 SYSTEMPATH/Boot.php(325): CodeIgniter\CodeIgniter->run()
 6 SYSTEMPATH/Boot.php(67): CodeIgniter\Boot::runCodeIgniter(Object(CodeIgniter\CodeIgniter))
 7 FCPATH/index.php(56): CodeIgniter\Boot::bootWeb(Object(Config\Paths))
CRITICAL - 2024-09-09 12:28:56 --> CodeIgniter\HTTP\Exceptions\BadRequestException: The URI you submitted has disallowed characters: "almoço.png"
[Method: GET, Route: assets/img/atividades/almoc%CC%A7o.png]
in SYSTEMPATH/Router/Router.php on line 737.
 1 SYSTEMPATH/Router/Router.php(204): CodeIgniter\Router\Router->checkDisallowedChars('assets/img/atividades/almoço.png')
 2 SYSTEMPATH/CodeIgniter.php(834): CodeIgniter\Router\Router->handle('assets/img/atividades/almoço.png')
 3 SYSTEMPATH/CodeIgniter.php(457): CodeIgniter\CodeIgniter->tryToRouteIt(Object(CodeIgniter\Router\RouteCollection))
 4 SYSTEMPATH/CodeIgniter.php(355): CodeIgniter\CodeIgniter->handleRequest(null, Object(Config\Cache), false)
 5 SYSTEMPATH/Boot.php(325): CodeIgniter\CodeIgniter->run()
 6 SYSTEMPATH/Boot.php(67): CodeIgniter\Boot::runCodeIgniter(Object(CodeIgniter\CodeIgniter))
 7 FCPATH/index.php(56): CodeIgniter\Boot::bootWeb(Object(Config\Paths))
CRITICAL - 2024-09-09 12:28:56 --> CodeIgniter\HTTP\Exceptions\BadRequestException: The URI you submitted has disallowed characters: "whatsapp_-_cópia.png"
[Method: GET, Route: assets/img/atividades/whatsapp_-_co%CC%81pia.png]
in SYSTEMPATH/Router/Router.php on line 737.
 1 SYSTEMPATH/Router/Router.php(204): CodeIgniter\Router\Router->checkDisallowedChars('assets/img/atividades/whatsapp_-_cópia.png')
 2 SYSTEMPATH/CodeIgniter.php(834): CodeIgniter\Router\Router->handle('assets/img/atividades/whatsapp_-_cópia.png')
 3 SYSTEMPATH/CodeIgniter.php(457): CodeIgniter\CodeIgniter->tryToRouteIt(Object(CodeIgniter\Router\RouteCollection))
 4 SYSTEMPATH/CodeIgniter.php(355): CodeIgniter\CodeIgniter->handleRequest(null, Object(Config\Cache), false)
 5 SYSTEMPATH/Boot.php(325): CodeIgniter\CodeIgniter->run()
 6 SYSTEMPATH/Boot.php(67): CodeIgniter\Boot::runCodeIgniter(Object(CodeIgniter\CodeIgniter))
 7 FCPATH/index.php(56): CodeIgniter\Boot::bootWeb(Object(Config\Paths))
CRITICAL - 2024-09-09 12:29:11 --> Error: Call to a member function isValid() on null
[Method: GET, Route: settings/addAtividadeList]
in APPPATH/Controllers/Settings.php on line 3092.
 1 APPPATH/Controllers/DynamicController.php(34): App\Controllers\Settings->addAtividadeList()
 2 SYSTEMPATH/CodeIgniter.php(933): App\Controllers\DynamicController->execute('settings', 'addAtividadeList')
 3 SYSTEMPATH/CodeIgniter.php(509): CodeIgniter\CodeIgniter->runController(Object(App\Controllers\DynamicController))
 4 SYSTEMPATH/CodeIgniter.php(355): CodeIgniter\CodeIgniter->handleRequest(null, Object(Config\Cache), false)
 5 SYSTEMPATH/Boot.php(325): CodeIgniter\CodeIgniter->run()
 6 SYSTEMPATH/Boot.php(67): CodeIgniter\Boot::runCodeIgniter(Object(CodeIgniter\CodeIgniter))
 7 FCPATH/index.php(56): CodeIgniter\Boot::bootWeb(Object(Config\Paths))
ERROR - 2024-09-09 12:29:45 --> Error connecting to the database: mysqli_sql_exception: User next0355_main already has more than 'max_user_connections' active connections in /home/next0355/dev.next1crm.com.br/system/Database/MySQLi/Connection.php:186
Stack trace:
#0 /home/next0355/dev.next1crm.com.br/system/Database/MySQLi/Connection.php(186): mysqli->real_connect('localhost', 'next0355_main', Object(SensitiveParameterValue), 'next0355_dev', 3306, '', 0)
#1 /home/next0355/dev.next1crm.com.br/system/Database/BaseConnection.php(421): CodeIgniter\Database\MySQLi\Connection->connect(false)
#2 /home/next0355/dev.next1crm.com.br/system/Database/BaseConnection.php(616): CodeIgniter\Database\BaseConnection->initialize()
#3 /home/next0355/dev.next1crm.com.br/system/Database/BaseBuilder.php(1644): CodeIgniter\Database\BaseConnection->query('SELECT *, (SELE...', Array, false)
#4 /home/next0355/dev.next1crm.com.br/app/Models/Chats_Model.php(59): CodeIgniter\Database\BaseBuilder->get()
#5 /home/next0355/dev.next1crm.com.br/app/Controllers/Chats.php(165): App\Models\Chats_Model->get_all_chats_by_privileges()
#6 /home/next0355/dev.next1crm.com.br/app/Controllers/Chats.php(158): App\Controllers\Chats->chats()
#7 /home/next0355/dev.next1crm.com.br/app/Controllers/DynamicController.php(34): App\Controllers\Chats->chats_getNews()
#8 /home/next0355/dev.next1crm.com.br/system/CodeIgniter.php(933): App\Controllers\DynamicController->execute('chats', 'chats_getNews')
#9 /home/next0355/dev.next1crm.com.br/system/CodeIgniter.php(509): CodeIgniter\CodeIgniter->runController(Object(App\Controllers\DynamicController))
#10 /home/next0355/dev.next1crm.com.br/system/CodeIgniter.php(355): CodeIgniter\CodeIgniter->handleRequest(NULL, Object(Config\Cache), false)
#11 /home/next0355/dev.next1crm.com.br/system/Boot.php(325): CodeIgniter\CodeIgniter->run()
#12 /home/next0355/dev.next1crm.com.br/system/Boot.php(67): CodeIgniter\Boot::runCodeIgniter(Object(CodeIgniter\CodeIgniter))
#13 /home/next0355/dev.next1crm.com.br/public/index.php(56): CodeIgniter\Boot::bootWeb(Object(Config\Paths))
#14 {main}

Next CodeIgniter\Database\Exceptions\DatabaseException: User **** already has more than 'max_user_connections' active connections in /home/next0355/dev.next1crm.com.br/system/Database/MySQLi/Connection.php:231
Stack trace:
#0 /home/next0355/dev.next1crm.com.br/system/Database/BaseConnection.php(421): CodeIgniter\Database\MySQLi\Connection->connect(false)
#1 /home/next0355/dev.next1crm.com.br/system/Database/BaseConnection.php(616): CodeIgniter\Database\BaseConnection->initialize()
#2 /home/next0355/dev.next1crm.com.br/system/Database/BaseBuilder.php(1644): CodeIgniter\Database\BaseConnection->query('SELECT *, (SELE...', Array, false)
#3 /home/next0355/dev.next1crm.com.br/app/Models/Chats_Model.php(59): CodeIgniter\Database\BaseBuilder->get()
#4 /home/next0355/dev.next1crm.com.br/app/Controllers/Chats.php(165): App\Models\Chats_Model->get_all_chats_by_privileges()
#5 /home/next0355/dev.next1crm.com.br/app/Controllers/Chats.php(158): App\Controllers\Chats->chats()
#6 /home/next0355/dev.next1crm.com.br/app/Controllers/DynamicController.php(34): App\Controllers\Chats->chats_getNews()
#7 /home/next0355/dev.next1crm.com.br/system/CodeIgniter.php(933): App\Controllers\DynamicController->execute('chats', 'chats_getNews')
#8 /home/next0355/dev.next1crm.com.br/system/CodeIgniter.php(509): CodeIgniter\CodeIgniter->runController(Object(App\Controllers\DynamicController))
#9 /home/next0355/dev.next1crm.com.br/system/CodeIgniter.php(355): CodeIgniter\CodeIgniter->handleRequest(NULL, Object(Config\Cache), false)
#10 /home/next0355/dev.next1crm.com.br/system/Boot.php(325): CodeIgniter\CodeIgniter->run()
#11 /home/next0355/dev.next1crm.com.br/system/Boot.php(67): CodeIgniter\Boot::runCodeIgniter(Object(CodeIgniter\CodeIgniter))
#12 /home/next0355/dev.next1crm.com.br/public/index.php(56): CodeIgniter\Boot::bootWeb(Object(Config\Paths))
#13 {main}
CRITICAL - 2024-09-09 12:29:45 --> CodeIgniter\Database\Exceptions\DatabaseException: Unable to connect to the database.
Main connection [MySQLi]: User **** already has more than 'max_user_connections' active connections
[Method: GET, Route: chats/chats_getNews]
in SYSTEMPATH/Database/BaseConnection.php on line 467.
 1 SYSTEMPATH/Database/BaseConnection.php(616): CodeIgniter\Database\BaseConnection->initialize()
 2 SYSTEMPATH/Database/BaseBuilder.php(1644): CodeIgniter\Database\BaseConnection->query('SELECT *, (SELECT date FROM `chatreplies` WHERE (chat_staff1 = 6 and chat_staff2 = staff.id) or (chat_staff2 = 6 and chat_staff1 = staff.id) order by id desc limit 1) as lastDate
FROM `staff`
WHERE `staff`.`id_company` = :staff.id_company:
AND `staff`.`id` != :staff.id:
AND `staff`.`inactive` IS NULL
ORDER BY `lastDate` DESC', [...], false)
 3 APPPATH/Models/Chats_Model.php(59): CodeIgniter\Database\BaseBuilder->get()
 4 APPPATH/Controllers/Chats.php(165): App\Models\Chats_Model->get_all_chats_by_privileges()
 5 APPPATH/Controllers/Chats.php(158): App\Controllers\Chats->chats()
 6 APPPATH/Controllers/DynamicController.php(34): App\Controllers\Chats->chats_getNews()
 7 SYSTEMPATH/CodeIgniter.php(933): App\Controllers\DynamicController->execute('chats', 'chats_getNews')
 8 SYSTEMPATH/CodeIgniter.php(509): CodeIgniter\CodeIgniter->runController(Object(App\Controllers\DynamicController))
 9 SYSTEMPATH/CodeIgniter.php(355): CodeIgniter\CodeIgniter->handleRequest(null, Object(Config\Cache), false)
10 SYSTEMPATH/Boot.php(325): CodeIgniter\CodeIgniter->run()
11 SYSTEMPATH/Boot.php(67): CodeIgniter\Boot::runCodeIgniter(Object(CodeIgniter\CodeIgniter))
12 FCPATH/index.php(56): CodeIgniter\Boot::bootWeb(Object(Config\Paths))
CRITICAL - 2024-09-09 12:30:03 --> ErrorException: Constant LANG already defined
[Method: GET, Route: CronJob/envia_avisos]
in APPPATH/Controllers/CronJob.php on line 18.
 1 [internal function]: CodeIgniter\Debug\Exceptions->errorHandler(2, 'Constant LANG already defined', '/home/next0355/dev.next1crm.com.br/app/Controllers/CronJob.php', 18)
 2 APPPATH/Controllers/CronJob.php(18): define('LANG', 'portuguese_br')
 3 APPPATH/Controllers/DynamicController.php(19): App\Controllers\CronJob->__construct()
 4 SYSTEMPATH/CodeIgniter.php(933): App\Controllers\DynamicController->execute('CronJob', 'envia_avisos')
 5 SYSTEMPATH/CodeIgniter.php(509): CodeIgniter\CodeIgniter->runController(Object(App\Controllers\DynamicController))
 6 SYSTEMPATH/CodeIgniter.php(355): CodeIgniter\CodeIgniter->handleRequest(null, Object(Config\Cache), false)
 7 SYSTEMPATH/Boot.php(325): CodeIgniter\CodeIgniter->run()
 8 SYSTEMPATH/Boot.php(67): CodeIgniter\Boot::runCodeIgniter(Object(CodeIgniter\CodeIgniter))
 9 FCPATH/index.php(56): CodeIgniter\Boot::bootWeb(Object(Config\Paths))
CRITICAL - 2024-09-09 12:30:04 --> Error: Call to a member function table() on null
[Method: POST, Route: logs/insert]
in APPPATH/Controllers/Logs.php on line 61.
 1 APPPATH/Controllers/DynamicController.php(34): App\Controllers\Logs->insert()
 2 SYSTEMPATH/CodeIgniter.php(933): App\Controllers\DynamicController->execute('logs', 'insert')
 3 SYSTEMPATH/CodeIgniter.php(509): CodeIgniter\CodeIgniter->runController(Object(App\Controllers\DynamicController))
 4 SYSTEMPATH/CodeIgniter.php(355): CodeIgniter\CodeIgniter->handleRequest(null, Object(Config\Cache), false)
 5 SYSTEMPATH/Boot.php(325): CodeIgniter\CodeIgniter->run()
 6 SYSTEMPATH/Boot.php(67): CodeIgniter\Boot::runCodeIgniter(Object(CodeIgniter\CodeIgniter))
 7 FCPATH/index.php(56): CodeIgniter\Boot::bootWeb(Object(Config\Paths))
CRITICAL - 2024-09-09 12:30:11 --> Error: Call to a member function getErrorString() on null
[Method: GET, Route: settings/addAtividadeList]
in APPPATH/Controllers/Settings.php on line 3168.
 1 APPPATH/Controllers/DynamicController.php(34): App\Controllers\Settings->addAtividadeList()
 2 SYSTEMPATH/CodeIgniter.php(933): App\Controllers\DynamicController->execute('settings', 'addAtividadeList')
 3 SYSTEMPATH/CodeIgniter.php(509): CodeIgniter\CodeIgniter->runController(Object(App\Controllers\DynamicController))
 4 SYSTEMPATH/CodeIgniter.php(355): CodeIgniter\CodeIgniter->handleRequest(null, Object(Config\Cache), false)
 5 SYSTEMPATH/Boot.php(325): CodeIgniter\CodeIgniter->run()
 6 SYSTEMPATH/Boot.php(67): CodeIgniter\Boot::runCodeIgniter(Object(CodeIgniter\CodeIgniter))
 7 FCPATH/index.php(56): CodeIgniter\Boot::bootWeb(Object(Config\Paths))
CRITICAL - 2024-09-09 12:30:47 --> Error: Call to a member function getErrorString() on null
[Method: GET, Route: settings/addAtividadeList]
in APPPATH/Controllers/Settings.php on line 3168.
 1 APPPATH/Controllers/DynamicController.php(34): App\Controllers\Settings->addAtividadeList()
 2 SYSTEMPATH/CodeIgniter.php(933): App\Controllers\DynamicController->execute('settings', 'addAtividadeList')
 3 SYSTEMPATH/CodeIgniter.php(509): CodeIgniter\CodeIgniter->runController(Object(App\Controllers\DynamicController))
 4 SYSTEMPATH/CodeIgniter.php(355): CodeIgniter\CodeIgniter->handleRequest(null, Object(Config\Cache), false)
 5 SYSTEMPATH/Boot.php(325): CodeIgniter\CodeIgniter->run()
 6 SYSTEMPATH/Boot.php(67): CodeIgniter\Boot::runCodeIgniter(Object(CodeIgniter\CodeIgniter))
 7 FCPATH/index.php(56): CodeIgniter\Boot::bootWeb(Object(Config\Paths))
CRITICAL - 2024-09-09 12:32:04 --> Error: Call to a member function table() on null
[Method: POST, Route: logs/insert]
in APPPATH/Controllers/Logs.php on line 61.
 1 APPPATH/Controllers/DynamicController.php(34): App\Controllers\Logs->insert()
 2 SYSTEMPATH/CodeIgniter.php(933): App\Controllers\DynamicController->execute('logs', 'insert')
 3 SYSTEMPATH/CodeIgniter.php(509): CodeIgniter\CodeIgniter->runController(Object(App\Controllers\DynamicController))
 4 SYSTEMPATH/CodeIgniter.php(355): CodeIgniter\CodeIgniter->handleRequest(null, Object(Config\Cache), false)
 5 SYSTEMPATH/Boot.php(325): CodeIgniter\CodeIgniter->run()
 6 SYSTEMPATH/Boot.php(67): CodeIgniter\Boot::runCodeIgniter(Object(CodeIgniter\CodeIgniter))
 7 FCPATH/index.php(56): CodeIgniter\Boot::bootWeb(Object(Config\Paths))
CRITICAL - 2024-09-09 12:32:22 --> CodeIgniter\HTTP\Exceptions\BadRequestException: The URI you submitted has disallowed characters: "whatsapp_-_cópia.png"
[Method: GET, Route: assets/img/atividades/whatsapp_-_co%CC%81pia.png]
in SYSTEMPATH/Router/Router.php on line 737.
 1 SYSTEMPATH/Router/Router.php(204): CodeIgniter\Router\Router->checkDisallowedChars('assets/img/atividades/whatsapp_-_cópia.png')
 2 SYSTEMPATH/CodeIgniter.php(834): CodeIgniter\Router\Router->handle('assets/img/atividades/whatsapp_-_cópia.png')
 3 SYSTEMPATH/CodeIgniter.php(457): CodeIgniter\CodeIgniter->tryToRouteIt(Object(CodeIgniter\Router\RouteCollection))
 4 SYSTEMPATH/CodeIgniter.php(355): CodeIgniter\CodeIgniter->handleRequest(null, Object(Config\Cache), false)
 5 SYSTEMPATH/Boot.php(325): CodeIgniter\CodeIgniter->run()
 6 SYSTEMPATH/Boot.php(67): CodeIgniter\Boot::runCodeIgniter(Object(CodeIgniter\CodeIgniter))
 7 FCPATH/index.php(56): CodeIgniter\Boot::bootWeb(Object(Config\Paths))
CRITICAL - 2024-09-09 12:32:22 --> CodeIgniter\HTTP\Exceptions\BadRequestException: The URI you submitted has disallowed characters: "almoço.png"
[Method: GET, Route: assets/img/atividades/almoc%CC%A7o.png]
in SYSTEMPATH/Router/Router.php on line 737.
 1 SYSTEMPATH/Router/Router.php(204): CodeIgniter\Router\Router->checkDisallowedChars('assets/img/atividades/almoço.png')
 2 SYSTEMPATH/CodeIgniter.php(834): CodeIgniter\Router\Router->handle('assets/img/atividades/almoço.png')
 3 SYSTEMPATH/CodeIgniter.php(457): CodeIgniter\CodeIgniter->tryToRouteIt(Object(CodeIgniter\Router\RouteCollection))
 4 SYSTEMPATH/CodeIgniter.php(355): CodeIgniter\CodeIgniter->handleRequest(null, Object(Config\Cache), false)
 5 SYSTEMPATH/Boot.php(325): CodeIgniter\CodeIgniter->run()
 6 SYSTEMPATH/Boot.php(67): CodeIgniter\Boot::runCodeIgniter(Object(CodeIgniter\CodeIgniter))
 7 FCPATH/index.php(56): CodeIgniter\Boot::bootWeb(Object(Config\Paths))
CRITICAL - 2024-09-09 12:32:37 --> CodeIgniter\HTTP\Exceptions\BadRequestException: The URI you submitted has disallowed characters: "whatsapp_-_cópia.png"
[Method: GET, Route: assets/img/atividades/whatsapp_-_co%CC%81pia.png]
in SYSTEMPATH/Router/Router.php on line 737.
 1 SYSTEMPATH/Router/Router.php(204): CodeIgniter\Router\Router->checkDisallowedChars('assets/img/atividades/whatsapp_-_cópia.png')
 2 SYSTEMPATH/CodeIgniter.php(834): CodeIgniter\Router\Router->handle('assets/img/atividades/whatsapp_-_cópia.png')
 3 SYSTEMPATH/CodeIgniter.php(457): CodeIgniter\CodeIgniter->tryToRouteIt(Object(CodeIgniter\Router\RouteCollection))
 4 SYSTEMPATH/CodeIgniter.php(355): CodeIgniter\CodeIgniter->handleRequest(null, Object(Config\Cache), false)
 5 SYSTEMPATH/Boot.php(325): CodeIgniter\CodeIgniter->run()
 6 SYSTEMPATH/Boot.php(67): CodeIgniter\Boot::runCodeIgniter(Object(CodeIgniter\CodeIgniter))
 7 FCPATH/index.php(56): CodeIgniter\Boot::bootWeb(Object(Config\Paths))
CRITICAL - 2024-09-09 12:32:37 --> CodeIgniter\HTTP\Exceptions\BadRequestException: The URI you submitted has disallowed characters: "almoço.png"
[Method: GET, Route: assets/img/atividades/almoc%CC%A7o.png]
in SYSTEMPATH/Router/Router.php on line 737.
 1 SYSTEMPATH/Router/Router.php(204): CodeIgniter\Router\Router->checkDisallowedChars('assets/img/atividades/almoço.png')
 2 SYSTEMPATH/CodeIgniter.php(834): CodeIgniter\Router\Router->handle('assets/img/atividades/almoço.png')
 3 SYSTEMPATH/CodeIgniter.php(457): CodeIgniter\CodeIgniter->tryToRouteIt(Object(CodeIgniter\Router\RouteCollection))
 4 SYSTEMPATH/CodeIgniter.php(355): CodeIgniter\CodeIgniter->handleRequest(null, Object(Config\Cache), false)
 5 SYSTEMPATH/Boot.php(325): CodeIgniter\CodeIgniter->run()
 6 SYSTEMPATH/Boot.php(67): CodeIgniter\Boot::runCodeIgniter(Object(CodeIgniter\CodeIgniter))
 7 FCPATH/index.php(56): CodeIgniter\Boot::bootWeb(Object(Config\Paths))
CRITICAL - 2024-09-09 12:33:49 --> CodeIgniter\HTTP\Exceptions\BadRequestException: The URI you submitted has disallowed characters: "almoço.png"
[Method: GET, Route: assets/img/atividades/almoc%CC%A7o.png]
in SYSTEMPATH/Router/Router.php on line 737.
 1 SYSTEMPATH/Router/Router.php(204): CodeIgniter\Router\Router->checkDisallowedChars('assets/img/atividades/almoço.png')
 2 SYSTEMPATH/CodeIgniter.php(834): CodeIgniter\Router\Router->handle('assets/img/atividades/almoço.png')
 3 SYSTEMPATH/CodeIgniter.php(457): CodeIgniter\CodeIgniter->tryToRouteIt(Object(CodeIgniter\Router\RouteCollection))
 4 SYSTEMPATH/CodeIgniter.php(355): CodeIgniter\CodeIgniter->handleRequest(null, Object(Config\Cache), false)
 5 SYSTEMPATH/Boot.php(325): CodeIgniter\CodeIgniter->run()
 6 SYSTEMPATH/Boot.php(67): CodeIgniter\Boot::runCodeIgniter(Object(CodeIgniter\CodeIgniter))
 7 FCPATH/index.php(56): CodeIgniter\Boot::bootWeb(Object(Config\Paths))
CRITICAL - 2024-09-09 12:33:49 --> CodeIgniter\HTTP\Exceptions\BadRequestException: The URI you submitted has disallowed characters: "whatsapp_-_cópia.png"
[Method: GET, Route: assets/img/atividades/whatsapp_-_co%CC%81pia.png]
in SYSTEMPATH/Router/Router.php on line 737.
 1 SYSTEMPATH/Router/Router.php(204): CodeIgniter\Router\Router->checkDisallowedChars('assets/img/atividades/whatsapp_-_cópia.png')
 2 SYSTEMPATH/CodeIgniter.php(834): CodeIgniter\Router\Router->handle('assets/img/atividades/whatsapp_-_cópia.png')
 3 SYSTEMPATH/CodeIgniter.php(457): CodeIgniter\CodeIgniter->tryToRouteIt(Object(CodeIgniter\Router\RouteCollection))
 4 SYSTEMPATH/CodeIgniter.php(355): CodeIgniter\CodeIgniter->handleRequest(null, Object(Config\Cache), false)
 5 SYSTEMPATH/Boot.php(325): CodeIgniter\CodeIgniter->run()
 6 SYSTEMPATH/Boot.php(67): CodeIgniter\Boot::runCodeIgniter(Object(CodeIgniter\CodeIgniter))
 7 FCPATH/index.php(56): CodeIgniter\Boot::bootWeb(Object(Config\Paths))
CRITICAL - 2024-09-09 12:35:54 --> CodeIgniter\HTTP\Exceptions\BadRequestException: The URI you submitted has disallowed characters: "whatsapp_-_cópia.png"
[Method: GET, Route: assets/img/atividades/whatsapp_-_co%CC%81pia.png]
in SYSTEMPATH/Router/Router.php on line 737.
 1 SYSTEMPATH/Router/Router.php(204): CodeIgniter\Router\Router->checkDisallowedChars('assets/img/atividades/whatsapp_-_cópia.png')
 2 SYSTEMPATH/CodeIgniter.php(834): CodeIgniter\Router\Router->handle('assets/img/atividades/whatsapp_-_cópia.png')
 3 SYSTEMPATH/CodeIgniter.php(457): CodeIgniter\CodeIgniter->tryToRouteIt(Object(CodeIgniter\Router\RouteCollection))
 4 SYSTEMPATH/CodeIgniter.php(355): CodeIgniter\CodeIgniter->handleRequest(null, Object(Config\Cache), false)
 5 SYSTEMPATH/Boot.php(325): CodeIgniter\CodeIgniter->run()
 6 SYSTEMPATH/Boot.php(67): CodeIgniter\Boot::runCodeIgniter(Object(CodeIgniter\CodeIgniter))
 7 FCPATH/index.php(56): CodeIgniter\Boot::bootWeb(Object(Config\Paths))
CRITICAL - 2024-09-09 12:35:54 --> CodeIgniter\HTTP\Exceptions\BadRequestException: The URI you submitted has disallowed characters: "almoço.png"
[Method: GET, Route: assets/img/atividades/almoc%CC%A7o.png]
in SYSTEMPATH/Router/Router.php on line 737.
 1 SYSTEMPATH/Router/Router.php(204): CodeIgniter\Router\Router->checkDisallowedChars('assets/img/atividades/almoço.png')
 2 SYSTEMPATH/CodeIgniter.php(834): CodeIgniter\Router\Router->handle('assets/img/atividades/almoço.png')
 3 SYSTEMPATH/CodeIgniter.php(457): CodeIgniter\CodeIgniter->tryToRouteIt(Object(CodeIgniter\Router\RouteCollection))
 4 SYSTEMPATH/CodeIgniter.php(355): CodeIgniter\CodeIgniter->handleRequest(null, Object(Config\Cache), false)
 5 SYSTEMPATH/Boot.php(325): CodeIgniter\CodeIgniter->run()
 6 SYSTEMPATH/Boot.php(67): CodeIgniter\Boot::runCodeIgniter(Object(CodeIgniter\CodeIgniter))
 7 FCPATH/index.php(56): CodeIgniter\Boot::bootWeb(Object(Config\Paths))
CRITICAL - 2024-09-09 12:35:59 --> CodeIgniter\HTTP\Exceptions\BadRequestException: The URI you submitted has disallowed characters: "almoço.png"
[Method: GET, Route: assets/img/atividades/almoc%CC%A7o.png]
in SYSTEMPATH/Router/Router.php on line 737.
 1 SYSTEMPATH/Router/Router.php(204): CodeIgniter\Router\Router->checkDisallowedChars('assets/img/atividades/almoço.png')
 2 SYSTEMPATH/CodeIgniter.php(834): CodeIgniter\Router\Router->handle('assets/img/atividades/almoço.png')
 3 SYSTEMPATH/CodeIgniter.php(457): CodeIgniter\CodeIgniter->tryToRouteIt(Object(CodeIgniter\Router\RouteCollection))
 4 SYSTEMPATH/CodeIgniter.php(355): CodeIgniter\CodeIgniter->handleRequest(null, Object(Config\Cache), false)
 5 SYSTEMPATH/Boot.php(325): CodeIgniter\CodeIgniter->run()
 6 SYSTEMPATH/Boot.php(67): CodeIgniter\Boot::runCodeIgniter(Object(CodeIgniter\CodeIgniter))
 7 FCPATH/index.php(56): CodeIgniter\Boot::bootWeb(Object(Config\Paths))
CRITICAL - 2024-09-09 12:35:59 --> CodeIgniter\HTTP\Exceptions\BadRequestException: The URI you submitted has disallowed characters: "whatsapp_-_cópia.png"
[Method: GET, Route: assets/img/atividades/whatsapp_-_co%CC%81pia.png]
in SYSTEMPATH/Router/Router.php on line 737.
 1 SYSTEMPATH/Router/Router.php(204): CodeIgniter\Router\Router->checkDisallowedChars('assets/img/atividades/whatsapp_-_cópia.png')
 2 SYSTEMPATH/CodeIgniter.php(834): CodeIgniter\Router\Router->handle('assets/img/atividades/whatsapp_-_cópia.png')
 3 SYSTEMPATH/CodeIgniter.php(457): CodeIgniter\CodeIgniter->tryToRouteIt(Object(CodeIgniter\Router\RouteCollection))
 4 SYSTEMPATH/CodeIgniter.php(355): CodeIgniter\CodeIgniter->handleRequest(null, Object(Config\Cache), false)
 5 SYSTEMPATH/Boot.php(325): CodeIgniter\CodeIgniter->run()
 6 SYSTEMPATH/Boot.php(67): CodeIgniter\Boot::runCodeIgniter(Object(CodeIgniter\CodeIgniter))
 7 FCPATH/index.php(56): CodeIgniter\Boot::bootWeb(Object(Config\Paths))
CRITICAL - 2024-09-09 12:36:02 --> CodeIgniter\HTTP\Exceptions\BadRequestException: The URI you submitted has disallowed characters: "almoço.png"
[Method: GET, Route: assets/img/atividades/almoc%CC%A7o.png]
in SYSTEMPATH/Router/Router.php on line 737.
 1 SYSTEMPATH/Router/Router.php(204): CodeIgniter\Router\Router->checkDisallowedChars('assets/img/atividades/almoço.png')
 2 SYSTEMPATH/CodeIgniter.php(834): CodeIgniter\Router\Router->handle('assets/img/atividades/almoço.png')
 3 SYSTEMPATH/CodeIgniter.php(457): CodeIgniter\CodeIgniter->tryToRouteIt(Object(CodeIgniter\Router\RouteCollection))
 4 SYSTEMPATH/CodeIgniter.php(355): CodeIgniter\CodeIgniter->handleRequest(null, Object(Config\Cache), false)
 5 SYSTEMPATH/Boot.php(325): CodeIgniter\CodeIgniter->run()
 6 SYSTEMPATH/Boot.php(67): CodeIgniter\Boot::runCodeIgniter(Object(CodeIgniter\CodeIgniter))
 7 FCPATH/index.php(56): CodeIgniter\Boot::bootWeb(Object(Config\Paths))
CRITICAL - 2024-09-09 12:36:02 --> CodeIgniter\HTTP\Exceptions\BadRequestException: The URI you submitted has disallowed characters: "whatsapp_-_cópia.png"
[Method: GET, Route: assets/img/atividades/whatsapp_-_co%CC%81pia.png]
in SYSTEMPATH/Router/Router.php on line 737.
 1 SYSTEMPATH/Router/Router.php(204): CodeIgniter\Router\Router->checkDisallowedChars('assets/img/atividades/whatsapp_-_cópia.png')
 2 SYSTEMPATH/CodeIgniter.php(834): CodeIgniter\Router\Router->handle('assets/img/atividades/whatsapp_-_cópia.png')
 3 SYSTEMPATH/CodeIgniter.php(457): CodeIgniter\CodeIgniter->tryToRouteIt(Object(CodeIgniter\Router\RouteCollection))
 4 SYSTEMPATH/CodeIgniter.php(355): CodeIgniter\CodeIgniter->handleRequest(null, Object(Config\Cache), false)
 5 SYSTEMPATH/Boot.php(325): CodeIgniter\CodeIgniter->run()
 6 SYSTEMPATH/Boot.php(67): CodeIgniter\Boot::runCodeIgniter(Object(CodeIgniter\CodeIgniter))
 7 FCPATH/index.php(56): CodeIgniter\Boot::bootWeb(Object(Config\Paths))
CRITICAL - 2024-09-09 12:36:04 --> ErrorException: Undefined property: App\Controllers\Logs::$Logs_Model
[Method: POST, Route: logs/insert]
in APPPATH/Controllers/Logs.php on line 48.
 1 APPPATH/Controllers/Logs.php(48): CodeIgniter\Debug\Exceptions->errorHandler(2, 'Undefined property: App\\Controllers\\Logs::$Logs_Model', '/home/next0355/dev.next1crm.com.br/app/Controllers/Logs.php', 48)
 2 APPPATH/Controllers/DynamicController.php(34): App\Controllers\Logs->insert()
 3 SYSTEMPATH/CodeIgniter.php(933): App\Controllers\DynamicController->execute('logs', 'insert')
 4 SYSTEMPATH/CodeIgniter.php(509): CodeIgniter\CodeIgniter->runController(Object(App\Controllers\DynamicController))
 5 SYSTEMPATH/CodeIgniter.php(355): CodeIgniter\CodeIgniter->handleRequest(null, Object(Config\Cache), false)
 6 SYSTEMPATH/Boot.php(325): CodeIgniter\CodeIgniter->run()
 7 SYSTEMPATH/Boot.php(67): CodeIgniter\Boot::runCodeIgniter(Object(CodeIgniter\CodeIgniter))
 8 FCPATH/index.php(56): CodeIgniter\Boot::bootWeb(Object(Config\Paths))
CRITICAL - 2024-09-09 12:36:05 --> ErrorException: Undefined property: App\Controllers\Logs::$Logs_Model
[Method: POST, Route: logs/insert]
in APPPATH/Controllers/Logs.php on line 48.
 1 APPPATH/Controllers/Logs.php(48): CodeIgniter\Debug\Exceptions->errorHandler(2, 'Undefined property: App\\Controllers\\Logs::$Logs_Model', '/home/next0355/dev.next1crm.com.br/app/Controllers/Logs.php', 48)
 2 APPPATH/Controllers/DynamicController.php(34): App\Controllers\Logs->insert()
 3 SYSTEMPATH/CodeIgniter.php(933): App\Controllers\DynamicController->execute('logs', 'insert')
 4 SYSTEMPATH/CodeIgniter.php(509): CodeIgniter\CodeIgniter->runController(Object(App\Controllers\DynamicController))
 5 SYSTEMPATH/CodeIgniter.php(355): CodeIgniter\CodeIgniter->handleRequest(null, Object(Config\Cache), false)
 6 SYSTEMPATH/Boot.php(325): CodeIgniter\CodeIgniter->run()
 7 SYSTEMPATH/Boot.php(67): CodeIgniter\Boot::runCodeIgniter(Object(CodeIgniter\CodeIgniter))
 8 FCPATH/index.php(56): CodeIgniter\Boot::bootWeb(Object(Config\Paths))
CRITICAL - 2024-09-09 12:36:09 --> CodeIgniter\HTTP\Exceptions\BadRequestException: The URI you submitted has disallowed characters: "almoço.png"
[Method: GET, Route: assets/img/atividades/almoc%CC%A7o.png]
in SYSTEMPATH/Router/Router.php on line 737.
 1 SYSTEMPATH/Router/Router.php(204): CodeIgniter\Router\Router->checkDisallowedChars('assets/img/atividades/almoço.png')
 2 SYSTEMPATH/CodeIgniter.php(834): CodeIgniter\Router\Router->handle('assets/img/atividades/almoço.png')
 3 SYSTEMPATH/CodeIgniter.php(457): CodeIgniter\CodeIgniter->tryToRouteIt(Object(CodeIgniter\Router\RouteCollection))
 4 SYSTEMPATH/CodeIgniter.php(355): CodeIgniter\CodeIgniter->handleRequest(null, Object(Config\Cache), false)
 5 SYSTEMPATH/Boot.php(325): CodeIgniter\CodeIgniter->run()
 6 SYSTEMPATH/Boot.php(67): CodeIgniter\Boot::runCodeIgniter(Object(CodeIgniter\CodeIgniter))
 7 FCPATH/index.php(56): CodeIgniter\Boot::bootWeb(Object(Config\Paths))
CRITICAL - 2024-09-09 12:36:09 --> CodeIgniter\HTTP\Exceptions\BadRequestException: The URI you submitted has disallowed characters: "whatsapp_-_cópia.png"
[Method: GET, Route: assets/img/atividades/whatsapp_-_co%CC%81pia.png]
in SYSTEMPATH/Router/Router.php on line 737.
 1 SYSTEMPATH/Router/Router.php(204): CodeIgniter\Router\Router->checkDisallowedChars('assets/img/atividades/whatsapp_-_cópia.png')
 2 SYSTEMPATH/CodeIgniter.php(834): CodeIgniter\Router\Router->handle('assets/img/atividades/whatsapp_-_cópia.png')
 3 SYSTEMPATH/CodeIgniter.php(457): CodeIgniter\CodeIgniter->tryToRouteIt(Object(CodeIgniter\Router\RouteCollection))
 4 SYSTEMPATH/CodeIgniter.php(355): CodeIgniter\CodeIgniter->handleRequest(null, Object(Config\Cache), false)
 5 SYSTEMPATH/Boot.php(325): CodeIgniter\CodeIgniter->run()
 6 SYSTEMPATH/Boot.php(67): CodeIgniter\Boot::runCodeIgniter(Object(CodeIgniter\CodeIgniter))
 7 FCPATH/index.php(56): CodeIgniter\Boot::bootWeb(Object(Config\Paths))
CRITICAL - 2024-09-09 12:36:21 --> Error: Call to undefined method CodeIgniter\Database\MySQLi\Connection::get()
[Method: GET, Route: settings/get_prioridades]
in APPPATH/Controllers/Settings.php on line 2450.
 1 APPPATH/Controllers/DynamicController.php(34): App\Controllers\Settings->get_prioridades()
 2 SYSTEMPATH/CodeIgniter.php(933): App\Controllers\DynamicController->execute('settings', 'get_prioridades')
 3 SYSTEMPATH/CodeIgniter.php(509): CodeIgniter\CodeIgniter->runController(Object(App\Controllers\DynamicController))
 4 SYSTEMPATH/CodeIgniter.php(355): CodeIgniter\CodeIgniter->handleRequest(null, Object(Config\Cache), false)
 5 SYSTEMPATH/Boot.php(325): CodeIgniter\CodeIgniter->run()
 6 SYSTEMPATH/Boot.php(67): CodeIgniter\Boot::runCodeIgniter(Object(CodeIgniter\CodeIgniter))
 7 FCPATH/index.php(56): CodeIgniter\Boot::bootWeb(Object(Config\Paths))
CRITICAL - 2024-09-09 12:36:33 --> TypeError: implode(): Argument #1 ($array) must be of type array, string given
[Method: GET, Route: settings/savePrioridade]
in APPPATH/Controllers/Settings.php on line 2722.
 1 APPPATH/Controllers/Settings.php(2722): implode(',', null)
 2 APPPATH/Controllers/DynamicController.php(34): App\Controllers\Settings->savePrioridade()
 3 SYSTEMPATH/CodeIgniter.php(933): App\Controllers\DynamicController->execute('settings', 'savePrioridade')
 4 SYSTEMPATH/CodeIgniter.php(509): CodeIgniter\CodeIgniter->runController(Object(App\Controllers\DynamicController))
 5 SYSTEMPATH/CodeIgniter.php(355): CodeIgniter\CodeIgniter->handleRequest(null, Object(Config\Cache), false)
 6 SYSTEMPATH/Boot.php(325): CodeIgniter\CodeIgniter->run()
 7 SYSTEMPATH/Boot.php(67): CodeIgniter\Boot::runCodeIgniter(Object(CodeIgniter\CodeIgniter))
 8 FCPATH/index.php(56): CodeIgniter\Boot::bootWeb(Object(Config\Paths))
CRITICAL - 2024-09-09 12:38:05 --> Error: Call to a member function table() on null
[Method: POST, Route: logs/insert]
in APPPATH/Controllers/Logs.php on line 61.
 1 APPPATH/Controllers/DynamicController.php(34): App\Controllers\Logs->insert()
 2 SYSTEMPATH/CodeIgniter.php(933): App\Controllers\DynamicController->execute('logs', 'insert')
 3 SYSTEMPATH/CodeIgniter.php(509): CodeIgniter\CodeIgniter->runController(Object(App\Controllers\DynamicController))
 4 SYSTEMPATH/CodeIgniter.php(355): CodeIgniter\CodeIgniter->handleRequest(null, Object(Config\Cache), false)
 5 SYSTEMPATH/Boot.php(325): CodeIgniter\CodeIgniter->run()
 6 SYSTEMPATH/Boot.php(67): CodeIgniter\Boot::runCodeIgniter(Object(CodeIgniter\CodeIgniter))
 7 FCPATH/index.php(56): CodeIgniter\Boot::bootWeb(Object(Config\Paths))
CRITICAL - 2024-09-09 12:40:01 --> CodeIgniter\HTTP\Exceptions\BadRequestException: The URI you submitted has disallowed characters: "{{gateway.image}}"
[Method: GET, Route: assets/img/payment-modes/%7B%7Bgateway.image%7D%7D]
in SYSTEMPATH/Router/Router.php on line 737.
 1 SYSTEMPATH/Router/Router.php(204): CodeIgniter\Router\Router->checkDisallowedChars('assets/img/payment-modes/{{gateway.image}}')
 2 SYSTEMPATH/CodeIgniter.php(834): CodeIgniter\Router\Router->handle('assets/img/payment-modes/{{gateway.image}}')
 3 SYSTEMPATH/CodeIgniter.php(457): CodeIgniter\CodeIgniter->tryToRouteIt(Object(CodeIgniter\Router\RouteCollection))
 4 SYSTEMPATH/CodeIgniter.php(355): CodeIgniter\CodeIgniter->handleRequest(null, Object(Config\Cache), false)
 5 SYSTEMPATH/Boot.php(325): CodeIgniter\CodeIgniter->run()
 6 SYSTEMPATH/Boot.php(67): CodeIgniter\Boot::runCodeIgniter(Object(CodeIgniter\CodeIgniter))
 7 FCPATH/index.php(56): CodeIgniter\Boot::bootWeb(Object(Config\Paths))
CRITICAL - 2024-09-09 12:40:01 --> CodeIgniter\HTTP\Exceptions\BadRequestException: The URI you submitted has disallowed characters: "{{appurl   'uploads"
[Method: GET, Route: %7B%7Bappurl%20%20%20%27uploads/images/%27%20%20%20chatAtual.details.staffavatar%7D%7D]
in SYSTEMPATH/Router/Router.php on line 737.
 1 SYSTEMPATH/Router/Router.php(204): CodeIgniter\Router\Router->checkDisallowedChars('{{appurl   \'uploads/images/\'   chatAtual.details.staffavatar}}')
 2 SYSTEMPATH/CodeIgniter.php(834): CodeIgniter\Router\Router->handle('{{appurl   \'uploads/images/\'   chatAtual.details.staffavatar}}')
 3 SYSTEMPATH/CodeIgniter.php(457): CodeIgniter\CodeIgniter->tryToRouteIt(Object(CodeIgniter\Router\RouteCollection))
 4 SYSTEMPATH/CodeIgniter.php(355): CodeIgniter\CodeIgniter->handleRequest(null, Object(Config\Cache), false)
 5 SYSTEMPATH/Boot.php(325): CodeIgniter\CodeIgniter->run()
 6 SYSTEMPATH/Boot.php(67): CodeIgniter\Boot::runCodeIgniter(Object(CodeIgniter\CodeIgniter))
 7 FCPATH/index.php(56): CodeIgniter\Boot::bootWeb(Object(Config\Paths))
CRITICAL - 2024-09-09 12:40:01 --> CodeIgniter\HTTP\Exceptions\BadRequestException: The URI you submitted has disallowed characters: "{{appurl   'uploads"
[Method: GET, Route: %7B%7Bappurl%20%20%20%27uploads/images/%27%20%20%20chat.details.staffavatar%7D%7D]
in SYSTEMPATH/Router/Router.php on line 737.
 1 SYSTEMPATH/Router/Router.php(204): CodeIgniter\Router\Router->checkDisallowedChars('{{appurl   \'uploads/images/\'   chat.details.staffavatar}}')
 2 SYSTEMPATH/CodeIgniter.php(834): CodeIgniter\Router\Router->handle('{{appurl   \'uploads/images/\'   chat.details.staffavatar}}')
 3 SYSTEMPATH/CodeIgniter.php(457): CodeIgniter\CodeIgniter->tryToRouteIt(Object(CodeIgniter\Router\RouteCollection))
 4 SYSTEMPATH/CodeIgniter.php(355): CodeIgniter\CodeIgniter->handleRequest(null, Object(Config\Cache), false)
 5 SYSTEMPATH/Boot.php(325): CodeIgniter\CodeIgniter->run()
 6 SYSTEMPATH/Boot.php(67): CodeIgniter\Boot::runCodeIgniter(Object(CodeIgniter\CodeIgniter))
 7 FCPATH/index.php(56): CodeIgniter\Boot::bootWeb(Object(Config\Paths))
CRITICAL - 2024-09-09 12:40:01 --> CodeIgniter\HTTP\Exceptions\BadRequestException: The URI you submitted has disallowed characters: "{{base_url   atividade.atv_ft}}"
[Method: GET, Route: %7B%7Bbase_url%20%20%20atividade.atv_ft%7D%7D]
in SYSTEMPATH/Router/Router.php on line 737.
 1 SYSTEMPATH/Router/Router.php(204): CodeIgniter\Router\Router->checkDisallowedChars('{{base_url   atividade.atv_ft}}')
 2 SYSTEMPATH/CodeIgniter.php(834): CodeIgniter\Router\Router->handle('{{base_url   atividade.atv_ft}}')
 3 SYSTEMPATH/CodeIgniter.php(457): CodeIgniter\CodeIgniter->tryToRouteIt(Object(CodeIgniter\Router\RouteCollection))
 4 SYSTEMPATH/CodeIgniter.php(355): CodeIgniter\CodeIgniter->handleRequest(null, Object(Config\Cache), false)
 5 SYSTEMPATH/Boot.php(325): CodeIgniter\CodeIgniter->run()
 6 SYSTEMPATH/Boot.php(67): CodeIgniter\Boot::runCodeIgniter(Object(CodeIgniter\CodeIgniter))
 7 FCPATH/index.php(56): CodeIgniter\Boot::bootWeb(Object(Config\Paths))
CRITICAL - 2024-09-09 12:40:01 --> CodeIgniter\HTTP\Exceptions\BadRequestException: The URI you submitted has disallowed characters: "{{icon}}"
[Method: GET, Route: assets/img/atividades/icons/%7B%7Bicon%7D%7D]
in SYSTEMPATH/Router/Router.php on line 737.
 1 SYSTEMPATH/Router/Router.php(204): CodeIgniter\Router\Router->checkDisallowedChars('assets/img/atividades/icons/{{icon}}')
 2 SYSTEMPATH/CodeIgniter.php(834): CodeIgniter\Router\Router->handle('assets/img/atividades/icons/{{icon}}')
 3 SYSTEMPATH/CodeIgniter.php(457): CodeIgniter\CodeIgniter->tryToRouteIt(Object(CodeIgniter\Router\RouteCollection))
 4 SYSTEMPATH/CodeIgniter.php(355): CodeIgniter\CodeIgniter->handleRequest(null, Object(Config\Cache), false)
 5 SYSTEMPATH/Boot.php(325): CodeIgniter\CodeIgniter->run()
 6 SYSTEMPATH/Boot.php(67): CodeIgniter\Boot::runCodeIgniter(Object(CodeIgniter\CodeIgniter))
 7 FCPATH/index.php(56): CodeIgniter\Boot::bootWeb(Object(Config\Paths))
CRITICAL - 2024-09-09 12:40:03 --> CodeIgniter\HTTP\Exceptions\BadRequestException: The URI you submitted has disallowed characters: "{{settings_detail.logo}}"
[Method: GET, Route: uploads/ciuis_settings/%7B%7Bsettings_detail.logo%7D%7D]
in SYSTEMPATH/Router/Router.php on line 737.
 1 SYSTEMPATH/Router/Router.php(204): CodeIgniter\Router\Router->checkDisallowedChars('uploads/ciuis_settings/{{settings_detail.logo}}')
 2 SYSTEMPATH/CodeIgniter.php(834): CodeIgniter\Router\Router->handle('uploads/ciuis_settings/{{settings_detail.logo}}')
 3 SYSTEMPATH/CodeIgniter.php(457): CodeIgniter\CodeIgniter->tryToRouteIt(Object(CodeIgniter\Router\RouteCollection))
 4 SYSTEMPATH/CodeIgniter.php(355): CodeIgniter\CodeIgniter->handleRequest(null, Object(Config\Cache), false)
 5 SYSTEMPATH/Boot.php(325): CodeIgniter\CodeIgniter->run()
 6 SYSTEMPATH/Boot.php(67): CodeIgniter\Boot::runCodeIgniter(Object(CodeIgniter\CodeIgniter))
 7 FCPATH/index.php(56): CodeIgniter\Boot::bootWeb(Object(Config\Paths))
CRITICAL - 2024-09-09 12:40:03 --> CodeIgniter\HTTP\Exceptions\BadRequestException: The URI you submitted has disallowed characters: "{{rebrand.preloader}}"
[Method: GET, Route: assets/img/%7B%7Brebrand.preloader%7D%7D]
in SYSTEMPATH/Router/Router.php on line 737.
 1 SYSTEMPATH/Router/Router.php(204): CodeIgniter\Router\Router->checkDisallowedChars('assets/img/{{rebrand.preloader}}')
 2 SYSTEMPATH/CodeIgniter.php(834): CodeIgniter\Router\Router->handle('assets/img/{{rebrand.preloader}}')
 3 SYSTEMPATH/CodeIgniter.php(457): CodeIgniter\CodeIgniter->tryToRouteIt(Object(CodeIgniter\Router\RouteCollection))
 4 SYSTEMPATH/CodeIgniter.php(355): CodeIgniter\CodeIgniter->handleRequest(null, Object(Config\Cache), false)
 5 SYSTEMPATH/Boot.php(325): CodeIgniter\CodeIgniter->run()
 6 SYSTEMPATH/Boot.php(67): CodeIgniter\Boot::runCodeIgniter(Object(CodeIgniter\CodeIgniter))
 7 FCPATH/index.php(56): CodeIgniter\Boot::bootWeb(Object(Config\Paths))
CRITICAL - 2024-09-09 12:40:03 --> CodeIgniter\HTTP\Exceptions\BadRequestException: The URI you submitted has disallowed characters: "{{settings_detail.app_logo}}"
[Method: GET, Route: uploads/ciuis_settings/%7B%7Bsettings_detail.app_logo%7D%7D]
in SYSTEMPATH/Router/Router.php on line 737.
 1 SYSTEMPATH/Router/Router.php(204): CodeIgniter\Router\Router->checkDisallowedChars('uploads/ciuis_settings/{{settings_detail.app_logo}}')
 2 SYSTEMPATH/CodeIgniter.php(834): CodeIgniter\Router\Router->handle('uploads/ciuis_settings/{{settings_detail.app_logo}}')
 3 SYSTEMPATH/CodeIgniter.php(457): CodeIgniter\CodeIgniter->tryToRouteIt(Object(CodeIgniter\Router\RouteCollection))
 4 SYSTEMPATH/CodeIgniter.php(355): CodeIgniter\CodeIgniter->handleRequest(null, Object(Config\Cache), false)
 5 SYSTEMPATH/Boot.php(325): CodeIgniter\CodeIgniter->run()
 6 SYSTEMPATH/Boot.php(67): CodeIgniter\Boot::runCodeIgniter(Object(CodeIgniter\CodeIgniter))
 7 FCPATH/index.php(56): CodeIgniter\Boot::bootWeb(Object(Config\Paths))
CRITICAL - 2024-09-09 12:40:03 --> CodeIgniter\HTTP\Exceptions\BadRequestException: The URI you submitted has disallowed characters: "{{rebrand.admin_login_image}}"
[Method: GET, Route: assets/img/images/%7B%7Brebrand.admin_login_image%7D%7D]
in SYSTEMPATH/Router/Router.php on line 737.
 1 SYSTEMPATH/Router/Router.php(204): CodeIgniter\Router\Router->checkDisallowedChars('assets/img/images/{{rebrand.admin_login_image}}')
 2 SYSTEMPATH/CodeIgniter.php(834): CodeIgniter\Router\Router->handle('assets/img/images/{{rebrand.admin_login_image}}')
 3 SYSTEMPATH/CodeIgniter.php(457): CodeIgniter\CodeIgniter->tryToRouteIt(Object(CodeIgniter\Router\RouteCollection))
 4 SYSTEMPATH/CodeIgniter.php(355): CodeIgniter\CodeIgniter->handleRequest(null, Object(Config\Cache), false)
 5 SYSTEMPATH/Boot.php(325): CodeIgniter\CodeIgniter->run()
 6 SYSTEMPATH/Boot.php(67): CodeIgniter\Boot::runCodeIgniter(Object(CodeIgniter\CodeIgniter))
 7 FCPATH/index.php(56): CodeIgniter\Boot::bootWeb(Object(Config\Paths))
CRITICAL - 2024-09-09 12:40:03 --> CodeIgniter\HTTP\Exceptions\BadRequestException: The URI you submitted has disallowed characters: "{{rebrand.client_login_image}}"
[Method: GET, Route: assets/img/images/%7B%7Brebrand.client_login_image%7D%7D]
in SYSTEMPATH/Router/Router.php on line 737.
 1 SYSTEMPATH/Router/Router.php(204): CodeIgniter\Router\Router->checkDisallowedChars('assets/img/images/{{rebrand.client_login_image}}')
 2 SYSTEMPATH/CodeIgniter.php(834): CodeIgniter\Router\Router->handle('assets/img/images/{{rebrand.client_login_image}}')
 3 SYSTEMPATH/CodeIgniter.php(457): CodeIgniter\CodeIgniter->tryToRouteIt(Object(CodeIgniter\Router\RouteCollection))
 4 SYSTEMPATH/CodeIgniter.php(355): CodeIgniter\CodeIgniter->handleRequest(null, Object(Config\Cache), false)
 5 SYSTEMPATH/Boot.php(325): CodeIgniter\CodeIgniter->run()
 6 SYSTEMPATH/Boot.php(67): CodeIgniter\Boot::runCodeIgniter(Object(CodeIgniter\CodeIgniter))
 7 FCPATH/index.php(56): CodeIgniter\Boot::bootWeb(Object(Config\Paths))
CRITICAL - 2024-09-09 12:40:03 --> CodeIgniter\HTTP\Exceptions\BadRequestException: The URI you submitted has disallowed characters: "{{rebrand.back_lead1}}"
[Method: GET, Route: assets/img/images/%7B%7Brebrand.back_lead1%7D%7D]
in SYSTEMPATH/Router/Router.php on line 737.
 1 SYSTEMPATH/Router/Router.php(204): CodeIgniter\Router\Router->checkDisallowedChars('assets/img/images/{{rebrand.back_lead1}}')
 2 SYSTEMPATH/CodeIgniter.php(834): CodeIgniter\Router\Router->handle('assets/img/images/{{rebrand.back_lead1}}')
 3 SYSTEMPATH/CodeIgniter.php(457): CodeIgniter\CodeIgniter->tryToRouteIt(Object(CodeIgniter\Router\RouteCollection))
 4 SYSTEMPATH/CodeIgniter.php(355): CodeIgniter\CodeIgniter->handleRequest(null, Object(Config\Cache), false)
 5 SYSTEMPATH/Boot.php(325): CodeIgniter\CodeIgniter->run()
 6 SYSTEMPATH/Boot.php(67): CodeIgniter\Boot::runCodeIgniter(Object(CodeIgniter\CodeIgniter))
 7 FCPATH/index.php(56): CodeIgniter\Boot::bootWeb(Object(Config\Paths))
CRITICAL - 2024-09-09 12:40:03 --> CodeIgniter\HTTP\Exceptions\BadRequestException: The URI you submitted has disallowed characters: "{{rebrand.favicon_icon}}"
[Method: GET, Route: assets/img/images/%7B%7Brebrand.favicon_icon%7D%7D]
in SYSTEMPATH/Router/Router.php on line 737.
 1 SYSTEMPATH/Router/Router.php(204): CodeIgniter\Router\Router->checkDisallowedChars('assets/img/images/{{rebrand.favicon_icon}}')
 2 SYSTEMPATH/CodeIgniter.php(834): CodeIgniter\Router\Router->handle('assets/img/images/{{rebrand.favicon_icon}}')
 3 SYSTEMPATH/CodeIgniter.php(457): CodeIgniter\CodeIgniter->tryToRouteIt(Object(CodeIgniter\Router\RouteCollection))
 4 SYSTEMPATH/CodeIgniter.php(355): CodeIgniter\CodeIgniter->handleRequest(null, Object(Config\Cache), false)
 5 SYSTEMPATH/Boot.php(325): CodeIgniter\CodeIgniter->run()
 6 SYSTEMPATH/Boot.php(67): CodeIgniter\Boot::runCodeIgniter(Object(CodeIgniter\CodeIgniter))
 7 FCPATH/index.php(56): CodeIgniter\Boot::bootWeb(Object(Config\Paths))
CRITICAL - 2024-09-09 12:40:14 --> Error: Call to undefined method CodeIgniter\Database\MySQLi\Connection::get()
[Method: GET, Route: settings/get_prioridades]
in APPPATH/Controllers/Settings.php on line 2450.
 1 APPPATH/Controllers/DynamicController.php(34): App\Controllers\Settings->get_prioridades()
 2 SYSTEMPATH/CodeIgniter.php(933): App\Controllers\DynamicController->execute('settings', 'get_prioridades')
 3 SYSTEMPATH/CodeIgniter.php(509): CodeIgniter\CodeIgniter->runController(Object(App\Controllers\DynamicController))
 4 SYSTEMPATH/CodeIgniter.php(355): CodeIgniter\CodeIgniter->handleRequest(null, Object(Config\Cache), false)
 5 SYSTEMPATH/Boot.php(325): CodeIgniter\CodeIgniter->run()
 6 SYSTEMPATH/Boot.php(67): CodeIgniter\Boot::runCodeIgniter(Object(CodeIgniter\CodeIgniter))
 7 FCPATH/index.php(56): CodeIgniter\Boot::bootWeb(Object(Config\Paths))
ERROR - 2024-09-09 12:40:55 --> mysqli_sql_exception: Unknown column 'id_status' in 'field list' in /home/next0355/dev.next1crm.com.br/system/Database/MySQLi/Connection.php:312
Stack trace:
#0 /home/next0355/dev.next1crm.com.br/system/Database/MySQLi/Connection.php(312): mysqli->query('INSERT INTO `se...', 0)
#1 /home/next0355/dev.next1crm.com.br/system/Database/BaseConnection.php(734): CodeIgniter\Database\MySQLi\Connection->execute('INSERT INTO `se...')
#2 /home/next0355/dev.next1crm.com.br/system/Database/BaseConnection.php(648): CodeIgniter\Database\BaseConnection->simpleQuery('INSERT INTO `se...')
#3 /home/next0355/dev.next1crm.com.br/system/Database/BaseBuilder.php(2345): CodeIgniter\Database\BaseConnection->query('INSERT INTO `se...', Array, false)
#4 /home/next0355/dev.next1crm.com.br/app/Controllers/Settings.php(2737): CodeIgniter\Database\BaseBuilder->insert(Array)
#5 /home/next0355/dev.next1crm.com.br/app/Controllers/DynamicController.php(34): App\Controllers\Settings->savePrioridade()
#6 /home/next0355/dev.next1crm.com.br/system/CodeIgniter.php(933): App\Controllers\DynamicController->execute('settings', 'savePrioridade')
#7 /home/next0355/dev.next1crm.com.br/system/CodeIgniter.php(509): CodeIgniter\CodeIgniter->runController(Object(App\Controllers\DynamicController))
#8 /home/next0355/dev.next1crm.com.br/system/CodeIgniter.php(355): CodeIgniter\CodeIgniter->handleRequest(NULL, Object(Config\Cache), false)
#9 /home/next0355/dev.next1crm.com.br/system/Boot.php(325): CodeIgniter\CodeIgniter->run()
#10 /home/next0355/dev.next1crm.com.br/system/Boot.php(67): CodeIgniter\Boot::runCodeIgniter(Object(CodeIgniter\CodeIgniter))
#11 /home/next0355/dev.next1crm.com.br/public/index.php(56): CodeIgniter\Boot::bootWeb(Object(Config\Paths))
#12 {main}
CRITICAL - 2024-09-09 12:40:57 --> Error: Call to undefined method CodeIgniter\Database\MySQLi\Connection::get()
[Method: GET, Route: settings/get_prioridades]
in APPPATH/Controllers/Settings.php on line 2450.
 1 APPPATH/Controllers/DynamicController.php(34): App\Controllers\Settings->get_prioridades()
 2 SYSTEMPATH/CodeIgniter.php(933): App\Controllers\DynamicController->execute('settings', 'get_prioridades')
 3 SYSTEMPATH/CodeIgniter.php(509): CodeIgniter\CodeIgniter->runController(Object(App\Controllers\DynamicController))
 4 SYSTEMPATH/CodeIgniter.php(355): CodeIgniter\CodeIgniter->handleRequest(null, Object(Config\Cache), false)
 5 SYSTEMPATH/Boot.php(325): CodeIgniter\CodeIgniter->run()
 6 SYSTEMPATH/Boot.php(67): CodeIgniter\Boot::runCodeIgniter(Object(CodeIgniter\CodeIgniter))
 7 FCPATH/index.php(56): CodeIgniter\Boot::bootWeb(Object(Config\Paths))
CRITICAL - 2024-09-09 12:41:45 --> Error: Call to undefined method CodeIgniter\Database\MySQLi\Connection::get()
[Method: GET, Route: settings/get_prioridades]
in APPPATH/Controllers/Settings.php on line 2450.
 1 APPPATH/Controllers/DynamicController.php(34): App\Controllers\Settings->get_prioridades()
 2 SYSTEMPATH/CodeIgniter.php(933): App\Controllers\DynamicController->execute('settings', 'get_prioridades')
 3 SYSTEMPATH/CodeIgniter.php(509): CodeIgniter\CodeIgniter->runController(Object(App\Controllers\DynamicController))
 4 SYSTEMPATH/CodeIgniter.php(355): CodeIgniter\CodeIgniter->handleRequest(null, Object(Config\Cache), false)
 5 SYSTEMPATH/Boot.php(325): CodeIgniter\CodeIgniter->run()
 6 SYSTEMPATH/Boot.php(67): CodeIgniter\Boot::runCodeIgniter(Object(CodeIgniter\CodeIgniter))
 7 FCPATH/index.php(56): CodeIgniter\Boot::bootWeb(Object(Config\Paths))
CRITICAL - 2024-09-09 12:42:00 --> Error: Call to a member function table() on null
[Method: POST, Route: logs/insert]
in APPPATH/Controllers/Logs.php on line 61.
 1 APPPATH/Controllers/DynamicController.php(34): App\Controllers\Logs->insert()
 2 SYSTEMPATH/CodeIgniter.php(933): App\Controllers\DynamicController->execute('logs', 'insert')
 3 SYSTEMPATH/CodeIgniter.php(509): CodeIgniter\CodeIgniter->runController(Object(App\Controllers\DynamicController))
 4 SYSTEMPATH/CodeIgniter.php(355): CodeIgniter\CodeIgniter->handleRequest(null, Object(Config\Cache), false)
 5 SYSTEMPATH/Boot.php(325): CodeIgniter\CodeIgniter->run()
 6 SYSTEMPATH/Boot.php(67): CodeIgniter\Boot::runCodeIgniter(Object(CodeIgniter\CodeIgniter))
 7 FCPATH/index.php(56): CodeIgniter\Boot::bootWeb(Object(Config\Paths))
CRITICAL - 2024-09-09 12:43:30 --> CodeIgniter\HTTP\Exceptions\BadRequestException: The URI you submitted has disallowed characters: "{{appurl   'assets"
[Method: GET, Route: %7B%7Bappurl%20%20%20%27assets/img/loading.gif%27%7D%7D]
in SYSTEMPATH/Router/Router.php on line 737.
 1 SYSTEMPATH/Router/Router.php(204): CodeIgniter\Router\Router->checkDisallowedChars('{{appurl   \'assets/img/loading.gif\'}}')
 2 SYSTEMPATH/CodeIgniter.php(834): CodeIgniter\Router\Router->handle('{{appurl   \'assets/img/loading.gif\'}}')
 3 SYSTEMPATH/CodeIgniter.php(457): CodeIgniter\CodeIgniter->tryToRouteIt(Object(CodeIgniter\Router\RouteCollection))
 4 SYSTEMPATH/CodeIgniter.php(355): CodeIgniter\CodeIgniter->handleRequest(null, Object(Config\Cache), false)
 5 SYSTEMPATH/Boot.php(325): CodeIgniter\CodeIgniter->run()
 6 SYSTEMPATH/Boot.php(67): CodeIgniter\Boot::runCodeIgniter(Object(CodeIgniter\CodeIgniter))
 7 FCPATH/index.php(56): CodeIgniter\Boot::bootWeb(Object(Config\Paths))
CRITICAL - 2024-09-09 12:43:30 --> CodeIgniter\HTTP\Exceptions\BadRequestException: The URI you submitted has disallowed characters: "{{appurl   'uploads"
[Method: GET, Route: %7B%7Bappurl%20%20%20%27uploads/images/%27%20%20%20chatAtual.details.staffavatar%7D%7D]
in SYSTEMPATH/Router/Router.php on line 737.
 1 SYSTEMPATH/Router/Router.php(204): CodeIgniter\Router\Router->checkDisallowedChars('{{appurl   \'uploads/images/\'   chatAtual.details.staffavatar}}')
 2 SYSTEMPATH/CodeIgniter.php(834): CodeIgniter\Router\Router->handle('{{appurl   \'uploads/images/\'   chatAtual.details.staffavatar}}')
 3 SYSTEMPATH/CodeIgniter.php(457): CodeIgniter\CodeIgniter->tryToRouteIt(Object(CodeIgniter\Router\RouteCollection))
 4 SYSTEMPATH/CodeIgniter.php(355): CodeIgniter\CodeIgniter->handleRequest(null, Object(Config\Cache), false)
 5 SYSTEMPATH/Boot.php(325): CodeIgniter\CodeIgniter->run()
 6 SYSTEMPATH/Boot.php(67): CodeIgniter\Boot::runCodeIgniter(Object(CodeIgniter\CodeIgniter))
 7 FCPATH/index.php(56): CodeIgniter\Boot::bootWeb(Object(Config\Paths))
CRITICAL - 2024-09-09 12:43:30 --> CodeIgniter\HTTP\Exceptions\BadRequestException: The URI you submitted has disallowed characters: "{{appurl   'uploads"
[Method: GET, Route: %7B%7Bappurl%20%20%20%27uploads/images/%27%20%20%20chat.details.staffavatar%7D%7D]
in SYSTEMPATH/Router/Router.php on line 737.
 1 SYSTEMPATH/Router/Router.php(204): CodeIgniter\Router\Router->checkDisallowedChars('{{appurl   \'uploads/images/\'   chat.details.staffavatar}}')
 2 SYSTEMPATH/CodeIgniter.php(834): CodeIgniter\Router\Router->handle('{{appurl   \'uploads/images/\'   chat.details.staffavatar}}')
 3 SYSTEMPATH/CodeIgniter.php(457): CodeIgniter\CodeIgniter->tryToRouteIt(Object(CodeIgniter\Router\RouteCollection))
 4 SYSTEMPATH/CodeIgniter.php(355): CodeIgniter\CodeIgniter->handleRequest(null, Object(Config\Cache), false)
 5 SYSTEMPATH/Boot.php(325): CodeIgniter\CodeIgniter->run()
 6 SYSTEMPATH/Boot.php(67): CodeIgniter\Boot::runCodeIgniter(Object(CodeIgniter\CodeIgniter))
 7 FCPATH/index.php(56): CodeIgniter\Boot::bootWeb(Object(Config\Paths))
CRITICAL - 2024-09-09 12:45:02 --> ErrorException: Constant LANG already defined
[Method: GET, Route: CronJob/envia_avisos]
in APPPATH/Controllers/CronJob.php on line 18.
 1 [internal function]: CodeIgniter\Debug\Exceptions->errorHandler(2, 'Constant LANG already defined', '/home/next0355/dev.next1crm.com.br/app/Controllers/CronJob.php', 18)
 2 APPPATH/Controllers/CronJob.php(18): define('LANG', 'portuguese_br')
 3 APPPATH/Controllers/DynamicController.php(19): App\Controllers\CronJob->__construct()
 4 SYSTEMPATH/CodeIgniter.php(933): App\Controllers\DynamicController->execute('CronJob', 'envia_avisos')
 5 SYSTEMPATH/CodeIgniter.php(509): CodeIgniter\CodeIgniter->runController(Object(App\Controllers\DynamicController))
 6 SYSTEMPATH/CodeIgniter.php(355): CodeIgniter\CodeIgniter->handleRequest(null, Object(Config\Cache), false)
 7 SYSTEMPATH/Boot.php(325): CodeIgniter\CodeIgniter->run()
 8 SYSTEMPATH/Boot.php(67): CodeIgniter\Boot::runCodeIgniter(Object(CodeIgniter\CodeIgniter))
 9 FCPATH/index.php(56): CodeIgniter\Boot::bootWeb(Object(Config\Paths))
CRITICAL - 2024-09-09 12:45:25 --> CodeIgniter\HTTP\Exceptions\BadRequestException: The URI you submitted has disallowed characters: "{{appurl   'uploads"
[Method: GET, Route: %7B%7Bappurl%20%20%20%27uploads/images/%27%20%20%20chatAtual.details.staffavatar%7D%7D]
in SYSTEMPATH/Router/Router.php on line 737.
 1 SYSTEMPATH/Router/Router.php(204): CodeIgniter\Router\Router->checkDisallowedChars('{{appurl   \'uploads/images/\'   chatAtual.details.staffavatar}}')
 2 SYSTEMPATH/CodeIgniter.php(834): CodeIgniter\Router\Router->handle('{{appurl   \'uploads/images/\'   chatAtual.details.staffavatar}}')
 3 SYSTEMPATH/CodeIgniter.php(457): CodeIgniter\CodeIgniter->tryToRouteIt(Object(CodeIgniter\Router\RouteCollection))
 4 SYSTEMPATH/CodeIgniter.php(355): CodeIgniter\CodeIgniter->handleRequest(null, Object(Config\Cache), false)
 5 SYSTEMPATH/Boot.php(325): CodeIgniter\CodeIgniter->run()
 6 SYSTEMPATH/Boot.php(67): CodeIgniter\Boot::runCodeIgniter(Object(CodeIgniter\CodeIgniter))
 7 FCPATH/index.php(56): CodeIgniter\Boot::bootWeb(Object(Config\Paths))
CRITICAL - 2024-09-09 12:45:25 --> CodeIgniter\HTTP\Exceptions\BadRequestException: The URI you submitted has disallowed characters: "{{appurl   'assets"
[Method: GET, Route: %7B%7Bappurl%20%20%20%27assets/img/menu/Dashboard%20Leads.svg%27%7D%7D]
in SYSTEMPATH/Router/Router.php on line 737.
 1 SYSTEMPATH/Router/Router.php(204): CodeIgniter\Router\Router->checkDisallowedChars('{{appurl   \'assets/img/menu/Dashboard Leads.svg\'}}')
 2 SYSTEMPATH/CodeIgniter.php(834): CodeIgniter\Router\Router->handle('{{appurl   \'assets/img/menu/Dashboard Leads.svg\'}}')
 3 SYSTEMPATH/CodeIgniter.php(457): CodeIgniter\CodeIgniter->tryToRouteIt(Object(CodeIgniter\Router\RouteCollection))
 4 SYSTEMPATH/CodeIgniter.php(355): CodeIgniter\CodeIgniter->handleRequest(null, Object(Config\Cache), false)
 5 SYSTEMPATH/Boot.php(325): CodeIgniter\CodeIgniter->run()
 6 SYSTEMPATH/Boot.php(67): CodeIgniter\Boot::runCodeIgniter(Object(CodeIgniter\CodeIgniter))
 7 FCPATH/index.php(56): CodeIgniter\Boot::bootWeb(Object(Config\Paths))
CRITICAL - 2024-09-09 12:45:25 --> CodeIgniter\HTTP\Exceptions\BadRequestException: The URI you submitted has disallowed characters: "{{appurl   'uploads"
[Method: GET, Route: %7B%7Bappurl%20%20%20%27uploads/images/%27%20%20%20chat.details.staffavatar%7D%7D]
in SYSTEMPATH/Router/Router.php on line 737.
 1 SYSTEMPATH/Router/Router.php(204): CodeIgniter\Router\Router->checkDisallowedChars('{{appurl   \'uploads/images/\'   chat.details.staffavatar}}')
 2 SYSTEMPATH/CodeIgniter.php(834): CodeIgniter\Router\Router->handle('{{appurl   \'uploads/images/\'   chat.details.staffavatar}}')
 3 SYSTEMPATH/CodeIgniter.php(457): CodeIgniter\CodeIgniter->tryToRouteIt(Object(CodeIgniter\Router\RouteCollection))
 4 SYSTEMPATH/CodeIgniter.php(355): CodeIgniter\CodeIgniter->handleRequest(null, Object(Config\Cache), false)
 5 SYSTEMPATH/Boot.php(325): CodeIgniter\CodeIgniter->run()
 6 SYSTEMPATH/Boot.php(67): CodeIgniter\Boot::runCodeIgniter(Object(CodeIgniter\CodeIgniter))
 7 FCPATH/index.php(56): CodeIgniter\Boot::bootWeb(Object(Config\Paths))
CRITICAL - 2024-09-09 12:45:25 --> CodeIgniter\HTTP\Exceptions\BadRequestException: The URI you submitted has disallowed characters: "{{appurl   'assets"
[Method: GET, Route: %7B%7Bappurl%20%20%20%27assets/img/loading.gif%27%7D%7D]
in SYSTEMPATH/Router/Router.php on line 737.
 1 SYSTEMPATH/Router/Router.php(204): CodeIgniter\Router\Router->checkDisallowedChars('{{appurl   \'assets/img/loading.gif\'}}')
 2 SYSTEMPATH/CodeIgniter.php(834): CodeIgniter\Router\Router->handle('{{appurl   \'assets/img/loading.gif\'}}')
 3 SYSTEMPATH/CodeIgniter.php(457): CodeIgniter\CodeIgniter->tryToRouteIt(Object(CodeIgniter\Router\RouteCollection))
 4 SYSTEMPATH/CodeIgniter.php(355): CodeIgniter\CodeIgniter->handleRequest(null, Object(Config\Cache), false)
 5 SYSTEMPATH/Boot.php(325): CodeIgniter\CodeIgniter->run()
 6 SYSTEMPATH/Boot.php(67): CodeIgniter\Boot::runCodeIgniter(Object(CodeIgniter\CodeIgniter))
 7 FCPATH/index.php(56): CodeIgniter\Boot::bootWeb(Object(Config\Paths))
CRITICAL - 2024-09-09 12:45:25 --> CodeIgniter\HTTP\Exceptions\BadRequestException: The URI you submitted has disallowed characters: "{{appurl   'uploads"
[Method: GET, Route: %7B%7Bappurl%20%20%20%27uploads/images/%27%20%20%20chat.details.staffavatar%20%7D%7D]
in SYSTEMPATH/Router/Router.php on line 737.
 1 SYSTEMPATH/Router/Router.php(204): CodeIgniter\Router\Router->checkDisallowedChars('{{appurl   \'uploads/images/\'   chat.details.staffavatar }}')
 2 SYSTEMPATH/CodeIgniter.php(834): CodeIgniter\Router\Router->handle('{{appurl   \'uploads/images/\'   chat.details.staffavatar }}')
 3 SYSTEMPATH/CodeIgniter.php(457): CodeIgniter\CodeIgniter->tryToRouteIt(Object(CodeIgniter\Router\RouteCollection))
 4 SYSTEMPATH/CodeIgniter.php(355): CodeIgniter\CodeIgniter->handleRequest(null, Object(Config\Cache), false)
 5 SYSTEMPATH/Boot.php(325): CodeIgniter\CodeIgniter->run()
 6 SYSTEMPATH/Boot.php(67): CodeIgniter\Boot::runCodeIgniter(Object(CodeIgniter\CodeIgniter))
 7 FCPATH/index.php(56): CodeIgniter\Boot::bootWeb(Object(Config\Paths))
CRITICAL - 2024-09-09 12:45:28 --> CodeIgniter\HTTP\Exceptions\BadRequestException: The URI you submitted has disallowed characters: "{{appurl   'assets"
[Method: GET, Route: %7B%7Bappurl%20%20%20%27assets/img/menu/Dashboard%20Leads.svg%27%7D%7D]
in SYSTEMPATH/Router/Router.php on line 737.
 1 SYSTEMPATH/Router/Router.php(204): CodeIgniter\Router\Router->checkDisallowedChars('{{appurl   \'assets/img/menu/Dashboard Leads.svg\'}}')
 2 SYSTEMPATH/CodeIgniter.php(834): CodeIgniter\Router\Router->handle('{{appurl   \'assets/img/menu/Dashboard Leads.svg\'}}')
 3 SYSTEMPATH/CodeIgniter.php(457): CodeIgniter\CodeIgniter->tryToRouteIt(Object(CodeIgniter\Router\RouteCollection))
 4 SYSTEMPATH/CodeIgniter.php(355): CodeIgniter\CodeIgniter->handleRequest(null, Object(Config\Cache), false)
 5 SYSTEMPATH/Boot.php(325): CodeIgniter\CodeIgniter->run()
 6 SYSTEMPATH/Boot.php(67): CodeIgniter\Boot::runCodeIgniter(Object(CodeIgniter\CodeIgniter))
 7 FCPATH/index.php(56): CodeIgniter\Boot::bootWeb(Object(Config\Paths))
CRITICAL - 2024-09-09 12:45:37 --> CodeIgniter\HTTP\Exceptions\BadRequestException: The URI you submitted has disallowed characters: "{{appurl   'uploads"
[Method: GET, Route: %7B%7Bappurl%20%20%20%27uploads/images/%27%20%20%20chatAtual.details.staffavatar%7D%7D]
in SYSTEMPATH/Router/Router.php on line 737.
 1 SYSTEMPATH/Router/Router.php(204): CodeIgniter\Router\Router->checkDisallowedChars('{{appurl   \'uploads/images/\'   chatAtual.details.staffavatar}}')
 2 SYSTEMPATH/CodeIgniter.php(834): CodeIgniter\Router\Router->handle('{{appurl   \'uploads/images/\'   chatAtual.details.staffavatar}}')
 3 SYSTEMPATH/CodeIgniter.php(457): CodeIgniter\CodeIgniter->tryToRouteIt(Object(CodeIgniter\Router\RouteCollection))
 4 SYSTEMPATH/CodeIgniter.php(355): CodeIgniter\CodeIgniter->handleRequest(null, Object(Config\Cache), false)
 5 SYSTEMPATH/Boot.php(325): CodeIgniter\CodeIgniter->run()
 6 SYSTEMPATH/Boot.php(67): CodeIgniter\Boot::runCodeIgniter(Object(CodeIgniter\CodeIgniter))
 7 FCPATH/index.php(56): CodeIgniter\Boot::bootWeb(Object(Config\Paths))
CRITICAL - 2024-09-09 12:45:37 --> CodeIgniter\HTTP\Exceptions\BadRequestException: The URI you submitted has disallowed characters: "{{lead.avatar}}"
[Method: GET, Route: uploads/images/%7B%7Blead.avatar%7D%7D]
in SYSTEMPATH/Router/Router.php on line 737.
 1 SYSTEMPATH/Router/Router.php(204): CodeIgniter\Router\Router->checkDisallowedChars('uploads/images/{{lead.avatar}}')
 2 SYSTEMPATH/CodeIgniter.php(834): CodeIgniter\Router\Router->handle('uploads/images/{{lead.avatar}}')
 3 SYSTEMPATH/CodeIgniter.php(457): CodeIgniter\CodeIgniter->tryToRouteIt(Object(CodeIgniter\Router\RouteCollection))
 4 SYSTEMPATH/CodeIgniter.php(355): CodeIgniter\CodeIgniter->handleRequest(null, Object(Config\Cache), false)
 5 SYSTEMPATH/Boot.php(325): CodeIgniter\CodeIgniter->run()
 6 SYSTEMPATH/Boot.php(67): CodeIgniter\Boot::runCodeIgniter(Object(CodeIgniter\CodeIgniter))
 7 FCPATH/index.php(56): CodeIgniter\Boot::bootWeb(Object(Config\Paths))
CRITICAL - 2024-09-09 12:45:37 --> CodeIgniter\HTTP\Exceptions\BadRequestException: The URI you submitted has disallowed characters: "{{appurl   'uploads"
[Method: GET, Route: %7B%7Bappurl%20%20%20%27uploads/images/%27%20%20%20chat.details.staffavatar%7D%7D]
in SYSTEMPATH/Router/Router.php on line 737.
 1 SYSTEMPATH/Router/Router.php(204): CodeIgniter\Router\Router->checkDisallowedChars('{{appurl   \'uploads/images/\'   chat.details.staffavatar}}')
 2 SYSTEMPATH/CodeIgniter.php(834): CodeIgniter\Router\Router->handle('{{appurl   \'uploads/images/\'   chat.details.staffavatar}}')
 3 SYSTEMPATH/CodeIgniter.php(457): CodeIgniter\CodeIgniter->tryToRouteIt(Object(CodeIgniter\Router\RouteCollection))
 4 SYSTEMPATH/CodeIgniter.php(355): CodeIgniter\CodeIgniter->handleRequest(null, Object(Config\Cache), false)
 5 SYSTEMPATH/Boot.php(325): CodeIgniter\CodeIgniter->run()
 6 SYSTEMPATH/Boot.php(67): CodeIgniter\Boot::runCodeIgniter(Object(CodeIgniter\CodeIgniter))
 7 FCPATH/index.php(56): CodeIgniter\Boot::bootWeb(Object(Config\Paths))
CRITICAL - 2024-09-09 12:45:51 --> CodeIgniter\HTTP\Exceptions\BadRequestException: The URI you submitted has disallowed characters: "{{lead.avatar}}"
[Method: GET, Route: uploads/images/%7B%7Blead.avatar%7D%7D]
in SYSTEMPATH/Router/Router.php on line 737.
 1 SYSTEMPATH/Router/Router.php(204): CodeIgniter\Router\Router->checkDisallowedChars('uploads/images/{{lead.avatar}}')
 2 SYSTEMPATH/CodeIgniter.php(834): CodeIgniter\Router\Router->handle('uploads/images/{{lead.avatar}}')
 3 SYSTEMPATH/CodeIgniter.php(457): CodeIgniter\CodeIgniter->tryToRouteIt(Object(CodeIgniter\Router\RouteCollection))
 4 SYSTEMPATH/CodeIgniter.php(355): CodeIgniter\CodeIgniter->handleRequest(null, Object(Config\Cache), false)
 5 SYSTEMPATH/Boot.php(325): CodeIgniter\CodeIgniter->run()
 6 SYSTEMPATH/Boot.php(67): CodeIgniter\Boot::runCodeIgniter(Object(CodeIgniter\CodeIgniter))
 7 FCPATH/index.php(56): CodeIgniter\Boot::bootWeb(Object(Config\Paths))
CRITICAL - 2024-09-09 12:50:07 --> CodeIgniter\HTTP\Exceptions\BadRequestException: The URI you submitted has disallowed characters: "{{appurl   'uploads"
[Method: GET, Route: %7B%7Bappurl%20%20%20%27uploads/images/%27%20%20%20chat.details.staffavatar%7D%7D]
in SYSTEMPATH/Router/Router.php on line 737.
 1 SYSTEMPATH/Router/Router.php(204): CodeIgniter\Router\Router->checkDisallowedChars('{{appurl   \'uploads/images/\'   chat.details.staffavatar}}')
 2 SYSTEMPATH/CodeIgniter.php(834): CodeIgniter\Router\Router->handle('{{appurl   \'uploads/images/\'   chat.details.staffavatar}}')
 3 SYSTEMPATH/CodeIgniter.php(457): CodeIgniter\CodeIgniter->tryToRouteIt(Object(CodeIgniter\Router\RouteCollection))
 4 SYSTEMPATH/CodeIgniter.php(355): CodeIgniter\CodeIgniter->handleRequest(null, Object(Config\Cache), false)
 5 SYSTEMPATH/Boot.php(325): CodeIgniter\CodeIgniter->run()
 6 SYSTEMPATH/Boot.php(67): CodeIgniter\Boot::runCodeIgniter(Object(CodeIgniter\CodeIgniter))
 7 FCPATH/index.php(56): CodeIgniter\Boot::bootWeb(Object(Config\Paths))
CRITICAL - 2024-09-09 12:50:07 --> CodeIgniter\HTTP\Exceptions\BadRequestException: The URI you submitted has disallowed characters: "{{appurl   'uploads"
[Method: GET, Route: %7B%7Bappurl%20%20%20%27uploads/images/%27%20%20%20chatAtual.details.staffavatar%7D%7D]
in SYSTEMPATH/Router/Router.php on line 737.
 1 SYSTEMPATH/Router/Router.php(204): CodeIgniter\Router\Router->checkDisallowedChars('{{appurl   \'uploads/images/\'   chatAtual.details.staffavatar}}')
 2 SYSTEMPATH/CodeIgniter.php(834): CodeIgniter\Router\Router->handle('{{appurl   \'uploads/images/\'   chatAtual.details.staffavatar}}')
 3 SYSTEMPATH/CodeIgniter.php(457): CodeIgniter\CodeIgniter->tryToRouteIt(Object(CodeIgniter\Router\RouteCollection))
 4 SYSTEMPATH/CodeIgniter.php(355): CodeIgniter\CodeIgniter->handleRequest(null, Object(Config\Cache), false)
 5 SYSTEMPATH/Boot.php(325): CodeIgniter\CodeIgniter->run()
 6 SYSTEMPATH/Boot.php(67): CodeIgniter\Boot::runCodeIgniter(Object(CodeIgniter\CodeIgniter))
 7 FCPATH/index.php(56): CodeIgniter\Boot::bootWeb(Object(Config\Paths))
CRITICAL - 2024-09-09 12:50:07 --> CodeIgniter\HTTP\Exceptions\BadRequestException: The URI you submitted has disallowed characters: "{{appurl   'assets"
[Method: GET, Route: %7B%7Bappurl%20%20%20%27assets/img/loading.gif%27%7D%7D]
in SYSTEMPATH/Router/Router.php on line 737.
 1 SYSTEMPATH/Router/Router.php(204): CodeIgniter\Router\Router->checkDisallowedChars('{{appurl   \'assets/img/loading.gif\'}}')
 2 SYSTEMPATH/CodeIgniter.php(834): CodeIgniter\Router\Router->handle('{{appurl   \'assets/img/loading.gif\'}}')
 3 SYSTEMPATH/CodeIgniter.php(457): CodeIgniter\CodeIgniter->tryToRouteIt(Object(CodeIgniter\Router\RouteCollection))
 4 SYSTEMPATH/CodeIgniter.php(355): CodeIgniter\CodeIgniter->handleRequest(null, Object(Config\Cache), false)
 5 SYSTEMPATH/Boot.php(325): CodeIgniter\CodeIgniter->run()
 6 SYSTEMPATH/Boot.php(67): CodeIgniter\Boot::runCodeIgniter(Object(CodeIgniter\CodeIgniter))
 7 FCPATH/index.php(56): CodeIgniter\Boot::bootWeb(Object(Config\Paths))
CRITICAL - 2024-09-09 12:50:08 --> CodeIgniter\HTTP\Exceptions\BadRequestException: The URI you submitted has disallowed characters: "{{appurl   'assets"
[Method: GET, Route: %7B%7Bappurl%20%20%20%27assets/img/menu/Dashboard%20Leads.svg%27%7D%7D]
in SYSTEMPATH/Router/Router.php on line 737.
 1 SYSTEMPATH/Router/Router.php(204): CodeIgniter\Router\Router->checkDisallowedChars('{{appurl   \'assets/img/menu/Dashboard Leads.svg\'}}')
 2 SYSTEMPATH/CodeIgniter.php(834): CodeIgniter\Router\Router->handle('{{appurl   \'assets/img/menu/Dashboard Leads.svg\'}}')
 3 SYSTEMPATH/CodeIgniter.php(457): CodeIgniter\CodeIgniter->tryToRouteIt(Object(CodeIgniter\Router\RouteCollection))
 4 SYSTEMPATH/CodeIgniter.php(355): CodeIgniter\CodeIgniter->handleRequest(null, Object(Config\Cache), false)
 5 SYSTEMPATH/Boot.php(325): CodeIgniter\CodeIgniter->run()
 6 SYSTEMPATH/Boot.php(67): CodeIgniter\Boot::runCodeIgniter(Object(CodeIgniter\CodeIgniter))
 7 FCPATH/index.php(56): CodeIgniter\Boot::bootWeb(Object(Config\Paths))
CRITICAL - 2024-09-09 12:50:10 --> CodeIgniter\HTTP\Exceptions\BadRequestException: The URI you submitted has disallowed characters: "{{appurl   'uploads"
[Method: GET, Route: %7B%7Bappurl%20%20%20%27uploads/images/%27%20%20%20chat.details.staffavatar%20%7D%7D]
in SYSTEMPATH/Router/Router.php on line 737.
 1 SYSTEMPATH/Router/Router.php(204): CodeIgniter\Router\Router->checkDisallowedChars('{{appurl   \'uploads/images/\'   chat.details.staffavatar }}')
 2 SYSTEMPATH/CodeIgniter.php(834): CodeIgniter\Router\Router->handle('{{appurl   \'uploads/images/\'   chat.details.staffavatar }}')
 3 SYSTEMPATH/CodeIgniter.php(457): CodeIgniter\CodeIgniter->tryToRouteIt(Object(CodeIgniter\Router\RouteCollection))
 4 SYSTEMPATH/CodeIgniter.php(355): CodeIgniter\CodeIgniter->handleRequest(null, Object(Config\Cache), false)
 5 SYSTEMPATH/Boot.php(325): CodeIgniter\CodeIgniter->run()
 6 SYSTEMPATH/Boot.php(67): CodeIgniter\Boot::runCodeIgniter(Object(CodeIgniter\CodeIgniter))
 7 FCPATH/index.php(56): CodeIgniter\Boot::bootWeb(Object(Config\Paths))
CRITICAL - 2024-09-09 12:50:32 --> CodeIgniter\HTTP\Exceptions\BadRequestException: The URI you submitted has disallowed characters: "{{appurl   'uploads"
[Method: GET, Route: %7B%7Bappurl%20%20%20%27uploads/images/%27%20%20%20chat.details.staffavatar%7D%7D]
in SYSTEMPATH/Router/Router.php on line 737.
 1 SYSTEMPATH/Router/Router.php(204): CodeIgniter\Router\Router->checkDisallowedChars('{{appurl   \'uploads/images/\'   chat.details.staffavatar}}')
 2 SYSTEMPATH/CodeIgniter.php(834): CodeIgniter\Router\Router->handle('{{appurl   \'uploads/images/\'   chat.details.staffavatar}}')
 3 SYSTEMPATH/CodeIgniter.php(457): CodeIgniter\CodeIgniter->tryToRouteIt(Object(CodeIgniter\Router\RouteCollection))
 4 SYSTEMPATH/CodeIgniter.php(355): CodeIgniter\CodeIgniter->handleRequest(null, Object(Config\Cache), false)
 5 SYSTEMPATH/Boot.php(325): CodeIgniter\CodeIgniter->run()
 6 SYSTEMPATH/Boot.php(67): CodeIgniter\Boot::runCodeIgniter(Object(CodeIgniter\CodeIgniter))
 7 FCPATH/index.php(56): CodeIgniter\Boot::bootWeb(Object(Config\Paths))
CRITICAL - 2024-09-09 12:50:32 --> CodeIgniter\HTTP\Exceptions\BadRequestException: The URI you submitted has disallowed characters: "{{appurl   'uploads"
[Method: GET, Route: %7B%7Bappurl%20%20%20%27uploads/images/%27%20%20%20chatAtual.details.staffavatar%7D%7D]
in SYSTEMPATH/Router/Router.php on line 737.
 1 SYSTEMPATH/Router/Router.php(204): CodeIgniter\Router\Router->checkDisallowedChars('{{appurl   \'uploads/images/\'   chatAtual.details.staffavatar}}')
 2 SYSTEMPATH/CodeIgniter.php(834): CodeIgniter\Router\Router->handle('{{appurl   \'uploads/images/\'   chatAtual.details.staffavatar}}')
 3 SYSTEMPATH/CodeIgniter.php(457): CodeIgniter\CodeIgniter->tryToRouteIt(Object(CodeIgniter\Router\RouteCollection))
 4 SYSTEMPATH/CodeIgniter.php(355): CodeIgniter\CodeIgniter->handleRequest(null, Object(Config\Cache), false)
 5 SYSTEMPATH/Boot.php(325): CodeIgniter\CodeIgniter->run()
 6 SYSTEMPATH/Boot.php(67): CodeIgniter\Boot::runCodeIgniter(Object(CodeIgniter\CodeIgniter))
 7 FCPATH/index.php(56): CodeIgniter\Boot::bootWeb(Object(Config\Paths))
CRITICAL - 2024-09-09 12:50:33 --> CodeIgniter\HTTP\Exceptions\BadRequestException: The URI you submitted has disallowed characters: "{{appurl   'assets"
[Method: GET, Route: %7B%7Bappurl%20%20%20%27assets/img/loading.gif%27%7D%7D]
in SYSTEMPATH/Router/Router.php on line 737.
 1 SYSTEMPATH/Router/Router.php(204): CodeIgniter\Router\Router->checkDisallowedChars('{{appurl   \'assets/img/loading.gif\'}}')
 2 SYSTEMPATH/CodeIgniter.php(834): CodeIgniter\Router\Router->handle('{{appurl   \'assets/img/loading.gif\'}}')
 3 SYSTEMPATH/CodeIgniter.php(457): CodeIgniter\CodeIgniter->tryToRouteIt(Object(CodeIgniter\Router\RouteCollection))
 4 SYSTEMPATH/CodeIgniter.php(355): CodeIgniter\CodeIgniter->handleRequest(null, Object(Config\Cache), false)
 5 SYSTEMPATH/Boot.php(325): CodeIgniter\CodeIgniter->run()
 6 SYSTEMPATH/Boot.php(67): CodeIgniter\Boot::runCodeIgniter(Object(CodeIgniter\CodeIgniter))
 7 FCPATH/index.php(56): CodeIgniter\Boot::bootWeb(Object(Config\Paths))
CRITICAL - 2024-09-09 12:52:34 --> ErrorException: Undefined property: App\Controllers\Logs::$Logs_Model
[Method: POST, Route: logs/insert]
in APPPATH/Controllers/Logs.php on line 48.
 1 APPPATH/Controllers/Logs.php(48): CodeIgniter\Debug\Exceptions->errorHandler(2, 'Undefined property: App\\Controllers\\Logs::$Logs_Model', '/home/next0355/dev.next1crm.com.br/app/Controllers/Logs.php', 48)
 2 APPPATH/Controllers/DynamicController.php(34): App\Controllers\Logs->insert()
 3 SYSTEMPATH/CodeIgniter.php(933): App\Controllers\DynamicController->execute('logs', 'insert')
 4 SYSTEMPATH/CodeIgniter.php(509): CodeIgniter\CodeIgniter->runController(Object(App\Controllers\DynamicController))
 5 SYSTEMPATH/CodeIgniter.php(355): CodeIgniter\CodeIgniter->handleRequest(null, Object(Config\Cache), false)
 6 SYSTEMPATH/Boot.php(325): CodeIgniter\CodeIgniter->run()
 7 SYSTEMPATH/Boot.php(67): CodeIgniter\Boot::runCodeIgniter(Object(CodeIgniter\CodeIgniter))
 8 FCPATH/index.php(56): CodeIgniter\Boot::bootWeb(Object(Config\Paths))
CRITICAL - 2024-09-09 12:53:08 --> ErrorException: Undefined property: App\Controllers\Logs::$Logs_Model
[Method: POST, Route: logs/insert]
in APPPATH/Controllers/Logs.php on line 48.
 1 APPPATH/Controllers/Logs.php(48): CodeIgniter\Debug\Exceptions->errorHandler(2, 'Undefined property: App\\Controllers\\Logs::$Logs_Model', '/home/next0355/dev.next1crm.com.br/app/Controllers/Logs.php', 48)
 2 APPPATH/Controllers/DynamicController.php(34): App\Controllers\Logs->insert()
 3 SYSTEMPATH/CodeIgniter.php(933): App\Controllers\DynamicController->execute('logs', 'insert')
 4 SYSTEMPATH/CodeIgniter.php(509): CodeIgniter\CodeIgniter->runController(Object(App\Controllers\DynamicController))
 5 SYSTEMPATH/CodeIgniter.php(355): CodeIgniter\CodeIgniter->handleRequest(null, Object(Config\Cache), false)
 6 SYSTEMPATH/Boot.php(325): CodeIgniter\CodeIgniter->run()
 7 SYSTEMPATH/Boot.php(67): CodeIgniter\Boot::runCodeIgniter(Object(CodeIgniter\CodeIgniter))
 8 FCPATH/index.php(56): CodeIgniter\Boot::bootWeb(Object(Config\Paths))
CRITICAL - 2024-09-09 12:54:06 --> CodeIgniter\HTTP\Exceptions\BadRequestException: The URI you submitted has disallowed characters: "{{appurl   'uploads"
[Method: GET, Route: %7B%7Bappurl%20%20%20%27uploads/images/%27%20%20%20chat.details.staffavatar%7D%7D]
in SYSTEMPATH/Router/Router.php on line 737.
 1 SYSTEMPATH/Router/Router.php(204): CodeIgniter\Router\Router->checkDisallowedChars('{{appurl   \'uploads/images/\'   chat.details.staffavatar}}')
 2 SYSTEMPATH/CodeIgniter.php(834): CodeIgniter\Router\Router->handle('{{appurl   \'uploads/images/\'   chat.details.staffavatar}}')
 3 SYSTEMPATH/CodeIgniter.php(457): CodeIgniter\CodeIgniter->tryToRouteIt(Object(CodeIgniter\Router\RouteCollection))
 4 SYSTEMPATH/CodeIgniter.php(355): CodeIgniter\CodeIgniter->handleRequest(null, Object(Config\Cache), false)
 5 SYSTEMPATH/Boot.php(325): CodeIgniter\CodeIgniter->run()
 6 SYSTEMPATH/Boot.php(67): CodeIgniter\Boot::runCodeIgniter(Object(CodeIgniter\CodeIgniter))
 7 FCPATH/index.php(56): CodeIgniter\Boot::bootWeb(Object(Config\Paths))
CRITICAL - 2024-09-09 12:54:06 --> CodeIgniter\HTTP\Exceptions\BadRequestException: The URI you submitted has disallowed characters: "{{appurl   'uploads"
[Method: GET, Route: %7B%7Bappurl%20%20%20%27uploads/images/%27%20%20%20chatAtual.details.staffavatar%7D%7D]
in SYSTEMPATH/Router/Router.php on line 737.
 1 SYSTEMPATH/Router/Router.php(204): CodeIgniter\Router\Router->checkDisallowedChars('{{appurl   \'uploads/images/\'   chatAtual.details.staffavatar}}')
 2 SYSTEMPATH/CodeIgniter.php(834): CodeIgniter\Router\Router->handle('{{appurl   \'uploads/images/\'   chatAtual.details.staffavatar}}')
 3 SYSTEMPATH/CodeIgniter.php(457): CodeIgniter\CodeIgniter->tryToRouteIt(Object(CodeIgniter\Router\RouteCollection))
 4 SYSTEMPATH/CodeIgniter.php(355): CodeIgniter\CodeIgniter->handleRequest(null, Object(Config\Cache), false)
 5 SYSTEMPATH/Boot.php(325): CodeIgniter\CodeIgniter->run()
 6 SYSTEMPATH/Boot.php(67): CodeIgniter\Boot::runCodeIgniter(Object(CodeIgniter\CodeIgniter))
 7 FCPATH/index.php(56): CodeIgniter\Boot::bootWeb(Object(Config\Paths))
CRITICAL - 2024-09-09 12:54:07 --> CodeIgniter\HTTP\Exceptions\BadRequestException: The URI you submitted has disallowed characters: "{{appurl   'assets"
[Method: GET, Route: %7B%7Bappurl%20%20%20%27assets/img/menu/dash_metas.svg%27%7D%7D]
in SYSTEMPATH/Router/Router.php on line 737.
 1 SYSTEMPATH/Router/Router.php(204): CodeIgniter\Router\Router->checkDisallowedChars('{{appurl   \'assets/img/menu/dash_metas.svg\'}}')
 2 SYSTEMPATH/CodeIgniter.php(834): CodeIgniter\Router\Router->handle('{{appurl   \'assets/img/menu/dash_metas.svg\'}}')
 3 SYSTEMPATH/CodeIgniter.php(457): CodeIgniter\CodeIgniter->tryToRouteIt(Object(CodeIgniter\Router\RouteCollection))
 4 SYSTEMPATH/CodeIgniter.php(355): CodeIgniter\CodeIgniter->handleRequest(null, Object(Config\Cache), false)
 5 SYSTEMPATH/Boot.php(325): CodeIgniter\CodeIgniter->run()
 6 SYSTEMPATH/Boot.php(67): CodeIgniter\Boot::runCodeIgniter(Object(CodeIgniter\CodeIgniter))
 7 FCPATH/index.php(56): CodeIgniter\Boot::bootWeb(Object(Config\Paths))
CRITICAL - 2024-09-09 12:56:07 --> Error: Call to a member function table() on null
[Method: POST, Route: logs/insert]
in APPPATH/Controllers/Logs.php on line 61.
 1 APPPATH/Controllers/DynamicController.php(34): App\Controllers\Logs->insert()
 2 SYSTEMPATH/CodeIgniter.php(933): App\Controllers\DynamicController->execute('logs', 'insert')
 3 SYSTEMPATH/CodeIgniter.php(509): CodeIgniter\CodeIgniter->runController(Object(App\Controllers\DynamicController))
 4 SYSTEMPATH/CodeIgniter.php(355): CodeIgniter\CodeIgniter->handleRequest(null, Object(Config\Cache), false)
 5 SYSTEMPATH/Boot.php(325): CodeIgniter\CodeIgniter->run()
 6 SYSTEMPATH/Boot.php(67): CodeIgniter\Boot::runCodeIgniter(Object(CodeIgniter\CodeIgniter))
 7 FCPATH/index.php(56): CodeIgniter\Boot::bootWeb(Object(Config\Paths))
CRITICAL - 2024-09-09 12:56:24 --> CodeIgniter\HTTP\Exceptions\BadRequestException: The URI you submitted has disallowed characters: "{{appurl   'uploads"
[Method: GET, Route: %7B%7Bappurl%20%20%20%27uploads/images/%27%20%20%20chat.details.staffavatar%7D%7D]
in SYSTEMPATH/Router/Router.php on line 737.
 1 SYSTEMPATH/Router/Router.php(204): CodeIgniter\Router\Router->checkDisallowedChars('{{appurl   \'uploads/images/\'   chat.details.staffavatar}}')
 2 SYSTEMPATH/CodeIgniter.php(834): CodeIgniter\Router\Router->handle('{{appurl   \'uploads/images/\'   chat.details.staffavatar}}')
 3 SYSTEMPATH/CodeIgniter.php(457): CodeIgniter\CodeIgniter->tryToRouteIt(Object(CodeIgniter\Router\RouteCollection))
 4 SYSTEMPATH/CodeIgniter.php(355): CodeIgniter\CodeIgniter->handleRequest(null, Object(Config\Cache), false)
 5 SYSTEMPATH/Boot.php(325): CodeIgniter\CodeIgniter->run()
 6 SYSTEMPATH/Boot.php(67): CodeIgniter\Boot::runCodeIgniter(Object(CodeIgniter\CodeIgniter))
 7 FCPATH/index.php(56): CodeIgniter\Boot::bootWeb(Object(Config\Paths))
CRITICAL - 2024-09-09 12:56:24 --> CodeIgniter\HTTP\Exceptions\BadRequestException: The URI you submitted has disallowed characters: "{{appurl   'uploads"
[Method: GET, Route: %7B%7Bappurl%20%20%20%27uploads/images/%27%20%20%20chatAtual.details.staffavatar%7D%7D]
in SYSTEMPATH/Router/Router.php on line 737.
 1 SYSTEMPATH/Router/Router.php(204): CodeIgniter\Router\Router->checkDisallowedChars('{{appurl   \'uploads/images/\'   chatAtual.details.staffavatar}}')
 2 SYSTEMPATH/CodeIgniter.php(834): CodeIgniter\Router\Router->handle('{{appurl   \'uploads/images/\'   chatAtual.details.staffavatar}}')
 3 SYSTEMPATH/CodeIgniter.php(457): CodeIgniter\CodeIgniter->tryToRouteIt(Object(CodeIgniter\Router\RouteCollection))
 4 SYSTEMPATH/CodeIgniter.php(355): CodeIgniter\CodeIgniter->handleRequest(null, Object(Config\Cache), false)
 5 SYSTEMPATH/Boot.php(325): CodeIgniter\CodeIgniter->run()
 6 SYSTEMPATH/Boot.php(67): CodeIgniter\Boot::runCodeIgniter(Object(CodeIgniter\CodeIgniter))
 7 FCPATH/index.php(56): CodeIgniter\Boot::bootWeb(Object(Config\Paths))
CRITICAL - 2024-09-09 12:56:24 --> CodeIgniter\HTTP\Exceptions\BadRequestException: The URI you submitted has disallowed characters: "{{appurl   'assets"
[Method: GET, Route: %7B%7Bappurl%20%20%20%27assets/img/menu/dash_metas.svg%27%7D%7D]
in SYSTEMPATH/Router/Router.php on line 737.
 1 SYSTEMPATH/Router/Router.php(204): CodeIgniter\Router\Router->checkDisallowedChars('{{appurl   \'assets/img/menu/dash_metas.svg\'}}')
 2 SYSTEMPATH/CodeIgniter.php(834): CodeIgniter\Router\Router->handle('{{appurl   \'assets/img/menu/dash_metas.svg\'}}')
 3 SYSTEMPATH/CodeIgniter.php(457): CodeIgniter\CodeIgniter->tryToRouteIt(Object(CodeIgniter\Router\RouteCollection))
 4 SYSTEMPATH/CodeIgniter.php(355): CodeIgniter\CodeIgniter->handleRequest(null, Object(Config\Cache), false)
 5 SYSTEMPATH/Boot.php(325): CodeIgniter\CodeIgniter->run()
 6 SYSTEMPATH/Boot.php(67): CodeIgniter\Boot::runCodeIgniter(Object(CodeIgniter\CodeIgniter))
 7 FCPATH/index.php(56): CodeIgniter\Boot::bootWeb(Object(Config\Paths))
CRITICAL - 2024-09-09 12:58:25 --> Error: Call to a member function table() on null
[Method: POST, Route: logs/insert]
in APPPATH/Controllers/Logs.php on line 61.
 1 APPPATH/Controllers/DynamicController.php(34): App\Controllers\Logs->insert()
 2 SYSTEMPATH/CodeIgniter.php(933): App\Controllers\DynamicController->execute('logs', 'insert')
 3 SYSTEMPATH/CodeIgniter.php(509): CodeIgniter\CodeIgniter->runController(Object(App\Controllers\DynamicController))
 4 SYSTEMPATH/CodeIgniter.php(355): CodeIgniter\CodeIgniter->handleRequest(null, Object(Config\Cache), false)
 5 SYSTEMPATH/Boot.php(325): CodeIgniter\CodeIgniter->run()
 6 SYSTEMPATH/Boot.php(67): CodeIgniter\Boot::runCodeIgniter(Object(CodeIgniter\CodeIgniter))
 7 FCPATH/index.php(56): CodeIgniter\Boot::bootWeb(Object(Config\Paths))
CRITICAL - 2024-09-09 12:58:34 --> CodeIgniter\HTTP\Exceptions\BadRequestException: The URI you submitted has disallowed characters: "{{appurl   'assets"
[Method: GET, Route: %7B%7Bappurl%20%20%20%27assets/img/menu/dash_metas.svg%27%7D%7D]
in SYSTEMPATH/Router/Router.php on line 737.
 1 SYSTEMPATH/Router/Router.php(204): CodeIgniter\Router\Router->checkDisallowedChars('{{appurl   \'assets/img/menu/dash_metas.svg\'}}')
 2 SYSTEMPATH/CodeIgniter.php(834): CodeIgniter\Router\Router->handle('{{appurl   \'assets/img/menu/dash_metas.svg\'}}')
 3 SYSTEMPATH/CodeIgniter.php(457): CodeIgniter\CodeIgniter->tryToRouteIt(Object(CodeIgniter\Router\RouteCollection))
 4 SYSTEMPATH/CodeIgniter.php(355): CodeIgniter\CodeIgniter->handleRequest(null, Object(Config\Cache), false)
 5 SYSTEMPATH/Boot.php(325): CodeIgniter\CodeIgniter->run()
 6 SYSTEMPATH/Boot.php(67): CodeIgniter\Boot::runCodeIgniter(Object(CodeIgniter\CodeIgniter))
 7 FCPATH/index.php(56): CodeIgniter\Boot::bootWeb(Object(Config\Paths))
CRITICAL - 2024-09-09 12:58:34 --> CodeIgniter\HTTP\Exceptions\BadRequestException: The URI you submitted has disallowed characters: "{{appurl   'uploads"
[Method: GET, Route: %7B%7Bappurl%20%20%20%27uploads/images/%27%20%20%20chat.details.staffavatar%7D%7D]
in SYSTEMPATH/Router/Router.php on line 737.
 1 SYSTEMPATH/Router/Router.php(204): CodeIgniter\Router\Router->checkDisallowedChars('{{appurl   \'uploads/images/\'   chat.details.staffavatar}}')
 2 SYSTEMPATH/CodeIgniter.php(834): CodeIgniter\Router\Router->handle('{{appurl   \'uploads/images/\'   chat.details.staffavatar}}')
 3 SYSTEMPATH/CodeIgniter.php(457): CodeIgniter\CodeIgniter->tryToRouteIt(Object(CodeIgniter\Router\RouteCollection))
 4 SYSTEMPATH/CodeIgniter.php(355): CodeIgniter\CodeIgniter->handleRequest(null, Object(Config\Cache), false)
 5 SYSTEMPATH/Boot.php(325): CodeIgniter\CodeIgniter->run()
 6 SYSTEMPATH/Boot.php(67): CodeIgniter\Boot::runCodeIgniter(Object(CodeIgniter\CodeIgniter))
 7 FCPATH/index.php(56): CodeIgniter\Boot::bootWeb(Object(Config\Paths))
CRITICAL - 2024-09-09 12:58:34 --> CodeIgniter\HTTP\Exceptions\BadRequestException: The URI you submitted has disallowed characters: "{{appurl   'uploads"
[Method: GET, Route: %7B%7Bappurl%20%20%20%27uploads/images/%27%20%20%20chatAtual.details.staffavatar%7D%7D]
in SYSTEMPATH/Router/Router.php on line 737.
 1 SYSTEMPATH/Router/Router.php(204): CodeIgniter\Router\Router->checkDisallowedChars('{{appurl   \'uploads/images/\'   chatAtual.details.staffavatar}}')
 2 SYSTEMPATH/CodeIgniter.php(834): CodeIgniter\Router\Router->handle('{{appurl   \'uploads/images/\'   chatAtual.details.staffavatar}}')
 3 SYSTEMPATH/CodeIgniter.php(457): CodeIgniter\CodeIgniter->tryToRouteIt(Object(CodeIgniter\Router\RouteCollection))
 4 SYSTEMPATH/CodeIgniter.php(355): CodeIgniter\CodeIgniter->handleRequest(null, Object(Config\Cache), false)
 5 SYSTEMPATH/Boot.php(325): CodeIgniter\CodeIgniter->run()
 6 SYSTEMPATH/Boot.php(67): CodeIgniter\Boot::runCodeIgniter(Object(CodeIgniter\CodeIgniter))
 7 FCPATH/index.php(56): CodeIgniter\Boot::bootWeb(Object(Config\Paths))
CRITICAL - 2024-09-09 12:58:37 --> CodeIgniter\HTTP\Exceptions\BadRequestException: The URI you submitted has disallowed characters: "{{appurl   'assets"
[Method: GET, Route: %7B%7Bappurl%20%20%20%27assets/img/menu/dash_metas.svg%27%7D%7D]
in SYSTEMPATH/Router/Router.php on line 737.
 1 SYSTEMPATH/Router/Router.php(204): CodeIgniter\Router\Router->checkDisallowedChars('{{appurl   \'assets/img/menu/dash_metas.svg\'}}')
 2 SYSTEMPATH/CodeIgniter.php(834): CodeIgniter\Router\Router->handle('{{appurl   \'assets/img/menu/dash_metas.svg\'}}')
 3 SYSTEMPATH/CodeIgniter.php(457): CodeIgniter\CodeIgniter->tryToRouteIt(Object(CodeIgniter\Router\RouteCollection))
 4 SYSTEMPATH/CodeIgniter.php(355): CodeIgniter\CodeIgniter->handleRequest(null, Object(Config\Cache), false)
 5 SYSTEMPATH/Boot.php(325): CodeIgniter\CodeIgniter->run()
 6 SYSTEMPATH/Boot.php(67): CodeIgniter\Boot::runCodeIgniter(Object(CodeIgniter\CodeIgniter))
 7 FCPATH/index.php(56): CodeIgniter\Boot::bootWeb(Object(Config\Paths))
CRITICAL - 2024-09-09 13:00:02 --> ErrorException: Constant LANG already defined
[Method: GET, Route: CronJob/envia_avisos]
in APPPATH/Controllers/CronJob.php on line 18.
 1 [internal function]: CodeIgniter\Debug\Exceptions->errorHandler(2, 'Constant LANG already defined', '/home/next0355/dev.next1crm.com.br/app/Controllers/CronJob.php', 18)
 2 APPPATH/Controllers/CronJob.php(18): define('LANG', 'portuguese_br')
 3 APPPATH/Controllers/DynamicController.php(19): App\Controllers\CronJob->__construct()
 4 SYSTEMPATH/CodeIgniter.php(933): App\Controllers\DynamicController->execute('CronJob', 'envia_avisos')
 5 SYSTEMPATH/CodeIgniter.php(509): CodeIgniter\CodeIgniter->runController(Object(App\Controllers\DynamicController))
 6 SYSTEMPATH/CodeIgniter.php(355): CodeIgniter\CodeIgniter->handleRequest(null, Object(Config\Cache), false)
 7 SYSTEMPATH/Boot.php(325): CodeIgniter\CodeIgniter->run()
 8 SYSTEMPATH/Boot.php(67): CodeIgniter\Boot::runCodeIgniter(Object(CodeIgniter\CodeIgniter))
 9 FCPATH/index.php(56): CodeIgniter\Boot::bootWeb(Object(Config\Paths))
ERROR - 2024-09-09 13:00:13 --> mysqli_sql_exception: Table 'next0355_dev.products1' doesn't exist in /home/next0355/dev.next1crm.com.br/system/Database/MySQLi/Connection.php:312
Stack trace:
#0 /home/next0355/dev.next1crm.com.br/system/Database/MySQLi/Connection.php(312): mysqli->query('SELECT `vendors...', 0)
#1 /home/next0355/dev.next1crm.com.br/system/Database/BaseConnection.php(734): CodeIgniter\Database\MySQLi\Connection->execute('SELECT `vendors...')
#2 /home/next0355/dev.next1crm.com.br/system/Database/BaseConnection.php(648): CodeIgniter\Database\BaseConnection->simpleQuery('SELECT `vendors...')
#3 /home/next0355/dev.next1crm.com.br/system/Database/BaseBuilder.php(1644): CodeIgniter\Database\BaseConnection->query('SELECT `vendors...', Array, false)
#4 /home/next0355/dev.next1crm.com.br/app/Models/Products_Model.php(208): CodeIgniter\Database\BaseBuilder->get()
#5 /home/next0355/dev.next1crm.com.br/app/Controllers/Products.php(799): App\Models\Products_model->get_all_products_by_privileges()
#6 /home/next0355/dev.next1crm.com.br/app/Controllers/DynamicController.php(34): App\Controllers\Products->get_products()
#7 /home/next0355/dev.next1crm.com.br/system/CodeIgniter.php(933): App\Controllers\DynamicController->execute('products', 'get_products')
#8 /home/next0355/dev.next1crm.com.br/system/CodeIgniter.php(509): CodeIgniter\CodeIgniter->runController(Object(App\Controllers\DynamicController))
#9 /home/next0355/dev.next1crm.com.br/system/CodeIgniter.php(355): CodeIgniter\CodeIgniter->handleRequest(NULL, Object(Config\Cache), false)
#10 /home/next0355/dev.next1crm.com.br/system/Boot.php(325): CodeIgniter\CodeIgniter->run()
#11 /home/next0355/dev.next1crm.com.br/system/Boot.php(67): CodeIgniter\Boot::runCodeIgniter(Object(CodeIgniter\CodeIgniter))
#12 /home/next0355/dev.next1crm.com.br/public/index.php(56): CodeIgniter\Boot::bootWeb(Object(Config\Paths))
#13 {main}
CRITICAL - 2024-09-09 13:00:13 --> Error: Call to a member function getResultArray() on bool
[Method: GET, Route: products/get_products]
in APPPATH/Models/Products_Model.php on line 208.
 1 APPPATH/Controllers/Products.php(799): App\Models\Products_model->get_all_products_by_privileges()
 2 APPPATH/Controllers/DynamicController.php(34): App\Controllers\Products->get_products()
 3 SYSTEMPATH/CodeIgniter.php(933): App\Controllers\DynamicController->execute('products', 'get_products')
 4 SYSTEMPATH/CodeIgniter.php(509): CodeIgniter\CodeIgniter->runController(Object(App\Controllers\DynamicController))
 5 SYSTEMPATH/CodeIgniter.php(355): CodeIgniter\CodeIgniter->handleRequest(null, Object(Config\Cache), false)
 6 SYSTEMPATH/Boot.php(325): CodeIgniter\CodeIgniter->run()
 7 SYSTEMPATH/Boot.php(67): CodeIgniter\Boot::runCodeIgniter(Object(CodeIgniter\CodeIgniter))
 8 FCPATH/index.php(56): CodeIgniter\Boot::bootWeb(Object(Config\Paths))
ERROR - 2024-09-09 13:00:28 --> mysqli_sql_exception: Table 'next0355_dev.products1' doesn't exist in /home/next0355/dev.next1crm.com.br/system/Database/MySQLi/Connection.php:312
Stack trace:
#0 /home/next0355/dev.next1crm.com.br/system/Database/MySQLi/Connection.php(312): mysqli->query('SELECT `vendors...', 0)
#1 /home/next0355/dev.next1crm.com.br/system/Database/BaseConnection.php(734): CodeIgniter\Database\MySQLi\Connection->execute('SELECT `vendors...')
#2 /home/next0355/dev.next1crm.com.br/system/Database/BaseConnection.php(648): CodeIgniter\Database\BaseConnection->simpleQuery('SELECT `vendors...')
#3 /home/next0355/dev.next1crm.com.br/system/Database/BaseBuilder.php(1644): CodeIgniter\Database\BaseConnection->query('SELECT `vendors...', Array, false)
#4 /home/next0355/dev.next1crm.com.br/app/Models/Products_Model.php(208): CodeIgniter\Database\BaseBuilder->get()
#5 /home/next0355/dev.next1crm.com.br/app/Controllers/Products.php(799): App\Models\Products_model->get_all_products_by_privileges()
#6 /home/next0355/dev.next1crm.com.br/app/Controllers/DynamicController.php(34): App\Controllers\Products->get_products()
#7 /home/next0355/dev.next1crm.com.br/system/CodeIgniter.php(933): App\Controllers\DynamicController->execute('products', 'get_products')
#8 /home/next0355/dev.next1crm.com.br/system/CodeIgniter.php(509): CodeIgniter\CodeIgniter->runController(Object(App\Controllers\DynamicController))
#9 /home/next0355/dev.next1crm.com.br/system/CodeIgniter.php(355): CodeIgniter\CodeIgniter->handleRequest(NULL, Object(Config\Cache), false)
#10 /home/next0355/dev.next1crm.com.br/system/Boot.php(325): CodeIgniter\CodeIgniter->run()
#11 /home/next0355/dev.next1crm.com.br/system/Boot.php(67): CodeIgniter\Boot::runCodeIgniter(Object(CodeIgniter\CodeIgniter))
#12 /home/next0355/dev.next1crm.com.br/public/index.php(56): CodeIgniter\Boot::bootWeb(Object(Config\Paths))
#13 {main}
CRITICAL - 2024-09-09 13:00:28 --> Error: Call to a member function getResultArray() on bool
[Method: GET, Route: products/get_products]
in APPPATH/Models/Products_Model.php on line 208.
 1 APPPATH/Controllers/Products.php(799): App\Models\Products_model->get_all_products_by_privileges()
 2 APPPATH/Controllers/DynamicController.php(34): App\Controllers\Products->get_products()
 3 SYSTEMPATH/CodeIgniter.php(933): App\Controllers\DynamicController->execute('products', 'get_products')
 4 SYSTEMPATH/CodeIgniter.php(509): CodeIgniter\CodeIgniter->runController(Object(App\Controllers\DynamicController))
 5 SYSTEMPATH/CodeIgniter.php(355): CodeIgniter\CodeIgniter->handleRequest(null, Object(Config\Cache), false)
 6 SYSTEMPATH/Boot.php(325): CodeIgniter\CodeIgniter->run()
 7 SYSTEMPATH/Boot.php(67): CodeIgniter\Boot::runCodeIgniter(Object(CodeIgniter\CodeIgniter))
 8 FCPATH/index.php(56): CodeIgniter\Boot::bootWeb(Object(Config\Paths))
ERROR - 2024-09-09 13:00:50 --> mysqli_sql_exception: Unknown column 'products.id1' in 'order clause' in /home/next0355/dev.next1crm.com.br/system/Database/MySQLi/Connection.php:312
Stack trace:
#0 /home/next0355/dev.next1crm.com.br/system/Database/MySQLi/Connection.php(312): mysqli->query('SELECT `vendors...', 0)
#1 /home/next0355/dev.next1crm.com.br/system/Database/BaseConnection.php(734): CodeIgniter\Database\MySQLi\Connection->execute('SELECT `vendors...')
#2 /home/next0355/dev.next1crm.com.br/system/Database/BaseConnection.php(648): CodeIgniter\Database\BaseConnection->simpleQuery('SELECT `vendors...')
#3 /home/next0355/dev.next1crm.com.br/system/Database/BaseBuilder.php(1644): CodeIgniter\Database\BaseConnection->query('SELECT `vendors...', Array, false)
#4 /home/next0355/dev.next1crm.com.br/app/Models/Products_Model.php(208): CodeIgniter\Database\BaseBuilder->get()
#5 /home/next0355/dev.next1crm.com.br/app/Controllers/Products.php(799): App\Models\Products_model->get_all_products_by_privileges()
#6 /home/next0355/dev.next1crm.com.br/app/Controllers/DynamicController.php(34): App\Controllers\Products->get_products()
#7 /home/next0355/dev.next1crm.com.br/system/CodeIgniter.php(933): App\Controllers\DynamicController->execute('products', 'get_products')
#8 /home/next0355/dev.next1crm.com.br/system/CodeIgniter.php(509): CodeIgniter\CodeIgniter->runController(Object(App\Controllers\DynamicController))
#9 /home/next0355/dev.next1crm.com.br/system/CodeIgniter.php(355): CodeIgniter\CodeIgniter->handleRequest(NULL, Object(Config\Cache), false)
#10 /home/next0355/dev.next1crm.com.br/system/Boot.php(325): CodeIgniter\CodeIgniter->run()
#11 /home/next0355/dev.next1crm.com.br/system/Boot.php(67): CodeIgniter\Boot::runCodeIgniter(Object(CodeIgniter\CodeIgniter))
#12 /home/next0355/dev.next1crm.com.br/public/index.php(56): CodeIgniter\Boot::bootWeb(Object(Config\Paths))
#13 {main}
CRITICAL - 2024-09-09 13:00:50 --> Error: Call to a member function getResultArray() on bool
[Method: GET, Route: products/get_products]
in APPPATH/Models/Products_Model.php on line 208.
 1 APPPATH/Controllers/Products.php(799): App\Models\Products_model->get_all_products_by_privileges()
 2 APPPATH/Controllers/DynamicController.php(34): App\Controllers\Products->get_products()
 3 SYSTEMPATH/CodeIgniter.php(933): App\Controllers\DynamicController->execute('products', 'get_products')
 4 SYSTEMPATH/CodeIgniter.php(509): CodeIgniter\CodeIgniter->runController(Object(App\Controllers\DynamicController))
 5 SYSTEMPATH/CodeIgniter.php(355): CodeIgniter\CodeIgniter->handleRequest(null, Object(Config\Cache), false)
 6 SYSTEMPATH/Boot.php(325): CodeIgniter\CodeIgniter->run()
 7 SYSTEMPATH/Boot.php(67): CodeIgniter\Boot::runCodeIgniter(Object(CodeIgniter\CodeIgniter))
 8 FCPATH/index.php(56): CodeIgniter\Boot::bootWeb(Object(Config\Paths))
ERROR - 2024-09-09 13:00:56 --> mysqli_sql_exception: Unknown column 'products.id1' in 'order clause' in /home/next0355/dev.next1crm.com.br/system/Database/MySQLi/Connection.php:312
Stack trace:
#0 /home/next0355/dev.next1crm.com.br/system/Database/MySQLi/Connection.php(312): mysqli->query('SELECT `vendors...', 0)
#1 /home/next0355/dev.next1crm.com.br/system/Database/BaseConnection.php(734): CodeIgniter\Database\MySQLi\Connection->execute('SELECT `vendors...')
#2 /home/next0355/dev.next1crm.com.br/system/Database/BaseConnection.php(648): CodeIgniter\Database\BaseConnection->simpleQuery('SELECT `vendors...')
#3 /home/next0355/dev.next1crm.com.br/system/Database/BaseBuilder.php(1644): CodeIgniter\Database\BaseConnection->query('SELECT `vendors...', Array, false)
#4 /home/next0355/dev.next1crm.com.br/app/Models/Products_Model.php(208): CodeIgniter\Database\BaseBuilder->get()
#5 /home/next0355/dev.next1crm.com.br/app/Controllers/Products.php(799): App\Models\Products_model->get_all_products_by_privileges()
#6 /home/next0355/dev.next1crm.com.br/app/Controllers/DynamicController.php(34): App\Controllers\Products->get_products()
#7 /home/next0355/dev.next1crm.com.br/system/CodeIgniter.php(933): App\Controllers\DynamicController->execute('products', 'get_products')
#8 /home/next0355/dev.next1crm.com.br/system/CodeIgniter.php(509): CodeIgniter\CodeIgniter->runController(Object(App\Controllers\DynamicController))
#9 /home/next0355/dev.next1crm.com.br/system/CodeIgniter.php(355): CodeIgniter\CodeIgniter->handleRequest(NULL, Object(Config\Cache), false)
#10 /home/next0355/dev.next1crm.com.br/system/Boot.php(325): CodeIgniter\CodeIgniter->run()
#11 /home/next0355/dev.next1crm.com.br/system/Boot.php(67): CodeIgniter\Boot::runCodeIgniter(Object(CodeIgniter\CodeIgniter))
#12 /home/next0355/dev.next1crm.com.br/public/index.php(56): CodeIgniter\Boot::bootWeb(Object(Config\Paths))
#13 {main}
CRITICAL - 2024-09-09 13:00:56 --> Error: Call to a member function getResultArray() on bool
[Method: GET, Route: products/get_products]
in APPPATH/Models/Products_Model.php on line 208.
 1 APPPATH/Controllers/Products.php(799): App\Models\Products_model->get_all_products_by_privileges()
 2 APPPATH/Controllers/DynamicController.php(34): App\Controllers\Products->get_products()
 3 SYSTEMPATH/CodeIgniter.php(933): App\Controllers\DynamicController->execute('products', 'get_products')
 4 SYSTEMPATH/CodeIgniter.php(509): CodeIgniter\CodeIgniter->runController(Object(App\Controllers\DynamicController))
 5 SYSTEMPATH/CodeIgniter.php(355): CodeIgniter\CodeIgniter->handleRequest(null, Object(Config\Cache), false)
 6 SYSTEMPATH/Boot.php(325): CodeIgniter\CodeIgniter->run()
 7 SYSTEMPATH/Boot.php(67): CodeIgniter\Boot::runCodeIgniter(Object(CodeIgniter\CodeIgniter))
 8 FCPATH/index.php(56): CodeIgniter\Boot::bootWeb(Object(Config\Paths))
ERROR - 2024-09-09 13:01:12 --> mysqli_sql_exception: Unknown column 'products.id1' in 'order clause' in /home/next0355/dev.next1crm.com.br/system/Database/MySQLi/Connection.php:312
Stack trace:
#0 /home/next0355/dev.next1crm.com.br/system/Database/MySQLi/Connection.php(312): mysqli->query('SELECT `vendors...', 0)
#1 /home/next0355/dev.next1crm.com.br/system/Database/BaseConnection.php(734): CodeIgniter\Database\MySQLi\Connection->execute('SELECT `vendors...')
#2 /home/next0355/dev.next1crm.com.br/system/Database/BaseConnection.php(648): CodeIgniter\Database\BaseConnection->simpleQuery('SELECT `vendors...')
#3 /home/next0355/dev.next1crm.com.br/system/Database/BaseBuilder.php(1644): CodeIgniter\Database\BaseConnection->query('SELECT `vendors...', Array, false)
#4 /home/next0355/dev.next1crm.com.br/app/Models/Products_Model.php(208): CodeIgniter\Database\BaseBuilder->get()
#5 /home/next0355/dev.next1crm.com.br/app/Controllers/Products.php(799): App\Models\Products_model->get_all_products_by_privileges()
#6 /home/next0355/dev.next1crm.com.br/app/Controllers/DynamicController.php(34): App\Controllers\Products->get_products()
#7 /home/next0355/dev.next1crm.com.br/system/CodeIgniter.php(933): App\Controllers\DynamicController->execute('products', 'get_products')
#8 /home/next0355/dev.next1crm.com.br/system/CodeIgniter.php(509): CodeIgniter\CodeIgniter->runController(Object(App\Controllers\DynamicController))
#9 /home/next0355/dev.next1crm.com.br/system/CodeIgniter.php(355): CodeIgniter\CodeIgniter->handleRequest(NULL, Object(Config\Cache), false)
#10 /home/next0355/dev.next1crm.com.br/system/Boot.php(325): CodeIgniter\CodeIgniter->run()
#11 /home/next0355/dev.next1crm.com.br/system/Boot.php(67): CodeIgniter\Boot::runCodeIgniter(Object(CodeIgniter\CodeIgniter))
#12 /home/next0355/dev.next1crm.com.br/public/index.php(56): CodeIgniter\Boot::bootWeb(Object(Config\Paths))
#13 {main}
CRITICAL - 2024-09-09 13:01:12 --> Error: Call to a member function getResultArray() on bool
[Method: GET, Route: products/get_products]
in APPPATH/Models/Products_Model.php on line 208.
 1 APPPATH/Controllers/Products.php(799): App\Models\Products_model->get_all_products_by_privileges()
 2 APPPATH/Controllers/DynamicController.php(34): App\Controllers\Products->get_products()
 3 SYSTEMPATH/CodeIgniter.php(933): App\Controllers\DynamicController->execute('products', 'get_products')
 4 SYSTEMPATH/CodeIgniter.php(509): CodeIgniter\CodeIgniter->runController(Object(App\Controllers\DynamicController))
 5 SYSTEMPATH/CodeIgniter.php(355): CodeIgniter\CodeIgniter->handleRequest(null, Object(Config\Cache), false)
 6 SYSTEMPATH/Boot.php(325): CodeIgniter\CodeIgniter->run()
 7 SYSTEMPATH/Boot.php(67): CodeIgniter\Boot::runCodeIgniter(Object(CodeIgniter\CodeIgniter))
 8 FCPATH/index.php(56): CodeIgniter\Boot::bootWeb(Object(Config\Paths))
ERROR - 2024-09-09 13:02:05 --> mysqli_sql_exception: Unknown column 'products.id1' in 'order clause' in /home/next0355/dev.next1crm.com.br/system/Database/MySQLi/Connection.php:312
Stack trace:
#0 /home/next0355/dev.next1crm.com.br/system/Database/MySQLi/Connection.php(312): mysqli->query('SELECT `vendors...', 0)
#1 /home/next0355/dev.next1crm.com.br/system/Database/BaseConnection.php(734): CodeIgniter\Database\MySQLi\Connection->execute('SELECT `vendors...')
#2 /home/next0355/dev.next1crm.com.br/system/Database/BaseConnection.php(648): CodeIgniter\Database\BaseConnection->simpleQuery('SELECT `vendors...')
#3 /home/next0355/dev.next1crm.com.br/system/Database/BaseBuilder.php(1644): CodeIgniter\Database\BaseConnection->query('SELECT `vendors...', Array, false)
#4 /home/next0355/dev.next1crm.com.br/app/Models/Products_Model.php(208): CodeIgniter\Database\BaseBuilder->get()
#5 /home/next0355/dev.next1crm.com.br/app/Controllers/Products.php(799): App\Models\Products_model->get_all_products_by_privileges()
#6 /home/next0355/dev.next1crm.com.br/app/Controllers/DynamicController.php(34): App\Controllers\Products->get_products()
#7 /home/next0355/dev.next1crm.com.br/system/CodeIgniter.php(933): App\Controllers\DynamicController->execute('products', 'get_products')
#8 /home/next0355/dev.next1crm.com.br/system/CodeIgniter.php(509): CodeIgniter\CodeIgniter->runController(Object(App\Controllers\DynamicController))
#9 /home/next0355/dev.next1crm.com.br/system/CodeIgniter.php(355): CodeIgniter\CodeIgniter->handleRequest(NULL, Object(Config\Cache), false)
#10 /home/next0355/dev.next1crm.com.br/system/Boot.php(325): CodeIgniter\CodeIgniter->run()
#11 /home/next0355/dev.next1crm.com.br/system/Boot.php(67): CodeIgniter\Boot::runCodeIgniter(Object(CodeIgniter\CodeIgniter))
#12 /home/next0355/dev.next1crm.com.br/public/index.php(56): CodeIgniter\Boot::bootWeb(Object(Config\Paths))
#13 {main}
CRITICAL - 2024-09-09 13:02:05 --> Error: Call to a member function getResultArray() on bool
[Method: GET, Route: products/get_products]
in APPPATH/Models/Products_Model.php on line 208.
 1 APPPATH/Controllers/Products.php(799): App\Models\Products_model->get_all_products_by_privileges()
 2 APPPATH/Controllers/DynamicController.php(34): App\Controllers\Products->get_products()
 3 SYSTEMPATH/CodeIgniter.php(933): App\Controllers\DynamicController->execute('products', 'get_products')
 4 SYSTEMPATH/CodeIgniter.php(509): CodeIgniter\CodeIgniter->runController(Object(App\Controllers\DynamicController))
 5 SYSTEMPATH/CodeIgniter.php(355): CodeIgniter\CodeIgniter->handleRequest(null, Object(Config\Cache), false)
 6 SYSTEMPATH/Boot.php(325): CodeIgniter\CodeIgniter->run()
 7 SYSTEMPATH/Boot.php(67): CodeIgniter\Boot::runCodeIgniter(Object(CodeIgniter\CodeIgniter))
 8 FCPATH/index.php(56): CodeIgniter\Boot::bootWeb(Object(Config\Paths))
ERROR - 2024-09-09 13:02:32 --> mysqli_sql_exception: Unknown column 'products.id1' in 'order clause' in /home/next0355/dev.next1crm.com.br/system/Database/MySQLi/Connection.php:312
Stack trace:
#0 /home/next0355/dev.next1crm.com.br/system/Database/MySQLi/Connection.php(312): mysqli->query('SELECT `vendors...', 0)
#1 /home/next0355/dev.next1crm.com.br/system/Database/BaseConnection.php(734): CodeIgniter\Database\MySQLi\Connection->execute('SELECT `vendors...')
#2 /home/next0355/dev.next1crm.com.br/system/Database/BaseConnection.php(648): CodeIgniter\Database\BaseConnection->simpleQuery('SELECT `vendors...')
#3 /home/next0355/dev.next1crm.com.br/system/Database/BaseBuilder.php(1644): CodeIgniter\Database\BaseConnection->query('SELECT `vendors...', Array, false)
#4 /home/next0355/dev.next1crm.com.br/app/Models/Products_Model.php(204): CodeIgniter\Database\BaseBuilder->get()
#5 /home/next0355/dev.next1crm.com.br/app/Controllers/Products.php(799): App\Models\Products_model->get_all_products_by_privileges()
#6 /home/next0355/dev.next1crm.com.br/app/Controllers/DynamicController.php(34): App\Controllers\Products->get_products()
#7 /home/next0355/dev.next1crm.com.br/system/CodeIgniter.php(933): App\Controllers\DynamicController->execute('products', 'get_products')
#8 /home/next0355/dev.next1crm.com.br/system/CodeIgniter.php(509): CodeIgniter\CodeIgniter->runController(Object(App\Controllers\DynamicController))
#9 /home/next0355/dev.next1crm.com.br/system/CodeIgniter.php(355): CodeIgniter\CodeIgniter->handleRequest(NULL, Object(Config\Cache), false)
#10 /home/next0355/dev.next1crm.com.br/system/Boot.php(325): CodeIgniter\CodeIgniter->run()
#11 /home/next0355/dev.next1crm.com.br/system/Boot.php(67): CodeIgniter\Boot::runCodeIgniter(Object(CodeIgniter\CodeIgniter))
#12 /home/next0355/dev.next1crm.com.br/public/index.php(56): CodeIgniter\Boot::bootWeb(Object(Config\Paths))
#13 {main}
CRITICAL - 2024-09-09 13:02:32 --> Error: Call to a member function getResultArray() on bool
[Method: GET, Route: products/get_products]
in APPPATH/Models/Products_Model.php on line 204.
 1 APPPATH/Controllers/Products.php(799): App\Models\Products_model->get_all_products_by_privileges()
 2 APPPATH/Controllers/DynamicController.php(34): App\Controllers\Products->get_products()
 3 SYSTEMPATH/CodeIgniter.php(933): App\Controllers\DynamicController->execute('products', 'get_products')
 4 SYSTEMPATH/CodeIgniter.php(509): CodeIgniter\CodeIgniter->runController(Object(App\Controllers\DynamicController))
 5 SYSTEMPATH/CodeIgniter.php(355): CodeIgniter\CodeIgniter->handleRequest(null, Object(Config\Cache), false)
 6 SYSTEMPATH/Boot.php(325): CodeIgniter\CodeIgniter->run()
 7 SYSTEMPATH/Boot.php(67): CodeIgniter\Boot::runCodeIgniter(Object(CodeIgniter\CodeIgniter))
 8 FCPATH/index.php(56): CodeIgniter\Boot::bootWeb(Object(Config\Paths))
CRITICAL - 2024-09-09 13:02:35 --> CodeIgniter\HTTP\Exceptions\BadRequestException: The URI you submitted has disallowed characters: "{{appurl   'assets"
[Method: GET, Route: %7B%7Bappurl%20%20%20%27assets/img/menu/dash_metas.svg%27%7D%7D]
in SYSTEMPATH/Router/Router.php on line 737.
 1 SYSTEMPATH/Router/Router.php(204): CodeIgniter\Router\Router->checkDisallowedChars('{{appurl   \'assets/img/menu/dash_metas.svg\'}}')
 2 SYSTEMPATH/CodeIgniter.php(834): CodeIgniter\Router\Router->handle('{{appurl   \'assets/img/menu/dash_metas.svg\'}}')
 3 SYSTEMPATH/CodeIgniter.php(457): CodeIgniter\CodeIgniter->tryToRouteIt(Object(CodeIgniter\Router\RouteCollection))
 4 SYSTEMPATH/CodeIgniter.php(355): CodeIgniter\CodeIgniter->handleRequest(null, Object(Config\Cache), false)
 5 SYSTEMPATH/Boot.php(325): CodeIgniter\CodeIgniter->run()
 6 SYSTEMPATH/Boot.php(67): CodeIgniter\Boot::runCodeIgniter(Object(CodeIgniter\CodeIgniter))
 7 FCPATH/index.php(56): CodeIgniter\Boot::bootWeb(Object(Config\Paths))
ERROR - 2024-09-09 13:02:37 --> mysqli_sql_exception: Unknown column 'products.id1' in 'order clause' in /home/next0355/dev.next1crm.com.br/system/Database/MySQLi/Connection.php:312
Stack trace:
#0 /home/next0355/dev.next1crm.com.br/system/Database/MySQLi/Connection.php(312): mysqli->query('SELECT `vendors...', 0)
#1 /home/next0355/dev.next1crm.com.br/system/Database/BaseConnection.php(734): CodeIgniter\Database\MySQLi\Connection->execute('SELECT `vendors...')
#2 /home/next0355/dev.next1crm.com.br/system/Database/BaseConnection.php(648): CodeIgniter\Database\BaseConnection->simpleQuery('SELECT `vendors...')
#3 /home/next0355/dev.next1crm.com.br/system/Database/BaseBuilder.php(1644): CodeIgniter\Database\BaseConnection->query('SELECT `vendors...', Array, false)
#4 /home/next0355/dev.next1crm.com.br/app/Models/Products_Model.php(204): CodeIgniter\Database\BaseBuilder->get()
#5 /home/next0355/dev.next1crm.com.br/app/Controllers/Products.php(799): App\Models\Products_model->get_all_products_by_privileges()
#6 /home/next0355/dev.next1crm.com.br/app/Controllers/DynamicController.php(34): App\Controllers\Products->get_products()
#7 /home/next0355/dev.next1crm.com.br/system/CodeIgniter.php(933): App\Controllers\DynamicController->execute('products', 'get_products')
#8 /home/next0355/dev.next1crm.com.br/system/CodeIgniter.php(509): CodeIgniter\CodeIgniter->runController(Object(App\Controllers\DynamicController))
#9 /home/next0355/dev.next1crm.com.br/system/CodeIgniter.php(355): CodeIgniter\CodeIgniter->handleRequest(NULL, Object(Config\Cache), false)
#10 /home/next0355/dev.next1crm.com.br/system/Boot.php(325): CodeIgniter\CodeIgniter->run()
#11 /home/next0355/dev.next1crm.com.br/system/Boot.php(67): CodeIgniter\Boot::runCodeIgniter(Object(CodeIgniter\CodeIgniter))
#12 /home/next0355/dev.next1crm.com.br/public/index.php(56): CodeIgniter\Boot::bootWeb(Object(Config\Paths))
#13 {main}
CRITICAL - 2024-09-09 13:02:37 --> Error: Call to a member function getResultArray() on bool
[Method: GET, Route: products/get_products]
in APPPATH/Models/Products_Model.php on line 204.
 1 APPPATH/Controllers/Products.php(799): App\Models\Products_model->get_all_products_by_privileges()
 2 APPPATH/Controllers/DynamicController.php(34): App\Controllers\Products->get_products()
 3 SYSTEMPATH/CodeIgniter.php(933): App\Controllers\DynamicController->execute('products', 'get_products')
 4 SYSTEMPATH/CodeIgniter.php(509): CodeIgniter\CodeIgniter->runController(Object(App\Controllers\DynamicController))
 5 SYSTEMPATH/CodeIgniter.php(355): CodeIgniter\CodeIgniter->handleRequest(null, Object(Config\Cache), false)
 6 SYSTEMPATH/Boot.php(325): CodeIgniter\CodeIgniter->run()
 7 SYSTEMPATH/Boot.php(67): CodeIgniter\Boot::runCodeIgniter(Object(CodeIgniter\CodeIgniter))
 8 FCPATH/index.php(56): CodeIgniter\Boot::bootWeb(Object(Config\Paths))
CRITICAL - 2024-09-09 13:02:38 --> CodeIgniter\HTTP\Exceptions\BadRequestException: The URI you submitted has disallowed characters: "{{appurl   'uploads"
[Method: GET, Route: %7B%7Bappurl%20%20%20%27uploads/images/%27%20%20%20chat.details.staffavatar%7D%7D]
in SYSTEMPATH/Router/Router.php on line 737.
 1 SYSTEMPATH/Router/Router.php(204): CodeIgniter\Router\Router->checkDisallowedChars('{{appurl   \'uploads/images/\'   chat.details.staffavatar}}')
 2 SYSTEMPATH/CodeIgniter.php(834): CodeIgniter\Router\Router->handle('{{appurl   \'uploads/images/\'   chat.details.staffavatar}}')
 3 SYSTEMPATH/CodeIgniter.php(457): CodeIgniter\CodeIgniter->tryToRouteIt(Object(CodeIgniter\Router\RouteCollection))
 4 SYSTEMPATH/CodeIgniter.php(355): CodeIgniter\CodeIgniter->handleRequest(null, Object(Config\Cache), false)
 5 SYSTEMPATH/Boot.php(325): CodeIgniter\CodeIgniter->run()
 6 SYSTEMPATH/Boot.php(67): CodeIgniter\Boot::runCodeIgniter(Object(CodeIgniter\CodeIgniter))
 7 FCPATH/index.php(56): CodeIgniter\Boot::bootWeb(Object(Config\Paths))
CRITICAL - 2024-09-09 13:02:38 --> CodeIgniter\HTTP\Exceptions\BadRequestException: The URI you submitted has disallowed characters: "{{appurl   'uploads"
[Method: GET, Route: %7B%7Bappurl%20%20%20%27uploads/images/%27%20%20%20chatAtual.details.staffavatar%7D%7D]
in SYSTEMPATH/Router/Router.php on line 737.
 1 SYSTEMPATH/Router/Router.php(204): CodeIgniter\Router\Router->checkDisallowedChars('{{appurl   \'uploads/images/\'   chatAtual.details.staffavatar}}')
 2 SYSTEMPATH/CodeIgniter.php(834): CodeIgniter\Router\Router->handle('{{appurl   \'uploads/images/\'   chatAtual.details.staffavatar}}')
 3 SYSTEMPATH/CodeIgniter.php(457): CodeIgniter\CodeIgniter->tryToRouteIt(Object(CodeIgniter\Router\RouteCollection))
 4 SYSTEMPATH/CodeIgniter.php(355): CodeIgniter\CodeIgniter->handleRequest(null, Object(Config\Cache), false)
 5 SYSTEMPATH/Boot.php(325): CodeIgniter\CodeIgniter->run()
 6 SYSTEMPATH/Boot.php(67): CodeIgniter\Boot::runCodeIgniter(Object(CodeIgniter\CodeIgniter))
 7 FCPATH/index.php(56): CodeIgniter\Boot::bootWeb(Object(Config\Paths))
CRITICAL - 2024-09-09 13:02:38 --> CodeIgniter\HTTP\Exceptions\BadRequestException: The URI you submitted has disallowed characters: "{{appurl   'assets"
[Method: GET, Route: %7B%7Bappurl%20%20%20%27assets/img/menu/dash_metas.svg%27%7D%7D]
in SYSTEMPATH/Router/Router.php on line 737.
 1 SYSTEMPATH/Router/Router.php(204): CodeIgniter\Router\Router->checkDisallowedChars('{{appurl   \'assets/img/menu/dash_metas.svg\'}}')
 2 SYSTEMPATH/CodeIgniter.php(834): CodeIgniter\Router\Router->handle('{{appurl   \'assets/img/menu/dash_metas.svg\'}}')
 3 SYSTEMPATH/CodeIgniter.php(457): CodeIgniter\CodeIgniter->tryToRouteIt(Object(CodeIgniter\Router\RouteCollection))
 4 SYSTEMPATH/CodeIgniter.php(355): CodeIgniter\CodeIgniter->handleRequest(null, Object(Config\Cache), false)
 5 SYSTEMPATH/Boot.php(325): CodeIgniter\CodeIgniter->run()
 6 SYSTEMPATH/Boot.php(67): CodeIgniter\Boot::runCodeIgniter(Object(CodeIgniter\CodeIgniter))
 7 FCPATH/index.php(56): CodeIgniter\Boot::bootWeb(Object(Config\Paths))
CRITICAL - 2024-09-09 13:04:36 --> ErrorException: Undefined property: App\Controllers\Logs::$Logs_Model
[Method: POST, Route: logs/insert]
in APPPATH/Controllers/Logs.php on line 48.
 1 APPPATH/Controllers/Logs.php(48): CodeIgniter\Debug\Exceptions->errorHandler(2, 'Undefined property: App\\Controllers\\Logs::$Logs_Model', '/home/next0355/dev.next1crm.com.br/app/Controllers/Logs.php', 48)
 2 APPPATH/Controllers/DynamicController.php(34): App\Controllers\Logs->insert()
 3 SYSTEMPATH/CodeIgniter.php(933): App\Controllers\DynamicController->execute('logs', 'insert')
 4 SYSTEMPATH/CodeIgniter.php(509): CodeIgniter\CodeIgniter->runController(Object(App\Controllers\DynamicController))
 5 SYSTEMPATH/CodeIgniter.php(355): CodeIgniter\CodeIgniter->handleRequest(null, Object(Config\Cache), false)
 6 SYSTEMPATH/Boot.php(325): CodeIgniter\CodeIgniter->run()
 7 SYSTEMPATH/Boot.php(67): CodeIgniter\Boot::runCodeIgniter(Object(CodeIgniter\CodeIgniter))
 8 FCPATH/index.php(56): CodeIgniter\Boot::bootWeb(Object(Config\Paths))
CRITICAL - 2024-09-09 13:05:40 --> ErrorException: Undefined property: App\Controllers\Logs::$Logs_Model
[Method: POST, Route: logs/insert]
in APPPATH/Controllers/Logs.php on line 48.
 1 APPPATH/Controllers/Logs.php(48): CodeIgniter\Debug\Exceptions->errorHandler(2, 'Undefined property: App\\Controllers\\Logs::$Logs_Model', '/home/next0355/dev.next1crm.com.br/app/Controllers/Logs.php', 48)
 2 APPPATH/Controllers/DynamicController.php(34): App\Controllers\Logs->insert()
 3 SYSTEMPATH/CodeIgniter.php(933): App\Controllers\DynamicController->execute('logs', 'insert')
 4 SYSTEMPATH/CodeIgniter.php(509): CodeIgniter\CodeIgniter->runController(Object(App\Controllers\DynamicController))
 5 SYSTEMPATH/CodeIgniter.php(355): CodeIgniter\CodeIgniter->handleRequest(null, Object(Config\Cache), false)
 6 SYSTEMPATH/Boot.php(325): CodeIgniter\CodeIgniter->run()
 7 SYSTEMPATH/Boot.php(67): CodeIgniter\Boot::runCodeIgniter(Object(CodeIgniter\CodeIgniter))
 8 FCPATH/index.php(56): CodeIgniter\Boot::bootWeb(Object(Config\Paths))
CRITICAL - 2024-09-09 13:06:35 --> Error: Call to a member function table() on null
[Method: POST, Route: logs/insert]
in APPPATH/Controllers/Logs.php on line 61.
 1 APPPATH/Controllers/DynamicController.php(34): App\Controllers\Logs->insert()
 2 SYSTEMPATH/CodeIgniter.php(933): App\Controllers\DynamicController->execute('logs', 'insert')
 3 SYSTEMPATH/CodeIgniter.php(509): CodeIgniter\CodeIgniter->runController(Object(App\Controllers\DynamicController))
 4 SYSTEMPATH/CodeIgniter.php(355): CodeIgniter\CodeIgniter->handleRequest(null, Object(Config\Cache), false)
 5 SYSTEMPATH/Boot.php(325): CodeIgniter\CodeIgniter->run()
 6 SYSTEMPATH/Boot.php(67): CodeIgniter\Boot::runCodeIgniter(Object(CodeIgniter\CodeIgniter))
 7 FCPATH/index.php(56): CodeIgniter\Boot::bootWeb(Object(Config\Paths))
CRITICAL - 2024-09-09 13:06:44 --> CodeIgniter\HTTP\Exceptions\BadRequestException: The URI you submitted has disallowed characters: "{{appurl   'uploads"
[Method: GET, Route: %7B%7Bappurl%20%20%20%27uploads/images/%27%20%20%20chat.details.staffavatar%7D%7D]
in SYSTEMPATH/Router/Router.php on line 737.
 1 SYSTEMPATH/Router/Router.php(204): CodeIgniter\Router\Router->checkDisallowedChars('{{appurl   \'uploads/images/\'   chat.details.staffavatar}}')
 2 SYSTEMPATH/CodeIgniter.php(834): CodeIgniter\Router\Router->handle('{{appurl   \'uploads/images/\'   chat.details.staffavatar}}')
 3 SYSTEMPATH/CodeIgniter.php(457): CodeIgniter\CodeIgniter->tryToRouteIt(Object(CodeIgniter\Router\RouteCollection))
 4 SYSTEMPATH/CodeIgniter.php(355): CodeIgniter\CodeIgniter->handleRequest(null, Object(Config\Cache), false)
 5 SYSTEMPATH/Boot.php(325): CodeIgniter\CodeIgniter->run()
 6 SYSTEMPATH/Boot.php(67): CodeIgniter\Boot::runCodeIgniter(Object(CodeIgniter\CodeIgniter))
 7 FCPATH/index.php(56): CodeIgniter\Boot::bootWeb(Object(Config\Paths))
CRITICAL - 2024-09-09 13:06:44 --> CodeIgniter\HTTP\Exceptions\BadRequestException: The URI you submitted has disallowed characters: "{{appurl   'uploads"
[Method: GET, Route: %7B%7Bappurl%20%20%20%27uploads/images/%27%20%20%20chatAtual.details.staffavatar%7D%7D]
in SYSTEMPATH/Router/Router.php on line 737.
 1 SYSTEMPATH/Router/Router.php(204): CodeIgniter\Router\Router->checkDisallowedChars('{{appurl   \'uploads/images/\'   chatAtual.details.staffavatar}}')
 2 SYSTEMPATH/CodeIgniter.php(834): CodeIgniter\Router\Router->handle('{{appurl   \'uploads/images/\'   chatAtual.details.staffavatar}}')
 3 SYSTEMPATH/CodeIgniter.php(457): CodeIgniter\CodeIgniter->tryToRouteIt(Object(CodeIgniter\Router\RouteCollection))
 4 SYSTEMPATH/CodeIgniter.php(355): CodeIgniter\CodeIgniter->handleRequest(null, Object(Config\Cache), false)
 5 SYSTEMPATH/Boot.php(325): CodeIgniter\CodeIgniter->run()
 6 SYSTEMPATH/Boot.php(67): CodeIgniter\Boot::runCodeIgniter(Object(CodeIgniter\CodeIgniter))
 7 FCPATH/index.php(56): CodeIgniter\Boot::bootWeb(Object(Config\Paths))
CRITICAL - 2024-09-09 13:06:46 --> CodeIgniter\HTTP\Exceptions\BadRequestException: The URI you submitted has disallowed characters: "{{lead.avatar}}"
[Method: GET, Route: uploads/images/%7B%7Blead.avatar%7D%7D]
in SYSTEMPATH/Router/Router.php on line 737.
 1 SYSTEMPATH/Router/Router.php(204): CodeIgniter\Router\Router->checkDisallowedChars('uploads/images/{{lead.avatar}}')
 2 SYSTEMPATH/CodeIgniter.php(834): CodeIgniter\Router\Router->handle('uploads/images/{{lead.avatar}}')
 3 SYSTEMPATH/CodeIgniter.php(457): CodeIgniter\CodeIgniter->tryToRouteIt(Object(CodeIgniter\Router\RouteCollection))
 4 SYSTEMPATH/CodeIgniter.php(355): CodeIgniter\CodeIgniter->handleRequest(null, Object(Config\Cache), false)
 5 SYSTEMPATH/Boot.php(325): CodeIgniter\CodeIgniter->run()
 6 SYSTEMPATH/Boot.php(67): CodeIgniter\Boot::runCodeIgniter(Object(CodeIgniter\CodeIgniter))
 7 FCPATH/index.php(56): CodeIgniter\Boot::bootWeb(Object(Config\Paths))
CRITICAL - 2024-09-09 13:06:53 --> CodeIgniter\HTTP\Exceptions\BadRequestException: The URI you submitted has disallowed characters: "{{lead.avatar}}"
[Method: GET, Route: uploads/images/%7B%7Blead.avatar%7D%7D]
in SYSTEMPATH/Router/Router.php on line 737.
 1 SYSTEMPATH/Router/Router.php(204): CodeIgniter\Router\Router->checkDisallowedChars('uploads/images/{{lead.avatar}}')
 2 SYSTEMPATH/CodeIgniter.php(834): CodeIgniter\Router\Router->handle('uploads/images/{{lead.avatar}}')
 3 SYSTEMPATH/CodeIgniter.php(457): CodeIgniter\CodeIgniter->tryToRouteIt(Object(CodeIgniter\Router\RouteCollection))
 4 SYSTEMPATH/CodeIgniter.php(355): CodeIgniter\CodeIgniter->handleRequest(null, Object(Config\Cache), false)
 5 SYSTEMPATH/Boot.php(325): CodeIgniter\CodeIgniter->run()
 6 SYSTEMPATH/Boot.php(67): CodeIgniter\Boot::runCodeIgniter(Object(CodeIgniter\CodeIgniter))
 7 FCPATH/index.php(56): CodeIgniter\Boot::bootWeb(Object(Config\Paths))
CRITICAL - 2024-09-09 13:08:45 --> Error: Call to a member function table() on null
[Method: POST, Route: logs/insert]
in APPPATH/Controllers/Logs.php on line 61.
 1 APPPATH/Controllers/DynamicController.php(34): App\Controllers\Logs->insert()
 2 SYSTEMPATH/CodeIgniter.php(933): App\Controllers\DynamicController->execute('logs', 'insert')
 3 SYSTEMPATH/CodeIgniter.php(509): CodeIgniter\CodeIgniter->runController(Object(App\Controllers\DynamicController))
 4 SYSTEMPATH/CodeIgniter.php(355): CodeIgniter\CodeIgniter->handleRequest(null, Object(Config\Cache), false)
 5 SYSTEMPATH/Boot.php(325): CodeIgniter\CodeIgniter->run()
 6 SYSTEMPATH/Boot.php(67): CodeIgniter\Boot::runCodeIgniter(Object(CodeIgniter\CodeIgniter))
 7 FCPATH/index.php(56): CodeIgniter\Boot::bootWeb(Object(Config\Paths))
CRITICAL - 2024-09-09 13:11:09 --> CodeIgniter\HTTP\Exceptions\BadRequestException: The URI you submitted has disallowed characters: "{{lead.avatar}}"
[Method: GET, Route: uploads/images/%7B%7Blead.avatar%7D%7D]
in SYSTEMPATH/Router/Router.php on line 737.
 1 SYSTEMPATH/Router/Router.php(204): CodeIgniter\Router\Router->checkDisallowedChars('uploads/images/{{lead.avatar}}')
 2 SYSTEMPATH/CodeIgniter.php(834): CodeIgniter\Router\Router->handle('uploads/images/{{lead.avatar}}')
 3 SYSTEMPATH/CodeIgniter.php(457): CodeIgniter\CodeIgniter->tryToRouteIt(Object(CodeIgniter\Router\RouteCollection))
 4 SYSTEMPATH/CodeIgniter.php(355): CodeIgniter\CodeIgniter->handleRequest(null, Object(Config\Cache), false)
 5 SYSTEMPATH/Boot.php(325): CodeIgniter\CodeIgniter->run()
 6 SYSTEMPATH/Boot.php(67): CodeIgniter\Boot::runCodeIgniter(Object(CodeIgniter\CodeIgniter))
 7 FCPATH/index.php(56): CodeIgniter\Boot::bootWeb(Object(Config\Paths))
CRITICAL - 2024-09-09 13:11:09 --> CodeIgniter\HTTP\Exceptions\BadRequestException: The URI you submitted has disallowed characters: "{{appurl   'uploads"
[Method: GET, Route: %7B%7Bappurl%20%20%20%27uploads/images/%27%20%20%20chat.details.staffavatar%7D%7D]
in SYSTEMPATH/Router/Router.php on line 737.
 1 SYSTEMPATH/Router/Router.php(204): CodeIgniter\Router\Router->checkDisallowedChars('{{appurl   \'uploads/images/\'   chat.details.staffavatar}}')
 2 SYSTEMPATH/CodeIgniter.php(834): CodeIgniter\Router\Router->handle('{{appurl   \'uploads/images/\'   chat.details.staffavatar}}')
 3 SYSTEMPATH/CodeIgniter.php(457): CodeIgniter\CodeIgniter->tryToRouteIt(Object(CodeIgniter\Router\RouteCollection))
 4 SYSTEMPATH/CodeIgniter.php(355): CodeIgniter\CodeIgniter->handleRequest(null, Object(Config\Cache), false)
 5 SYSTEMPATH/Boot.php(325): CodeIgniter\CodeIgniter->run()
 6 SYSTEMPATH/Boot.php(67): CodeIgniter\Boot::runCodeIgniter(Object(CodeIgniter\CodeIgniter))
 7 FCPATH/index.php(56): CodeIgniter\Boot::bootWeb(Object(Config\Paths))
CRITICAL - 2024-09-09 13:11:09 --> CodeIgniter\HTTP\Exceptions\BadRequestException: The URI you submitted has disallowed characters: "{{appurl   'uploads"
[Method: GET, Route: %7B%7Bappurl%20%20%20%27uploads/images/%27%20%20%20chatAtual.details.staffavatar%7D%7D]
in SYSTEMPATH/Router/Router.php on line 737.
 1 SYSTEMPATH/Router/Router.php(204): CodeIgniter\Router\Router->checkDisallowedChars('{{appurl   \'uploads/images/\'   chatAtual.details.staffavatar}}')
 2 SYSTEMPATH/CodeIgniter.php(834): CodeIgniter\Router\Router->handle('{{appurl   \'uploads/images/\'   chatAtual.details.staffavatar}}')
 3 SYSTEMPATH/CodeIgniter.php(457): CodeIgniter\CodeIgniter->tryToRouteIt(Object(CodeIgniter\Router\RouteCollection))
 4 SYSTEMPATH/CodeIgniter.php(355): CodeIgniter\CodeIgniter->handleRequest(null, Object(Config\Cache), false)
 5 SYSTEMPATH/Boot.php(325): CodeIgniter\CodeIgniter->run()
 6 SYSTEMPATH/Boot.php(67): CodeIgniter\Boot::runCodeIgniter(Object(CodeIgniter\CodeIgniter))
 7 FCPATH/index.php(56): CodeIgniter\Boot::bootWeb(Object(Config\Paths))
CRITICAL - 2024-09-09 13:11:21 --> CodeIgniter\HTTP\Exceptions\BadRequestException: The URI you submitted has disallowed characters: "{{lead.avatar}}"
[Method: GET, Route: uploads/images/%7B%7Blead.avatar%7D%7D]
in SYSTEMPATH/Router/Router.php on line 737.
 1 SYSTEMPATH/Router/Router.php(204): CodeIgniter\Router\Router->checkDisallowedChars('uploads/images/{{lead.avatar}}')
 2 SYSTEMPATH/CodeIgniter.php(834): CodeIgniter\Router\Router->handle('uploads/images/{{lead.avatar}}')
 3 SYSTEMPATH/CodeIgniter.php(457): CodeIgniter\CodeIgniter->tryToRouteIt(Object(CodeIgniter\Router\RouteCollection))
 4 SYSTEMPATH/CodeIgniter.php(355): CodeIgniter\CodeIgniter->handleRequest(null, Object(Config\Cache), false)
 5 SYSTEMPATH/Boot.php(325): CodeIgniter\CodeIgniter->run()
 6 SYSTEMPATH/Boot.php(67): CodeIgniter\Boot::runCodeIgniter(Object(CodeIgniter\CodeIgniter))
 7 FCPATH/index.php(56): CodeIgniter\Boot::bootWeb(Object(Config\Paths))
CRITICAL - 2024-09-09 13:11:30 --> CodeIgniter\HTTP\Exceptions\BadRequestException: The URI you submitted has disallowed characters: "{{lead.avatar}}"
[Method: GET, Route: uploads/images/%7B%7Blead.avatar%7D%7D]
in SYSTEMPATH/Router/Router.php on line 737.
 1 SYSTEMPATH/Router/Router.php(204): CodeIgniter\Router\Router->checkDisallowedChars('uploads/images/{{lead.avatar}}')
 2 SYSTEMPATH/CodeIgniter.php(834): CodeIgniter\Router\Router->handle('uploads/images/{{lead.avatar}}')
 3 SYSTEMPATH/CodeIgniter.php(457): CodeIgniter\CodeIgniter->tryToRouteIt(Object(CodeIgniter\Router\RouteCollection))
 4 SYSTEMPATH/CodeIgniter.php(355): CodeIgniter\CodeIgniter->handleRequest(null, Object(Config\Cache), false)
 5 SYSTEMPATH/Boot.php(325): CodeIgniter\CodeIgniter->run()
 6 SYSTEMPATH/Boot.php(67): CodeIgniter\Boot::runCodeIgniter(Object(CodeIgniter\CodeIgniter))
 7 FCPATH/index.php(56): CodeIgniter\Boot::bootWeb(Object(Config\Paths))
CRITICAL - 2024-09-09 13:11:30 --> ErrorException: Uncaught Error: Call to undefined function lang2() in /home/next0355/dev.next1crm.com.br/system/Helpers/number_helper.php:50
Stack trace:
#0 /home/next0355/dev.next1crm.com.br/system/Debug/BaseExceptionHandler.php(154): number_to_size(4.0, 2)
#1 /home/next0355/dev.next1crm.com.br/app/Views/errors/html/error_exception.php(409): CodeIgniter\Debug\BaseExceptionHandler::describeMemory(4194304)
#2 /home/next0355/dev.next1crm.com.br/system/Debug/BaseExceptionHandler.php(266): include('/home/next0355/...')
#3 /home/next0355/dev.next1crm.com.br/system/Debug/BaseExceptionHandler.php(269): CodeIgniter\Debug\BaseExceptionHandler->CodeIgniter\Debug\{closure}()
#4 /home/next0355/dev.next1crm.com.br/system/Debug/ExceptionHandler.php(114): CodeIgniter\Debug\BaseExceptionHandler->render(Object(CodeIgniter\HTTP\Exceptions\BadRequestException), 400, '/home/next0355/...')
#5 /home/next0355/dev.next1crm.com.br/system/Debug/Exceptions.php(163): CodeIgniter\Debug\ExceptionHandler->handle(Object(CodeIgniter\HTTP\Exceptions\BadRequestException), Object(CodeIgniter\HTTP\IncomingRequest), Object(CodeIgniter\HTTP\Response), 400, 1)
#6 [internal function]: CodeIgniter\Debug\Exceptions->exceptionHandler(Object(CodeIgniter\HTTP\Exceptions\BadRequestException))
#7 {main}
  thrown
【Previous Exception】
CodeIgniter\HTTP\Exceptions\BadRequestException
The URI you submitted has disallowed characters: "{{lead.avatar}}"
#0 /home/next0355/dev.next1crm.com.br/system/Router/Router.php(204): CodeIgniter\Router\Router->checkDisallowedChars('uploads/images/...')
#1 /home/next0355/dev.next1crm.com.br/system/CodeIgniter.php(834): CodeIgniter\Router\Router->handle('uploads/images/...')
#2 /home/next0355/dev.next1crm.com.br/system/CodeIgniter.php(457): CodeIgniter\CodeIgniter->tryToRouteIt(Object(CodeIgniter\Router\RouteCollection))
#3 /home/next0355/dev.next1crm.com.br/system/CodeIgniter.php(355): CodeIgniter\CodeIgniter->handleRequest(NULL, Object(Config\Cache), false)
#4 /home/next0355/dev.next1crm.com.br/system/Boot.php(325): CodeIgniter\CodeIgniter->run()
#5 /home/next0355/dev.next1crm.com.br/system/Boot.php(67): CodeIgniter\Boot::runCodeIgniter(Object(CodeIgniter\CodeIgniter))
#6 /home/next0355/dev.next1crm.com.br/public/index.php(56): CodeIgniter\Boot::bootWeb(Object(Config\Paths))
#7 {main}
[Method: GET, Route: uploads/images/%7B%7Blead.avatar%7D%7D]
in SYSTEMPATH/Helpers/number_helper.php on line 50.
 1 [internal function]: CodeIgniter\Debug\Exceptions->shutdownHandler()
CRITICAL - 2024-09-09 13:13:07 --> ErrorException: Undefined property: App\Controllers\Logs::$Logs_Model
[Method: POST, Route: logs/insert]
in APPPATH/Controllers/Logs.php on line 48.
 1 APPPATH/Controllers/Logs.php(48): CodeIgniter\Debug\Exceptions->errorHandler(2, 'Undefined property: App\\Controllers\\Logs::$Logs_Model', '/home/next0355/dev.next1crm.com.br/app/Controllers/Logs.php', 48)
 2 APPPATH/Controllers/DynamicController.php(34): App\Controllers\Logs->insert()
 3 SYSTEMPATH/CodeIgniter.php(933): App\Controllers\DynamicController->execute('logs', 'insert')
 4 SYSTEMPATH/CodeIgniter.php(509): CodeIgniter\CodeIgniter->runController(Object(App\Controllers\DynamicController))
 5 SYSTEMPATH/CodeIgniter.php(355): CodeIgniter\CodeIgniter->handleRequest(null, Object(Config\Cache), false)
 6 SYSTEMPATH/Boot.php(325): CodeIgniter\CodeIgniter->run()
 7 SYSTEMPATH/Boot.php(67): CodeIgniter\Boot::runCodeIgniter(Object(CodeIgniter\CodeIgniter))
 8 FCPATH/index.php(56): CodeIgniter\Boot::bootWeb(Object(Config\Paths))
CRITICAL - 2024-09-09 13:13:13 --> CodeIgniter\HTTP\Exceptions\BadRequestException: The URI you submitted has disallowed characters: "{{appurl   'uploads"
[Method: GET, Route: %7B%7Bappurl%20%20%20%27uploads/images/%27%20%20%20chatAtual.details.staffavatar%7D%7D]
in SYSTEMPATH/Router/Router.php on line 737.
 1 SYSTEMPATH/Router/Router.php(204): CodeIgniter\Router\Router->checkDisallowedChars('{{appurl   \'uploads/images/\'   chatAtual.details.staffavatar}}')
 2 SYSTEMPATH/CodeIgniter.php(834): CodeIgniter\Router\Router->handle('{{appurl   \'uploads/images/\'   chatAtual.details.staffavatar}}')
 3 SYSTEMPATH/CodeIgniter.php(457): CodeIgniter\CodeIgniter->tryToRouteIt(Object(CodeIgniter\Router\RouteCollection))
 4 SYSTEMPATH/CodeIgniter.php(355): CodeIgniter\CodeIgniter->handleRequest(null, Object(Config\Cache), false)
 5 SYSTEMPATH/Boot.php(325): CodeIgniter\CodeIgniter->run()
 6 SYSTEMPATH/Boot.php(67): CodeIgniter\Boot::runCodeIgniter(Object(CodeIgniter\CodeIgniter))
 7 FCPATH/index.php(56): CodeIgniter\Boot::bootWeb(Object(Config\Paths))
CRITICAL - 2024-09-09 13:13:13 --> CodeIgniter\HTTP\Exceptions\BadRequestException: The URI you submitted has disallowed characters: "{{appurl   'uploads"
[Method: GET, Route: %7B%7Bappurl%20%20%20%27uploads/images/%27%20%20%20chat.details.staffavatar%7D%7D]
in SYSTEMPATH/Router/Router.php on line 737.
 1 SYSTEMPATH/Router/Router.php(204): CodeIgniter\Router\Router->checkDisallowedChars('{{appurl   \'uploads/images/\'   chat.details.staffavatar}}')
 2 SYSTEMPATH/CodeIgniter.php(834): CodeIgniter\Router\Router->handle('{{appurl   \'uploads/images/\'   chat.details.staffavatar}}')
 3 SYSTEMPATH/CodeIgniter.php(457): CodeIgniter\CodeIgniter->tryToRouteIt(Object(CodeIgniter\Router\RouteCollection))
 4 SYSTEMPATH/CodeIgniter.php(355): CodeIgniter\CodeIgniter->handleRequest(null, Object(Config\Cache), false)
 5 SYSTEMPATH/Boot.php(325): CodeIgniter\CodeIgniter->run()
 6 SYSTEMPATH/Boot.php(67): CodeIgniter\Boot::runCodeIgniter(Object(CodeIgniter\CodeIgniter))
 7 FCPATH/index.php(56): CodeIgniter\Boot::bootWeb(Object(Config\Paths))
CRITICAL - 2024-09-09 13:13:13 --> CodeIgniter\HTTP\Exceptions\BadRequestException: The URI you submitted has disallowed characters: "{{lead.avatar}}"
[Method: GET, Route: uploads/images/%7B%7Blead.avatar%7D%7D]
in SYSTEMPATH/Router/Router.php on line 737.
 1 SYSTEMPATH/Router/Router.php(204): CodeIgniter\Router\Router->checkDisallowedChars('uploads/images/{{lead.avatar}}')
 2 SYSTEMPATH/CodeIgniter.php(834): CodeIgniter\Router\Router->handle('uploads/images/{{lead.avatar}}')
 3 SYSTEMPATH/CodeIgniter.php(457): CodeIgniter\CodeIgniter->tryToRouteIt(Object(CodeIgniter\Router\RouteCollection))
 4 SYSTEMPATH/CodeIgniter.php(355): CodeIgniter\CodeIgniter->handleRequest(null, Object(Config\Cache), false)
 5 SYSTEMPATH/Boot.php(325): CodeIgniter\CodeIgniter->run()
 6 SYSTEMPATH/Boot.php(67): CodeIgniter\Boot::runCodeIgniter(Object(CodeIgniter\CodeIgniter))
 7 FCPATH/index.php(56): CodeIgniter\Boot::bootWeb(Object(Config\Paths))
CRITICAL - 2024-09-09 13:14:25 --> ErrorException: Trying to access array offset on value of type null
[Method: GET, Route: leads/move_lead]
in APPPATH/Controllers/Leads.php on line 1743.
 1 APPPATH/Controllers/Leads.php(1743): CodeIgniter\Debug\Exceptions->errorHandler(2, 'Trying to access array offset on value of type null', '/home/next0355/dev.next1crm.com.br/app/Controllers/Leads.php', 1743)
 2 APPPATH/Controllers/DynamicController.php(34): App\Controllers\Leads->move_lead()
 3 SYSTEMPATH/CodeIgniter.php(933): App\Controllers\DynamicController->execute('leads', 'move_lead')
 4 SYSTEMPATH/CodeIgniter.php(509): CodeIgniter\CodeIgniter->runController(Object(App\Controllers\DynamicController))
 5 SYSTEMPATH/CodeIgniter.php(355): CodeIgniter\CodeIgniter->handleRequest(null, Object(Config\Cache), false)
 6 SYSTEMPATH/Boot.php(325): CodeIgniter\CodeIgniter->run()
 7 SYSTEMPATH/Boot.php(67): CodeIgniter\Boot::runCodeIgniter(Object(CodeIgniter\CodeIgniter))
 8 FCPATH/index.php(56): CodeIgniter\Boot::bootWeb(Object(Config\Paths))
CRITICAL - 2024-09-09 13:15:03 --> ErrorException: Constant LANG already defined
[Method: GET, Route: CronJob/envia_avisos]
in APPPATH/Controllers/CronJob.php on line 18.
 1 [internal function]: CodeIgniter\Debug\Exceptions->errorHandler(2, 'Constant LANG already defined', '/home/next0355/dev.next1crm.com.br/app/Controllers/CronJob.php', 18)
 2 APPPATH/Controllers/CronJob.php(18): define('LANG', 'portuguese_br')
 3 APPPATH/Controllers/DynamicController.php(19): App\Controllers\CronJob->__construct()
 4 SYSTEMPATH/CodeIgniter.php(933): App\Controllers\DynamicController->execute('CronJob', 'envia_avisos')
 5 SYSTEMPATH/CodeIgniter.php(509): CodeIgniter\CodeIgniter->runController(Object(App\Controllers\DynamicController))
 6 SYSTEMPATH/CodeIgniter.php(355): CodeIgniter\CodeIgniter->handleRequest(null, Object(Config\Cache), false)
 7 SYSTEMPATH/Boot.php(325): CodeIgniter\CodeIgniter->run()
 8 SYSTEMPATH/Boot.php(67): CodeIgniter\Boot::runCodeIgniter(Object(CodeIgniter\CodeIgniter))
 9 FCPATH/index.php(56): CodeIgniter\Boot::bootWeb(Object(Config\Paths))
CRITICAL - 2024-09-09 13:15:15 --> ErrorException: Trying to access array offset on value of type null
[Method: GET, Route: leads/move_lead]
in APPPATH/Controllers/Leads.php on line 1743.
 1 APPPATH/Controllers/Leads.php(1743): CodeIgniter\Debug\Exceptions->errorHandler(2, 'Trying to access array offset on value of type null', '/home/next0355/dev.next1crm.com.br/app/Controllers/Leads.php', 1743)
 2 APPPATH/Controllers/DynamicController.php(34): App\Controllers\Leads->move_lead()
 3 SYSTEMPATH/CodeIgniter.php(933): App\Controllers\DynamicController->execute('leads', 'move_lead')
 4 SYSTEMPATH/CodeIgniter.php(509): CodeIgniter\CodeIgniter->runController(Object(App\Controllers\DynamicController))
 5 SYSTEMPATH/CodeIgniter.php(355): CodeIgniter\CodeIgniter->handleRequest(null, Object(Config\Cache), false)
 6 SYSTEMPATH/Boot.php(325): CodeIgniter\CodeIgniter->run()
 7 SYSTEMPATH/Boot.php(67): CodeIgniter\Boot::runCodeIgniter(Object(CodeIgniter\CodeIgniter))
 8 FCPATH/index.php(56): CodeIgniter\Boot::bootWeb(Object(Config\Paths))
CRITICAL - 2024-09-09 13:15:15 --> ErrorException: Trying to access array offset on value of type null
[Method: GET, Route: leads/move_lead]
in APPPATH/Controllers/Leads.php on line 1743.
 1 APPPATH/Controllers/Leads.php(1743): CodeIgniter\Debug\Exceptions->errorHandler(2, 'Trying to access array offset on value of type null', '/home/next0355/dev.next1crm.com.br/app/Controllers/Leads.php', 1743)
 2 APPPATH/Controllers/DynamicController.php(34): App\Controllers\Leads->move_lead()
 3 SYSTEMPATH/CodeIgniter.php(933): App\Controllers\DynamicController->execute('leads', 'move_lead')
 4 SYSTEMPATH/CodeIgniter.php(509): CodeIgniter\CodeIgniter->runController(Object(App\Controllers\DynamicController))
 5 SYSTEMPATH/CodeIgniter.php(355): CodeIgniter\CodeIgniter->handleRequest(null, Object(Config\Cache), false)
 6 SYSTEMPATH/Boot.php(325): CodeIgniter\CodeIgniter->run()
 7 SYSTEMPATH/Boot.php(67): CodeIgniter\Boot::runCodeIgniter(Object(CodeIgniter\CodeIgniter))
 8 FCPATH/index.php(56): CodeIgniter\Boot::bootWeb(Object(Config\Paths))
CRITICAL - 2024-09-09 13:16:30 --> CodeIgniter\HTTP\Exceptions\BadRequestException: The URI you submitted has disallowed characters: "{{lead.avatar}}"
[Method: GET, Route: uploads/images/%7B%7Blead.avatar%7D%7D]
in SYSTEMPATH/Router/Router.php on line 737.
 1 SYSTEMPATH/Router/Router.php(204): CodeIgniter\Router\Router->checkDisallowedChars('uploads/images/{{lead.avatar}}')
 2 SYSTEMPATH/CodeIgniter.php(834): CodeIgniter\Router\Router->handle('uploads/images/{{lead.avatar}}')
 3 SYSTEMPATH/CodeIgniter.php(457): CodeIgniter\CodeIgniter->tryToRouteIt(Object(CodeIgniter\Router\RouteCollection))
 4 SYSTEMPATH/CodeIgniter.php(355): CodeIgniter\CodeIgniter->handleRequest(null, Object(Config\Cache), false)
 5 SYSTEMPATH/Boot.php(325): CodeIgniter\CodeIgniter->run()
 6 SYSTEMPATH/Boot.php(67): CodeIgniter\Boot::runCodeIgniter(Object(CodeIgniter\CodeIgniter))
 7 FCPATH/index.php(56): CodeIgniter\Boot::bootWeb(Object(Config\Paths))
CRITICAL - 2024-09-09 13:16:30 --> CodeIgniter\HTTP\Exceptions\BadRequestException: The URI you submitted has disallowed characters: "{{appurl   'uploads"
[Method: GET, Route: %7B%7Bappurl%20%20%20%27uploads/images/%27%20%20%20chat.details.staffavatar%7D%7D]
in SYSTEMPATH/Router/Router.php on line 737.
 1 SYSTEMPATH/Router/Router.php(204): CodeIgniter\Router\Router->checkDisallowedChars('{{appurl   \'uploads/images/\'   chat.details.staffavatar}}')
 2 SYSTEMPATH/CodeIgniter.php(834): CodeIgniter\Router\Router->handle('{{appurl   \'uploads/images/\'   chat.details.staffavatar}}')
 3 SYSTEMPATH/CodeIgniter.php(457): CodeIgniter\CodeIgniter->tryToRouteIt(Object(CodeIgniter\Router\RouteCollection))
 4 SYSTEMPATH/CodeIgniter.php(355): CodeIgniter\CodeIgniter->handleRequest(null, Object(Config\Cache), false)
 5 SYSTEMPATH/Boot.php(325): CodeIgniter\CodeIgniter->run()
 6 SYSTEMPATH/Boot.php(67): CodeIgniter\Boot::runCodeIgniter(Object(CodeIgniter\CodeIgniter))
 7 FCPATH/index.php(56): CodeIgniter\Boot::bootWeb(Object(Config\Paths))
CRITICAL - 2024-09-09 13:16:30 --> CodeIgniter\HTTP\Exceptions\BadRequestException: The URI you submitted has disallowed characters: "{{appurl   'uploads"
[Method: GET, Route: %7B%7Bappurl%20%20%20%27uploads/images/%27%20%20%20chatAtual.details.staffavatar%7D%7D]
in SYSTEMPATH/Router/Router.php on line 737.
 1 SYSTEMPATH/Router/Router.php(204): CodeIgniter\Router\Router->checkDisallowedChars('{{appurl   \'uploads/images/\'   chatAtual.details.staffavatar}}')
 2 SYSTEMPATH/CodeIgniter.php(834): CodeIgniter\Router\Router->handle('{{appurl   \'uploads/images/\'   chatAtual.details.staffavatar}}')
 3 SYSTEMPATH/CodeIgniter.php(457): CodeIgniter\CodeIgniter->tryToRouteIt(Object(CodeIgniter\Router\RouteCollection))
 4 SYSTEMPATH/CodeIgniter.php(355): CodeIgniter\CodeIgniter->handleRequest(null, Object(Config\Cache), false)
 5 SYSTEMPATH/Boot.php(325): CodeIgniter\CodeIgniter->run()
 6 SYSTEMPATH/Boot.php(67): CodeIgniter\Boot::runCodeIgniter(Object(CodeIgniter\CodeIgniter))
 7 FCPATH/index.php(56): CodeIgniter\Boot::bootWeb(Object(Config\Paths))
CRITICAL - 2024-09-09 13:18:06 --> CodeIgniter\HTTP\Exceptions\BadRequestException: The URI you submitted has disallowed characters: "{{appurl   'uploads"
[Method: GET, Route: %7B%7Bappurl%20%20%20%27uploads/images/%27%20%20%20chat.details.staffavatar%7D%7D]
in SYSTEMPATH/Router/Router.php on line 737.
 1 SYSTEMPATH/Router/Router.php(204): CodeIgniter\Router\Router->checkDisallowedChars('{{appurl   \'uploads/images/\'   chat.details.staffavatar}}')
 2 SYSTEMPATH/CodeIgniter.php(834): CodeIgniter\Router\Router->handle('{{appurl   \'uploads/images/\'   chat.details.staffavatar}}')
 3 SYSTEMPATH/CodeIgniter.php(457): CodeIgniter\CodeIgniter->tryToRouteIt(Object(CodeIgniter\Router\RouteCollection))
 4 SYSTEMPATH/CodeIgniter.php(355): CodeIgniter\CodeIgniter->handleRequest(null, Object(Config\Cache), false)
 5 SYSTEMPATH/Boot.php(325): CodeIgniter\CodeIgniter->run()
 6 SYSTEMPATH/Boot.php(67): CodeIgniter\Boot::runCodeIgniter(Object(CodeIgniter\CodeIgniter))
 7 FCPATH/index.php(56): CodeIgniter\Boot::bootWeb(Object(Config\Paths))
CRITICAL - 2024-09-09 13:18:06 --> CodeIgniter\HTTP\Exceptions\BadRequestException: The URI you submitted has disallowed characters: "{{lead.avatar}}"
[Method: GET, Route: uploads/images/%7B%7Blead.avatar%7D%7D]
in SYSTEMPATH/Router/Router.php on line 737.
 1 SYSTEMPATH/Router/Router.php(204): CodeIgniter\Router\Router->checkDisallowedChars('uploads/images/{{lead.avatar}}')
 2 SYSTEMPATH/CodeIgniter.php(834): CodeIgniter\Router\Router->handle('uploads/images/{{lead.avatar}}')
 3 SYSTEMPATH/CodeIgniter.php(457): CodeIgniter\CodeIgniter->tryToRouteIt(Object(CodeIgniter\Router\RouteCollection))
 4 SYSTEMPATH/CodeIgniter.php(355): CodeIgniter\CodeIgniter->handleRequest(null, Object(Config\Cache), false)
 5 SYSTEMPATH/Boot.php(325): CodeIgniter\CodeIgniter->run()
 6 SYSTEMPATH/Boot.php(67): CodeIgniter\Boot::runCodeIgniter(Object(CodeIgniter\CodeIgniter))
 7 FCPATH/index.php(56): CodeIgniter\Boot::bootWeb(Object(Config\Paths))
CRITICAL - 2024-09-09 13:18:06 --> CodeIgniter\HTTP\Exceptions\BadRequestException: The URI you submitted has disallowed characters: "{{appurl   'uploads"
[Method: GET, Route: %7B%7Bappurl%20%20%20%27uploads/images/%27%20%20%20chatAtual.details.staffavatar%7D%7D]
in SYSTEMPATH/Router/Router.php on line 737.
 1 SYSTEMPATH/Router/Router.php(204): CodeIgniter\Router\Router->checkDisallowedChars('{{appurl   \'uploads/images/\'   chatAtual.details.staffavatar}}')
 2 SYSTEMPATH/CodeIgniter.php(834): CodeIgniter\Router\Router->handle('{{appurl   \'uploads/images/\'   chatAtual.details.staffavatar}}')
 3 SYSTEMPATH/CodeIgniter.php(457): CodeIgniter\CodeIgniter->tryToRouteIt(Object(CodeIgniter\Router\RouteCollection))
 4 SYSTEMPATH/CodeIgniter.php(355): CodeIgniter\CodeIgniter->handleRequest(null, Object(Config\Cache), false)
 5 SYSTEMPATH/Boot.php(325): CodeIgniter\CodeIgniter->run()
 6 SYSTEMPATH/Boot.php(67): CodeIgniter\Boot::runCodeIgniter(Object(CodeIgniter\CodeIgniter))
 7 FCPATH/index.php(56): CodeIgniter\Boot::bootWeb(Object(Config\Paths))
CRITICAL - 2024-09-09 13:20:28 --> CodeIgniter\HTTP\Exceptions\BadRequestException: The URI you submitted has disallowed characters: "{{appurl   'uploads"
[Method: GET, Route: %7B%7Bappurl%20%20%20%27uploads/images/%27%20%20%20chatAtual.details.staffavatar%7D%7D]
in SYSTEMPATH/Router/Router.php on line 737.
 1 SYSTEMPATH/Router/Router.php(204): CodeIgniter\Router\Router->checkDisallowedChars('{{appurl   \'uploads/images/\'   chatAtual.details.staffavatar}}')
 2 SYSTEMPATH/CodeIgniter.php(834): CodeIgniter\Router\Router->handle('{{appurl   \'uploads/images/\'   chatAtual.details.staffavatar}}')
 3 SYSTEMPATH/CodeIgniter.php(457): CodeIgniter\CodeIgniter->tryToRouteIt(Object(CodeIgniter\Router\RouteCollection))
 4 SYSTEMPATH/CodeIgniter.php(355): CodeIgniter\CodeIgniter->handleRequest(null, Object(Config\Cache), false)
 5 SYSTEMPATH/Boot.php(325): CodeIgniter\CodeIgniter->run()
 6 SYSTEMPATH/Boot.php(67): CodeIgniter\Boot::runCodeIgniter(Object(CodeIgniter\CodeIgniter))
 7 FCPATH/index.php(56): CodeIgniter\Boot::bootWeb(Object(Config\Paths))
CRITICAL - 2024-09-09 13:20:28 --> CodeIgniter\HTTP\Exceptions\BadRequestException: The URI you submitted has disallowed characters: "{{lead.avatar}}"
[Method: GET, Route: uploads/images/%7B%7Blead.avatar%7D%7D]
in SYSTEMPATH/Router/Router.php on line 737.
 1 SYSTEMPATH/Router/Router.php(204): CodeIgniter\Router\Router->checkDisallowedChars('uploads/images/{{lead.avatar}}')
 2 SYSTEMPATH/CodeIgniter.php(834): CodeIgniter\Router\Router->handle('uploads/images/{{lead.avatar}}')
 3 SYSTEMPATH/CodeIgniter.php(457): CodeIgniter\CodeIgniter->tryToRouteIt(Object(CodeIgniter\Router\RouteCollection))
 4 SYSTEMPATH/CodeIgniter.php(355): CodeIgniter\CodeIgniter->handleRequest(null, Object(Config\Cache), false)
 5 SYSTEMPATH/Boot.php(325): CodeIgniter\CodeIgniter->run()
 6 SYSTEMPATH/Boot.php(67): CodeIgniter\Boot::runCodeIgniter(Object(CodeIgniter\CodeIgniter))
 7 FCPATH/index.php(56): CodeIgniter\Boot::bootWeb(Object(Config\Paths))
CRITICAL - 2024-09-09 13:20:28 --> CodeIgniter\HTTP\Exceptions\BadRequestException: The URI you submitted has disallowed characters: "{{appurl   'uploads"
[Method: GET, Route: %7B%7Bappurl%20%20%20%27uploads/images/%27%20%20%20chat.details.staffavatar%7D%7D]
in SYSTEMPATH/Router/Router.php on line 737.
 1 SYSTEMPATH/Router/Router.php(204): CodeIgniter\Router\Router->checkDisallowedChars('{{appurl   \'uploads/images/\'   chat.details.staffavatar}}')
 2 SYSTEMPATH/CodeIgniter.php(834): CodeIgniter\Router\Router->handle('{{appurl   \'uploads/images/\'   chat.details.staffavatar}}')
 3 SYSTEMPATH/CodeIgniter.php(457): CodeIgniter\CodeIgniter->tryToRouteIt(Object(CodeIgniter\Router\RouteCollection))
 4 SYSTEMPATH/CodeIgniter.php(355): CodeIgniter\CodeIgniter->handleRequest(null, Object(Config\Cache), false)
 5 SYSTEMPATH/Boot.php(325): CodeIgniter\CodeIgniter->run()
 6 SYSTEMPATH/Boot.php(67): CodeIgniter\Boot::runCodeIgniter(Object(CodeIgniter\CodeIgniter))
 7 FCPATH/index.php(56): CodeIgniter\Boot::bootWeb(Object(Config\Paths))
CRITICAL - 2024-09-09 13:20:56 --> Error: Call to undefined method CodeIgniter\Database\MySQLi\Connection::get()
[Method: POST, Route: leads/create]
in APPPATH/Controllers/Leads.php on line 856.
 1 APPPATH/Controllers/DynamicController.php(34): App\Controllers\Leads->create()
 2 SYSTEMPATH/CodeIgniter.php(933): App\Controllers\DynamicController->execute('leads', 'create')
 3 SYSTEMPATH/CodeIgniter.php(509): CodeIgniter\CodeIgniter->runController(Object(App\Controllers\DynamicController))
 4 SYSTEMPATH/CodeIgniter.php(355): CodeIgniter\CodeIgniter->handleRequest(null, Object(Config\Cache), false)
 5 SYSTEMPATH/Boot.php(325): CodeIgniter\CodeIgniter->run()
 6 SYSTEMPATH/Boot.php(67): CodeIgniter\Boot::runCodeIgniter(Object(CodeIgniter\CodeIgniter))
 7 FCPATH/index.php(56): CodeIgniter\Boot::bootWeb(Object(Config\Paths))
CRITICAL - 2024-09-09 13:22:04 --> CodeIgniter\HTTP\Exceptions\BadRequestException: The URI you submitted has disallowed characters: "{{appurl   'uploads"
[Method: GET, Route: %7B%7Bappurl%20%20%20%27uploads/images/%27%20%20%20chatAtual.details.staffavatar%7D%7D]
in SYSTEMPATH/Router/Router.php on line 737.
 1 SYSTEMPATH/Router/Router.php(204): CodeIgniter\Router\Router->checkDisallowedChars('{{appurl   \'uploads/images/\'   chatAtual.details.staffavatar}}')
 2 SYSTEMPATH/CodeIgniter.php(834): CodeIgniter\Router\Router->handle('{{appurl   \'uploads/images/\'   chatAtual.details.staffavatar}}')
 3 SYSTEMPATH/CodeIgniter.php(457): CodeIgniter\CodeIgniter->tryToRouteIt(Object(CodeIgniter\Router\RouteCollection))
 4 SYSTEMPATH/CodeIgniter.php(355): CodeIgniter\CodeIgniter->handleRequest(null, Object(Config\Cache), false)
 5 SYSTEMPATH/Boot.php(325): CodeIgniter\CodeIgniter->run()
 6 SYSTEMPATH/Boot.php(67): CodeIgniter\Boot::runCodeIgniter(Object(CodeIgniter\CodeIgniter))
 7 FCPATH/index.php(56): CodeIgniter\Boot::bootWeb(Object(Config\Paths))
CRITICAL - 2024-09-09 13:22:04 --> CodeIgniter\HTTP\Exceptions\BadRequestException: The URI you submitted has disallowed characters: "{{appurl   'uploads"
[Method: GET, Route: %7B%7Bappurl%20%20%20%27uploads/images/%27%20%20%20chat.details.staffavatar%7D%7D]
in SYSTEMPATH/Router/Router.php on line 737.
 1 SYSTEMPATH/Router/Router.php(204): CodeIgniter\Router\Router->checkDisallowedChars('{{appurl   \'uploads/images/\'   chat.details.staffavatar}}')
 2 SYSTEMPATH/CodeIgniter.php(834): CodeIgniter\Router\Router->handle('{{appurl   \'uploads/images/\'   chat.details.staffavatar}}')
 3 SYSTEMPATH/CodeIgniter.php(457): CodeIgniter\CodeIgniter->tryToRouteIt(Object(CodeIgniter\Router\RouteCollection))
 4 SYSTEMPATH/CodeIgniter.php(355): CodeIgniter\CodeIgniter->handleRequest(null, Object(Config\Cache), false)
 5 SYSTEMPATH/Boot.php(325): CodeIgniter\CodeIgniter->run()
 6 SYSTEMPATH/Boot.php(67): CodeIgniter\Boot::runCodeIgniter(Object(CodeIgniter\CodeIgniter))
 7 FCPATH/index.php(56): CodeIgniter\Boot::bootWeb(Object(Config\Paths))
ERROR - 2024-09-09 13:22:29 --> mysqli_sql_exception: Column 'id_equipe' cannot be null in /home/next0355/dev.next1crm.com.br/system/Database/MySQLi/Connection.php:312
Stack trace:
#0 /home/next0355/dev.next1crm.com.br/system/Database/MySQLi/Connection.php(312): mysqli->query('INSERT INTO `go...', 0)
#1 /home/next0355/dev.next1crm.com.br/system/Database/BaseConnection.php(734): CodeIgniter\Database\MySQLi\Connection->execute('INSERT INTO `go...')
#2 /home/next0355/dev.next1crm.com.br/system/Database/BaseConnection.php(648): CodeIgniter\Database\BaseConnection->simpleQuery('INSERT INTO `go...')
#3 /home/next0355/dev.next1crm.com.br/system/Database/BaseBuilder.php(2345): CodeIgniter\Database\BaseConnection->query('INSERT INTO `go...', Array, false)
#4 /home/next0355/dev.next1crm.com.br/app/Controllers/Goals.php(48): CodeIgniter\Database\BaseBuilder->insert(Array)
#5 /home/next0355/dev.next1crm.com.br/app/Controllers/DynamicController.php(34): App\Controllers\Goals->salva_meta()
#6 /home/next0355/dev.next1crm.com.br/system/CodeIgniter.php(933): App\Controllers\DynamicController->execute('goals', 'salva_meta')
#7 /home/next0355/dev.next1crm.com.br/system/CodeIgniter.php(509): CodeIgniter\CodeIgniter->runController(Object(App\Controllers\DynamicController))
#8 /home/next0355/dev.next1crm.com.br/system/CodeIgniter.php(355): CodeIgniter\CodeIgniter->handleRequest(NULL, Object(Config\Cache), false)
#9 /home/next0355/dev.next1crm.com.br/system/Boot.php(325): CodeIgniter\CodeIgniter->run()
#10 /home/next0355/dev.next1crm.com.br/system/Boot.php(67): CodeIgniter\Boot::runCodeIgniter(Object(CodeIgniter\CodeIgniter))
#11 /home/next0355/dev.next1crm.com.br/public/index.php(56): CodeIgniter\Boot::bootWeb(Object(Config\Paths))
#12 {main}
CRITICAL - 2024-09-09 13:29:36 --> CodeIgniter\HTTP\Exceptions\BadRequestException: The URI you submitted has disallowed characters: "{{appurl   'uploads"
[Method: GET, Route: %7B%7Bappurl%20%20%20%27uploads/images/%27%20%20%20chatAtual.details.staffavatar%7D%7D]
in SYSTEMPATH/Router/Router.php on line 737.
 1 SYSTEMPATH/Router/Router.php(204): CodeIgniter\Router\Router->checkDisallowedChars('{{appurl   \'uploads/images/\'   chatAtual.details.staffavatar}}')
 2 SYSTEMPATH/CodeIgniter.php(834): CodeIgniter\Router\Router->handle('{{appurl   \'uploads/images/\'   chatAtual.details.staffavatar}}')
 3 SYSTEMPATH/CodeIgniter.php(457): CodeIgniter\CodeIgniter->tryToRouteIt(Object(CodeIgniter\Router\RouteCollection))
 4 SYSTEMPATH/CodeIgniter.php(355): CodeIgniter\CodeIgniter->handleRequest(null, Object(Config\Cache), false)
 5 SYSTEMPATH/Boot.php(325): CodeIgniter\CodeIgniter->run()
 6 SYSTEMPATH/Boot.php(67): CodeIgniter\Boot::runCodeIgniter(Object(CodeIgniter\CodeIgniter))
 7 FCPATH/index.php(56): CodeIgniter\Boot::bootWeb(Object(Config\Paths))
CRITICAL - 2024-09-09 13:29:36 --> CodeIgniter\HTTP\Exceptions\BadRequestException: The URI you submitted has disallowed characters: "{{appurl   'uploads"
[Method: GET, Route: %7B%7Bappurl%20%20%20%27uploads/images/%27%20%20%20chat.details.staffavatar%7D%7D]
in SYSTEMPATH/Router/Router.php on line 737.
 1 SYSTEMPATH/Router/Router.php(204): CodeIgniter\Router\Router->checkDisallowedChars('{{appurl   \'uploads/images/\'   chat.details.staffavatar}}')
 2 SYSTEMPATH/CodeIgniter.php(834): CodeIgniter\Router\Router->handle('{{appurl   \'uploads/images/\'   chat.details.staffavatar}}')
 3 SYSTEMPATH/CodeIgniter.php(457): CodeIgniter\CodeIgniter->tryToRouteIt(Object(CodeIgniter\Router\RouteCollection))
 4 SYSTEMPATH/CodeIgniter.php(355): CodeIgniter\CodeIgniter->handleRequest(null, Object(Config\Cache), false)
 5 SYSTEMPATH/Boot.php(325): CodeIgniter\CodeIgniter->run()
 6 SYSTEMPATH/Boot.php(67): CodeIgniter\Boot::runCodeIgniter(Object(CodeIgniter\CodeIgniter))
 7 FCPATH/index.php(56): CodeIgniter\Boot::bootWeb(Object(Config\Paths))
CRITICAL - 2024-09-09 13:30:02 --> ErrorException: Constant LANG already defined
[Method: GET, Route: CronJob/envia_avisos]
in APPPATH/Controllers/CronJob.php on line 18.
 1 [internal function]: CodeIgniter\Debug\Exceptions->errorHandler(2, 'Constant LANG already defined', '/home/next0355/dev.next1crm.com.br/app/Controllers/CronJob.php', 18)
 2 APPPATH/Controllers/CronJob.php(18): define('LANG', 'portuguese_br')
 3 APPPATH/Controllers/DynamicController.php(19): App\Controllers\CronJob->__construct()
 4 SYSTEMPATH/CodeIgniter.php(933): App\Controllers\DynamicController->execute('CronJob', 'envia_avisos')
 5 SYSTEMPATH/CodeIgniter.php(509): CodeIgniter\CodeIgniter->runController(Object(App\Controllers\DynamicController))
 6 SYSTEMPATH/CodeIgniter.php(355): CodeIgniter\CodeIgniter->handleRequest(null, Object(Config\Cache), false)
 7 SYSTEMPATH/Boot.php(325): CodeIgniter\CodeIgniter->run()
 8 SYSTEMPATH/Boot.php(67): CodeIgniter\Boot::runCodeIgniter(Object(CodeIgniter\CodeIgniter))
 9 FCPATH/index.php(56): CodeIgniter\Boot::bootWeb(Object(Config\Paths))
CRITICAL - 2024-09-09 13:32:08 --> CodeIgniter\HTTP\Exceptions\BadRequestException: The URI you submitted has disallowed characters: "{{appurl   'uploads"
[Method: GET, Route: %7B%7Bappurl%20%20%20%27uploads/images/%27%20%20%20chat.details.staffavatar%7D%7D]
in SYSTEMPATH/Router/Router.php on line 737.
 1 SYSTEMPATH/Router/Router.php(204): CodeIgniter\Router\Router->checkDisallowedChars('{{appurl   \'uploads/images/\'   chat.details.staffavatar}}')
 2 SYSTEMPATH/CodeIgniter.php(834): CodeIgniter\Router\Router->handle('{{appurl   \'uploads/images/\'   chat.details.staffavatar}}')
 3 SYSTEMPATH/CodeIgniter.php(457): CodeIgniter\CodeIgniter->tryToRouteIt(Object(CodeIgniter\Router\RouteCollection))
 4 SYSTEMPATH/CodeIgniter.php(355): CodeIgniter\CodeIgniter->handleRequest(null, Object(Config\Cache), false)
 5 SYSTEMPATH/Boot.php(325): CodeIgniter\CodeIgniter->run()
 6 SYSTEMPATH/Boot.php(67): CodeIgniter\Boot::runCodeIgniter(Object(CodeIgniter\CodeIgniter))
 7 FCPATH/index.php(56): CodeIgniter\Boot::bootWeb(Object(Config\Paths))
CRITICAL - 2024-09-09 13:32:09 --> CodeIgniter\HTTP\Exceptions\BadRequestException: The URI you submitted has disallowed characters: "{{appurl   'uploads"
[Method: GET, Route: %7B%7Bappurl%20%20%20%27uploads/images/%27%20%20%20chatAtual.details.staffavatar%7D%7D]
in SYSTEMPATH/Router/Router.php on line 737.
 1 SYSTEMPATH/Router/Router.php(204): CodeIgniter\Router\Router->checkDisallowedChars('{{appurl   \'uploads/images/\'   chatAtual.details.staffavatar}}')
 2 SYSTEMPATH/CodeIgniter.php(834): CodeIgniter\Router\Router->handle('{{appurl   \'uploads/images/\'   chatAtual.details.staffavatar}}')
 3 SYSTEMPATH/CodeIgniter.php(457): CodeIgniter\CodeIgniter->tryToRouteIt(Object(CodeIgniter\Router\RouteCollection))
 4 SYSTEMPATH/CodeIgniter.php(355): CodeIgniter\CodeIgniter->handleRequest(null, Object(Config\Cache), false)
 5 SYSTEMPATH/Boot.php(325): CodeIgniter\CodeIgniter->run()
 6 SYSTEMPATH/Boot.php(67): CodeIgniter\Boot::runCodeIgniter(Object(CodeIgniter\CodeIgniter))
 7 FCPATH/index.php(56): CodeIgniter\Boot::bootWeb(Object(Config\Paths))
CRITICAL - 2024-09-09 13:33:41 --> CodeIgniter\HTTP\Exceptions\BadRequestException: The URI you submitted has disallowed characters: "{{appurl   'uploads"
[Method: GET, Route: %7B%7Bappurl%20%20%20%27uploads/images/%27%20%20%20chatAtual.details.staffavatar%7D%7D]
in SYSTEMPATH/Router/Router.php on line 737.
 1 SYSTEMPATH/Router/Router.php(204): CodeIgniter\Router\Router->checkDisallowedChars('{{appurl   \'uploads/images/\'   chatAtual.details.staffavatar}}')
 2 SYSTEMPATH/CodeIgniter.php(834): CodeIgniter\Router\Router->handle('{{appurl   \'uploads/images/\'   chatAtual.details.staffavatar}}')
 3 SYSTEMPATH/CodeIgniter.php(457): CodeIgniter\CodeIgniter->tryToRouteIt(Object(CodeIgniter\Router\RouteCollection))
 4 SYSTEMPATH/CodeIgniter.php(355): CodeIgniter\CodeIgniter->handleRequest(null, Object(Config\Cache), false)
 5 SYSTEMPATH/Boot.php(325): CodeIgniter\CodeIgniter->run()
 6 SYSTEMPATH/Boot.php(67): CodeIgniter\Boot::runCodeIgniter(Object(CodeIgniter\CodeIgniter))
 7 FCPATH/index.php(56): CodeIgniter\Boot::bootWeb(Object(Config\Paths))
CRITICAL - 2024-09-09 13:33:41 --> CodeIgniter\HTTP\Exceptions\BadRequestException: The URI you submitted has disallowed characters: "{{appurl   'uploads"
[Method: GET, Route: %7B%7Bappurl%20%20%20%27uploads/images/%27%20%20%20chat.details.staffavatar%7D%7D]
in SYSTEMPATH/Router/Router.php on line 737.
 1 SYSTEMPATH/Router/Router.php(204): CodeIgniter\Router\Router->checkDisallowedChars('{{appurl   \'uploads/images/\'   chat.details.staffavatar}}')
 2 SYSTEMPATH/CodeIgniter.php(834): CodeIgniter\Router\Router->handle('{{appurl   \'uploads/images/\'   chat.details.staffavatar}}')
 3 SYSTEMPATH/CodeIgniter.php(457): CodeIgniter\CodeIgniter->tryToRouteIt(Object(CodeIgniter\Router\RouteCollection))
 4 SYSTEMPATH/CodeIgniter.php(355): CodeIgniter\CodeIgniter->handleRequest(null, Object(Config\Cache), false)
 5 SYSTEMPATH/Boot.php(325): CodeIgniter\CodeIgniter->run()
 6 SYSTEMPATH/Boot.php(67): CodeIgniter\Boot::runCodeIgniter(Object(CodeIgniter\CodeIgniter))
 7 FCPATH/index.php(56): CodeIgniter\Boot::bootWeb(Object(Config\Paths))
CRITICAL - 2024-09-09 13:34:01 --> CodeIgniter\HTTP\Exceptions\BadRequestException: The URI you submitted has disallowed characters: "{{appurl   'uploads"
[Method: GET, Route: %7B%7Bappurl%20%20%20%27uploads/images/%27%20%20%20chat.details.staffavatar%7D%7D]
in SYSTEMPATH/Router/Router.php on line 737.
 1 SYSTEMPATH/Router/Router.php(204): CodeIgniter\Router\Router->checkDisallowedChars('{{appurl   \'uploads/images/\'   chat.details.staffavatar}}')
 2 SYSTEMPATH/CodeIgniter.php(834): CodeIgniter\Router\Router->handle('{{appurl   \'uploads/images/\'   chat.details.staffavatar}}')
 3 SYSTEMPATH/CodeIgniter.php(457): CodeIgniter\CodeIgniter->tryToRouteIt(Object(CodeIgniter\Router\RouteCollection))
 4 SYSTEMPATH/CodeIgniter.php(355): CodeIgniter\CodeIgniter->handleRequest(null, Object(Config\Cache), false)
 5 SYSTEMPATH/Boot.php(325): CodeIgniter\CodeIgniter->run()
 6 SYSTEMPATH/Boot.php(67): CodeIgniter\Boot::runCodeIgniter(Object(CodeIgniter\CodeIgniter))
 7 FCPATH/index.php(56): CodeIgniter\Boot::bootWeb(Object(Config\Paths))
CRITICAL - 2024-09-09 13:34:01 --> CodeIgniter\HTTP\Exceptions\BadRequestException: The URI you submitted has disallowed characters: "{{appurl   'uploads"
[Method: GET, Route: %7B%7Bappurl%20%20%20%27uploads/images/%27%20%20%20chatAtual.details.staffavatar%7D%7D]
in SYSTEMPATH/Router/Router.php on line 737.
 1 SYSTEMPATH/Router/Router.php(204): CodeIgniter\Router\Router->checkDisallowedChars('{{appurl   \'uploads/images/\'   chatAtual.details.staffavatar}}')
 2 SYSTEMPATH/CodeIgniter.php(834): CodeIgniter\Router\Router->handle('{{appurl   \'uploads/images/\'   chatAtual.details.staffavatar}}')
 3 SYSTEMPATH/CodeIgniter.php(457): CodeIgniter\CodeIgniter->tryToRouteIt(Object(CodeIgniter\Router\RouteCollection))
 4 SYSTEMPATH/CodeIgniter.php(355): CodeIgniter\CodeIgniter->handleRequest(null, Object(Config\Cache), false)
 5 SYSTEMPATH/Boot.php(325): CodeIgniter\CodeIgniter->run()
 6 SYSTEMPATH/Boot.php(67): CodeIgniter\Boot::runCodeIgniter(Object(CodeIgniter\CodeIgniter))
 7 FCPATH/index.php(56): CodeIgniter\Boot::bootWeb(Object(Config\Paths))
CRITICAL - 2024-09-09 13:34:44 --> CodeIgniter\HTTP\Exceptions\BadRequestException: The URI you submitted has disallowed characters: "{{appurl   'uploads"
[Method: GET, Route: %7B%7Bappurl%20%20%20%27uploads/images/%27%20%20%20chat.details.staffavatar%7D%7D]
in SYSTEMPATH/Router/Router.php on line 737.
 1 SYSTEMPATH/Router/Router.php(204): CodeIgniter\Router\Router->checkDisallowedChars('{{appurl   \'uploads/images/\'   chat.details.staffavatar}}')
 2 SYSTEMPATH/CodeIgniter.php(834): CodeIgniter\Router\Router->handle('{{appurl   \'uploads/images/\'   chat.details.staffavatar}}')
 3 SYSTEMPATH/CodeIgniter.php(457): CodeIgniter\CodeIgniter->tryToRouteIt(Object(CodeIgniter\Router\RouteCollection))
 4 SYSTEMPATH/CodeIgniter.php(355): CodeIgniter\CodeIgniter->handleRequest(null, Object(Config\Cache), false)
 5 SYSTEMPATH/Boot.php(325): CodeIgniter\CodeIgniter->run()
 6 SYSTEMPATH/Boot.php(67): CodeIgniter\Boot::runCodeIgniter(Object(CodeIgniter\CodeIgniter))
 7 FCPATH/index.php(56): CodeIgniter\Boot::bootWeb(Object(Config\Paths))
CRITICAL - 2024-09-09 13:34:44 --> CodeIgniter\HTTP\Exceptions\BadRequestException: The URI you submitted has disallowed characters: "{{appurl   'uploads"
[Method: GET, Route: %7B%7Bappurl%20%20%20%27uploads/images/%27%20%20%20chatAtual.details.staffavatar%7D%7D]
in SYSTEMPATH/Router/Router.php on line 737.
 1 SYSTEMPATH/Router/Router.php(204): CodeIgniter\Router\Router->checkDisallowedChars('{{appurl   \'uploads/images/\'   chatAtual.details.staffavatar}}')
 2 SYSTEMPATH/CodeIgniter.php(834): CodeIgniter\Router\Router->handle('{{appurl   \'uploads/images/\'   chatAtual.details.staffavatar}}')
 3 SYSTEMPATH/CodeIgniter.php(457): CodeIgniter\CodeIgniter->tryToRouteIt(Object(CodeIgniter\Router\RouteCollection))
 4 SYSTEMPATH/CodeIgniter.php(355): CodeIgniter\CodeIgniter->handleRequest(null, Object(Config\Cache), false)
 5 SYSTEMPATH/Boot.php(325): CodeIgniter\CodeIgniter->run()
 6 SYSTEMPATH/Boot.php(67): CodeIgniter\Boot::runCodeIgniter(Object(CodeIgniter\CodeIgniter))
 7 FCPATH/index.php(56): CodeIgniter\Boot::bootWeb(Object(Config\Paths))
CRITICAL - 2024-09-09 13:35:16 --> CodeIgniter\HTTP\Exceptions\BadRequestException: The URI you submitted has disallowed characters: "{{appurl   'uploads"
[Method: GET, Route: %7B%7Bappurl%20%20%20%27uploads/images/%27%20%20%20chat.details.staffavatar%7D%7D]
in SYSTEMPATH/Router/Router.php on line 737.
 1 SYSTEMPATH/Router/Router.php(204): CodeIgniter\Router\Router->checkDisallowedChars('{{appurl   \'uploads/images/\'   chat.details.staffavatar}}')
 2 SYSTEMPATH/CodeIgniter.php(834): CodeIgniter\Router\Router->handle('{{appurl   \'uploads/images/\'   chat.details.staffavatar}}')
 3 SYSTEMPATH/CodeIgniter.php(457): CodeIgniter\CodeIgniter->tryToRouteIt(Object(CodeIgniter\Router\RouteCollection))
 4 SYSTEMPATH/CodeIgniter.php(355): CodeIgniter\CodeIgniter->handleRequest(null, Object(Config\Cache), false)
 5 SYSTEMPATH/Boot.php(325): CodeIgniter\CodeIgniter->run()
 6 SYSTEMPATH/Boot.php(67): CodeIgniter\Boot::runCodeIgniter(Object(CodeIgniter\CodeIgniter))
 7 FCPATH/index.php(56): CodeIgniter\Boot::bootWeb(Object(Config\Paths))
CRITICAL - 2024-09-09 13:35:16 --> CodeIgniter\HTTP\Exceptions\BadRequestException: The URI you submitted has disallowed characters: "{{appurl   'uploads"
[Method: GET, Route: %7B%7Bappurl%20%20%20%27uploads/images/%27%20%20%20chatAtual.details.staffavatar%7D%7D]
in SYSTEMPATH/Router/Router.php on line 737.
 1 SYSTEMPATH/Router/Router.php(204): CodeIgniter\Router\Router->checkDisallowedChars('{{appurl   \'uploads/images/\'   chatAtual.details.staffavatar}}')
 2 SYSTEMPATH/CodeIgniter.php(834): CodeIgniter\Router\Router->handle('{{appurl   \'uploads/images/\'   chatAtual.details.staffavatar}}')
 3 SYSTEMPATH/CodeIgniter.php(457): CodeIgniter\CodeIgniter->tryToRouteIt(Object(CodeIgniter\Router\RouteCollection))
 4 SYSTEMPATH/CodeIgniter.php(355): CodeIgniter\CodeIgniter->handleRequest(null, Object(Config\Cache), false)
 5 SYSTEMPATH/Boot.php(325): CodeIgniter\CodeIgniter->run()
 6 SYSTEMPATH/Boot.php(67): CodeIgniter\Boot::runCodeIgniter(Object(CodeIgniter\CodeIgniter))
 7 FCPATH/index.php(56): CodeIgniter\Boot::bootWeb(Object(Config\Paths))
CRITICAL - 2024-09-09 13:35:38 --> CodeIgniter\HTTP\Exceptions\BadRequestException: The URI you submitted has disallowed characters: "{{appurl   'uploads"
[Method: GET, Route: %7B%7Bappurl%20%20%20%27uploads/images/%27%20%20%20chat.details.staffavatar%7D%7D]
in SYSTEMPATH/Router/Router.php on line 737.
 1 SYSTEMPATH/Router/Router.php(204): CodeIgniter\Router\Router->checkDisallowedChars('{{appurl   \'uploads/images/\'   chat.details.staffavatar}}')
 2 SYSTEMPATH/CodeIgniter.php(834): CodeIgniter\Router\Router->handle('{{appurl   \'uploads/images/\'   chat.details.staffavatar}}')
 3 SYSTEMPATH/CodeIgniter.php(457): CodeIgniter\CodeIgniter->tryToRouteIt(Object(CodeIgniter\Router\RouteCollection))
 4 SYSTEMPATH/CodeIgniter.php(355): CodeIgniter\CodeIgniter->handleRequest(null, Object(Config\Cache), false)
 5 SYSTEMPATH/Boot.php(325): CodeIgniter\CodeIgniter->run()
 6 SYSTEMPATH/Boot.php(67): CodeIgniter\Boot::runCodeIgniter(Object(CodeIgniter\CodeIgniter))
 7 FCPATH/index.php(56): CodeIgniter\Boot::bootWeb(Object(Config\Paths))
CRITICAL - 2024-09-09 13:35:38 --> CodeIgniter\HTTP\Exceptions\BadRequestException: The URI you submitted has disallowed characters: "{{lead.avatar}}"
[Method: GET, Route: uploads/images/%7B%7Blead.avatar%7D%7D]
in SYSTEMPATH/Router/Router.php on line 737.
 1 SYSTEMPATH/Router/Router.php(204): CodeIgniter\Router\Router->checkDisallowedChars('uploads/images/{{lead.avatar}}')
 2 SYSTEMPATH/CodeIgniter.php(834): CodeIgniter\Router\Router->handle('uploads/images/{{lead.avatar}}')
 3 SYSTEMPATH/CodeIgniter.php(457): CodeIgniter\CodeIgniter->tryToRouteIt(Object(CodeIgniter\Router\RouteCollection))
 4 SYSTEMPATH/CodeIgniter.php(355): CodeIgniter\CodeIgniter->handleRequest(null, Object(Config\Cache), false)
 5 SYSTEMPATH/Boot.php(325): CodeIgniter\CodeIgniter->run()
 6 SYSTEMPATH/Boot.php(67): CodeIgniter\Boot::runCodeIgniter(Object(CodeIgniter\CodeIgniter))
 7 FCPATH/index.php(56): CodeIgniter\Boot::bootWeb(Object(Config\Paths))
CRITICAL - 2024-09-09 13:35:38 --> CodeIgniter\HTTP\Exceptions\BadRequestException: The URI you submitted has disallowed characters: "{{appurl   'uploads"
[Method: GET, Route: %7B%7Bappurl%20%20%20%27uploads/images/%27%20%20%20chatAtual.details.staffavatar%7D%7D]
in SYSTEMPATH/Router/Router.php on line 737.
 1 SYSTEMPATH/Router/Router.php(204): CodeIgniter\Router\Router->checkDisallowedChars('{{appurl   \'uploads/images/\'   chatAtual.details.staffavatar}}')
 2 SYSTEMPATH/CodeIgniter.php(834): CodeIgniter\Router\Router->handle('{{appurl   \'uploads/images/\'   chatAtual.details.staffavatar}}')
 3 SYSTEMPATH/CodeIgniter.php(457): CodeIgniter\CodeIgniter->tryToRouteIt(Object(CodeIgniter\Router\RouteCollection))
 4 SYSTEMPATH/CodeIgniter.php(355): CodeIgniter\CodeIgniter->handleRequest(null, Object(Config\Cache), false)
 5 SYSTEMPATH/Boot.php(325): CodeIgniter\CodeIgniter->run()
 6 SYSTEMPATH/Boot.php(67): CodeIgniter\Boot::runCodeIgniter(Object(CodeIgniter\CodeIgniter))
 7 FCPATH/index.php(56): CodeIgniter\Boot::bootWeb(Object(Config\Paths))
CRITICAL - 2024-09-09 13:35:48 --> CodeIgniter\HTTP\Exceptions\BadRequestException: The URI you submitted has disallowed characters: "{{appurl   'uploads"
[Method: GET, Route: leads/lead/%7B%7Bappurl%20%20%20%27uploads/images/%27%20%20%20chatAtual.details.staffavatar%7D%7D]
in SYSTEMPATH/Router/Router.php on line 737.
 1 SYSTEMPATH/Router/Router.php(204): CodeIgniter\Router\Router->checkDisallowedChars('leads/lead/{{appurl   \'uploads/images/\'   chatAtual.details.staffavatar}}')
 2 SYSTEMPATH/CodeIgniter.php(834): CodeIgniter\Router\Router->handle('leads/lead/{{appurl   \'uploads/images/\'   chatAtual.details.staffavatar}}')
 3 SYSTEMPATH/CodeIgniter.php(457): CodeIgniter\CodeIgniter->tryToRouteIt(Object(CodeIgniter\Router\RouteCollection))
 4 SYSTEMPATH/CodeIgniter.php(355): CodeIgniter\CodeIgniter->handleRequest(null, Object(Config\Cache), false)
 5 SYSTEMPATH/Boot.php(325): CodeIgniter\CodeIgniter->run()
 6 SYSTEMPATH/Boot.php(67): CodeIgniter\Boot::runCodeIgniter(Object(CodeIgniter\CodeIgniter))
 7 FCPATH/index.php(56): CodeIgniter\Boot::bootWeb(Object(Config\Paths))
CRITICAL - 2024-09-09 13:35:48 --> CodeIgniter\HTTP\Exceptions\BadRequestException: The URI you submitted has disallowed characters: "{{base_url   atividade.atv_ft}}"
[Method: GET, Route: leads/lead/%7B%7Bbase_url%20%20%20atividade.atv_ft%7D%7D]
in SYSTEMPATH/Router/Router.php on line 737.
 1 SYSTEMPATH/Router/Router.php(204): CodeIgniter\Router\Router->checkDisallowedChars('leads/lead/{{base_url   atividade.atv_ft}}')
 2 SYSTEMPATH/CodeIgniter.php(834): CodeIgniter\Router\Router->handle('leads/lead/{{base_url   atividade.atv_ft}}')
 3 SYSTEMPATH/CodeIgniter.php(457): CodeIgniter\CodeIgniter->tryToRouteIt(Object(CodeIgniter\Router\RouteCollection))
 4 SYSTEMPATH/CodeIgniter.php(355): CodeIgniter\CodeIgniter->handleRequest(null, Object(Config\Cache), false)
 5 SYSTEMPATH/Boot.php(325): CodeIgniter\CodeIgniter->run()
 6 SYSTEMPATH/Boot.php(67): CodeIgniter\Boot::runCodeIgniter(Object(CodeIgniter\CodeIgniter))
 7 FCPATH/index.php(56): CodeIgniter\Boot::bootWeb(Object(Config\Paths))
CRITICAL - 2024-09-09 13:35:49 --> CodeIgniter\HTTP\Exceptions\BadRequestException: The URI you submitted has disallowed characters: "{{base_url   'assets"
[Method: GET, Route: leads/lead/%7B%7Bbase_url%20%20%20%27assets/img/icons/email.png%27%7D%7D]
in SYSTEMPATH/Router/Router.php on line 737.
 1 SYSTEMPATH/Router/Router.php(204): CodeIgniter\Router\Router->checkDisallowedChars('leads/lead/{{base_url   \'assets/img/icons/email.png\'}}')
 2 SYSTEMPATH/CodeIgniter.php(834): CodeIgniter\Router\Router->handle('leads/lead/{{base_url   \'assets/img/icons/email.png\'}}')
 3 SYSTEMPATH/CodeIgniter.php(457): CodeIgniter\CodeIgniter->tryToRouteIt(Object(CodeIgniter\Router\RouteCollection))
 4 SYSTEMPATH/CodeIgniter.php(355): CodeIgniter\CodeIgniter->handleRequest(null, Object(Config\Cache), false)
 5 SYSTEMPATH/Boot.php(325): CodeIgniter\CodeIgniter->run()
 6 SYSTEMPATH/Boot.php(67): CodeIgniter\Boot::runCodeIgniter(Object(CodeIgniter\CodeIgniter))
 7 FCPATH/index.php(56): CodeIgniter\Boot::bootWeb(Object(Config\Paths))
CRITICAL - 2024-09-09 13:35:49 --> CodeIgniter\HTTP\Exceptions\BadRequestException: The URI you submitted has disallowed characters: "{{base_url   'assets"
[Method: GET, Route: leads/lead/%7B%7Bbase_url%20%20%20%27assets/img/icons/instagram.png%27%7D%7D]
in SYSTEMPATH/Router/Router.php on line 737.
 1 SYSTEMPATH/Router/Router.php(204): CodeIgniter\Router\Router->checkDisallowedChars('leads/lead/{{base_url   \'assets/img/icons/instagram.png\'}}')
 2 SYSTEMPATH/CodeIgniter.php(834): CodeIgniter\Router\Router->handle('leads/lead/{{base_url   \'assets/img/icons/instagram.png\'}}')
 3 SYSTEMPATH/CodeIgniter.php(457): CodeIgniter\CodeIgniter->tryToRouteIt(Object(CodeIgniter\Router\RouteCollection))
 4 SYSTEMPATH/CodeIgniter.php(355): CodeIgniter\CodeIgniter->handleRequest(null, Object(Config\Cache), false)
 5 SYSTEMPATH/Boot.php(325): CodeIgniter\CodeIgniter->run()
 6 SYSTEMPATH/Boot.php(67): CodeIgniter\Boot::runCodeIgniter(Object(CodeIgniter\CodeIgniter))
 7 FCPATH/index.php(56): CodeIgniter\Boot::bootWeb(Object(Config\Paths))
CRITICAL - 2024-09-09 13:35:49 --> CodeIgniter\HTTP\Exceptions\BadRequestException: The URI you submitted has disallowed characters: "{{base_url   'assets"
[Method: GET, Route: leads/lead/%7B%7Bbase_url%20%20%20%27assets/img/icons/whatsapp.png%27%7D%7D]
in SYSTEMPATH/Router/Router.php on line 737.
 1 SYSTEMPATH/Router/Router.php(204): CodeIgniter\Router\Router->checkDisallowedChars('leads/lead/{{base_url   \'assets/img/icons/whatsapp.png\'}}')
 2 SYSTEMPATH/CodeIgniter.php(834): CodeIgniter\Router\Router->handle('leads/lead/{{base_url   \'assets/img/icons/whatsapp.png\'}}')
 3 SYSTEMPATH/CodeIgniter.php(457): CodeIgniter\CodeIgniter->tryToRouteIt(Object(CodeIgniter\Router\RouteCollection))
 4 SYSTEMPATH/CodeIgniter.php(355): CodeIgniter\CodeIgniter->handleRequest(null, Object(Config\Cache), false)
 5 SYSTEMPATH/Boot.php(325): CodeIgniter\CodeIgniter->run()
 6 SYSTEMPATH/Boot.php(67): CodeIgniter\Boot::runCodeIgniter(Object(CodeIgniter\CodeIgniter))
 7 FCPATH/index.php(56): CodeIgniter\Boot::bootWeb(Object(Config\Paths))
CRITICAL - 2024-09-09 13:35:49 --> CodeIgniter\HTTP\Exceptions\BadRequestException: The URI you submitted has disallowed characters: "{{appurl   'uploads"
[Method: GET, Route: leads/lead/%7B%7Bappurl%20%20%20%27uploads/images/%27%20%20%20chat.details.staffavatar%7D%7D]
in SYSTEMPATH/Router/Router.php on line 737.
 1 SYSTEMPATH/Router/Router.php(204): CodeIgniter\Router\Router->checkDisallowedChars('leads/lead/{{appurl   \'uploads/images/\'   chat.details.staffavatar}}')
 2 SYSTEMPATH/CodeIgniter.php(834): CodeIgniter\Router\Router->handle('leads/lead/{{appurl   \'uploads/images/\'   chat.details.staffavatar}}')
 3 SYSTEMPATH/CodeIgniter.php(457): CodeIgniter\CodeIgniter->tryToRouteIt(Object(CodeIgniter\Router\RouteCollection))
 4 SYSTEMPATH/CodeIgniter.php(355): CodeIgniter\CodeIgniter->handleRequest(null, Object(Config\Cache), false)
 5 SYSTEMPATH/Boot.php(325): CodeIgniter\CodeIgniter->run()
 6 SYSTEMPATH/Boot.php(67): CodeIgniter\Boot::runCodeIgniter(Object(CodeIgniter\CodeIgniter))
 7 FCPATH/index.php(56): CodeIgniter\Boot::bootWeb(Object(Config\Paths))
CRITICAL - 2024-09-09 13:35:49 --> CodeIgniter\HTTP\Exceptions\BadRequestException: The URI you submitted has disallowed characters: "{{base_url   'assets"
[Method: GET, Route: leads/lead/%7B%7Bbase_url%20%20%20%27assets/img/icons/linkedin.png%27%7D%7D]
in SYSTEMPATH/Router/Router.php on line 737.
 1 SYSTEMPATH/Router/Router.php(204): CodeIgniter\Router\Router->checkDisallowedChars('leads/lead/{{base_url   \'assets/img/icons/linkedin.png\'}}')
 2 SYSTEMPATH/CodeIgniter.php(834): CodeIgniter\Router\Router->handle('leads/lead/{{base_url   \'assets/img/icons/linkedin.png\'}}')
 3 SYSTEMPATH/CodeIgniter.php(457): CodeIgniter\CodeIgniter->tryToRouteIt(Object(CodeIgniter\Router\RouteCollection))
 4 SYSTEMPATH/CodeIgniter.php(355): CodeIgniter\CodeIgniter->handleRequest(null, Object(Config\Cache), false)
 5 SYSTEMPATH/Boot.php(325): CodeIgniter\CodeIgniter->run()
 6 SYSTEMPATH/Boot.php(67): CodeIgniter\Boot::runCodeIgniter(Object(CodeIgniter\CodeIgniter))
 7 FCPATH/index.php(56): CodeIgniter\Boot::bootWeb(Object(Config\Paths))
CRITICAL - 2024-09-09 13:35:49 --> CodeIgniter\HTTP\Exceptions\BadRequestException: The URI you submitted has disallowed characters: "{{appurl   'uploads"
[Method: GET, Route: leads/lead/%7B%7Bappurl%20%20%20%27uploads/images/%27%20%20%20chat.details.staffavatar%20%7D%7D]
in SYSTEMPATH/Router/Router.php on line 737.
 1 SYSTEMPATH/Router/Router.php(204): CodeIgniter\Router\Router->checkDisallowedChars('leads/lead/{{appurl   \'uploads/images/\'   chat.details.staffavatar }}')
 2 SYSTEMPATH/CodeIgniter.php(834): CodeIgniter\Router\Router->handle('leads/lead/{{appurl   \'uploads/images/\'   chat.details.staffavatar }}')
 3 SYSTEMPATH/CodeIgniter.php(457): CodeIgniter\CodeIgniter->tryToRouteIt(Object(CodeIgniter\Router\RouteCollection))
 4 SYSTEMPATH/CodeIgniter.php(355): CodeIgniter\CodeIgniter->handleRequest(null, Object(Config\Cache), false)
 5 SYSTEMPATH/Boot.php(325): CodeIgniter\CodeIgniter->run()
 6 SYSTEMPATH/Boot.php(67): CodeIgniter\Boot::runCodeIgniter(Object(CodeIgniter\CodeIgniter))
 7 FCPATH/index.php(56): CodeIgniter\Boot::bootWeb(Object(Config\Paths))
CRITICAL - 2024-09-09 13:36:01 --> CodeIgniter\HTTP\Exceptions\BadRequestException: The URI you submitted has disallowed characters: "{{base_url   'assets"
[Method: GET, Route: customers/customer/%7B%7Bbase_url%20%20%20%27assets/img/icons/instagram.png%27%7D%7D]
in SYSTEMPATH/Router/Router.php on line 737.
 1 SYSTEMPATH/Router/Router.php(204): CodeIgniter\Router\Router->checkDisallowedChars('customers/customer/{{base_url   \'assets/img/icons/instagram.png\'}}')
 2 SYSTEMPATH/CodeIgniter.php(834): CodeIgniter\Router\Router->handle('customers/customer/{{base_url   \'assets/img/icons/instagram.png\'}}')
 3 SYSTEMPATH/CodeIgniter.php(457): CodeIgniter\CodeIgniter->tryToRouteIt(Object(CodeIgniter\Router\RouteCollection))
 4 SYSTEMPATH/CodeIgniter.php(355): CodeIgniter\CodeIgniter->handleRequest(null, Object(Config\Cache), false)
 5 SYSTEMPATH/Boot.php(325): CodeIgniter\CodeIgniter->run()
 6 SYSTEMPATH/Boot.php(67): CodeIgniter\Boot::runCodeIgniter(Object(CodeIgniter\CodeIgniter))
 7 FCPATH/index.php(56): CodeIgniter\Boot::bootWeb(Object(Config\Paths))
CRITICAL - 2024-09-09 13:36:01 --> CodeIgniter\HTTP\Exceptions\BadRequestException: The URI you submitted has disallowed characters: "{{base_url   'assets"
[Method: GET, Route: customers/customer/%7B%7Bbase_url%20%20%20%27assets/img/icons/whatsapp.png%27%7D%7D]
in SYSTEMPATH/Router/Router.php on line 737.
 1 SYSTEMPATH/Router/Router.php(204): CodeIgniter\Router\Router->checkDisallowedChars('customers/customer/{{base_url   \'assets/img/icons/whatsapp.png\'}}')
 2 SYSTEMPATH/CodeIgniter.php(834): CodeIgniter\Router\Router->handle('customers/customer/{{base_url   \'assets/img/icons/whatsapp.png\'}}')
 3 SYSTEMPATH/CodeIgniter.php(457): CodeIgniter\CodeIgniter->tryToRouteIt(Object(CodeIgniter\Router\RouteCollection))
 4 SYSTEMPATH/CodeIgniter.php(355): CodeIgniter\CodeIgniter->handleRequest(null, Object(Config\Cache), false)
 5 SYSTEMPATH/Boot.php(325): CodeIgniter\CodeIgniter->run()
 6 SYSTEMPATH/Boot.php(67): CodeIgniter\Boot::runCodeIgniter(Object(CodeIgniter\CodeIgniter))
 7 FCPATH/index.php(56): CodeIgniter\Boot::bootWeb(Object(Config\Paths))
CRITICAL - 2024-09-09 13:36:01 --> CodeIgniter\HTTP\Exceptions\BadRequestException: The URI you submitted has disallowed characters: "{{appurl   'uploads"
[Method: GET, Route: customers/customer/%7B%7Bappurl%20%20%20%27uploads/images/%27%20%20%20chatAtual.details.staffavatar%7D%7D]
in SYSTEMPATH/Router/Router.php on line 737.
 1 SYSTEMPATH/Router/Router.php(204): CodeIgniter\Router\Router->checkDisallowedChars('customers/customer/{{appurl   \'uploads/images/\'   chatAtual.details.staffavatar}}')
 2 SYSTEMPATH/CodeIgniter.php(834): CodeIgniter\Router\Router->handle('customers/customer/{{appurl   \'uploads/images/\'   chatAtual.details.staffavatar}}')
 3 SYSTEMPATH/CodeIgniter.php(457): CodeIgniter\CodeIgniter->tryToRouteIt(Object(CodeIgniter\Router\RouteCollection))
 4 SYSTEMPATH/CodeIgniter.php(355): CodeIgniter\CodeIgniter->handleRequest(null, Object(Config\Cache), false)
 5 SYSTEMPATH/Boot.php(325): CodeIgniter\CodeIgniter->run()
 6 SYSTEMPATH/Boot.php(67): CodeIgniter\Boot::runCodeIgniter(Object(CodeIgniter\CodeIgniter))
 7 FCPATH/index.php(56): CodeIgniter\Boot::bootWeb(Object(Config\Paths))
CRITICAL - 2024-09-09 13:36:01 --> CodeIgniter\HTTP\Exceptions\BadRequestException: The URI you submitted has disallowed characters: "{{base_url   'assets"
[Method: GET, Route: customers/customer/%7B%7Bbase_url%20%20%20%27assets/img/icons/linkedin.png%27%7D%7D]
in SYSTEMPATH/Router/Router.php on line 737.
 1 SYSTEMPATH/Router/Router.php(204): CodeIgniter\Router\Router->checkDisallowedChars('customers/customer/{{base_url   \'assets/img/icons/linkedin.png\'}}')
 2 SYSTEMPATH/CodeIgniter.php(834): CodeIgniter\Router\Router->handle('customers/customer/{{base_url   \'assets/img/icons/linkedin.png\'}}')
 3 SYSTEMPATH/CodeIgniter.php(457): CodeIgniter\CodeIgniter->tryToRouteIt(Object(CodeIgniter\Router\RouteCollection))
 4 SYSTEMPATH/CodeIgniter.php(355): CodeIgniter\CodeIgniter->handleRequest(null, Object(Config\Cache), false)
 5 SYSTEMPATH/Boot.php(325): CodeIgniter\CodeIgniter->run()
 6 SYSTEMPATH/Boot.php(67): CodeIgniter\Boot::runCodeIgniter(Object(CodeIgniter\CodeIgniter))
 7 FCPATH/index.php(56): CodeIgniter\Boot::bootWeb(Object(Config\Paths))
CRITICAL - 2024-09-09 13:36:01 --> CodeIgniter\HTTP\Exceptions\BadRequestException: The URI you submitted has disallowed characters: "{{base_url   atividade.atv_ft}}"
[Method: GET, Route: customers/customer/%7B%7Bbase_url%20%20%20atividade.atv_ft%7D%7D]
in SYSTEMPATH/Router/Router.php on line 737.
 1 SYSTEMPATH/Router/Router.php(204): CodeIgniter\Router\Router->checkDisallowedChars('customers/customer/{{base_url   atividade.atv_ft}}')
 2 SYSTEMPATH/CodeIgniter.php(834): CodeIgniter\Router\Router->handle('customers/customer/{{base_url   atividade.atv_ft}}')
 3 SYSTEMPATH/CodeIgniter.php(457): CodeIgniter\CodeIgniter->tryToRouteIt(Object(CodeIgniter\Router\RouteCollection))
 4 SYSTEMPATH/CodeIgniter.php(355): CodeIgniter\CodeIgniter->handleRequest(null, Object(Config\Cache), false)
 5 SYSTEMPATH/Boot.php(325): CodeIgniter\CodeIgniter->run()
 6 SYSTEMPATH/Boot.php(67): CodeIgniter\Boot::runCodeIgniter(Object(CodeIgniter\CodeIgniter))
 7 FCPATH/index.php(56): CodeIgniter\Boot::bootWeb(Object(Config\Paths))
CRITICAL - 2024-09-09 13:36:01 --> CodeIgniter\HTTP\Exceptions\BadRequestException: The URI you submitted has disallowed characters: "{{base_url   'assets"
[Method: GET, Route: customers/customer/%7B%7Bbase_url%20%20%20%27assets/img/icons/email.png%27%7D%7D]
in SYSTEMPATH/Router/Router.php on line 737.
 1 SYSTEMPATH/Router/Router.php(204): CodeIgniter\Router\Router->checkDisallowedChars('customers/customer/{{base_url   \'assets/img/icons/email.png\'}}')
 2 SYSTEMPATH/CodeIgniter.php(834): CodeIgniter\Router\Router->handle('customers/customer/{{base_url   \'assets/img/icons/email.png\'}}')
 3 SYSTEMPATH/CodeIgniter.php(457): CodeIgniter\CodeIgniter->tryToRouteIt(Object(CodeIgniter\Router\RouteCollection))
 4 SYSTEMPATH/CodeIgniter.php(355): CodeIgniter\CodeIgniter->handleRequest(null, Object(Config\Cache), false)
 5 SYSTEMPATH/Boot.php(325): CodeIgniter\CodeIgniter->run()
 6 SYSTEMPATH/Boot.php(67): CodeIgniter\Boot::runCodeIgniter(Object(CodeIgniter\CodeIgniter))
 7 FCPATH/index.php(56): CodeIgniter\Boot::bootWeb(Object(Config\Paths))
CRITICAL - 2024-09-09 13:36:01 --> CodeIgniter\HTTP\Exceptions\BadRequestException: The URI you submitted has disallowed characters: "{{appurl   'uploads"
[Method: GET, Route: customers/customer/%7B%7Bappurl%20%20%20%27uploads/images/%27%20%20%20chat.details.staffavatar%7D%7D]
in SYSTEMPATH/Router/Router.php on line 737.
 1 SYSTEMPATH/Router/Router.php(204): CodeIgniter\Router\Router->checkDisallowedChars('customers/customer/{{appurl   \'uploads/images/\'   chat.details.staffavatar}}')
 2 SYSTEMPATH/CodeIgniter.php(834): CodeIgniter\Router\Router->handle('customers/customer/{{appurl   \'uploads/images/\'   chat.details.staffavatar}}')
 3 SYSTEMPATH/CodeIgniter.php(457): CodeIgniter\CodeIgniter->tryToRouteIt(Object(CodeIgniter\Router\RouteCollection))
 4 SYSTEMPATH/CodeIgniter.php(355): CodeIgniter\CodeIgniter->handleRequest(null, Object(Config\Cache), false)
 5 SYSTEMPATH/Boot.php(325): CodeIgniter\CodeIgniter->run()
 6 SYSTEMPATH/Boot.php(67): CodeIgniter\Boot::runCodeIgniter(Object(CodeIgniter\CodeIgniter))
 7 FCPATH/index.php(56): CodeIgniter\Boot::bootWeb(Object(Config\Paths))
CRITICAL - 2024-09-09 13:36:06 --> ErrorException: Undefined property: App\Controllers\Customers::$Contacts_Model
[Method: GET, Route: customers/get_customer/2132/2024]
in APPPATH/Controllers/Customers.php on line 1441.
 1 APPPATH/Controllers/Customers.php(1441): CodeIgniter\Debug\Exceptions->errorHandler(2, 'Undefined property: App\\Controllers\\Customers::$Contacts_Model', '/home/next0355/dev.next1crm.com.br/app/Controllers/Customers.php', 1441)
 2 APPPATH/Controllers/DynamicController.php(29): App\Controllers\Customers->get_customer('2132', '2024')
 3 SYSTEMPATH/CodeIgniter.php(933): App\Controllers\DynamicController->execute('customers', 'get_customer', '2132', '2024')
 4 SYSTEMPATH/CodeIgniter.php(509): CodeIgniter\CodeIgniter->runController(Object(App\Controllers\DynamicController))
 5 SYSTEMPATH/CodeIgniter.php(355): CodeIgniter\CodeIgniter->handleRequest(null, Object(Config\Cache), false)
 6 SYSTEMPATH/Boot.php(325): CodeIgniter\CodeIgniter->run()
 7 SYSTEMPATH/Boot.php(67): CodeIgniter\Boot::runCodeIgniter(Object(CodeIgniter\CodeIgniter))
 8 FCPATH/index.php(56): CodeIgniter\Boot::bootWeb(Object(Config\Paths))
CRITICAL - 2024-09-09 13:36:47 --> CodeIgniter\HTTP\Exceptions\BadRequestException: The URI you submitted has disallowed characters: "{{base_url   'assets"
[Method: GET, Route: customers/customer/%7B%7Bbase_url%20%20%20%27assets/img/icons/email.png%27%7D%7D]
in SYSTEMPATH/Router/Router.php on line 737.
 1 SYSTEMPATH/Router/Router.php(204): CodeIgniter\Router\Router->checkDisallowedChars('customers/customer/{{base_url   \'assets/img/icons/email.png\'}}')
 2 SYSTEMPATH/CodeIgniter.php(834): CodeIgniter\Router\Router->handle('customers/customer/{{base_url   \'assets/img/icons/email.png\'}}')
 3 SYSTEMPATH/CodeIgniter.php(457): CodeIgniter\CodeIgniter->tryToRouteIt(Object(CodeIgniter\Router\RouteCollection))
 4 SYSTEMPATH/CodeIgniter.php(355): CodeIgniter\CodeIgniter->handleRequest(null, Object(Config\Cache), false)
 5 SYSTEMPATH/Boot.php(325): CodeIgniter\CodeIgniter->run()
 6 SYSTEMPATH/Boot.php(67): CodeIgniter\Boot::runCodeIgniter(Object(CodeIgniter\CodeIgniter))
 7 FCPATH/index.php(56): CodeIgniter\Boot::bootWeb(Object(Config\Paths))
CRITICAL - 2024-09-09 13:36:48 --> CodeIgniter\HTTP\Exceptions\BadRequestException: The URI you submitted has disallowed characters: "{{base_url   'assets"
[Method: GET, Route: customers/customer/%7B%7Bbase_url%20%20%20%27assets/img/icons/instagram.png%27%7D%7D]
in SYSTEMPATH/Router/Router.php on line 737.
 1 SYSTEMPATH/Router/Router.php(204): CodeIgniter\Router\Router->checkDisallowedChars('customers/customer/{{base_url   \'assets/img/icons/instagram.png\'}}')
 2 SYSTEMPATH/CodeIgniter.php(834): CodeIgniter\Router\Router->handle('customers/customer/{{base_url   \'assets/img/icons/instagram.png\'}}')
 3 SYSTEMPATH/CodeIgniter.php(457): CodeIgniter\CodeIgniter->tryToRouteIt(Object(CodeIgniter\Router\RouteCollection))
 4 SYSTEMPATH/CodeIgniter.php(355): CodeIgniter\CodeIgniter->handleRequest(null, Object(Config\Cache), false)
 5 SYSTEMPATH/Boot.php(325): CodeIgniter\CodeIgniter->run()
 6 SYSTEMPATH/Boot.php(67): CodeIgniter\Boot::runCodeIgniter(Object(CodeIgniter\CodeIgniter))
 7 FCPATH/index.php(56): CodeIgniter\Boot::bootWeb(Object(Config\Paths))
CRITICAL - 2024-09-09 13:36:48 --> CodeIgniter\HTTP\Exceptions\BadRequestException: The URI you submitted has disallowed characters: "{{appurl   'uploads"
[Method: GET, Route: customers/customer/%7B%7Bappurl%20%20%20%27uploads/images/%27%20%20%20chat.details.staffavatar%7D%7D]
in SYSTEMPATH/Router/Router.php on line 737.
 1 SYSTEMPATH/Router/Router.php(204): CodeIgniter\Router\Router->checkDisallowedChars('customers/customer/{{appurl   \'uploads/images/\'   chat.details.staffavatar}}')
 2 SYSTEMPATH/CodeIgniter.php(834): CodeIgniter\Router\Router->handle('customers/customer/{{appurl   \'uploads/images/\'   chat.details.staffavatar}}')
 3 SYSTEMPATH/CodeIgniter.php(457): CodeIgniter\CodeIgniter->tryToRouteIt(Object(CodeIgniter\Router\RouteCollection))
 4 SYSTEMPATH/CodeIgniter.php(355): CodeIgniter\CodeIgniter->handleRequest(null, Object(Config\Cache), false)
 5 SYSTEMPATH/Boot.php(325): CodeIgniter\CodeIgniter->run()
 6 SYSTEMPATH/Boot.php(67): CodeIgniter\Boot::runCodeIgniter(Object(CodeIgniter\CodeIgniter))
 7 FCPATH/index.php(56): CodeIgniter\Boot::bootWeb(Object(Config\Paths))
CRITICAL - 2024-09-09 13:36:48 --> CodeIgniter\HTTP\Exceptions\BadRequestException: The URI you submitted has disallowed characters: "{{appurl   'uploads"
[Method: GET, Route: customers/customer/%7B%7Bappurl%20%20%20%27uploads/images/%27%20%20%20chatAtual.details.staffavatar%7D%7D]
in SYSTEMPATH/Router/Router.php on line 737.
 1 SYSTEMPATH/Router/Router.php(204): CodeIgniter\Router\Router->checkDisallowedChars('customers/customer/{{appurl   \'uploads/images/\'   chatAtual.details.staffavatar}}')
 2 SYSTEMPATH/CodeIgniter.php(834): CodeIgniter\Router\Router->handle('customers/customer/{{appurl   \'uploads/images/\'   chatAtual.details.staffavatar}}')
 3 SYSTEMPATH/CodeIgniter.php(457): CodeIgniter\CodeIgniter->tryToRouteIt(Object(CodeIgniter\Router\RouteCollection))
 4 SYSTEMPATH/CodeIgniter.php(355): CodeIgniter\CodeIgniter->handleRequest(null, Object(Config\Cache), false)
 5 SYSTEMPATH/Boot.php(325): CodeIgniter\CodeIgniter->run()
 6 SYSTEMPATH/Boot.php(67): CodeIgniter\Boot::runCodeIgniter(Object(CodeIgniter\CodeIgniter))
 7 FCPATH/index.php(56): CodeIgniter\Boot::bootWeb(Object(Config\Paths))
CRITICAL - 2024-09-09 13:36:48 --> CodeIgniter\HTTP\Exceptions\BadRequestException: The URI you submitted has disallowed characters: "{{base_url   atividade.atv_ft}}"
[Method: GET, Route: customers/customer/%7B%7Bbase_url%20%20%20atividade.atv_ft%7D%7D]
in SYSTEMPATH/Router/Router.php on line 737.
 1 SYSTEMPATH/Router/Router.php(204): CodeIgniter\Router\Router->checkDisallowedChars('customers/customer/{{base_url   atividade.atv_ft}}')
 2 SYSTEMPATH/CodeIgniter.php(834): CodeIgniter\Router\Router->handle('customers/customer/{{base_url   atividade.atv_ft}}')
 3 SYSTEMPATH/CodeIgniter.php(457): CodeIgniter\CodeIgniter->tryToRouteIt(Object(CodeIgniter\Router\RouteCollection))
 4 SYSTEMPATH/CodeIgniter.php(355): CodeIgniter\CodeIgniter->handleRequest(null, Object(Config\Cache), false)
 5 SYSTEMPATH/Boot.php(325): CodeIgniter\CodeIgniter->run()
 6 SYSTEMPATH/Boot.php(67): CodeIgniter\Boot::runCodeIgniter(Object(CodeIgniter\CodeIgniter))
 7 FCPATH/index.php(56): CodeIgniter\Boot::bootWeb(Object(Config\Paths))
CRITICAL - 2024-09-09 13:36:48 --> CodeIgniter\HTTP\Exceptions\BadRequestException: The URI you submitted has disallowed characters: "{{base_url   'assets"
[Method: GET, Route: customers/customer/%7B%7Bbase_url%20%20%20%27assets/img/icons/linkedin.png%27%7D%7D]
in SYSTEMPATH/Router/Router.php on line 737.
 1 SYSTEMPATH/Router/Router.php(204): CodeIgniter\Router\Router->checkDisallowedChars('customers/customer/{{base_url   \'assets/img/icons/linkedin.png\'}}')
 2 SYSTEMPATH/CodeIgniter.php(834): CodeIgniter\Router\Router->handle('customers/customer/{{base_url   \'assets/img/icons/linkedin.png\'}}')
 3 SYSTEMPATH/CodeIgniter.php(457): CodeIgniter\CodeIgniter->tryToRouteIt(Object(CodeIgniter\Router\RouteCollection))
 4 SYSTEMPATH/CodeIgniter.php(355): CodeIgniter\CodeIgniter->handleRequest(null, Object(Config\Cache), false)
 5 SYSTEMPATH/Boot.php(325): CodeIgniter\CodeIgniter->run()
 6 SYSTEMPATH/Boot.php(67): CodeIgniter\Boot::runCodeIgniter(Object(CodeIgniter\CodeIgniter))
 7 FCPATH/index.php(56): CodeIgniter\Boot::bootWeb(Object(Config\Paths))
CRITICAL - 2024-09-09 13:36:48 --> CodeIgniter\HTTP\Exceptions\BadRequestException: The URI you submitted has disallowed characters: "{{base_url   'assets"
[Method: GET, Route: customers/customer/%7B%7Bbase_url%20%20%20%27assets/img/icons/whatsapp.png%27%7D%7D]
in SYSTEMPATH/Router/Router.php on line 737.
 1 SYSTEMPATH/Router/Router.php(204): CodeIgniter\Router\Router->checkDisallowedChars('customers/customer/{{base_url   \'assets/img/icons/whatsapp.png\'}}')
 2 SYSTEMPATH/CodeIgniter.php(834): CodeIgniter\Router\Router->handle('customers/customer/{{base_url   \'assets/img/icons/whatsapp.png\'}}')
 3 SYSTEMPATH/CodeIgniter.php(457): CodeIgniter\CodeIgniter->tryToRouteIt(Object(CodeIgniter\Router\RouteCollection))
 4 SYSTEMPATH/CodeIgniter.php(355): CodeIgniter\CodeIgniter->handleRequest(null, Object(Config\Cache), false)
 5 SYSTEMPATH/Boot.php(325): CodeIgniter\CodeIgniter->run()
 6 SYSTEMPATH/Boot.php(67): CodeIgniter\Boot::runCodeIgniter(Object(CodeIgniter\CodeIgniter))
 7 FCPATH/index.php(56): CodeIgniter\Boot::bootWeb(Object(Config\Paths))
CRITICAL - 2024-09-09 13:36:50 --> Error: Call to undefined method CodeIgniter\Database\MySQLi\Result::row()
[Method: GET, Route: customers/get_customer/2132/2024]
in APPPATH/Controllers/Customers.php on line 1497.
 1 APPPATH/Controllers/DynamicController.php(29): App\Controllers\Customers->get_customer('2132', '2024')
 2 SYSTEMPATH/CodeIgniter.php(933): App\Controllers\DynamicController->execute('customers', 'get_customer', '2132', '2024')
 3 SYSTEMPATH/CodeIgniter.php(509): CodeIgniter\CodeIgniter->runController(Object(App\Controllers\DynamicController))
 4 SYSTEMPATH/CodeIgniter.php(355): CodeIgniter\CodeIgniter->handleRequest(null, Object(Config\Cache), false)
 5 SYSTEMPATH/Boot.php(325): CodeIgniter\CodeIgniter->run()
 6 SYSTEMPATH/Boot.php(67): CodeIgniter\Boot::runCodeIgniter(Object(CodeIgniter\CodeIgniter))
 7 FCPATH/index.php(56): CodeIgniter\Boot::bootWeb(Object(Config\Paths))
CRITICAL - 2024-09-09 13:39:29 --> CodeIgniter\HTTP\Exceptions\BadRequestException: The URI you submitted has disallowed characters: "{{base_url   'assets"
[Method: GET, Route: customers/customer/%7B%7Bbase_url%20%20%20%27assets/img/icons/email.png%27%7D%7D]
in SYSTEMPATH/Router/Router.php on line 737.
 1 SYSTEMPATH/Router/Router.php(204): CodeIgniter\Router\Router->checkDisallowedChars('customers/customer/{{base_url   \'assets/img/icons/email.png\'}}')
 2 SYSTEMPATH/CodeIgniter.php(834): CodeIgniter\Router\Router->handle('customers/customer/{{base_url   \'assets/img/icons/email.png\'}}')
 3 SYSTEMPATH/CodeIgniter.php(457): CodeIgniter\CodeIgniter->tryToRouteIt(Object(CodeIgniter\Router\RouteCollection))
 4 SYSTEMPATH/CodeIgniter.php(355): CodeIgniter\CodeIgniter->handleRequest(null, Object(Config\Cache), false)
 5 SYSTEMPATH/Boot.php(325): CodeIgniter\CodeIgniter->run()
 6 SYSTEMPATH/Boot.php(67): CodeIgniter\Boot::runCodeIgniter(Object(CodeIgniter\CodeIgniter))
 7 FCPATH/index.php(56): CodeIgniter\Boot::bootWeb(Object(Config\Paths))
CRITICAL - 2024-09-09 13:39:29 --> CodeIgniter\HTTP\Exceptions\BadRequestException: The URI you submitted has disallowed characters: "{{appurl   'uploads"
[Method: GET, Route: customers/customer/%7B%7Bappurl%20%20%20%27uploads/images/%27%20%20%20chatAtual.details.staffavatar%7D%7D]
in SYSTEMPATH/Router/Router.php on line 737.
 1 SYSTEMPATH/Router/Router.php(204): CodeIgniter\Router\Router->checkDisallowedChars('customers/customer/{{appurl   \'uploads/images/\'   chatAtual.details.staffavatar}}')
 2 SYSTEMPATH/CodeIgniter.php(834): CodeIgniter\Router\Router->handle('customers/customer/{{appurl   \'uploads/images/\'   chatAtual.details.staffavatar}}')
 3 SYSTEMPATH/CodeIgniter.php(457): CodeIgniter\CodeIgniter->tryToRouteIt(Object(CodeIgniter\Router\RouteCollection))
 4 SYSTEMPATH/CodeIgniter.php(355): CodeIgniter\CodeIgniter->handleRequest(null, Object(Config\Cache), false)
 5 SYSTEMPATH/Boot.php(325): CodeIgniter\CodeIgniter->run()
 6 SYSTEMPATH/Boot.php(67): CodeIgniter\Boot::runCodeIgniter(Object(CodeIgniter\CodeIgniter))
 7 FCPATH/index.php(56): CodeIgniter\Boot::bootWeb(Object(Config\Paths))
CRITICAL - 2024-09-09 13:39:29 --> CodeIgniter\HTTP\Exceptions\BadRequestException: The URI you submitted has disallowed characters: "{{base_url   atividade.atv_ft}}"
[Method: GET, Route: customers/customer/%7B%7Bbase_url%20%20%20atividade.atv_ft%7D%7D]
in SYSTEMPATH/Router/Router.php on line 737.
 1 SYSTEMPATH/Router/Router.php(204): CodeIgniter\Router\Router->checkDisallowedChars('customers/customer/{{base_url   atividade.atv_ft}}')
 2 SYSTEMPATH/CodeIgniter.php(834): CodeIgniter\Router\Router->handle('customers/customer/{{base_url   atividade.atv_ft}}')
 3 SYSTEMPATH/CodeIgniter.php(457): CodeIgniter\CodeIgniter->tryToRouteIt(Object(CodeIgniter\Router\RouteCollection))
 4 SYSTEMPATH/CodeIgniter.php(355): CodeIgniter\CodeIgniter->handleRequest(null, Object(Config\Cache), false)
 5 SYSTEMPATH/Boot.php(325): CodeIgniter\CodeIgniter->run()
 6 SYSTEMPATH/Boot.php(67): CodeIgniter\Boot::runCodeIgniter(Object(CodeIgniter\CodeIgniter))
 7 FCPATH/index.php(56): CodeIgniter\Boot::bootWeb(Object(Config\Paths))
CRITICAL - 2024-09-09 13:39:29 --> CodeIgniter\HTTP\Exceptions\BadRequestException: The URI you submitted has disallowed characters: "{{base_url   'assets"
[Method: GET, Route: customers/customer/%7B%7Bbase_url%20%20%20%27assets/img/icons/whatsapp.png%27%7D%7D]
in SYSTEMPATH/Router/Router.php on line 737.
 1 SYSTEMPATH/Router/Router.php(204): CodeIgniter\Router\Router->checkDisallowedChars('customers/customer/{{base_url   \'assets/img/icons/whatsapp.png\'}}')
 2 SYSTEMPATH/CodeIgniter.php(834): CodeIgniter\Router\Router->handle('customers/customer/{{base_url   \'assets/img/icons/whatsapp.png\'}}')
 3 SYSTEMPATH/CodeIgniter.php(457): CodeIgniter\CodeIgniter->tryToRouteIt(Object(CodeIgniter\Router\RouteCollection))
 4 SYSTEMPATH/CodeIgniter.php(355): CodeIgniter\CodeIgniter->handleRequest(null, Object(Config\Cache), false)
 5 SYSTEMPATH/Boot.php(325): CodeIgniter\CodeIgniter->run()
 6 SYSTEMPATH/Boot.php(67): CodeIgniter\Boot::runCodeIgniter(Object(CodeIgniter\CodeIgniter))
 7 FCPATH/index.php(56): CodeIgniter\Boot::bootWeb(Object(Config\Paths))
CRITICAL - 2024-09-09 13:39:29 --> CodeIgniter\HTTP\Exceptions\BadRequestException: The URI you submitted has disallowed characters: "{{appurl   'uploads"
[Method: GET, Route: customers/customer/%7B%7Bappurl%20%20%20%27uploads/images/%27%20%20%20chat.details.staffavatar%7D%7D]
in SYSTEMPATH/Router/Router.php on line 737.
 1 SYSTEMPATH/Router/Router.php(204): CodeIgniter\Router\Router->checkDisallowedChars('customers/customer/{{appurl   \'uploads/images/\'   chat.details.staffavatar}}')
 2 SYSTEMPATH/CodeIgniter.php(834): CodeIgniter\Router\Router->handle('customers/customer/{{appurl   \'uploads/images/\'   chat.details.staffavatar}}')
 3 SYSTEMPATH/CodeIgniter.php(457): CodeIgniter\CodeIgniter->tryToRouteIt(Object(CodeIgniter\Router\RouteCollection))
 4 SYSTEMPATH/CodeIgniter.php(355): CodeIgniter\CodeIgniter->handleRequest(null, Object(Config\Cache), false)
 5 SYSTEMPATH/Boot.php(325): CodeIgniter\CodeIgniter->run()
 6 SYSTEMPATH/Boot.php(67): CodeIgniter\Boot::runCodeIgniter(Object(CodeIgniter\CodeIgniter))
 7 FCPATH/index.php(56): CodeIgniter\Boot::bootWeb(Object(Config\Paths))
CRITICAL - 2024-09-09 13:39:29 --> CodeIgniter\HTTP\Exceptions\BadRequestException: The URI you submitted has disallowed characters: "{{base_url   'assets"
[Method: GET, Route: customers/customer/%7B%7Bbase_url%20%20%20%27assets/img/icons/linkedin.png%27%7D%7D]
in SYSTEMPATH/Router/Router.php on line 737.
 1 SYSTEMPATH/Router/Router.php(204): CodeIgniter\Router\Router->checkDisallowedChars('customers/customer/{{base_url   \'assets/img/icons/linkedin.png\'}}')
 2 SYSTEMPATH/CodeIgniter.php(834): CodeIgniter\Router\Router->handle('customers/customer/{{base_url   \'assets/img/icons/linkedin.png\'}}')
 3 SYSTEMPATH/CodeIgniter.php(457): CodeIgniter\CodeIgniter->tryToRouteIt(Object(CodeIgniter\Router\RouteCollection))
 4 SYSTEMPATH/CodeIgniter.php(355): CodeIgniter\CodeIgniter->handleRequest(null, Object(Config\Cache), false)
 5 SYSTEMPATH/Boot.php(325): CodeIgniter\CodeIgniter->run()
 6 SYSTEMPATH/Boot.php(67): CodeIgniter\Boot::runCodeIgniter(Object(CodeIgniter\CodeIgniter))
 7 FCPATH/index.php(56): CodeIgniter\Boot::bootWeb(Object(Config\Paths))
CRITICAL - 2024-09-09 13:39:29 --> CodeIgniter\HTTP\Exceptions\BadRequestException: The URI you submitted has disallowed characters: "{{base_url   'assets"
[Method: GET, Route: customers/customer/%7B%7Bbase_url%20%20%20%27assets/img/icons/instagram.png%27%7D%7D]
in SYSTEMPATH/Router/Router.php on line 737.
 1 SYSTEMPATH/Router/Router.php(204): CodeIgniter\Router\Router->checkDisallowedChars('customers/customer/{{base_url   \'assets/img/icons/instagram.png\'}}')
 2 SYSTEMPATH/CodeIgniter.php(834): CodeIgniter\Router\Router->handle('customers/customer/{{base_url   \'assets/img/icons/instagram.png\'}}')
 3 SYSTEMPATH/CodeIgniter.php(457): CodeIgniter\CodeIgniter->tryToRouteIt(Object(CodeIgniter\Router\RouteCollection))
 4 SYSTEMPATH/CodeIgniter.php(355): CodeIgniter\CodeIgniter->handleRequest(null, Object(Config\Cache), false)
 5 SYSTEMPATH/Boot.php(325): CodeIgniter\CodeIgniter->run()
 6 SYSTEMPATH/Boot.php(67): CodeIgniter\Boot::runCodeIgniter(Object(CodeIgniter\CodeIgniter))
 7 FCPATH/index.php(56): CodeIgniter\Boot::bootWeb(Object(Config\Paths))
CRITICAL - 2024-09-09 13:39:54 --> CodeIgniter\HTTP\Exceptions\BadRequestException: The URI you submitted has disallowed characters: "{{appurl   'uploads"
[Method: GET, Route: %7B%7Bappurl%20%20%20%27uploads/images/%27%20%20%20chat.details.staffavatar%7D%7D]
in SYSTEMPATH/Router/Router.php on line 737.
 1 SYSTEMPATH/Router/Router.php(204): CodeIgniter\Router\Router->checkDisallowedChars('{{appurl   \'uploads/images/\'   chat.details.staffavatar}}')
 2 SYSTEMPATH/CodeIgniter.php(834): CodeIgniter\Router\Router->handle('{{appurl   \'uploads/images/\'   chat.details.staffavatar}}')
 3 SYSTEMPATH/CodeIgniter.php(457): CodeIgniter\CodeIgniter->tryToRouteIt(Object(CodeIgniter\Router\RouteCollection))
 4 SYSTEMPATH/CodeIgniter.php(355): CodeIgniter\CodeIgniter->handleRequest(null, Object(Config\Cache), false)
 5 SYSTEMPATH/Boot.php(325): CodeIgniter\CodeIgniter->run()
 6 SYSTEMPATH/Boot.php(67): CodeIgniter\Boot::runCodeIgniter(Object(CodeIgniter\CodeIgniter))
 7 FCPATH/index.php(56): CodeIgniter\Boot::bootWeb(Object(Config\Paths))
CRITICAL - 2024-09-09 13:39:54 --> CodeIgniter\HTTP\Exceptions\BadRequestException: The URI you submitted has disallowed characters: "{{appurl   'uploads"
[Method: GET, Route: %7B%7Bappurl%20%20%20%27uploads/images/%27%20%20%20chatAtual.details.staffavatar%7D%7D]
in SYSTEMPATH/Router/Router.php on line 737.
 1 SYSTEMPATH/Router/Router.php(204): CodeIgniter\Router\Router->checkDisallowedChars('{{appurl   \'uploads/images/\'   chatAtual.details.staffavatar}}')
 2 SYSTEMPATH/CodeIgniter.php(834): CodeIgniter\Router\Router->handle('{{appurl   \'uploads/images/\'   chatAtual.details.staffavatar}}')
 3 SYSTEMPATH/CodeIgniter.php(457): CodeIgniter\CodeIgniter->tryToRouteIt(Object(CodeIgniter\Router\RouteCollection))
 4 SYSTEMPATH/CodeIgniter.php(355): CodeIgniter\CodeIgniter->handleRequest(null, Object(Config\Cache), false)
 5 SYSTEMPATH/Boot.php(325): CodeIgniter\CodeIgniter->run()
 6 SYSTEMPATH/Boot.php(67): CodeIgniter\Boot::runCodeIgniter(Object(CodeIgniter\CodeIgniter))
 7 FCPATH/index.php(56): CodeIgniter\Boot::bootWeb(Object(Config\Paths))
CRITICAL - 2024-09-09 13:39:54 --> CodeIgniter\HTTP\Exceptions\BadRequestException: The URI you submitted has disallowed characters: "{{lead.avatar}}"
[Method: GET, Route: uploads/images/%7B%7Blead.avatar%7D%7D]
in SYSTEMPATH/Router/Router.php on line 737.
 1 SYSTEMPATH/Router/Router.php(204): CodeIgniter\Router\Router->checkDisallowedChars('uploads/images/{{lead.avatar}}')
 2 SYSTEMPATH/CodeIgniter.php(834): CodeIgniter\Router\Router->handle('uploads/images/{{lead.avatar}}')
 3 SYSTEMPATH/CodeIgniter.php(457): CodeIgniter\CodeIgniter->tryToRouteIt(Object(CodeIgniter\Router\RouteCollection))
 4 SYSTEMPATH/CodeIgniter.php(355): CodeIgniter\CodeIgniter->handleRequest(null, Object(Config\Cache), false)
 5 SYSTEMPATH/Boot.php(325): CodeIgniter\CodeIgniter->run()
 6 SYSTEMPATH/Boot.php(67): CodeIgniter\Boot::runCodeIgniter(Object(CodeIgniter\CodeIgniter))
 7 FCPATH/index.php(56): CodeIgniter\Boot::bootWeb(Object(Config\Paths))
CRITICAL - 2024-09-09 13:40:02 --> CodeIgniter\HTTP\Exceptions\BadRequestException: The URI you submitted has disallowed characters: "{{appurl   'uploads"
[Method: GET, Route: leads/lead/%7B%7Bappurl%20%20%20%27uploads/images/%27%20%20%20chat.details.staffavatar%7D%7D]
in SYSTEMPATH/Router/Router.php on line 737.
 1 SYSTEMPATH/Router/Router.php(204): CodeIgniter\Router\Router->checkDisallowedChars('leads/lead/{{appurl   \'uploads/images/\'   chat.details.staffavatar}}')
 2 SYSTEMPATH/CodeIgniter.php(834): CodeIgniter\Router\Router->handle('leads/lead/{{appurl   \'uploads/images/\'   chat.details.staffavatar}}')
 3 SYSTEMPATH/CodeIgniter.php(457): CodeIgniter\CodeIgniter->tryToRouteIt(Object(CodeIgniter\Router\RouteCollection))
 4 SYSTEMPATH/CodeIgniter.php(355): CodeIgniter\CodeIgniter->handleRequest(null, Object(Config\Cache), false)
 5 SYSTEMPATH/Boot.php(325): CodeIgniter\CodeIgniter->run()
 6 SYSTEMPATH/Boot.php(67): CodeIgniter\Boot::runCodeIgniter(Object(CodeIgniter\CodeIgniter))
 7 FCPATH/index.php(56): CodeIgniter\Boot::bootWeb(Object(Config\Paths))
CRITICAL - 2024-09-09 13:40:03 --> CodeIgniter\HTTP\Exceptions\BadRequestException: The URI you submitted has disallowed characters: "{{appurl   'uploads"
[Method: GET, Route: leads/lead/%7B%7Bappurl%20%20%20%27uploads/images/%27%20%20%20chatAtual.details.staffavatar%7D%7D]
in SYSTEMPATH/Router/Router.php on line 737.
 1 SYSTEMPATH/Router/Router.php(204): CodeIgniter\Router\Router->checkDisallowedChars('leads/lead/{{appurl   \'uploads/images/\'   chatAtual.details.staffavatar}}')
 2 SYSTEMPATH/CodeIgniter.php(834): CodeIgniter\Router\Router->handle('leads/lead/{{appurl   \'uploads/images/\'   chatAtual.details.staffavatar}}')
 3 SYSTEMPATH/CodeIgniter.php(457): CodeIgniter\CodeIgniter->tryToRouteIt(Object(CodeIgniter\Router\RouteCollection))
 4 SYSTEMPATH/CodeIgniter.php(355): CodeIgniter\CodeIgniter->handleRequest(null, Object(Config\Cache), false)
 5 SYSTEMPATH/Boot.php(325): CodeIgniter\CodeIgniter->run()
 6 SYSTEMPATH/Boot.php(67): CodeIgniter\Boot::runCodeIgniter(Object(CodeIgniter\CodeIgniter))
 7 FCPATH/index.php(56): CodeIgniter\Boot::bootWeb(Object(Config\Paths))
CRITICAL - 2024-09-09 13:40:03 --> CodeIgniter\HTTP\Exceptions\BadRequestException: The URI you submitted has disallowed characters: "{{base_url   'assets"
[Method: GET, Route: leads/lead/%7B%7Bbase_url%20%20%20%27assets/img/icons/linkedin.png%27%7D%7D]
in SYSTEMPATH/Router/Router.php on line 737.
 1 SYSTEMPATH/Router/Router.php(204): CodeIgniter\Router\Router->checkDisallowedChars('leads/lead/{{base_url   \'assets/img/icons/linkedin.png\'}}')
 2 SYSTEMPATH/CodeIgniter.php(834): CodeIgniter\Router\Router->handle('leads/lead/{{base_url   \'assets/img/icons/linkedin.png\'}}')
 3 SYSTEMPATH/CodeIgniter.php(457): CodeIgniter\CodeIgniter->tryToRouteIt(Object(CodeIgniter\Router\RouteCollection))
 4 SYSTEMPATH/CodeIgniter.php(355): CodeIgniter\CodeIgniter->handleRequest(null, Object(Config\Cache), false)
 5 SYSTEMPATH/Boot.php(325): CodeIgniter\CodeIgniter->run()
 6 SYSTEMPATH/Boot.php(67): CodeIgniter\Boot::runCodeIgniter(Object(CodeIgniter\CodeIgniter))
 7 FCPATH/index.php(56): CodeIgniter\Boot::bootWeb(Object(Config\Paths))
CRITICAL - 2024-09-09 13:40:03 --> CodeIgniter\HTTP\Exceptions\BadRequestException: The URI you submitted has disallowed characters: "{{base_url   'assets"
[Method: GET, Route: leads/lead/%7B%7Bbase_url%20%20%20%27assets/img/icons/whatsapp.png%27%7D%7D]
in SYSTEMPATH/Router/Router.php on line 737.
 1 SYSTEMPATH/Router/Router.php(204): CodeIgniter\Router\Router->checkDisallowedChars('leads/lead/{{base_url   \'assets/img/icons/whatsapp.png\'}}')
 2 SYSTEMPATH/CodeIgniter.php(834): CodeIgniter\Router\Router->handle('leads/lead/{{base_url   \'assets/img/icons/whatsapp.png\'}}')
 3 SYSTEMPATH/CodeIgniter.php(457): CodeIgniter\CodeIgniter->tryToRouteIt(Object(CodeIgniter\Router\RouteCollection))
 4 SYSTEMPATH/CodeIgniter.php(355): CodeIgniter\CodeIgniter->handleRequest(null, Object(Config\Cache), false)
 5 SYSTEMPATH/Boot.php(325): CodeIgniter\CodeIgniter->run()
 6 SYSTEMPATH/Boot.php(67): CodeIgniter\Boot::runCodeIgniter(Object(CodeIgniter\CodeIgniter))
 7 FCPATH/index.php(56): CodeIgniter\Boot::bootWeb(Object(Config\Paths))
CRITICAL - 2024-09-09 13:40:04 --> CodeIgniter\HTTP\Exceptions\BadRequestException: The URI you submitted has disallowed characters: "{{base_url   atividade.atv_ft}}"
[Method: GET, Route: leads/lead/%7B%7Bbase_url%20%20%20atividade.atv_ft%7D%7D]
in SYSTEMPATH/Router/Router.php on line 737.
 1 SYSTEMPATH/Router/Router.php(204): CodeIgniter\Router\Router->checkDisallowedChars('leads/lead/{{base_url   atividade.atv_ft}}')
 2 SYSTEMPATH/CodeIgniter.php(834): CodeIgniter\Router\Router->handle('leads/lead/{{base_url   atividade.atv_ft}}')
 3 SYSTEMPATH/CodeIgniter.php(457): CodeIgniter\CodeIgniter->tryToRouteIt(Object(CodeIgniter\Router\RouteCollection))
 4 SYSTEMPATH/CodeIgniter.php(355): CodeIgniter\CodeIgniter->handleRequest(null, Object(Config\Cache), false)
 5 SYSTEMPATH/Boot.php(325): CodeIgniter\CodeIgniter->run()
 6 SYSTEMPATH/Boot.php(67): CodeIgniter\Boot::runCodeIgniter(Object(CodeIgniter\CodeIgniter))
 7 FCPATH/index.php(56): CodeIgniter\Boot::bootWeb(Object(Config\Paths))
CRITICAL - 2024-09-09 13:40:04 --> CodeIgniter\HTTP\Exceptions\BadRequestException: The URI you submitted has disallowed characters: "{{appurl   'uploads"
[Method: GET, Route: leads/lead/%7B%7Bappurl%20%20%20%27uploads/images/%27%20%20%20chat.details.staffavatar%20%7D%7D]
in SYSTEMPATH/Router/Router.php on line 737.
 1 SYSTEMPATH/Router/Router.php(204): CodeIgniter\Router\Router->checkDisallowedChars('leads/lead/{{appurl   \'uploads/images/\'   chat.details.staffavatar }}')
 2 SYSTEMPATH/CodeIgniter.php(834): CodeIgniter\Router\Router->handle('leads/lead/{{appurl   \'uploads/images/\'   chat.details.staffavatar }}')
 3 SYSTEMPATH/CodeIgniter.php(457): CodeIgniter\CodeIgniter->tryToRouteIt(Object(CodeIgniter\Router\RouteCollection))
 4 SYSTEMPATH/CodeIgniter.php(355): CodeIgniter\CodeIgniter->handleRequest(null, Object(Config\Cache), false)
 5 SYSTEMPATH/Boot.php(325): CodeIgniter\CodeIgniter->run()
 6 SYSTEMPATH/Boot.php(67): CodeIgniter\Boot::runCodeIgniter(Object(CodeIgniter\CodeIgniter))
 7 FCPATH/index.php(56): CodeIgniter\Boot::bootWeb(Object(Config\Paths))
CRITICAL - 2024-09-09 13:40:04 --> CodeIgniter\HTTP\Exceptions\BadRequestException: The URI you submitted has disallowed characters: "{{base_url   'assets"
[Method: GET, Route: leads/lead/%7B%7Bbase_url%20%20%20%27assets/img/icons/email.png%27%7D%7D]
in SYSTEMPATH/Router/Router.php on line 737.
 1 SYSTEMPATH/Router/Router.php(204): CodeIgniter\Router\Router->checkDisallowedChars('leads/lead/{{base_url   \'assets/img/icons/email.png\'}}')
 2 SYSTEMPATH/CodeIgniter.php(834): CodeIgniter\Router\Router->handle('leads/lead/{{base_url   \'assets/img/icons/email.png\'}}')
 3 SYSTEMPATH/CodeIgniter.php(457): CodeIgniter\CodeIgniter->tryToRouteIt(Object(CodeIgniter\Router\RouteCollection))
 4 SYSTEMPATH/CodeIgniter.php(355): CodeIgniter\CodeIgniter->handleRequest(null, Object(Config\Cache), false)
 5 SYSTEMPATH/Boot.php(325): CodeIgniter\CodeIgniter->run()
 6 SYSTEMPATH/Boot.php(67): CodeIgniter\Boot::runCodeIgniter(Object(CodeIgniter\CodeIgniter))
 7 FCPATH/index.php(56): CodeIgniter\Boot::bootWeb(Object(Config\Paths))
CRITICAL - 2024-09-09 13:40:04 --> CodeIgniter\HTTP\Exceptions\BadRequestException: The URI you submitted has disallowed characters: "{{base_url   'assets"
[Method: GET, Route: leads/lead/%7B%7Bbase_url%20%20%20%27assets/img/icons/instagram.png%27%7D%7D]
in SYSTEMPATH/Router/Router.php on line 737.
 1 SYSTEMPATH/Router/Router.php(204): CodeIgniter\Router\Router->checkDisallowedChars('leads/lead/{{base_url   \'assets/img/icons/instagram.png\'}}')
 2 SYSTEMPATH/CodeIgniter.php(834): CodeIgniter\Router\Router->handle('leads/lead/{{base_url   \'assets/img/icons/instagram.png\'}}')
 3 SYSTEMPATH/CodeIgniter.php(457): CodeIgniter\CodeIgniter->tryToRouteIt(Object(CodeIgniter\Router\RouteCollection))
 4 SYSTEMPATH/CodeIgniter.php(355): CodeIgniter\CodeIgniter->handleRequest(null, Object(Config\Cache), false)
 5 SYSTEMPATH/Boot.php(325): CodeIgniter\CodeIgniter->run()
 6 SYSTEMPATH/Boot.php(67): CodeIgniter\Boot::runCodeIgniter(Object(CodeIgniter\CodeIgniter))
 7 FCPATH/index.php(56): CodeIgniter\Boot::bootWeb(Object(Config\Paths))
CRITICAL - 2024-09-09 13:40:09 --> CodeIgniter\HTTP\Exceptions\BadRequestException: The URI you submitted has disallowed characters: "{{base_url   etapa.atividade.atv_ft}}"
[Method: GET, Route: leads/lead/%7B%7Bbase_url%20%20%20etapa.atividade.atv_ft%7D%7D]
in SYSTEMPATH/Router/Router.php on line 737.
 1 SYSTEMPATH/Router/Router.php(204): CodeIgniter\Router\Router->checkDisallowedChars('leads/lead/{{base_url   etapa.atividade.atv_ft}}')
 2 SYSTEMPATH/CodeIgniter.php(834): CodeIgniter\Router\Router->handle('leads/lead/{{base_url   etapa.atividade.atv_ft}}')
 3 SYSTEMPATH/CodeIgniter.php(457): CodeIgniter\CodeIgniter->tryToRouteIt(Object(CodeIgniter\Router\RouteCollection))
 4 SYSTEMPATH/CodeIgniter.php(355): CodeIgniter\CodeIgniter->handleRequest(null, Object(Config\Cache), false)
 5 SYSTEMPATH/Boot.php(325): CodeIgniter\CodeIgniter->run()
 6 SYSTEMPATH/Boot.php(67): CodeIgniter\Boot::runCodeIgniter(Object(CodeIgniter\CodeIgniter))
 7 FCPATH/index.php(56): CodeIgniter\Boot::bootWeb(Object(Config\Paths))
CRITICAL - 2024-09-09 13:40:09 --> CodeIgniter\HTTP\Exceptions\BadRequestException: The URI you submitted has disallowed characters: "almoço.png"
[Method: GET, Route: assets/img/atividades/almoc%CC%A7o.png]
in SYSTEMPATH/Router/Router.php on line 737.
 1 SYSTEMPATH/Router/Router.php(204): CodeIgniter\Router\Router->checkDisallowedChars('assets/img/atividades/almoço.png')
 2 SYSTEMPATH/CodeIgniter.php(834): CodeIgniter\Router\Router->handle('assets/img/atividades/almoço.png')
 3 SYSTEMPATH/CodeIgniter.php(457): CodeIgniter\CodeIgniter->tryToRouteIt(Object(CodeIgniter\Router\RouteCollection))
 4 SYSTEMPATH/CodeIgniter.php(355): CodeIgniter\CodeIgniter->handleRequest(null, Object(Config\Cache), false)
 5 SYSTEMPATH/Boot.php(325): CodeIgniter\CodeIgniter->run()
 6 SYSTEMPATH/Boot.php(67): CodeIgniter\Boot::runCodeIgniter(Object(CodeIgniter\CodeIgniter))
 7 FCPATH/index.php(56): CodeIgniter\Boot::bootWeb(Object(Config\Paths))
CRITICAL - 2024-09-09 13:40:16 --> CodeIgniter\HTTP\Exceptions\BadRequestException: The URI you submitted has disallowed characters: "almoço.png"
[Method: GET, Route: assets/img/atividades/almoc%CC%A7o.png]
in SYSTEMPATH/Router/Router.php on line 737.
 1 SYSTEMPATH/Router/Router.php(204): CodeIgniter\Router\Router->checkDisallowedChars('assets/img/atividades/almoço.png')
 2 SYSTEMPATH/CodeIgniter.php(834): CodeIgniter\Router\Router->handle('assets/img/atividades/almoço.png')
 3 SYSTEMPATH/CodeIgniter.php(457): CodeIgniter\CodeIgniter->tryToRouteIt(Object(CodeIgniter\Router\RouteCollection))
 4 SYSTEMPATH/CodeIgniter.php(355): CodeIgniter\CodeIgniter->handleRequest(null, Object(Config\Cache), false)
 5 SYSTEMPATH/Boot.php(325): CodeIgniter\CodeIgniter->run()
 6 SYSTEMPATH/Boot.php(67): CodeIgniter\Boot::runCodeIgniter(Object(CodeIgniter\CodeIgniter))
 7 FCPATH/index.php(56): CodeIgniter\Boot::bootWeb(Object(Config\Paths))
CRITICAL - 2024-09-09 13:40:45 --> CodeIgniter\HTTP\Exceptions\BadRequestException: The URI you submitted has disallowed characters: "{{appurl   'uploads"
[Method: GET, Route: %7B%7Bappurl%20%20%20%27uploads/images/%27%20%20%20chat.details.staffavatar%7D%7D]
in SYSTEMPATH/Router/Router.php on line 737.
 1 SYSTEMPATH/Router/Router.php(204): CodeIgniter\Router\Router->checkDisallowedChars('{{appurl   \'uploads/images/\'   chat.details.staffavatar}}')
 2 SYSTEMPATH/CodeIgniter.php(834): CodeIgniter\Router\Router->handle('{{appurl   \'uploads/images/\'   chat.details.staffavatar}}')
 3 SYSTEMPATH/CodeIgniter.php(457): CodeIgniter\CodeIgniter->tryToRouteIt(Object(CodeIgniter\Router\RouteCollection))
 4 SYSTEMPATH/CodeIgniter.php(355): CodeIgniter\CodeIgniter->handleRequest(null, Object(Config\Cache), false)
 5 SYSTEMPATH/Boot.php(325): CodeIgniter\CodeIgniter->run()
 6 SYSTEMPATH/Boot.php(67): CodeIgniter\Boot::runCodeIgniter(Object(CodeIgniter\CodeIgniter))
 7 FCPATH/index.php(56): CodeIgniter\Boot::bootWeb(Object(Config\Paths))
CRITICAL - 2024-09-09 13:40:46 --> CodeIgniter\HTTP\Exceptions\BadRequestException: The URI you submitted has disallowed characters: "{{appurl   'uploads"
[Method: GET, Route: %7B%7Bappurl%20%20%20%27uploads/images/%27%20%20%20chatAtual.details.staffavatar%7D%7D]
in SYSTEMPATH/Router/Router.php on line 737.
 1 SYSTEMPATH/Router/Router.php(204): CodeIgniter\Router\Router->checkDisallowedChars('{{appurl   \'uploads/images/\'   chatAtual.details.staffavatar}}')
 2 SYSTEMPATH/CodeIgniter.php(834): CodeIgniter\Router\Router->handle('{{appurl   \'uploads/images/\'   chatAtual.details.staffavatar}}')
 3 SYSTEMPATH/CodeIgniter.php(457): CodeIgniter\CodeIgniter->tryToRouteIt(Object(CodeIgniter\Router\RouteCollection))
 4 SYSTEMPATH/CodeIgniter.php(355): CodeIgniter\CodeIgniter->handleRequest(null, Object(Config\Cache), false)
 5 SYSTEMPATH/Boot.php(325): CodeIgniter\CodeIgniter->run()
 6 SYSTEMPATH/Boot.php(67): CodeIgniter\Boot::runCodeIgniter(Object(CodeIgniter\CodeIgniter))
 7 FCPATH/index.php(56): CodeIgniter\Boot::bootWeb(Object(Config\Paths))
CRITICAL - 2024-09-09 13:40:46 --> CodeIgniter\HTTP\Exceptions\BadRequestException: The URI you submitted has disallowed characters: "{{base_url   '"
[Method: GET, Route: %7B%7Bbase_url%20%20%20%27/assets/img/menu/steps.png%27%7D%7D]
in SYSTEMPATH/Router/Router.php on line 737.
 1 SYSTEMPATH/Router/Router.php(204): CodeIgniter\Router\Router->checkDisallowedChars('{{base_url   \'/assets/img/menu/steps.png\'}}')
 2 SYSTEMPATH/CodeIgniter.php(834): CodeIgniter\Router\Router->handle('{{base_url   \'/assets/img/menu/steps.png\'}}')
 3 SYSTEMPATH/CodeIgniter.php(457): CodeIgniter\CodeIgniter->tryToRouteIt(Object(CodeIgniter\Router\RouteCollection))
 4 SYSTEMPATH/CodeIgniter.php(355): CodeIgniter\CodeIgniter->handleRequest(null, Object(Config\Cache), false)
 5 SYSTEMPATH/Boot.php(325): CodeIgniter\CodeIgniter->run()
 6 SYSTEMPATH/Boot.php(67): CodeIgniter\Boot::runCodeIgniter(Object(CodeIgniter\CodeIgniter))
 7 FCPATH/index.php(56): CodeIgniter\Boot::bootWeb(Object(Config\Paths))
CRITICAL - 2024-09-09 13:40:48 --> CodeIgniter\HTTP\Exceptions\BadRequestException: The URI you submitted has disallowed characters: "almoço.png"
[Method: GET, Route: assets/img/atividades/almoc%CC%A7o.png]
in SYSTEMPATH/Router/Router.php on line 737.
 1 SYSTEMPATH/Router/Router.php(204): CodeIgniter\Router\Router->checkDisallowedChars('assets/img/atividades/almoço.png')
 2 SYSTEMPATH/CodeIgniter.php(834): CodeIgniter\Router\Router->handle('assets/img/atividades/almoço.png')
 3 SYSTEMPATH/CodeIgniter.php(457): CodeIgniter\CodeIgniter->tryToRouteIt(Object(CodeIgniter\Router\RouteCollection))
 4 SYSTEMPATH/CodeIgniter.php(355): CodeIgniter\CodeIgniter->handleRequest(null, Object(Config\Cache), false)
 5 SYSTEMPATH/Boot.php(325): CodeIgniter\CodeIgniter->run()
 6 SYSTEMPATH/Boot.php(67): CodeIgniter\Boot::runCodeIgniter(Object(CodeIgniter\CodeIgniter))
 7 FCPATH/index.php(56): CodeIgniter\Boot::bootWeb(Object(Config\Paths))
CRITICAL - 2024-09-09 13:41:08 --> CodeIgniter\HTTP\Exceptions\BadRequestException: The URI you submitted has disallowed characters: "almoço.png"
[Method: GET, Route: assets/img/atividades/almoc%CC%A7o.png]
in SYSTEMPATH/Router/Router.php on line 737.
 1 SYSTEMPATH/Router/Router.php(204): CodeIgniter\Router\Router->checkDisallowedChars('assets/img/atividades/almoço.png')
 2 SYSTEMPATH/CodeIgniter.php(834): CodeIgniter\Router\Router->handle('assets/img/atividades/almoço.png')
 3 SYSTEMPATH/CodeIgniter.php(457): CodeIgniter\CodeIgniter->tryToRouteIt(Object(CodeIgniter\Router\RouteCollection))
 4 SYSTEMPATH/CodeIgniter.php(355): CodeIgniter\CodeIgniter->handleRequest(null, Object(Config\Cache), false)
 5 SYSTEMPATH/Boot.php(325): CodeIgniter\CodeIgniter->run()
 6 SYSTEMPATH/Boot.php(67): CodeIgniter\Boot::runCodeIgniter(Object(CodeIgniter\CodeIgniter))
 7 FCPATH/index.php(56): CodeIgniter\Boot::bootWeb(Object(Config\Paths))
CRITICAL - 2024-09-09 13:41:08 --> CodeIgniter\HTTP\Exceptions\BadRequestException: The URI you submitted has disallowed characters: "{{base_url   etapa.atividade.atv_ft}}"
[Method: GET, Route: %7B%7Bbase_url%20%20%20etapa.atividade.atv_ft%7D%7D]
in SYSTEMPATH/Router/Router.php on line 737.
 1 SYSTEMPATH/Router/Router.php(204): CodeIgniter\Router\Router->checkDisallowedChars('{{base_url   etapa.atividade.atv_ft}}')
 2 SYSTEMPATH/CodeIgniter.php(834): CodeIgniter\Router\Router->handle('{{base_url   etapa.atividade.atv_ft}}')
 3 SYSTEMPATH/CodeIgniter.php(457): CodeIgniter\CodeIgniter->tryToRouteIt(Object(CodeIgniter\Router\RouteCollection))
 4 SYSTEMPATH/CodeIgniter.php(355): CodeIgniter\CodeIgniter->handleRequest(null, Object(Config\Cache), false)
 5 SYSTEMPATH/Boot.php(325): CodeIgniter\CodeIgniter->run()
 6 SYSTEMPATH/Boot.php(67): CodeIgniter\Boot::runCodeIgniter(Object(CodeIgniter\CodeIgniter))
 7 FCPATH/index.php(56): CodeIgniter\Boot::bootWeb(Object(Config\Paths))
CRITICAL - 2024-09-09 13:41:20 --> CodeIgniter\HTTP\Exceptions\BadRequestException: The URI you submitted has disallowed characters: "almoço.png"
[Method: GET, Route: assets/img/atividades/almoc%CC%A7o.png]
in SYSTEMPATH/Router/Router.php on line 737.
 1 SYSTEMPATH/Router/Router.php(204): CodeIgniter\Router\Router->checkDisallowedChars('assets/img/atividades/almoço.png')
 2 SYSTEMPATH/CodeIgniter.php(834): CodeIgniter\Router\Router->handle('assets/img/atividades/almoço.png')
 3 SYSTEMPATH/CodeIgniter.php(457): CodeIgniter\CodeIgniter->tryToRouteIt(Object(CodeIgniter\Router\RouteCollection))
 4 SYSTEMPATH/CodeIgniter.php(355): CodeIgniter\CodeIgniter->handleRequest(null, Object(Config\Cache), false)
 5 SYSTEMPATH/Boot.php(325): CodeIgniter\CodeIgniter->run()
 6 SYSTEMPATH/Boot.php(67): CodeIgniter\Boot::runCodeIgniter(Object(CodeIgniter\CodeIgniter))
 7 FCPATH/index.php(56): CodeIgniter\Boot::bootWeb(Object(Config\Paths))
CRITICAL - 2024-09-09 13:42:03 --> CodeIgniter\HTTP\Exceptions\BadRequestException: The URI you submitted has disallowed characters: "almoço.png"
[Method: GET, Route: assets/img/atividades/almoc%CC%A7o.png]
in SYSTEMPATH/Router/Router.php on line 737.
 1 SYSTEMPATH/Router/Router.php(204): CodeIgniter\Router\Router->checkDisallowedChars('assets/img/atividades/almoço.png')
 2 SYSTEMPATH/CodeIgniter.php(834): CodeIgniter\Router\Router->handle('assets/img/atividades/almoço.png')
 3 SYSTEMPATH/CodeIgniter.php(457): CodeIgniter\CodeIgniter->tryToRouteIt(Object(CodeIgniter\Router\RouteCollection))
 4 SYSTEMPATH/CodeIgniter.php(355): CodeIgniter\CodeIgniter->handleRequest(null, Object(Config\Cache), false)
 5 SYSTEMPATH/Boot.php(325): CodeIgniter\CodeIgniter->run()
 6 SYSTEMPATH/Boot.php(67): CodeIgniter\Boot::runCodeIgniter(Object(CodeIgniter\CodeIgniter))
 7 FCPATH/index.php(56): CodeIgniter\Boot::bootWeb(Object(Config\Paths))
CRITICAL - 2024-09-09 13:42:03 --> ErrorException: Uncaught Error: Call to undefined function lang2() in /home/next0355/dev.next1crm.com.br/system/Helpers/number_helper.php:50
Stack trace:
#0 /home/next0355/dev.next1crm.com.br/system/Debug/BaseExceptionHandler.php(154): number_to_size(4.0, 2)
#1 /home/next0355/dev.next1crm.com.br/app/Views/errors/html/error_exception.php(409): CodeIgniter\Debug\BaseExceptionHandler::describeMemory(4194304)
#2 /home/next0355/dev.next1crm.com.br/system/Debug/BaseExceptionHandler.php(266): include('/home/next0355/...')
#3 /home/next0355/dev.next1crm.com.br/system/Debug/BaseExceptionHandler.php(269): CodeIgniter\Debug\BaseExceptionHandler->CodeIgniter\Debug\{closure}()
#4 /home/next0355/dev.next1crm.com.br/system/Debug/ExceptionHandler.php(114): CodeIgniter\Debug\BaseExceptionHandler->render(Object(CodeIgniter\HTTP\Exceptions\BadRequestException), 400, '/home/next0355/...')
#5 /home/next0355/dev.next1crm.com.br/system/Debug/Exceptions.php(163): CodeIgniter\Debug\ExceptionHandler->handle(Object(CodeIgniter\HTTP\Exceptions\BadRequestException), Object(CodeIgniter\HTTP\IncomingRequest), Object(CodeIgniter\HTTP\Response), 400, 1)
#6 [internal function]: CodeIgniter\Debug\Exceptions->exceptionHandler(Object(CodeIgniter\HTTP\Exceptions\BadRequestException))
#7 {main}
  thrown
【Previous Exception】
CodeIgniter\HTTP\Exceptions\BadRequestException
The URI you submitted has disallowed characters: "almoço.png"
#0 /home/next0355/dev.next1crm.com.br/system/Router/Router.php(204): CodeIgniter\Router\Router->checkDisallowedChars('assets/img/ativ...')
#1 /home/next0355/dev.next1crm.com.br/system/CodeIgniter.php(834): CodeIgniter\Router\Router->handle('assets/img/ativ...')
#2 /home/next0355/dev.next1crm.com.br/system/CodeIgniter.php(457): CodeIgniter\CodeIgniter->tryToRouteIt(Object(CodeIgniter\Router\RouteCollection))
#3 /home/next0355/dev.next1crm.com.br/system/CodeIgniter.php(355): CodeIgniter\CodeIgniter->handleRequest(NULL, Object(Config\Cache), false)
#4 /home/next0355/dev.next1crm.com.br/system/Boot.php(325): CodeIgniter\CodeIgniter->run()
#5 /home/next0355/dev.next1crm.com.br/system/Boot.php(67): CodeIgniter\Boot::runCodeIgniter(Object(CodeIgniter\CodeIgniter))
#6 /home/next0355/dev.next1crm.com.br/public/index.php(56): CodeIgniter\Boot::bootWeb(Object(Config\Paths))
#7 {main}
[Method: GET, Route: assets/img/atividades/almoc%CC%A7o.png]
in SYSTEMPATH/Helpers/number_helper.php on line 50.
 1 [internal function]: CodeIgniter\Debug\Exceptions->shutdownHandler()
CRITICAL - 2024-09-09 13:42:57 --> CodeIgniter\HTTP\Exceptions\BadRequestException: The URI you submitted has disallowed characters: "{{appurl   'uploads"
[Method: GET, Route: %7B%7Bappurl%20%20%20%27uploads/images/%27%20%20%20chat.details.staffavatar%7D%7D]
in SYSTEMPATH/Router/Router.php on line 737.
 1 SYSTEMPATH/Router/Router.php(204): CodeIgniter\Router\Router->checkDisallowedChars('{{appurl   \'uploads/images/\'   chat.details.staffavatar}}')
 2 SYSTEMPATH/CodeIgniter.php(834): CodeIgniter\Router\Router->handle('{{appurl   \'uploads/images/\'   chat.details.staffavatar}}')
 3 SYSTEMPATH/CodeIgniter.php(457): CodeIgniter\CodeIgniter->tryToRouteIt(Object(CodeIgniter\Router\RouteCollection))
 4 SYSTEMPATH/CodeIgniter.php(355): CodeIgniter\CodeIgniter->handleRequest(null, Object(Config\Cache), false)
 5 SYSTEMPATH/Boot.php(325): CodeIgniter\CodeIgniter->run()
 6 SYSTEMPATH/Boot.php(67): CodeIgniter\Boot::runCodeIgniter(Object(CodeIgniter\CodeIgniter))
 7 FCPATH/index.php(56): CodeIgniter\Boot::bootWeb(Object(Config\Paths))
CRITICAL - 2024-09-09 13:42:57 --> CodeIgniter\HTTP\Exceptions\BadRequestException: The URI you submitted has disallowed characters: "{{appurl   'uploads"
[Method: GET, Route: %7B%7Bappurl%20%20%20%27uploads/images/%27%20%20%20chatAtual.details.staffavatar%7D%7D]
in SYSTEMPATH/Router/Router.php on line 737.
 1 SYSTEMPATH/Router/Router.php(204): CodeIgniter\Router\Router->checkDisallowedChars('{{appurl   \'uploads/images/\'   chatAtual.details.staffavatar}}')
 2 SYSTEMPATH/CodeIgniter.php(834): CodeIgniter\Router\Router->handle('{{appurl   \'uploads/images/\'   chatAtual.details.staffavatar}}')
 3 SYSTEMPATH/CodeIgniter.php(457): CodeIgniter\CodeIgniter->tryToRouteIt(Object(CodeIgniter\Router\RouteCollection))
 4 SYSTEMPATH/CodeIgniter.php(355): CodeIgniter\CodeIgniter->handleRequest(null, Object(Config\Cache), false)
 5 SYSTEMPATH/Boot.php(325): CodeIgniter\CodeIgniter->run()
 6 SYSTEMPATH/Boot.php(67): CodeIgniter\Boot::runCodeIgniter(Object(CodeIgniter\CodeIgniter))
 7 FCPATH/index.php(56): CodeIgniter\Boot::bootWeb(Object(Config\Paths))
CRITICAL - 2024-09-09 13:42:57 --> CodeIgniter\HTTP\Exceptions\BadRequestException: The URI you submitted has disallowed characters: "{{base_url   '"
[Method: GET, Route: %7B%7Bbase_url%20%20%20%27/assets/img/menu/steps.png%27%7D%7D]
in SYSTEMPATH/Router/Router.php on line 737.
 1 SYSTEMPATH/Router/Router.php(204): CodeIgniter\Router\Router->checkDisallowedChars('{{base_url   \'/assets/img/menu/steps.png\'}}')
 2 SYSTEMPATH/CodeIgniter.php(834): CodeIgniter\Router\Router->handle('{{base_url   \'/assets/img/menu/steps.png\'}}')
 3 SYSTEMPATH/CodeIgniter.php(457): CodeIgniter\CodeIgniter->tryToRouteIt(Object(CodeIgniter\Router\RouteCollection))
 4 SYSTEMPATH/CodeIgniter.php(355): CodeIgniter\CodeIgniter->handleRequest(null, Object(Config\Cache), false)
 5 SYSTEMPATH/Boot.php(325): CodeIgniter\CodeIgniter->run()
 6 SYSTEMPATH/Boot.php(67): CodeIgniter\Boot::runCodeIgniter(Object(CodeIgniter\CodeIgniter))
 7 FCPATH/index.php(56): CodeIgniter\Boot::bootWeb(Object(Config\Paths))
CRITICAL - 2024-09-09 13:44:47 --> CodeIgniter\HTTP\Exceptions\BadRequestException: The URI you submitted has disallowed characters: "{{appurl   'uploads"
[Method: GET, Route: %7B%7Bappurl%20%20%20%27uploads/images/%27%20%20%20chat.details.staffavatar%7D%7D]
in SYSTEMPATH/Router/Router.php on line 737.
 1 SYSTEMPATH/Router/Router.php(204): CodeIgniter\Router\Router->checkDisallowedChars('{{appurl   \'uploads/images/\'   chat.details.staffavatar}}')
 2 SYSTEMPATH/CodeIgniter.php(834): CodeIgniter\Router\Router->handle('{{appurl   \'uploads/images/\'   chat.details.staffavatar}}')
 3 SYSTEMPATH/CodeIgniter.php(457): CodeIgniter\CodeIgniter->tryToRouteIt(Object(CodeIgniter\Router\RouteCollection))
 4 SYSTEMPATH/CodeIgniter.php(355): CodeIgniter\CodeIgniter->handleRequest(null, Object(Config\Cache), false)
 5 SYSTEMPATH/Boot.php(325): CodeIgniter\CodeIgniter->run()
 6 SYSTEMPATH/Boot.php(67): CodeIgniter\Boot::runCodeIgniter(Object(CodeIgniter\CodeIgniter))
 7 FCPATH/index.php(56): CodeIgniter\Boot::bootWeb(Object(Config\Paths))
CRITICAL - 2024-09-09 13:44:47 --> CodeIgniter\HTTP\Exceptions\BadRequestException: The URI you submitted has disallowed characters: "{{appurl   'uploads"
[Method: GET, Route: %7B%7Bappurl%20%20%20%27uploads/images/%27%20%20%20chatAtual.details.staffavatar%7D%7D]
in SYSTEMPATH/Router/Router.php on line 737.
 1 SYSTEMPATH/Router/Router.php(204): CodeIgniter\Router\Router->checkDisallowedChars('{{appurl   \'uploads/images/\'   chatAtual.details.staffavatar}}')
 2 SYSTEMPATH/CodeIgniter.php(834): CodeIgniter\Router\Router->handle('{{appurl   \'uploads/images/\'   chatAtual.details.staffavatar}}')
 3 SYSTEMPATH/CodeIgniter.php(457): CodeIgniter\CodeIgniter->tryToRouteIt(Object(CodeIgniter\Router\RouteCollection))
 4 SYSTEMPATH/CodeIgniter.php(355): CodeIgniter\CodeIgniter->handleRequest(null, Object(Config\Cache), false)
 5 SYSTEMPATH/Boot.php(325): CodeIgniter\CodeIgniter->run()
 6 SYSTEMPATH/Boot.php(67): CodeIgniter\Boot::runCodeIgniter(Object(CodeIgniter\CodeIgniter))
 7 FCPATH/index.php(56): CodeIgniter\Boot::bootWeb(Object(Config\Paths))
CRITICAL - 2024-09-09 13:45:02 --> ErrorException: Constant LANG already defined
[Method: GET, Route: CronJob/envia_avisos]
in APPPATH/Controllers/CronJob.php on line 18.
 1 [internal function]: CodeIgniter\Debug\Exceptions->errorHandler(2, 'Constant LANG already defined', '/home/next0355/dev.next1crm.com.br/app/Controllers/CronJob.php', 18)
 2 APPPATH/Controllers/CronJob.php(18): define('LANG', 'portuguese_br')
 3 APPPATH/Controllers/DynamicController.php(19): App\Controllers\CronJob->__construct()
 4 SYSTEMPATH/CodeIgniter.php(933): App\Controllers\DynamicController->execute('CronJob', 'envia_avisos')
 5 SYSTEMPATH/CodeIgniter.php(509): CodeIgniter\CodeIgniter->runController(Object(App\Controllers\DynamicController))
 6 SYSTEMPATH/CodeIgniter.php(355): CodeIgniter\CodeIgniter->handleRequest(null, Object(Config\Cache), false)
 7 SYSTEMPATH/Boot.php(325): CodeIgniter\CodeIgniter->run()
 8 SYSTEMPATH/Boot.php(67): CodeIgniter\Boot::runCodeIgniter(Object(CodeIgniter\CodeIgniter))
 9 FCPATH/index.php(56): CodeIgniter\Boot::bootWeb(Object(Config\Paths))
CRITICAL - 2024-09-09 13:45:03 --> CodeIgniter\Database\Exceptions\DatabaseException: You must set the database table to be used with your query.
[Method: POST, Route: customers/create]
in SYSTEMPATH/Database/BaseConnection.php on line 927.
 1 SYSTEMPATH/Model.php(716): CodeIgniter\Database\BaseConnection->table(null)
 2 SYSTEMPATH/Model.php(897): CodeIgniter\Model->builder()
 3 APPPATH/Models/Customers_Model.php(116): CodeIgniter\Model->__get('Contacts_Model')
 4 APPPATH/Controllers/Customers.php(199): App\Models\Customers_Model->add_customers([...])
 5 APPPATH/Controllers/DynamicController.php(34): App\Controllers\Customers->create()
 6 SYSTEMPATH/CodeIgniter.php(933): App\Controllers\DynamicController->execute('customers', 'create')
 7 SYSTEMPATH/CodeIgniter.php(509): CodeIgniter\CodeIgniter->runController(Object(App\Controllers\DynamicController))
 8 SYSTEMPATH/CodeIgniter.php(355): CodeIgniter\CodeIgniter->handleRequest(null, Object(Config\Cache), false)
 9 SYSTEMPATH/Boot.php(325): CodeIgniter\CodeIgniter->run()
10 SYSTEMPATH/Boot.php(67): CodeIgniter\Boot::runCodeIgniter(Object(CodeIgniter\CodeIgniter))
11 FCPATH/index.php(56): CodeIgniter\Boot::bootWeb(Object(Config\Paths))
CRITICAL - 2024-09-09 13:45:10 --> CodeIgniter\Database\Exceptions\DatabaseException: You must set the database table to be used with your query.
[Method: POST, Route: customers/create]
in SYSTEMPATH/Database/BaseConnection.php on line 927.
 1 SYSTEMPATH/Model.php(716): CodeIgniter\Database\BaseConnection->table(null)
 2 SYSTEMPATH/Model.php(897): CodeIgniter\Model->builder()
 3 APPPATH/Models/Customers_Model.php(116): CodeIgniter\Model->__get('Contacts_Model')
 4 APPPATH/Controllers/Customers.php(199): App\Models\Customers_Model->add_customers([...])
 5 APPPATH/Controllers/DynamicController.php(34): App\Controllers\Customers->create()
 6 SYSTEMPATH/CodeIgniter.php(933): App\Controllers\DynamicController->execute('customers', 'create')
 7 SYSTEMPATH/CodeIgniter.php(509): CodeIgniter\CodeIgniter->runController(Object(App\Controllers\DynamicController))
 8 SYSTEMPATH/CodeIgniter.php(355): CodeIgniter\CodeIgniter->handleRequest(null, Object(Config\Cache), false)
 9 SYSTEMPATH/Boot.php(325): CodeIgniter\CodeIgniter->run()
10 SYSTEMPATH/Boot.php(67): CodeIgniter\Boot::runCodeIgniter(Object(CodeIgniter\CodeIgniter))
11 FCPATH/index.php(56): CodeIgniter\Boot::bootWeb(Object(Config\Paths))
CRITICAL - 2024-09-09 13:46:36 --> CodeIgniter\Database\Exceptions\DatabaseException: You must set the database table to be used with your query.
[Method: POST, Route: customers/create]
in SYSTEMPATH/Database/BaseConnection.php on line 927.
 1 SYSTEMPATH/Model.php(716): CodeIgniter\Database\BaseConnection->table(null)
 2 SYSTEMPATH/Model.php(897): CodeIgniter\Model->builder()
 3 APPPATH/Models/Customers_Model.php(116): CodeIgniter\Model->__get('Contacts_Model')
 4 APPPATH/Controllers/Customers.php(199): App\Models\Customers_Model->add_customers([...])
 5 APPPATH/Controllers/DynamicController.php(34): App\Controllers\Customers->create()
 6 SYSTEMPATH/CodeIgniter.php(933): App\Controllers\DynamicController->execute('customers', 'create')
 7 SYSTEMPATH/CodeIgniter.php(509): CodeIgniter\CodeIgniter->runController(Object(App\Controllers\DynamicController))
 8 SYSTEMPATH/CodeIgniter.php(355): CodeIgniter\CodeIgniter->handleRequest(null, Object(Config\Cache), false)
 9 SYSTEMPATH/Boot.php(325): CodeIgniter\CodeIgniter->run()
10 SYSTEMPATH/Boot.php(67): CodeIgniter\Boot::runCodeIgniter(Object(CodeIgniter\CodeIgniter))
11 FCPATH/index.php(56): CodeIgniter\Boot::bootWeb(Object(Config\Paths))
CRITICAL - 2024-09-09 13:48:03 --> CodeIgniter\Database\Exceptions\DatabaseException: You must set the database table to be used with your query.
[Method: POST, Route: customers/create]
in SYSTEMPATH/Database/BaseConnection.php on line 927.
 1 SYSTEMPATH/Model.php(716): CodeIgniter\Database\BaseConnection->table(null)
 2 SYSTEMPATH/Model.php(897): CodeIgniter\Model->builder()
 3 APPPATH/Models/Customers_Model.php(114): CodeIgniter\Model->__get('Contacts_Model')
 4 APPPATH/Controllers/Customers.php(199): App\Models\Customers_Model->add_customers([...])
 5 APPPATH/Controllers/DynamicController.php(34): App\Controllers\Customers->create()
 6 SYSTEMPATH/CodeIgniter.php(933): App\Controllers\DynamicController->execute('customers', 'create')
 7 SYSTEMPATH/CodeIgniter.php(509): CodeIgniter\CodeIgniter->runController(Object(App\Controllers\DynamicController))
 8 SYSTEMPATH/CodeIgniter.php(355): CodeIgniter\CodeIgniter->handleRequest(null, Object(Config\Cache), false)
 9 SYSTEMPATH/Boot.php(325): CodeIgniter\CodeIgniter->run()
10 SYSTEMPATH/Boot.php(67): CodeIgniter\Boot::runCodeIgniter(Object(CodeIgniter\CodeIgniter))
11 FCPATH/index.php(56): CodeIgniter\Boot::bootWeb(Object(Config\Paths))
CRITICAL - 2024-09-09 13:53:30 --> CodeIgniter\Database\Exceptions\DatabaseException: You must set the database table to be used with your query.
[Method: POST, Route: customers/create]
in SYSTEMPATH/Database/BaseConnection.php on line 927.
 1 SYSTEMPATH/Model.php(716): CodeIgniter\Database\BaseConnection->table(null)
 2 SYSTEMPATH/Model.php(897): CodeIgniter\Model->builder()
 3 APPPATH/Models/Customers_Model.php(114): CodeIgniter\Model->__get('Contacts_Model')
 4 APPPATH/Controllers/Customers.php(199): App\Models\Customers_Model->add_customers([...])
 5 APPPATH/Controllers/DynamicController.php(34): App\Controllers\Customers->create()
 6 SYSTEMPATH/CodeIgniter.php(933): App\Controllers\DynamicController->execute('customers', 'create')
 7 SYSTEMPATH/CodeIgniter.php(509): CodeIgniter\CodeIgniter->runController(Object(App\Controllers\DynamicController))
 8 SYSTEMPATH/CodeIgniter.php(355): CodeIgniter\CodeIgniter->handleRequest(null, Object(Config\Cache), false)
 9 SYSTEMPATH/Boot.php(325): CodeIgniter\CodeIgniter->run()
10 SYSTEMPATH/Boot.php(67): CodeIgniter\Boot::runCodeIgniter(Object(CodeIgniter\CodeIgniter))
11 FCPATH/index.php(56): CodeIgniter\Boot::bootWeb(Object(Config\Paths))
CRITICAL - 2024-09-09 13:53:58 --> ErrorException: Undefined variable $contacts_id
[Method: POST, Route: customers/create]
in APPPATH/Models/Customers_Model.php on line 116.
 1 APPPATH/Models/Customers_Model.php(116): CodeIgniter\Debug\Exceptions->errorHandler(2, 'Undefined variable $contacts_id', '/home/next0355/dev.next1crm.com.br/app/Models/Customers_Model.php', 116)
 2 APPPATH/Controllers/Customers.php(199): App\Models\Customers_Model->add_customers([...])
 3 APPPATH/Controllers/DynamicController.php(34): App\Controllers\Customers->create()
 4 SYSTEMPATH/CodeIgniter.php(933): App\Controllers\DynamicController->execute('customers', 'create')
 5 SYSTEMPATH/CodeIgniter.php(509): CodeIgniter\CodeIgniter->runController(Object(App\Controllers\DynamicController))
 6 SYSTEMPATH/CodeIgniter.php(355): CodeIgniter\CodeIgniter->handleRequest(null, Object(Config\Cache), false)
 7 SYSTEMPATH/Boot.php(325): CodeIgniter\CodeIgniter->run()
 8 SYSTEMPATH/Boot.php(67): CodeIgniter\Boot::runCodeIgniter(Object(CodeIgniter\CodeIgniter))
 9 FCPATH/index.php(56): CodeIgniter\Boot::bootWeb(Object(Config\Paths))
CRITICAL - 2024-09-09 13:54:22 --> CodeIgniter\Database\Exceptions\DatabaseException: You must set the database table to be used with your query.
[Method: POST, Route: customers/create]
in SYSTEMPATH/Database/BaseConnection.php on line 927.
 1 SYSTEMPATH/Model.php(716): CodeIgniter\Database\BaseConnection->table(null)
 2 SYSTEMPATH/Model.php(897): CodeIgniter\Model->builder()
 3 APPPATH/Models/Customers_Model.php(114): CodeIgniter\Model->__get('Contacts_Model')
 4 APPPATH/Controllers/Customers.php(199): App\Models\Customers_Model->add_customers([...])
 5 APPPATH/Controllers/DynamicController.php(34): App\Controllers\Customers->create()
 6 SYSTEMPATH/CodeIgniter.php(933): App\Controllers\DynamicController->execute('customers', 'create')
 7 SYSTEMPATH/CodeIgniter.php(509): CodeIgniter\CodeIgniter->runController(Object(App\Controllers\DynamicController))
 8 SYSTEMPATH/CodeIgniter.php(355): CodeIgniter\CodeIgniter->handleRequest(null, Object(Config\Cache), false)
 9 SYSTEMPATH/Boot.php(325): CodeIgniter\CodeIgniter->run()
10 SYSTEMPATH/Boot.php(67): CodeIgniter\Boot::runCodeIgniter(Object(CodeIgniter\CodeIgniter))
11 FCPATH/index.php(56): CodeIgniter\Boot::bootWeb(Object(Config\Paths))
CRITICAL - 2024-09-09 13:54:45 --> CodeIgniter\Database\Exceptions\DatabaseException: You must set the database table to be used with your query.
[Method: POST, Route: customers/create]
in SYSTEMPATH/Database/BaseConnection.php on line 927.
 1 SYSTEMPATH/Model.php(716): CodeIgniter\Database\BaseConnection->table(null)
 2 SYSTEMPATH/Model.php(897): CodeIgniter\Model->builder()
 3 APPPATH/Models/Customers_Model.php(114): CodeIgniter\Model->__get('Contacts_Model')
 4 APPPATH/Controllers/Customers.php(199): App\Models\Customers_Model->add_customers([...])
 5 APPPATH/Controllers/DynamicController.php(34): App\Controllers\Customers->create()
 6 SYSTEMPATH/CodeIgniter.php(933): App\Controllers\DynamicController->execute('customers', 'create')
 7 SYSTEMPATH/CodeIgniter.php(509): CodeIgniter\CodeIgniter->runController(Object(App\Controllers\DynamicController))
 8 SYSTEMPATH/CodeIgniter.php(355): CodeIgniter\CodeIgniter->handleRequest(null, Object(Config\Cache), false)
 9 SYSTEMPATH/Boot.php(325): CodeIgniter\CodeIgniter->run()
10 SYSTEMPATH/Boot.php(67): CodeIgniter\Boot::runCodeIgniter(Object(CodeIgniter\CodeIgniter))
11 FCPATH/index.php(56): CodeIgniter\Boot::bootWeb(Object(Config\Paths))
CRITICAL - 2024-09-09 13:56:24 --> CodeIgniter\Database\Exceptions\DatabaseException: You must set the database table to be used with your query.
[Method: POST, Route: customers/create]
in SYSTEMPATH/Database/BaseConnection.php on line 927.
 1 SYSTEMPATH/Model.php(716): CodeIgniter\Database\BaseConnection->table(null)
 2 SYSTEMPATH/Model.php(922): CodeIgniter\Model->builder()
 3 APPPATH/Models/Customers_Model.php(113): CodeIgniter\Model->__call('model', [...])
 4 APPPATH/Controllers/Customers.php(199): App\Models\Customers_Model->add_customers([...])
 5 APPPATH/Controllers/DynamicController.php(34): App\Controllers\Customers->create()
 6 SYSTEMPATH/CodeIgniter.php(933): App\Controllers\DynamicController->execute('customers', 'create')
 7 SYSTEMPATH/CodeIgniter.php(509): CodeIgniter\CodeIgniter->runController(Object(App\Controllers\DynamicController))
 8 SYSTEMPATH/CodeIgniter.php(355): CodeIgniter\CodeIgniter->handleRequest(null, Object(Config\Cache), false)
 9 SYSTEMPATH/Boot.php(325): CodeIgniter\CodeIgniter->run()
10 SYSTEMPATH/Boot.php(67): CodeIgniter\Boot::runCodeIgniter(Object(CodeIgniter\CodeIgniter))
11 FCPATH/index.php(56): CodeIgniter\Boot::bootWeb(Object(Config\Paths))
CRITICAL - 2024-09-09 13:58:29 --> CodeIgniter\Database\Exceptions\DatabaseException: You must set the database table to be used with your query.
[Method: POST, Route: customers/create]
in SYSTEMPATH/Database/BaseConnection.php on line 927.
 1 SYSTEMPATH/Model.php(716): CodeIgniter\Database\BaseConnection->table(null)
 2 SYSTEMPATH/Model.php(897): CodeIgniter\Model->builder()
 3 APPPATH/Models/Customers_Model.php(130): CodeIgniter\Model->__get('Emails_Model')
 4 APPPATH/Controllers/Customers.php(199): App\Models\Customers_Model->add_customers([...])
 5 APPPATH/Controllers/DynamicController.php(34): App\Controllers\Customers->create()
 6 SYSTEMPATH/CodeIgniter.php(933): App\Controllers\DynamicController->execute('customers', 'create')
 7 SYSTEMPATH/CodeIgniter.php(509): CodeIgniter\CodeIgniter->runController(Object(App\Controllers\DynamicController))
 8 SYSTEMPATH/CodeIgniter.php(355): CodeIgniter\CodeIgniter->handleRequest(null, Object(Config\Cache), false)
 9 SYSTEMPATH/Boot.php(325): CodeIgniter\CodeIgniter->run()
10 SYSTEMPATH/Boot.php(67): CodeIgniter\Boot::runCodeIgniter(Object(CodeIgniter\CodeIgniter))
11 FCPATH/index.php(56): CodeIgniter\Boot::bootWeb(Object(Config\Paths))
CRITICAL - 2024-09-09 14:00:03 --> ErrorException: Constant LANG already defined
[Method: GET, Route: CronJob/envia_avisos]
in APPPATH/Controllers/CronJob.php on line 18.
 1 [internal function]: CodeIgniter\Debug\Exceptions->errorHandler(2, 'Constant LANG already defined', '/home/next0355/dev.next1crm.com.br/app/Controllers/CronJob.php', 18)
 2 APPPATH/Controllers/CronJob.php(18): define('LANG', 'portuguese_br')
 3 APPPATH/Controllers/DynamicController.php(19): App\Controllers\CronJob->__construct()
 4 SYSTEMPATH/CodeIgniter.php(933): App\Controllers\DynamicController->execute('CronJob', 'envia_avisos')
 5 SYSTEMPATH/CodeIgniter.php(509): CodeIgniter\CodeIgniter->runController(Object(App\Controllers\DynamicController))
 6 SYSTEMPATH/CodeIgniter.php(355): CodeIgniter\CodeIgniter->handleRequest(null, Object(Config\Cache), false)
 7 SYSTEMPATH/Boot.php(325): CodeIgniter\CodeIgniter->run()
 8 SYSTEMPATH/Boot.php(67): CodeIgniter\Boot::runCodeIgniter(Object(CodeIgniter\CodeIgniter))
 9 FCPATH/index.php(56): CodeIgniter\Boot::bootWeb(Object(Config\Paths))
CRITICAL - 2024-09-09 14:01:59 --> CodeIgniter\HTTP\Exceptions\BadRequestException: The URI you submitted has disallowed characters: "{{appurl   'uploads"
[Method: GET, Route: %7B%7Bappurl%20%20%20%27uploads/images/%27%20%20%20chat.details.staffavatar%7D%7D]
in SYSTEMPATH/Router/Router.php on line 737.
 1 SYSTEMPATH/Router/Router.php(204): CodeIgniter\Router\Router->checkDisallowedChars('{{appurl   \'uploads/images/\'   chat.details.staffavatar}}')
 2 SYSTEMPATH/CodeIgniter.php(834): CodeIgniter\Router\Router->handle('{{appurl   \'uploads/images/\'   chat.details.staffavatar}}')
 3 SYSTEMPATH/CodeIgniter.php(457): CodeIgniter\CodeIgniter->tryToRouteIt(Object(CodeIgniter\Router\RouteCollection))
 4 SYSTEMPATH/CodeIgniter.php(355): CodeIgniter\CodeIgniter->handleRequest(null, Object(Config\Cache), false)
 5 SYSTEMPATH/Boot.php(325): CodeIgniter\CodeIgniter->run()
 6 SYSTEMPATH/Boot.php(67): CodeIgniter\Boot::runCodeIgniter(Object(CodeIgniter\CodeIgniter))
 7 FCPATH/index.php(56): CodeIgniter\Boot::bootWeb(Object(Config\Paths))
CRITICAL - 2024-09-09 14:01:59 --> CodeIgniter\HTTP\Exceptions\BadRequestException: The URI you submitted has disallowed characters: "{{appurl   'uploads"
[Method: GET, Route: %7B%7Bappurl%20%20%20%27uploads/images/%27%20%20%20chatAtual.details.staffavatar%7D%7D]
in SYSTEMPATH/Router/Router.php on line 737.
 1 SYSTEMPATH/Router/Router.php(204): CodeIgniter\Router\Router->checkDisallowedChars('{{appurl   \'uploads/images/\'   chatAtual.details.staffavatar}}')
 2 SYSTEMPATH/CodeIgniter.php(834): CodeIgniter\Router\Router->handle('{{appurl   \'uploads/images/\'   chatAtual.details.staffavatar}}')
 3 SYSTEMPATH/CodeIgniter.php(457): CodeIgniter\CodeIgniter->tryToRouteIt(Object(CodeIgniter\Router\RouteCollection))
 4 SYSTEMPATH/CodeIgniter.php(355): CodeIgniter\CodeIgniter->handleRequest(null, Object(Config\Cache), false)
 5 SYSTEMPATH/Boot.php(325): CodeIgniter\CodeIgniter->run()
 6 SYSTEMPATH/Boot.php(67): CodeIgniter\Boot::runCodeIgniter(Object(CodeIgniter\CodeIgniter))
 7 FCPATH/index.php(56): CodeIgniter\Boot::bootWeb(Object(Config\Paths))
CRITICAL - 2024-09-09 14:02:40 --> CodeIgniter\HTTP\Exceptions\BadRequestException: The URI you submitted has disallowed characters: "{{appurl   'uploads"
[Method: GET, Route: %7B%7Bappurl%20%20%20%27uploads/images/%27%20%20%20chatAtual.details.staffavatar%7D%7D]
in SYSTEMPATH/Router/Router.php on line 737.
 1 SYSTEMPATH/Router/Router.php(204): CodeIgniter\Router\Router->checkDisallowedChars('{{appurl   \'uploads/images/\'   chatAtual.details.staffavatar}}')
 2 SYSTEMPATH/CodeIgniter.php(834): CodeIgniter\Router\Router->handle('{{appurl   \'uploads/images/\'   chatAtual.details.staffavatar}}')
 3 SYSTEMPATH/CodeIgniter.php(457): CodeIgniter\CodeIgniter->tryToRouteIt(Object(CodeIgniter\Router\RouteCollection))
 4 SYSTEMPATH/CodeIgniter.php(355): CodeIgniter\CodeIgniter->handleRequest(null, Object(Config\Cache), false)
 5 SYSTEMPATH/Boot.php(325): CodeIgniter\CodeIgniter->run()
 6 SYSTEMPATH/Boot.php(67): CodeIgniter\Boot::runCodeIgniter(Object(CodeIgniter\CodeIgniter))
 7 FCPATH/index.php(56): CodeIgniter\Boot::bootWeb(Object(Config\Paths))
CRITICAL - 2024-09-09 14:02:40 --> CodeIgniter\HTTP\Exceptions\BadRequestException: The URI you submitted has disallowed characters: "{{appurl   'uploads"
[Method: GET, Route: %7B%7Bappurl%20%20%20%27uploads/images/%27%20%20%20chat.details.staffavatar%7D%7D]
in SYSTEMPATH/Router/Router.php on line 737.
 1 SYSTEMPATH/Router/Router.php(204): CodeIgniter\Router\Router->checkDisallowedChars('{{appurl   \'uploads/images/\'   chat.details.staffavatar}}')
 2 SYSTEMPATH/CodeIgniter.php(834): CodeIgniter\Router\Router->handle('{{appurl   \'uploads/images/\'   chat.details.staffavatar}}')
 3 SYSTEMPATH/CodeIgniter.php(457): CodeIgniter\CodeIgniter->tryToRouteIt(Object(CodeIgniter\Router\RouteCollection))
 4 SYSTEMPATH/CodeIgniter.php(355): CodeIgniter\CodeIgniter->handleRequest(null, Object(Config\Cache), false)
 5 SYSTEMPATH/Boot.php(325): CodeIgniter\CodeIgniter->run()
 6 SYSTEMPATH/Boot.php(67): CodeIgniter\Boot::runCodeIgniter(Object(CodeIgniter\CodeIgniter))
 7 FCPATH/index.php(56): CodeIgniter\Boot::bootWeb(Object(Config\Paths))
CRITICAL - 2024-09-09 14:03:28 --> CodeIgniter\HTTP\Exceptions\BadRequestException: The URI you submitted has disallowed characters: "{{appurl   'uploads"
[Method: GET, Route: orders/%7B%7Bappurl%20%20%20%27uploads/images/%27%20%20%20chat.details.staffavatar%7D%7D]
in SYSTEMPATH/Router/Router.php on line 737.
 1 SYSTEMPATH/Router/Router.php(204): CodeIgniter\Router\Router->checkDisallowedChars('orders/{{appurl   \'uploads/images/\'   chat.details.staffavatar}}')
 2 SYSTEMPATH/CodeIgniter.php(834): CodeIgniter\Router\Router->handle('orders/{{appurl   \'uploads/images/\'   chat.details.staffavatar}}')
 3 SYSTEMPATH/CodeIgniter.php(457): CodeIgniter\CodeIgniter->tryToRouteIt(Object(CodeIgniter\Router\RouteCollection))
 4 SYSTEMPATH/CodeIgniter.php(355): CodeIgniter\CodeIgniter->handleRequest(null, Object(Config\Cache), false)
 5 SYSTEMPATH/Boot.php(325): CodeIgniter\CodeIgniter->run()
 6 SYSTEMPATH/Boot.php(67): CodeIgniter\Boot::runCodeIgniter(Object(CodeIgniter\CodeIgniter))
 7 FCPATH/index.php(56): CodeIgniter\Boot::bootWeb(Object(Config\Paths))
CRITICAL - 2024-09-09 14:03:28 --> CodeIgniter\HTTP\Exceptions\BadRequestException: The URI you submitted has disallowed characters: "{{appurl   'uploads"
[Method: GET, Route: orders/%7B%7Bappurl%20%20%20%27uploads/images/%27%20%20%20chatAtual.details.staffavatar%7D%7D]
in SYSTEMPATH/Router/Router.php on line 737.
 1 SYSTEMPATH/Router/Router.php(204): CodeIgniter\Router\Router->checkDisallowedChars('orders/{{appurl   \'uploads/images/\'   chatAtual.details.staffavatar}}')
 2 SYSTEMPATH/CodeIgniter.php(834): CodeIgniter\Router\Router->handle('orders/{{appurl   \'uploads/images/\'   chatAtual.details.staffavatar}}')
 3 SYSTEMPATH/CodeIgniter.php(457): CodeIgniter\CodeIgniter->tryToRouteIt(Object(CodeIgniter\Router\RouteCollection))
 4 SYSTEMPATH/CodeIgniter.php(355): CodeIgniter\CodeIgniter->handleRequest(null, Object(Config\Cache), false)
 5 SYSTEMPATH/Boot.php(325): CodeIgniter\CodeIgniter->run()
 6 SYSTEMPATH/Boot.php(67): CodeIgniter\Boot::runCodeIgniter(Object(CodeIgniter\CodeIgniter))
 7 FCPATH/index.php(56): CodeIgniter\Boot::bootWeb(Object(Config\Paths))
CRITICAL - 2024-09-09 14:07:52 --> CodeIgniter\HTTP\Exceptions\BadRequestException: The URI you submitted has disallowed characters: "{{appurl   'uploads"
[Method: GET, Route: %7B%7Bappurl%20%20%20%27uploads/images/%27%20%20%20chat.details.staffavatar%7D%7D]
in SYSTEMPATH/Router/Router.php on line 737.
 1 SYSTEMPATH/Router/Router.php(204): CodeIgniter\Router\Router->checkDisallowedChars('{{appurl   \'uploads/images/\'   chat.details.staffavatar}}')
 2 SYSTEMPATH/CodeIgniter.php(834): CodeIgniter\Router\Router->handle('{{appurl   \'uploads/images/\'   chat.details.staffavatar}}')
 3 SYSTEMPATH/CodeIgniter.php(457): CodeIgniter\CodeIgniter->tryToRouteIt(Object(CodeIgniter\Router\RouteCollection))
 4 SYSTEMPATH/CodeIgniter.php(355): CodeIgniter\CodeIgniter->handleRequest(null, Object(Config\Cache), false)
 5 SYSTEMPATH/Boot.php(325): CodeIgniter\CodeIgniter->run()
 6 SYSTEMPATH/Boot.php(67): CodeIgniter\Boot::runCodeIgniter(Object(CodeIgniter\CodeIgniter))
 7 FCPATH/index.php(56): CodeIgniter\Boot::bootWeb(Object(Config\Paths))
CRITICAL - 2024-09-09 14:07:52 --> CodeIgniter\HTTP\Exceptions\BadRequestException: The URI you submitted has disallowed characters: "{{appurl   'uploads"
[Method: GET, Route: %7B%7Bappurl%20%20%20%27uploads/images/%27%20%20%20chatAtual.details.staffavatar%7D%7D]
in SYSTEMPATH/Router/Router.php on line 737.
 1 SYSTEMPATH/Router/Router.php(204): CodeIgniter\Router\Router->checkDisallowedChars('{{appurl   \'uploads/images/\'   chatAtual.details.staffavatar}}')
 2 SYSTEMPATH/CodeIgniter.php(834): CodeIgniter\Router\Router->handle('{{appurl   \'uploads/images/\'   chatAtual.details.staffavatar}}')
 3 SYSTEMPATH/CodeIgniter.php(457): CodeIgniter\CodeIgniter->tryToRouteIt(Object(CodeIgniter\Router\RouteCollection))
 4 SYSTEMPATH/CodeIgniter.php(355): CodeIgniter\CodeIgniter->handleRequest(null, Object(Config\Cache), false)
 5 SYSTEMPATH/Boot.php(325): CodeIgniter\CodeIgniter->run()
 6 SYSTEMPATH/Boot.php(67): CodeIgniter\Boot::runCodeIgniter(Object(CodeIgniter\CodeIgniter))
 7 FCPATH/index.php(56): CodeIgniter\Boot::bootWeb(Object(Config\Paths))
CRITICAL - 2024-09-09 14:07:53 --> CodeIgniter\HTTP\Exceptions\BadRequestException: The URI you submitted has disallowed characters: "{{appurl   'assets"
[Method: GET, Route: %7B%7Bappurl%20%20%20%27assets/img/loading.gif%27%7D%7D]
in SYSTEMPATH/Router/Router.php on line 737.
 1 SYSTEMPATH/Router/Router.php(204): CodeIgniter\Router\Router->checkDisallowedChars('{{appurl   \'assets/img/loading.gif\'}}')
 2 SYSTEMPATH/CodeIgniter.php(834): CodeIgniter\Router\Router->handle('{{appurl   \'assets/img/loading.gif\'}}')
 3 SYSTEMPATH/CodeIgniter.php(457): CodeIgniter\CodeIgniter->tryToRouteIt(Object(CodeIgniter\Router\RouteCollection))
 4 SYSTEMPATH/CodeIgniter.php(355): CodeIgniter\CodeIgniter->handleRequest(null, Object(Config\Cache), false)
 5 SYSTEMPATH/Boot.php(325): CodeIgniter\CodeIgniter->run()
 6 SYSTEMPATH/Boot.php(67): CodeIgniter\Boot::runCodeIgniter(Object(CodeIgniter\CodeIgniter))
 7 FCPATH/index.php(56): CodeIgniter\Boot::bootWeb(Object(Config\Paths))
CRITICAL - 2024-09-09 14:08:32 --> CodeIgniter\HTTP\Exceptions\BadRequestException: The URI you submitted has disallowed characters: "{{appurl   'uploads"
[Method: GET, Route: %7B%7Bappurl%20%20%20%27uploads/images/%27%20%20%20chatAtual.details.staffavatar%7D%7D]
in SYSTEMPATH/Router/Router.php on line 737.
 1 SYSTEMPATH/Router/Router.php(204): CodeIgniter\Router\Router->checkDisallowedChars('{{appurl   \'uploads/images/\'   chatAtual.details.staffavatar}}')
 2 SYSTEMPATH/CodeIgniter.php(834): CodeIgniter\Router\Router->handle('{{appurl   \'uploads/images/\'   chatAtual.details.staffavatar}}')
 3 SYSTEMPATH/CodeIgniter.php(457): CodeIgniter\CodeIgniter->tryToRouteIt(Object(CodeIgniter\Router\RouteCollection))
 4 SYSTEMPATH/CodeIgniter.php(355): CodeIgniter\CodeIgniter->handleRequest(null, Object(Config\Cache), false)
 5 SYSTEMPATH/Boot.php(325): CodeIgniter\CodeIgniter->run()
 6 SYSTEMPATH/Boot.php(67): CodeIgniter\Boot::runCodeIgniter(Object(CodeIgniter\CodeIgniter))
 7 FCPATH/index.php(56): CodeIgniter\Boot::bootWeb(Object(Config\Paths))
CRITICAL - 2024-09-09 14:08:32 --> CodeIgniter\HTTP\Exceptions\BadRequestException: The URI you submitted has disallowed characters: "{{appurl   'assets"
[Method: GET, Route: %7B%7Bappurl%20%20%20%27assets/img/menu/Dashboard%20Leads.svg%27%7D%7D]
in SYSTEMPATH/Router/Router.php on line 737.
 1 SYSTEMPATH/Router/Router.php(204): CodeIgniter\Router\Router->checkDisallowedChars('{{appurl   \'assets/img/menu/Dashboard Leads.svg\'}}')
 2 SYSTEMPATH/CodeIgniter.php(834): CodeIgniter\Router\Router->handle('{{appurl   \'assets/img/menu/Dashboard Leads.svg\'}}')
 3 SYSTEMPATH/CodeIgniter.php(457): CodeIgniter\CodeIgniter->tryToRouteIt(Object(CodeIgniter\Router\RouteCollection))
 4 SYSTEMPATH/CodeIgniter.php(355): CodeIgniter\CodeIgniter->handleRequest(null, Object(Config\Cache), false)
 5 SYSTEMPATH/Boot.php(325): CodeIgniter\CodeIgniter->run()
 6 SYSTEMPATH/Boot.php(67): CodeIgniter\Boot::runCodeIgniter(Object(CodeIgniter\CodeIgniter))
 7 FCPATH/index.php(56): CodeIgniter\Boot::bootWeb(Object(Config\Paths))
CRITICAL - 2024-09-09 14:08:32 --> CodeIgniter\HTTP\Exceptions\BadRequestException: The URI you submitted has disallowed characters: "{{appurl   'uploads"
[Method: GET, Route: %7B%7Bappurl%20%20%20%27uploads/images/%27%20%20%20chat.details.staffavatar%7D%7D]
in SYSTEMPATH/Router/Router.php on line 737.
 1 SYSTEMPATH/Router/Router.php(204): CodeIgniter\Router\Router->checkDisallowedChars('{{appurl   \'uploads/images/\'   chat.details.staffavatar}}')
 2 SYSTEMPATH/CodeIgniter.php(834): CodeIgniter\Router\Router->handle('{{appurl   \'uploads/images/\'   chat.details.staffavatar}}')
 3 SYSTEMPATH/CodeIgniter.php(457): CodeIgniter\CodeIgniter->tryToRouteIt(Object(CodeIgniter\Router\RouteCollection))
 4 SYSTEMPATH/CodeIgniter.php(355): CodeIgniter\CodeIgniter->handleRequest(null, Object(Config\Cache), false)
 5 SYSTEMPATH/Boot.php(325): CodeIgniter\CodeIgniter->run()
 6 SYSTEMPATH/Boot.php(67): CodeIgniter\Boot::runCodeIgniter(Object(CodeIgniter\CodeIgniter))
 7 FCPATH/index.php(56): CodeIgniter\Boot::bootWeb(Object(Config\Paths))
CRITICAL - 2024-09-09 14:08:32 --> CodeIgniter\HTTP\Exceptions\BadRequestException: The URI you submitted has disallowed characters: "{{appurl   'assets"
[Method: GET, Route: %7B%7Bappurl%20%20%20%27assets/img/loading.gif%27%7D%7D]
in SYSTEMPATH/Router/Router.php on line 737.
 1 SYSTEMPATH/Router/Router.php(204): CodeIgniter\Router\Router->checkDisallowedChars('{{appurl   \'assets/img/loading.gif\'}}')
 2 SYSTEMPATH/CodeIgniter.php(834): CodeIgniter\Router\Router->handle('{{appurl   \'assets/img/loading.gif\'}}')
 3 SYSTEMPATH/CodeIgniter.php(457): CodeIgniter\CodeIgniter->tryToRouteIt(Object(CodeIgniter\Router\RouteCollection))
 4 SYSTEMPATH/CodeIgniter.php(355): CodeIgniter\CodeIgniter->handleRequest(null, Object(Config\Cache), false)
 5 SYSTEMPATH/Boot.php(325): CodeIgniter\CodeIgniter->run()
 6 SYSTEMPATH/Boot.php(67): CodeIgniter\Boot::runCodeIgniter(Object(CodeIgniter\CodeIgniter))
 7 FCPATH/index.php(56): CodeIgniter\Boot::bootWeb(Object(Config\Paths))
CRITICAL - 2024-09-09 14:08:32 --> CodeIgniter\HTTP\Exceptions\BadRequestException: The URI you submitted has disallowed characters: "{{appurl   'uploads"
[Method: GET, Route: %7B%7Bappurl%20%20%20%27uploads/images/%27%20%20%20chat.details.staffavatar%20%7D%7D]
in SYSTEMPATH/Router/Router.php on line 737.
 1 SYSTEMPATH/Router/Router.php(204): CodeIgniter\Router\Router->checkDisallowedChars('{{appurl   \'uploads/images/\'   chat.details.staffavatar }}')
 2 SYSTEMPATH/CodeIgniter.php(834): CodeIgniter\Router\Router->handle('{{appurl   \'uploads/images/\'   chat.details.staffavatar }}')
 3 SYSTEMPATH/CodeIgniter.php(457): CodeIgniter\CodeIgniter->tryToRouteIt(Object(CodeIgniter\Router\RouteCollection))
 4 SYSTEMPATH/CodeIgniter.php(355): CodeIgniter\CodeIgniter->handleRequest(null, Object(Config\Cache), false)
 5 SYSTEMPATH/Boot.php(325): CodeIgniter\CodeIgniter->run()
 6 SYSTEMPATH/Boot.php(67): CodeIgniter\Boot::runCodeIgniter(Object(CodeIgniter\CodeIgniter))
 7 FCPATH/index.php(56): CodeIgniter\Boot::bootWeb(Object(Config\Paths))
CRITICAL - 2024-09-09 14:08:43 --> CodeIgniter\HTTP\Exceptions\BadRequestException: The URI you submitted has disallowed characters: "{{appurl   'uploads"
[Method: GET, Route: %7B%7Bappurl%20%20%20%27uploads/images/%27%20%20%20chatAtual.details.staffavatar%7D%7D]
in SYSTEMPATH/Router/Router.php on line 737.
 1 SYSTEMPATH/Router/Router.php(204): CodeIgniter\Router\Router->checkDisallowedChars('{{appurl   \'uploads/images/\'   chatAtual.details.staffavatar}}')
 2 SYSTEMPATH/CodeIgniter.php(834): CodeIgniter\Router\Router->handle('{{appurl   \'uploads/images/\'   chatAtual.details.staffavatar}}')
 3 SYSTEMPATH/CodeIgniter.php(457): CodeIgniter\CodeIgniter->tryToRouteIt(Object(CodeIgniter\Router\RouteCollection))
 4 SYSTEMPATH/CodeIgniter.php(355): CodeIgniter\CodeIgniter->handleRequest(null, Object(Config\Cache), false)
 5 SYSTEMPATH/Boot.php(325): CodeIgniter\CodeIgniter->run()
 6 SYSTEMPATH/Boot.php(67): CodeIgniter\Boot::runCodeIgniter(Object(CodeIgniter\CodeIgniter))
 7 FCPATH/index.php(56): CodeIgniter\Boot::bootWeb(Object(Config\Paths))
CRITICAL - 2024-09-09 14:08:43 --> CodeIgniter\HTTP\Exceptions\BadRequestException: The URI you submitted has disallowed characters: "{{appurl   'uploads"
[Method: GET, Route: %7B%7Bappurl%20%20%20%27uploads/images/%27%20%20%20chat.details.staffavatar%7D%7D]
in SYSTEMPATH/Router/Router.php on line 737.
 1 SYSTEMPATH/Router/Router.php(204): CodeIgniter\Router\Router->checkDisallowedChars('{{appurl   \'uploads/images/\'   chat.details.staffavatar}}')
 2 SYSTEMPATH/CodeIgniter.php(834): CodeIgniter\Router\Router->handle('{{appurl   \'uploads/images/\'   chat.details.staffavatar}}')
 3 SYSTEMPATH/CodeIgniter.php(457): CodeIgniter\CodeIgniter->tryToRouteIt(Object(CodeIgniter\Router\RouteCollection))
 4 SYSTEMPATH/CodeIgniter.php(355): CodeIgniter\CodeIgniter->handleRequest(null, Object(Config\Cache), false)
 5 SYSTEMPATH/Boot.php(325): CodeIgniter\CodeIgniter->run()
 6 SYSTEMPATH/Boot.php(67): CodeIgniter\Boot::runCodeIgniter(Object(CodeIgniter\CodeIgniter))
 7 FCPATH/index.php(56): CodeIgniter\Boot::bootWeb(Object(Config\Paths))
CRITICAL - 2024-09-09 14:08:43 --> CodeIgniter\HTTP\Exceptions\BadRequestException: The URI you submitted has disallowed characters: "{{appurl   'assets"
[Method: GET, Route: %7B%7Bappurl%20%20%20%27assets/img/loading.gif%27%7D%7D]
in SYSTEMPATH/Router/Router.php on line 737.
 1 SYSTEMPATH/Router/Router.php(204): CodeIgniter\Router\Router->checkDisallowedChars('{{appurl   \'assets/img/loading.gif\'}}')
 2 SYSTEMPATH/CodeIgniter.php(834): CodeIgniter\Router\Router->handle('{{appurl   \'assets/img/loading.gif\'}}')
 3 SYSTEMPATH/CodeIgniter.php(457): CodeIgniter\CodeIgniter->tryToRouteIt(Object(CodeIgniter\Router\RouteCollection))
 4 SYSTEMPATH/CodeIgniter.php(355): CodeIgniter\CodeIgniter->handleRequest(null, Object(Config\Cache), false)
 5 SYSTEMPATH/Boot.php(325): CodeIgniter\CodeIgniter->run()
 6 SYSTEMPATH/Boot.php(67): CodeIgniter\Boot::runCodeIgniter(Object(CodeIgniter\CodeIgniter))
 7 FCPATH/index.php(56): CodeIgniter\Boot::bootWeb(Object(Config\Paths))
CRITICAL - 2024-09-09 14:12:07 --> CodeIgniter\HTTP\Exceptions\BadRequestException: The URI you submitted has disallowed characters: "{{appurl   'uploads"
[Method: GET, Route: %7B%7Bappurl%20%20%20%27uploads/images/%27%20%20%20chat.details.staffavatar%7D%7D]
in SYSTEMPATH/Router/Router.php on line 737.
 1 SYSTEMPATH/Router/Router.php(204): CodeIgniter\Router\Router->checkDisallowedChars('{{appurl   \'uploads/images/\'   chat.details.staffavatar}}')
 2 SYSTEMPATH/CodeIgniter.php(834): CodeIgniter\Router\Router->handle('{{appurl   \'uploads/images/\'   chat.details.staffavatar}}')
 3 SYSTEMPATH/CodeIgniter.php(457): CodeIgniter\CodeIgniter->tryToRouteIt(Object(CodeIgniter\Router\RouteCollection))
 4 SYSTEMPATH/CodeIgniter.php(355): CodeIgniter\CodeIgniter->handleRequest(null, Object(Config\Cache), false)
 5 SYSTEMPATH/Boot.php(325): CodeIgniter\CodeIgniter->run()
 6 SYSTEMPATH/Boot.php(67): CodeIgniter\Boot::runCodeIgniter(Object(CodeIgniter\CodeIgniter))
 7 FCPATH/index.php(56): CodeIgniter\Boot::bootWeb(Object(Config\Paths))
CRITICAL - 2024-09-09 14:12:07 --> CodeIgniter\HTTP\Exceptions\BadRequestException: The URI you submitted has disallowed characters: "{{appurl   'assets"
[Method: GET, Route: %7B%7Bappurl%20%20%20%27assets/img/loading.gif%27%7D%7D]
in SYSTEMPATH/Router/Router.php on line 737.
 1 SYSTEMPATH/Router/Router.php(204): CodeIgniter\Router\Router->checkDisallowedChars('{{appurl   \'assets/img/loading.gif\'}}')
 2 SYSTEMPATH/CodeIgniter.php(834): CodeIgniter\Router\Router->handle('{{appurl   \'assets/img/loading.gif\'}}')
 3 SYSTEMPATH/CodeIgniter.php(457): CodeIgniter\CodeIgniter->tryToRouteIt(Object(CodeIgniter\Router\RouteCollection))
 4 SYSTEMPATH/CodeIgniter.php(355): CodeIgniter\CodeIgniter->handleRequest(null, Object(Config\Cache), false)
 5 SYSTEMPATH/Boot.php(325): CodeIgniter\CodeIgniter->run()
 6 SYSTEMPATH/Boot.php(67): CodeIgniter\Boot::runCodeIgniter(Object(CodeIgniter\CodeIgniter))
 7 FCPATH/index.php(56): CodeIgniter\Boot::bootWeb(Object(Config\Paths))
CRITICAL - 2024-09-09 14:12:07 --> CodeIgniter\HTTP\Exceptions\BadRequestException: The URI you submitted has disallowed characters: "{{appurl   'uploads"
[Method: GET, Route: %7B%7Bappurl%20%20%20%27uploads/images/%27%20%20%20chatAtual.details.staffavatar%7D%7D]
in SYSTEMPATH/Router/Router.php on line 737.
 1 SYSTEMPATH/Router/Router.php(204): CodeIgniter\Router\Router->checkDisallowedChars('{{appurl   \'uploads/images/\'   chatAtual.details.staffavatar}}')
 2 SYSTEMPATH/CodeIgniter.php(834): CodeIgniter\Router\Router->handle('{{appurl   \'uploads/images/\'   chatAtual.details.staffavatar}}')
 3 SYSTEMPATH/CodeIgniter.php(457): CodeIgniter\CodeIgniter->tryToRouteIt(Object(CodeIgniter\Router\RouteCollection))
 4 SYSTEMPATH/CodeIgniter.php(355): CodeIgniter\CodeIgniter->handleRequest(null, Object(Config\Cache), false)
 5 SYSTEMPATH/Boot.php(325): CodeIgniter\CodeIgniter->run()
 6 SYSTEMPATH/Boot.php(67): CodeIgniter\Boot::runCodeIgniter(Object(CodeIgniter\CodeIgniter))
 7 FCPATH/index.php(56): CodeIgniter\Boot::bootWeb(Object(Config\Paths))
CRITICAL - 2024-09-09 14:12:23 --> CodeIgniter\HTTP\Exceptions\BadRequestException: The URI you submitted has disallowed characters: "{{appurl   'uploads"
[Method: GET, Route: %7B%7Bappurl%20%20%20%27uploads/images/%27%20%20%20chatAtual.details.staffavatar%7D%7D]
in SYSTEMPATH/Router/Router.php on line 737.
 1 SYSTEMPATH/Router/Router.php(204): CodeIgniter\Router\Router->checkDisallowedChars('{{appurl   \'uploads/images/\'   chatAtual.details.staffavatar}}')
 2 SYSTEMPATH/CodeIgniter.php(834): CodeIgniter\Router\Router->handle('{{appurl   \'uploads/images/\'   chatAtual.details.staffavatar}}')
 3 SYSTEMPATH/CodeIgniter.php(457): CodeIgniter\CodeIgniter->tryToRouteIt(Object(CodeIgniter\Router\RouteCollection))
 4 SYSTEMPATH/CodeIgniter.php(355): CodeIgniter\CodeIgniter->handleRequest(null, Object(Config\Cache), false)
 5 SYSTEMPATH/Boot.php(325): CodeIgniter\CodeIgniter->run()
 6 SYSTEMPATH/Boot.php(67): CodeIgniter\Boot::runCodeIgniter(Object(CodeIgniter\CodeIgniter))
 7 FCPATH/index.php(56): CodeIgniter\Boot::bootWeb(Object(Config\Paths))
CRITICAL - 2024-09-09 14:12:23 --> CodeIgniter\HTTP\Exceptions\BadRequestException: The URI you submitted has disallowed characters: "{{appurl   'uploads"
[Method: GET, Route: %7B%7Bappurl%20%20%20%27uploads/images/%27%20%20%20chat.details.staffavatar%7D%7D]
in SYSTEMPATH/Router/Router.php on line 737.
 1 SYSTEMPATH/Router/Router.php(204): CodeIgniter\Router\Router->checkDisallowedChars('{{appurl   \'uploads/images/\'   chat.details.staffavatar}}')
 2 SYSTEMPATH/CodeIgniter.php(834): CodeIgniter\Router\Router->handle('{{appurl   \'uploads/images/\'   chat.details.staffavatar}}')
 3 SYSTEMPATH/CodeIgniter.php(457): CodeIgniter\CodeIgniter->tryToRouteIt(Object(CodeIgniter\Router\RouteCollection))
 4 SYSTEMPATH/CodeIgniter.php(355): CodeIgniter\CodeIgniter->handleRequest(null, Object(Config\Cache), false)
 5 SYSTEMPATH/Boot.php(325): CodeIgniter\CodeIgniter->run()
 6 SYSTEMPATH/Boot.php(67): CodeIgniter\Boot::runCodeIgniter(Object(CodeIgniter\CodeIgniter))
 7 FCPATH/index.php(56): CodeIgniter\Boot::bootWeb(Object(Config\Paths))
CRITICAL - 2024-09-09 14:12:23 --> CodeIgniter\HTTP\Exceptions\BadRequestException: The URI you submitted has disallowed characters: "{{appurl   'assets"
[Method: GET, Route: %7B%7Bappurl%20%20%20%27assets/img/menu/dash_metas.svg%27%7D%7D]
in SYSTEMPATH/Router/Router.php on line 737.
 1 SYSTEMPATH/Router/Router.php(204): CodeIgniter\Router\Router->checkDisallowedChars('{{appurl   \'assets/img/menu/dash_metas.svg\'}}')
 2 SYSTEMPATH/CodeIgniter.php(834): CodeIgniter\Router\Router->handle('{{appurl   \'assets/img/menu/dash_metas.svg\'}}')
 3 SYSTEMPATH/CodeIgniter.php(457): CodeIgniter\CodeIgniter->tryToRouteIt(Object(CodeIgniter\Router\RouteCollection))
 4 SYSTEMPATH/CodeIgniter.php(355): CodeIgniter\CodeIgniter->handleRequest(null, Object(Config\Cache), false)
 5 SYSTEMPATH/Boot.php(325): CodeIgniter\CodeIgniter->run()
 6 SYSTEMPATH/Boot.php(67): CodeIgniter\Boot::runCodeIgniter(Object(CodeIgniter\CodeIgniter))
 7 FCPATH/index.php(56): CodeIgniter\Boot::bootWeb(Object(Config\Paths))
CRITICAL - 2024-09-09 14:12:45 --> CodeIgniter\HTTP\Exceptions\BadRequestException: The URI you submitted has disallowed characters: "{{appurl   'uploads"
[Method: GET, Route: %7B%7Bappurl%20%20%20%27uploads/images/%27%20%20%20chatAtual.details.staffavatar%7D%7D]
in SYSTEMPATH/Router/Router.php on line 737.
 1 SYSTEMPATH/Router/Router.php(204): CodeIgniter\Router\Router->checkDisallowedChars('{{appurl   \'uploads/images/\'   chatAtual.details.staffavatar}}')
 2 SYSTEMPATH/CodeIgniter.php(834): CodeIgniter\Router\Router->handle('{{appurl   \'uploads/images/\'   chatAtual.details.staffavatar}}')
 3 SYSTEMPATH/CodeIgniter.php(457): CodeIgniter\CodeIgniter->tryToRouteIt(Object(CodeIgniter\Router\RouteCollection))
 4 SYSTEMPATH/CodeIgniter.php(355): CodeIgniter\CodeIgniter->handleRequest(null, Object(Config\Cache), false)
 5 SYSTEMPATH/Boot.php(325): CodeIgniter\CodeIgniter->run()
 6 SYSTEMPATH/Boot.php(67): CodeIgniter\Boot::runCodeIgniter(Object(CodeIgniter\CodeIgniter))
 7 FCPATH/index.php(56): CodeIgniter\Boot::bootWeb(Object(Config\Paths))
CRITICAL - 2024-09-09 14:12:45 --> CodeIgniter\HTTP\Exceptions\BadRequestException: The URI you submitted has disallowed characters: "{{appurl   'uploads"
[Method: GET, Route: %7B%7Bappurl%20%20%20%27uploads/images/%27%20%20%20chat.details.staffavatar%7D%7D]
in SYSTEMPATH/Router/Router.php on line 737.
 1 SYSTEMPATH/Router/Router.php(204): CodeIgniter\Router\Router->checkDisallowedChars('{{appurl   \'uploads/images/\'   chat.details.staffavatar}}')
 2 SYSTEMPATH/CodeIgniter.php(834): CodeIgniter\Router\Router->handle('{{appurl   \'uploads/images/\'   chat.details.staffavatar}}')
 3 SYSTEMPATH/CodeIgniter.php(457): CodeIgniter\CodeIgniter->tryToRouteIt(Object(CodeIgniter\Router\RouteCollection))
 4 SYSTEMPATH/CodeIgniter.php(355): CodeIgniter\CodeIgniter->handleRequest(null, Object(Config\Cache), false)
 5 SYSTEMPATH/Boot.php(325): CodeIgniter\CodeIgniter->run()
 6 SYSTEMPATH/Boot.php(67): CodeIgniter\Boot::runCodeIgniter(Object(CodeIgniter\CodeIgniter))
 7 FCPATH/index.php(56): CodeIgniter\Boot::bootWeb(Object(Config\Paths))
CRITICAL - 2024-09-09 14:12:45 --> CodeIgniter\HTTP\Exceptions\BadRequestException: The URI you submitted has disallowed characters: "{{appurl   'assets"
[Method: GET, Route: %7B%7Bappurl%20%20%20%27assets/img/pie2.png%27%7D%7D]
in SYSTEMPATH/Router/Router.php on line 737.
 1 SYSTEMPATH/Router/Router.php(204): CodeIgniter\Router\Router->checkDisallowedChars('{{appurl   \'assets/img/pie2.png\'}}')
 2 SYSTEMPATH/CodeIgniter.php(834): CodeIgniter\Router\Router->handle('{{appurl   \'assets/img/pie2.png\'}}')
 3 SYSTEMPATH/CodeIgniter.php(457): CodeIgniter\CodeIgniter->tryToRouteIt(Object(CodeIgniter\Router\RouteCollection))
 4 SYSTEMPATH/CodeIgniter.php(355): CodeIgniter\CodeIgniter->handleRequest(null, Object(Config\Cache), false)
 5 SYSTEMPATH/Boot.php(325): CodeIgniter\CodeIgniter->run()
 6 SYSTEMPATH/Boot.php(67): CodeIgniter\Boot::runCodeIgniter(Object(CodeIgniter\CodeIgniter))
 7 FCPATH/index.php(56): CodeIgniter\Boot::bootWeb(Object(Config\Paths))
CRITICAL - 2024-09-09 14:15:02 --> ErrorException: Constant LANG already defined
[Method: GET, Route: CronJob/envia_avisos]
in APPPATH/Controllers/CronJob.php on line 18.
 1 [internal function]: CodeIgniter\Debug\Exceptions->errorHandler(2, 'Constant LANG already defined', '/home/next0355/dev.next1crm.com.br/app/Controllers/CronJob.php', 18)
 2 APPPATH/Controllers/CronJob.php(18): define('LANG', 'portuguese_br')
 3 APPPATH/Controllers/DynamicController.php(19): App\Controllers\CronJob->__construct()
 4 SYSTEMPATH/CodeIgniter.php(933): App\Controllers\DynamicController->execute('CronJob', 'envia_avisos')
 5 SYSTEMPATH/CodeIgniter.php(509): CodeIgniter\CodeIgniter->runController(Object(App\Controllers\DynamicController))
 6 SYSTEMPATH/CodeIgniter.php(355): CodeIgniter\CodeIgniter->handleRequest(null, Object(Config\Cache), false)
 7 SYSTEMPATH/Boot.php(325): CodeIgniter\CodeIgniter->run()
 8 SYSTEMPATH/Boot.php(67): CodeIgniter\Boot::runCodeIgniter(Object(CodeIgniter\CodeIgniter))
 9 FCPATH/index.php(56): CodeIgniter\Boot::bootWeb(Object(Config\Paths))
CRITICAL - 2024-09-09 14:15:37 --> CodeIgniter\HTTP\Exceptions\BadRequestException: The URI you submitted has disallowed characters: "{{appurl   'uploads"
[Method: GET, Route: %7B%7Bappurl%20%20%20%27uploads/images/%27%20%20%20chatAtual.details.staffavatar%7D%7D]
in SYSTEMPATH/Router/Router.php on line 737.
 1 SYSTEMPATH/Router/Router.php(204): CodeIgniter\Router\Router->checkDisallowedChars('{{appurl   \'uploads/images/\'   chatAtual.details.staffavatar}}')
 2 SYSTEMPATH/CodeIgniter.php(834): CodeIgniter\Router\Router->handle('{{appurl   \'uploads/images/\'   chatAtual.details.staffavatar}}')
 3 SYSTEMPATH/CodeIgniter.php(457): CodeIgniter\CodeIgniter->tryToRouteIt(Object(CodeIgniter\Router\RouteCollection))
 4 SYSTEMPATH/CodeIgniter.php(355): CodeIgniter\CodeIgniter->handleRequest(null, Object(Config\Cache), false)
 5 SYSTEMPATH/Boot.php(325): CodeIgniter\CodeIgniter->run()
 6 SYSTEMPATH/Boot.php(67): CodeIgniter\Boot::runCodeIgniter(Object(CodeIgniter\CodeIgniter))
 7 FCPATH/index.php(56): CodeIgniter\Boot::bootWeb(Object(Config\Paths))
CRITICAL - 2024-09-09 14:15:37 --> CodeIgniter\HTTP\Exceptions\BadRequestException: The URI you submitted has disallowed characters: "{{appurl   'uploads"
[Method: GET, Route: %7B%7Bappurl%20%20%20%27uploads/images/%27%20%20%20chat.details.staffavatar%7D%7D]
in SYSTEMPATH/Router/Router.php on line 737.
 1 SYSTEMPATH/Router/Router.php(204): CodeIgniter\Router\Router->checkDisallowedChars('{{appurl   \'uploads/images/\'   chat.details.staffavatar}}')
 2 SYSTEMPATH/CodeIgniter.php(834): CodeIgniter\Router\Router->handle('{{appurl   \'uploads/images/\'   chat.details.staffavatar}}')
 3 SYSTEMPATH/CodeIgniter.php(457): CodeIgniter\CodeIgniter->tryToRouteIt(Object(CodeIgniter\Router\RouteCollection))
 4 SYSTEMPATH/CodeIgniter.php(355): CodeIgniter\CodeIgniter->handleRequest(null, Object(Config\Cache), false)
 5 SYSTEMPATH/Boot.php(325): CodeIgniter\CodeIgniter->run()
 6 SYSTEMPATH/Boot.php(67): CodeIgniter\Boot::runCodeIgniter(Object(CodeIgniter\CodeIgniter))
 7 FCPATH/index.php(56): CodeIgniter\Boot::bootWeb(Object(Config\Paths))
CRITICAL - 2024-09-09 14:15:42 --> CodeIgniter\HTTP\Exceptions\BadRequestException: The URI you submitted has disallowed characters: "{{appurl   'uploads"
[Method: GET, Route: lead1/%7B%7Bappurl%20%20%20%27uploads/images/%27%20%20%20chatAtual.details.staffavatar%7D%7D]
in SYSTEMPATH/Router/Router.php on line 737.
 1 SYSTEMPATH/Router/Router.php(204): CodeIgniter\Router\Router->checkDisallowedChars('lead1/{{appurl   \'uploads/images/\'   chatAtual.details.staffavatar}}')
 2 SYSTEMPATH/CodeIgniter.php(834): CodeIgniter\Router\Router->handle('lead1/{{appurl   \'uploads/images/\'   chatAtual.details.staffavatar}}')
 3 SYSTEMPATH/CodeIgniter.php(457): CodeIgniter\CodeIgniter->tryToRouteIt(Object(CodeIgniter\Router\RouteCollection))
 4 SYSTEMPATH/CodeIgniter.php(355): CodeIgniter\CodeIgniter->handleRequest(null, Object(Config\Cache), false)
 5 SYSTEMPATH/Boot.php(325): CodeIgniter\CodeIgniter->run()
 6 SYSTEMPATH/Boot.php(67): CodeIgniter\Boot::runCodeIgniter(Object(CodeIgniter\CodeIgniter))
 7 FCPATH/index.php(56): CodeIgniter\Boot::bootWeb(Object(Config\Paths))
CRITICAL - 2024-09-09 14:15:42 --> CodeIgniter\HTTP\Exceptions\BadRequestException: The URI you submitted has disallowed characters: "{{appurl   'uploads"
[Method: GET, Route: lead1/%7B%7Bappurl%20%20%20%27uploads/images/%27%20%20%20chat.details.staffavatar%7D%7D]
in SYSTEMPATH/Router/Router.php on line 737.
 1 SYSTEMPATH/Router/Router.php(204): CodeIgniter\Router\Router->checkDisallowedChars('lead1/{{appurl   \'uploads/images/\'   chat.details.staffavatar}}')
 2 SYSTEMPATH/CodeIgniter.php(834): CodeIgniter\Router\Router->handle('lead1/{{appurl   \'uploads/images/\'   chat.details.staffavatar}}')
 3 SYSTEMPATH/CodeIgniter.php(457): CodeIgniter\CodeIgniter->tryToRouteIt(Object(CodeIgniter\Router\RouteCollection))
 4 SYSTEMPATH/CodeIgniter.php(355): CodeIgniter\CodeIgniter->handleRequest(null, Object(Config\Cache), false)
 5 SYSTEMPATH/Boot.php(325): CodeIgniter\CodeIgniter->run()
 6 SYSTEMPATH/Boot.php(67): CodeIgniter\Boot::runCodeIgniter(Object(CodeIgniter\CodeIgniter))
 7 FCPATH/index.php(56): CodeIgniter\Boot::bootWeb(Object(Config\Paths))
CRITICAL - 2024-09-09 14:16:07 --> Error: Call to undefined method CodeIgniter\Database\MySQLi\Builder::where_in()
[Method: POST, Route: lead1/get_companies]
in APPPATH/Controllers/Lead1.php on line 375.
 1 APPPATH/Controllers/DynamicController.php(34): App\Controllers\Lead1->get_companies()
 2 SYSTEMPATH/CodeIgniter.php(933): App\Controllers\DynamicController->execute('lead1', 'get_companies')
 3 SYSTEMPATH/CodeIgniter.php(509): CodeIgniter\CodeIgniter->runController(Object(App\Controllers\DynamicController))
 4 SYSTEMPATH/CodeIgniter.php(355): CodeIgniter\CodeIgniter->handleRequest(null, Object(Config\Cache), false)
 5 SYSTEMPATH/Boot.php(325): CodeIgniter\CodeIgniter->run()
 6 SYSTEMPATH/Boot.php(67): CodeIgniter\Boot::runCodeIgniter(Object(CodeIgniter\CodeIgniter))
 7 FCPATH/index.php(56): CodeIgniter\Boot::bootWeb(Object(Config\Paths))
CRITICAL - 2024-09-09 14:16:56 --> Error: Call to undefined method CodeIgniter\Database\MySQLi\Result::resultArray()
[Method: POST, Route: lead1/get_companies]
in APPPATH/Controllers/Lead1.php on line 413.
 1 APPPATH/Controllers/DynamicController.php(34): App\Controllers\Lead1->get_companies()
 2 SYSTEMPATH/CodeIgniter.php(933): App\Controllers\DynamicController->execute('lead1', 'get_companies')
 3 SYSTEMPATH/CodeIgniter.php(509): CodeIgniter\CodeIgniter->runController(Object(App\Controllers\DynamicController))
 4 SYSTEMPATH/CodeIgniter.php(355): CodeIgniter\CodeIgniter->handleRequest(null, Object(Config\Cache), false)
 5 SYSTEMPATH/Boot.php(325): CodeIgniter\CodeIgniter->run()
 6 SYSTEMPATH/Boot.php(67): CodeIgniter\Boot::runCodeIgniter(Object(CodeIgniter\CodeIgniter))
 7 FCPATH/index.php(56): CodeIgniter\Boot::bootWeb(Object(Config\Paths))
CRITICAL - 2024-09-09 14:20:39 --> CodeIgniter\HTTP\Exceptions\BadRequestException: The URI you submitted has disallowed characters: "{{appurl   'uploads"
[Method: GET, Route: lead1/%7B%7Bappurl%20%20%20%27uploads/images/%27%20%20%20chatAtual.details.staffavatar%7D%7D]
in SYSTEMPATH/Router/Router.php on line 737.
 1 SYSTEMPATH/Router/Router.php(204): CodeIgniter\Router\Router->checkDisallowedChars('lead1/{{appurl   \'uploads/images/\'   chatAtual.details.staffavatar}}')
 2 SYSTEMPATH/CodeIgniter.php(834): CodeIgniter\Router\Router->handle('lead1/{{appurl   \'uploads/images/\'   chatAtual.details.staffavatar}}')
 3 SYSTEMPATH/CodeIgniter.php(457): CodeIgniter\CodeIgniter->tryToRouteIt(Object(CodeIgniter\Router\RouteCollection))
 4 SYSTEMPATH/CodeIgniter.php(355): CodeIgniter\CodeIgniter->handleRequest(null, Object(Config\Cache), false)
 5 SYSTEMPATH/Boot.php(325): CodeIgniter\CodeIgniter->run()
 6 SYSTEMPATH/Boot.php(67): CodeIgniter\Boot::runCodeIgniter(Object(CodeIgniter\CodeIgniter))
 7 FCPATH/index.php(56): CodeIgniter\Boot::bootWeb(Object(Config\Paths))
CRITICAL - 2024-09-09 14:20:39 --> CodeIgniter\HTTP\Exceptions\BadRequestException: The URI you submitted has disallowed characters: "{{appurl   'uploads"
[Method: GET, Route: lead1/%7B%7Bappurl%20%20%20%27uploads/images/%27%20%20%20chat.details.staffavatar%7D%7D]
in SYSTEMPATH/Router/Router.php on line 737.
 1 SYSTEMPATH/Router/Router.php(204): CodeIgniter\Router\Router->checkDisallowedChars('lead1/{{appurl   \'uploads/images/\'   chat.details.staffavatar}}')
 2 SYSTEMPATH/CodeIgniter.php(834): CodeIgniter\Router\Router->handle('lead1/{{appurl   \'uploads/images/\'   chat.details.staffavatar}}')
 3 SYSTEMPATH/CodeIgniter.php(457): CodeIgniter\CodeIgniter->tryToRouteIt(Object(CodeIgniter\Router\RouteCollection))
 4 SYSTEMPATH/CodeIgniter.php(355): CodeIgniter\CodeIgniter->handleRequest(null, Object(Config\Cache), false)
 5 SYSTEMPATH/Boot.php(325): CodeIgniter\CodeIgniter->run()
 6 SYSTEMPATH/Boot.php(67): CodeIgniter\Boot::runCodeIgniter(Object(CodeIgniter\CodeIgniter))
 7 FCPATH/index.php(56): CodeIgniter\Boot::bootWeb(Object(Config\Paths))
ERROR - 2024-09-09 14:23:17 --> mysqli_sql_exception: Unknown column 'ramo_de_atividade2' in 'where clause' in /home/next0355/dev.next1crm.com.br/system/Database/MySQLi/Connection.php:312
Stack trace:
#0 /home/next0355/dev.next1crm.com.br/system/Database/MySQLi/Connection.php(312): mysqli->query('SELECT *\nFROM `...', 0)
#1 /home/next0355/dev.next1crm.com.br/system/Database/BaseConnection.php(734): CodeIgniter\Database\MySQLi\Connection->execute('SELECT *\nFROM `...')
#2 /home/next0355/dev.next1crm.com.br/system/Database/BaseConnection.php(648): CodeIgniter\Database\BaseConnection->simpleQuery('SELECT *\nFROM `...')
#3 /home/next0355/dev.next1crm.com.br/system/Database/BaseBuilder.php(1644): CodeIgniter\Database\BaseConnection->query('SELECT *\nFROM `...', Array, false)
#4 /home/next0355/dev.next1crm.com.br/app/Controllers/Lead1.php(409): CodeIgniter\Database\BaseBuilder->get()
#5 /home/next0355/dev.next1crm.com.br/app/Controllers/DynamicController.php(34): App\Controllers\Lead1->get_companies()
#6 /home/next0355/dev.next1crm.com.br/system/CodeIgniter.php(933): App\Controllers\DynamicController->execute('lead1', 'get_companies')
#7 /home/next0355/dev.next1crm.com.br/system/CodeIgniter.php(509): CodeIgniter\CodeIgniter->runController(Object(App\Controllers\DynamicController))
#8 /home/next0355/dev.next1crm.com.br/system/CodeIgniter.php(355): CodeIgniter\CodeIgniter->handleRequest(NULL, Object(Config\Cache), false)
#9 /home/next0355/dev.next1crm.com.br/system/Boot.php(325): CodeIgniter\CodeIgniter->run()
#10 /home/next0355/dev.next1crm.com.br/system/Boot.php(67): CodeIgniter\Boot::runCodeIgniter(Object(CodeIgniter\CodeIgniter))
#11 /home/next0355/dev.next1crm.com.br/public/index.php(56): CodeIgniter\Boot::bootWeb(Object(Config\Paths))
#12 {main}
CRITICAL - 2024-09-09 14:23:17 --> Error: Call to a member function getResultArray() on bool
[Method: POST, Route: lead1/get_companies]
in APPPATH/Controllers/Lead1.php on line 409.
 1 APPPATH/Controllers/DynamicController.php(34): App\Controllers\Lead1->get_companies()
 2 SYSTEMPATH/CodeIgniter.php(933): App\Controllers\DynamicController->execute('lead1', 'get_companies')
 3 SYSTEMPATH/CodeIgniter.php(509): CodeIgniter\CodeIgniter->runController(Object(App\Controllers\DynamicController))
 4 SYSTEMPATH/CodeIgniter.php(355): CodeIgniter\CodeIgniter->handleRequest(null, Object(Config\Cache), false)
 5 SYSTEMPATH/Boot.php(325): CodeIgniter\CodeIgniter->run()
 6 SYSTEMPATH/Boot.php(67): CodeIgniter\Boot::runCodeIgniter(Object(CodeIgniter\CodeIgniter))
 7 FCPATH/index.php(56): CodeIgniter\Boot::bootWeb(Object(Config\Paths))
ERROR - 2024-09-09 14:26:13 --> mysqli_sql_exception: Unknown column 'ramo_de_atividade2' in 'where clause' in /home/next0355/dev.next1crm.com.br/system/Database/MySQLi/Connection.php:312
Stack trace:
#0 /home/next0355/dev.next1crm.com.br/system/Database/MySQLi/Connection.php(312): mysqli->query('SELECT *\nFROM `...', 0)
#1 /home/next0355/dev.next1crm.com.br/system/Database/BaseConnection.php(734): CodeIgniter\Database\MySQLi\Connection->execute('SELECT *\nFROM `...')
#2 /home/next0355/dev.next1crm.com.br/system/Database/BaseConnection.php(648): CodeIgniter\Database\BaseConnection->simpleQuery('SELECT *\nFROM `...')
#3 /home/next0355/dev.next1crm.com.br/system/Database/BaseBuilder.php(1644): CodeIgniter\Database\BaseConnection->query('SELECT *\nFROM `...', Array, false)
#4 /home/next0355/dev.next1crm.com.br/app/Controllers/Lead1.php(412): CodeIgniter\Database\BaseBuilder->get()
#5 /home/next0355/dev.next1crm.com.br/app/Controllers/DynamicController.php(34): App\Controllers\Lead1->get_companies()
#6 /home/next0355/dev.next1crm.com.br/system/CodeIgniter.php(933): App\Controllers\DynamicController->execute('lead1', 'get_companies')
#7 /home/next0355/dev.next1crm.com.br/system/CodeIgniter.php(509): CodeIgniter\CodeIgniter->runController(Object(App\Controllers\DynamicController))
#8 /home/next0355/dev.next1crm.com.br/system/CodeIgniter.php(355): CodeIgniter\CodeIgniter->handleRequest(NULL, Object(Config\Cache), false)
#9 /home/next0355/dev.next1crm.com.br/system/Boot.php(325): CodeIgniter\CodeIgniter->run()
#10 /home/next0355/dev.next1crm.com.br/system/Boot.php(67): CodeIgniter\Boot::runCodeIgniter(Object(CodeIgniter\CodeIgniter))
#11 /home/next0355/dev.next1crm.com.br/public/index.php(56): CodeIgniter\Boot::bootWeb(Object(Config\Paths))
#12 {main}
CRITICAL - 2024-09-09 14:28:41 --> CodeIgniter\HTTP\Exceptions\BadRequestException: The URI you submitted has disallowed characters: "{{appurl   'uploads"
[Method: GET, Route: lead1/%7B%7Bappurl%20%20%20%27uploads/images/%27%20%20%20chatAtual.details.staffavatar%7D%7D]
in SYSTEMPATH/Router/Router.php on line 737.
 1 SYSTEMPATH/Router/Router.php(204): CodeIgniter\Router\Router->checkDisallowedChars('lead1/{{appurl   \'uploads/images/\'   chatAtual.details.staffavatar}}')
 2 SYSTEMPATH/CodeIgniter.php(834): CodeIgniter\Router\Router->handle('lead1/{{appurl   \'uploads/images/\'   chatAtual.details.staffavatar}}')
 3 SYSTEMPATH/CodeIgniter.php(457): CodeIgniter\CodeIgniter->tryToRouteIt(Object(CodeIgniter\Router\RouteCollection))
 4 SYSTEMPATH/CodeIgniter.php(355): CodeIgniter\CodeIgniter->handleRequest(null, Object(Config\Cache), false)
 5 SYSTEMPATH/Boot.php(325): CodeIgniter\CodeIgniter->run()
 6 SYSTEMPATH/Boot.php(67): CodeIgniter\Boot::runCodeIgniter(Object(CodeIgniter\CodeIgniter))
 7 FCPATH/index.php(56): CodeIgniter\Boot::bootWeb(Object(Config\Paths))
CRITICAL - 2024-09-09 14:28:41 --> CodeIgniter\HTTP\Exceptions\BadRequestException: The URI you submitted has disallowed characters: "{{appurl   'uploads"
[Method: GET, Route: lead1/%7B%7Bappurl%20%20%20%27uploads/images/%27%20%20%20chat.details.staffavatar%7D%7D]
in SYSTEMPATH/Router/Router.php on line 737.
 1 SYSTEMPATH/Router/Router.php(204): CodeIgniter\Router\Router->checkDisallowedChars('lead1/{{appurl   \'uploads/images/\'   chat.details.staffavatar}}')
 2 SYSTEMPATH/CodeIgniter.php(834): CodeIgniter\Router\Router->handle('lead1/{{appurl   \'uploads/images/\'   chat.details.staffavatar}}')
 3 SYSTEMPATH/CodeIgniter.php(457): CodeIgniter\CodeIgniter->tryToRouteIt(Object(CodeIgniter\Router\RouteCollection))
 4 SYSTEMPATH/CodeIgniter.php(355): CodeIgniter\CodeIgniter->handleRequest(null, Object(Config\Cache), false)
 5 SYSTEMPATH/Boot.php(325): CodeIgniter\CodeIgniter->run()
 6 SYSTEMPATH/Boot.php(67): CodeIgniter\Boot::runCodeIgniter(Object(CodeIgniter\CodeIgniter))
 7 FCPATH/index.php(56): CodeIgniter\Boot::bootWeb(Object(Config\Paths))
CRITICAL - 2024-09-09 14:30:02 --> ErrorException: Constant LANG already defined
[Method: GET, Route: CronJob/envia_avisos]
in APPPATH/Controllers/CronJob.php on line 18.
 1 [internal function]: CodeIgniter\Debug\Exceptions->errorHandler(2, 'Constant LANG already defined', '/home/next0355/dev.next1crm.com.br/app/Controllers/CronJob.php', 18)
 2 APPPATH/Controllers/CronJob.php(18): define('LANG', 'portuguese_br')
 3 APPPATH/Controllers/DynamicController.php(19): App\Controllers\CronJob->__construct()
 4 SYSTEMPATH/CodeIgniter.php(933): App\Controllers\DynamicController->execute('CronJob', 'envia_avisos')
 5 SYSTEMPATH/CodeIgniter.php(509): CodeIgniter\CodeIgniter->runController(Object(App\Controllers\DynamicController))
 6 SYSTEMPATH/CodeIgniter.php(355): CodeIgniter\CodeIgniter->handleRequest(null, Object(Config\Cache), false)
 7 SYSTEMPATH/Boot.php(325): CodeIgniter\CodeIgniter->run()
 8 SYSTEMPATH/Boot.php(67): CodeIgniter\Boot::runCodeIgniter(Object(CodeIgniter\CodeIgniter))
 9 FCPATH/index.php(56): CodeIgniter\Boot::bootWeb(Object(Config\Paths))
CRITICAL - 2024-09-09 14:30:02 --> CodeIgniter\HTTP\Exceptions\BadRequestException: The URI you submitted has disallowed characters: "{{appurl   'uploads"
[Method: GET, Route: %7B%7Bappurl%20%20%20%27uploads/images/%27%20%20%20chat.details.staffavatar%7D%7D]
in SYSTEMPATH/Router/Router.php on line 737.
 1 SYSTEMPATH/Router/Router.php(204): CodeIgniter\Router\Router->checkDisallowedChars('{{appurl   \'uploads/images/\'   chat.details.staffavatar}}')
 2 SYSTEMPATH/CodeIgniter.php(834): CodeIgniter\Router\Router->handle('{{appurl   \'uploads/images/\'   chat.details.staffavatar}}')
 3 SYSTEMPATH/CodeIgniter.php(457): CodeIgniter\CodeIgniter->tryToRouteIt(Object(CodeIgniter\Router\RouteCollection))
 4 SYSTEMPATH/CodeIgniter.php(355): CodeIgniter\CodeIgniter->handleRequest(null, Object(Config\Cache), false)
 5 SYSTEMPATH/Boot.php(325): CodeIgniter\CodeIgniter->run()
 6 SYSTEMPATH/Boot.php(67): CodeIgniter\Boot::runCodeIgniter(Object(CodeIgniter\CodeIgniter))
 7 FCPATH/index.php(56): CodeIgniter\Boot::bootWeb(Object(Config\Paths))
CRITICAL - 2024-09-09 14:30:02 --> CodeIgniter\HTTP\Exceptions\BadRequestException: The URI you submitted has disallowed characters: "{{appurl   'uploads"
[Method: GET, Route: %7B%7Bappurl%20%20%20%27uploads/images/%27%20%20%20chatAtual.details.staffavatar%7D%7D]
in SYSTEMPATH/Router/Router.php on line 737.
 1 SYSTEMPATH/Router/Router.php(204): CodeIgniter\Router\Router->checkDisallowedChars('{{appurl   \'uploads/images/\'   chatAtual.details.staffavatar}}')
 2 SYSTEMPATH/CodeIgniter.php(834): CodeIgniter\Router\Router->handle('{{appurl   \'uploads/images/\'   chatAtual.details.staffavatar}}')
 3 SYSTEMPATH/CodeIgniter.php(457): CodeIgniter\CodeIgniter->tryToRouteIt(Object(CodeIgniter\Router\RouteCollection))
 4 SYSTEMPATH/CodeIgniter.php(355): CodeIgniter\CodeIgniter->handleRequest(null, Object(Config\Cache), false)
 5 SYSTEMPATH/Boot.php(325): CodeIgniter\CodeIgniter->run()
 6 SYSTEMPATH/Boot.php(67): CodeIgniter\Boot::runCodeIgniter(Object(CodeIgniter\CodeIgniter))
 7 FCPATH/index.php(56): CodeIgniter\Boot::bootWeb(Object(Config\Paths))
ERROR - 2024-09-09 14:30:08 --> mysqli_sql_exception: You have an error in your SQL syntax; check the manual that corresponds to your MariaDB server version for the right syntax to use near '`NULL` ASC, `leads`.`temperatura` ASC' at line 13 in /home/next0355/dev.next1crm.com.br/system/Database/MySQLi/Connection.php:312
Stack trace:
#0 /home/next0355/dev.next1crm.com.br/system/Database/MySQLi/Connection.php(312): mysqli->query('SELECT count(*)...', 0)
#1 /home/next0355/dev.next1crm.com.br/system/Database/BaseConnection.php(734): CodeIgniter\Database\MySQLi\Connection->execute('SELECT count(*)...')
#2 /home/next0355/dev.next1crm.com.br/system/Database/BaseConnection.php(648): CodeIgniter\Database\BaseConnection->simpleQuery('SELECT count(*)...')
#3 /home/next0355/dev.next1crm.com.br/system/Database/BaseBuilder.php(1644): CodeIgniter\Database\BaseConnection->query('SELECT count(*)...', Array, false)
#4 /home/next0355/dev.next1crm.com.br/app/Controllers/LeadsToDo.php(135): CodeIgniter\Database\BaseBuilder->get()
#5 /home/next0355/dev.next1crm.com.br/app/Controllers/DynamicController.php(34): App\Controllers\leadsToDo->get_leads_next()
#6 /home/next0355/dev.next1crm.com.br/system/CodeIgniter.php(933): App\Controllers\DynamicController->execute('leadsToDo', 'get_leads_next')
#7 /home/next0355/dev.next1crm.com.br/system/CodeIgniter.php(509): CodeIgniter\CodeIgniter->runController(Object(App\Controllers\DynamicController))
#8 /home/next0355/dev.next1crm.com.br/system/CodeIgniter.php(355): CodeIgniter\CodeIgniter->handleRequest(NULL, Object(Config\Cache), false)
#9 /home/next0355/dev.next1crm.com.br/system/Boot.php(325): CodeIgniter\CodeIgniter->run()
#10 /home/next0355/dev.next1crm.com.br/system/Boot.php(67): CodeIgniter\Boot::runCodeIgniter(Object(CodeIgniter\CodeIgniter))
#11 /home/next0355/dev.next1crm.com.br/public/index.php(56): CodeIgniter\Boot::bootWeb(Object(Config\Paths))
#12 {main}
CRITICAL - 2024-09-09 14:30:08 --> Error: Call to a member function getRowArray() on bool
[Method: POST, Route: leadsToDo/get_leads_next]
in APPPATH/Controllers/LeadsToDo.php on line 135.
 1 APPPATH/Controllers/DynamicController.php(34): App\Controllers\leadsToDo->get_leads_next()
 2 SYSTEMPATH/CodeIgniter.php(933): App\Controllers\DynamicController->execute('leadsToDo', 'get_leads_next')
 3 SYSTEMPATH/CodeIgniter.php(509): CodeIgniter\CodeIgniter->runController(Object(App\Controllers\DynamicController))
 4 SYSTEMPATH/CodeIgniter.php(355): CodeIgniter\CodeIgniter->handleRequest(null, Object(Config\Cache), false)
 5 SYSTEMPATH/Boot.php(325): CodeIgniter\CodeIgniter->run()
 6 SYSTEMPATH/Boot.php(67): CodeIgniter\Boot::runCodeIgniter(Object(CodeIgniter\CodeIgniter))
 7 FCPATH/index.php(56): CodeIgniter\Boot::bootWeb(Object(Config\Paths))
CRITICAL - 2024-09-09 14:31:32 --> CodeIgniter\HTTP\Exceptions\BadRequestException: The URI you submitted has disallowed characters: "{{appurl   'uploads"
[Method: GET, Route: %7B%7Bappurl%20%20%20%27uploads/images/%27%20%20%20chat.details.staffavatar%7D%7D]
in SYSTEMPATH/Router/Router.php on line 737.
 1 SYSTEMPATH/Router/Router.php(204): CodeIgniter\Router\Router->checkDisallowedChars('{{appurl   \'uploads/images/\'   chat.details.staffavatar}}')
 2 SYSTEMPATH/CodeIgniter.php(834): CodeIgniter\Router\Router->handle('{{appurl   \'uploads/images/\'   chat.details.staffavatar}}')
 3 SYSTEMPATH/CodeIgniter.php(457): CodeIgniter\CodeIgniter->tryToRouteIt(Object(CodeIgniter\Router\RouteCollection))
 4 SYSTEMPATH/CodeIgniter.php(355): CodeIgniter\CodeIgniter->handleRequest(null, Object(Config\Cache), false)
 5 SYSTEMPATH/Boot.php(325): CodeIgniter\CodeIgniter->run()
 6 SYSTEMPATH/Boot.php(67): CodeIgniter\Boot::runCodeIgniter(Object(CodeIgniter\CodeIgniter))
 7 FCPATH/index.php(56): CodeIgniter\Boot::bootWeb(Object(Config\Paths))
CRITICAL - 2024-09-09 14:31:32 --> CodeIgniter\HTTP\Exceptions\BadRequestException: The URI you submitted has disallowed characters: "{{appurl   'uploads"
[Method: GET, Route: %7B%7Bappurl%20%20%20%27uploads/images/%27%20%20%20chatAtual.details.staffavatar%7D%7D]
in SYSTEMPATH/Router/Router.php on line 737.
 1 SYSTEMPATH/Router/Router.php(204): CodeIgniter\Router\Router->checkDisallowedChars('{{appurl   \'uploads/images/\'   chatAtual.details.staffavatar}}')
 2 SYSTEMPATH/CodeIgniter.php(834): CodeIgniter\Router\Router->handle('{{appurl   \'uploads/images/\'   chatAtual.details.staffavatar}}')
 3 SYSTEMPATH/CodeIgniter.php(457): CodeIgniter\CodeIgniter->tryToRouteIt(Object(CodeIgniter\Router\RouteCollection))
 4 SYSTEMPATH/CodeIgniter.php(355): CodeIgniter\CodeIgniter->handleRequest(null, Object(Config\Cache), false)
 5 SYSTEMPATH/Boot.php(325): CodeIgniter\CodeIgniter->run()
 6 SYSTEMPATH/Boot.php(67): CodeIgniter\Boot::runCodeIgniter(Object(CodeIgniter\CodeIgniter))
 7 FCPATH/index.php(56): CodeIgniter\Boot::bootWeb(Object(Config\Paths))
ERROR - 2024-09-09 14:31:38 --> mysqli_sql_exception: You have an error in your SQL syntax; check the manual that corresponds to your MariaDB server version for the right syntax to use near '`NULL` ASC, `leads`.`temperatura` ASC' at line 13 in /home/next0355/dev.next1crm.com.br/system/Database/MySQLi/Connection.php:312
Stack trace:
#0 /home/next0355/dev.next1crm.com.br/system/Database/MySQLi/Connection.php(312): mysqli->query('SELECT count(*)...', 0)
#1 /home/next0355/dev.next1crm.com.br/system/Database/BaseConnection.php(734): CodeIgniter\Database\MySQLi\Connection->execute('SELECT count(*)...')
#2 /home/next0355/dev.next1crm.com.br/system/Database/BaseConnection.php(648): CodeIgniter\Database\BaseConnection->simpleQuery('SELECT count(*)...')
#3 /home/next0355/dev.next1crm.com.br/system/Database/BaseBuilder.php(1644): CodeIgniter\Database\BaseConnection->query('SELECT count(*)...', Array, false)
#4 /home/next0355/dev.next1crm.com.br/app/Controllers/LeadsToDo.php(135): CodeIgniter\Database\BaseBuilder->get()
#5 /home/next0355/dev.next1crm.com.br/app/Controllers/DynamicController.php(34): App\Controllers\leadsToDo->get_leads_next()
#6 /home/next0355/dev.next1crm.com.br/system/CodeIgniter.php(933): App\Controllers\DynamicController->execute('leadsToDo', 'get_leads_next')
#7 /home/next0355/dev.next1crm.com.br/system/CodeIgniter.php(509): CodeIgniter\CodeIgniter->runController(Object(App\Controllers\DynamicController))
#8 /home/next0355/dev.next1crm.com.br/system/CodeIgniter.php(355): CodeIgniter\CodeIgniter->handleRequest(NULL, Object(Config\Cache), false)
#9 /home/next0355/dev.next1crm.com.br/system/Boot.php(325): CodeIgniter\CodeIgniter->run()
#10 /home/next0355/dev.next1crm.com.br/system/Boot.php(67): CodeIgniter\Boot::runCodeIgniter(Object(CodeIgniter\CodeIgniter))
#11 /home/next0355/dev.next1crm.com.br/public/index.php(56): CodeIgniter\Boot::bootWeb(Object(Config\Paths))
#12 {main}
CRITICAL - 2024-09-09 14:31:38 --> Error: Call to a member function getRowArray() on bool
[Method: POST, Route: leadsToDo/get_leads_next]
in APPPATH/Controllers/LeadsToDo.php on line 135.
 1 APPPATH/Controllers/DynamicController.php(34): App\Controllers\leadsToDo->get_leads_next()
 2 SYSTEMPATH/CodeIgniter.php(933): App\Controllers\DynamicController->execute('leadsToDo', 'get_leads_next')
 3 SYSTEMPATH/CodeIgniter.php(509): CodeIgniter\CodeIgniter->runController(Object(App\Controllers\DynamicController))
 4 SYSTEMPATH/CodeIgniter.php(355): CodeIgniter\CodeIgniter->handleRequest(null, Object(Config\Cache), false)
 5 SYSTEMPATH/Boot.php(325): CodeIgniter\CodeIgniter->run()
 6 SYSTEMPATH/Boot.php(67): CodeIgniter\Boot::runCodeIgniter(Object(CodeIgniter\CodeIgniter))
 7 FCPATH/index.php(56): CodeIgniter\Boot::bootWeb(Object(Config\Paths))
CRITICAL - 2024-09-09 14:31:42 --> CodeIgniter\HTTP\Exceptions\BadRequestException: The URI you submitted has disallowed characters: "{{appurl   'uploads"
[Method: GET, Route: %7B%7Bappurl%20%20%20%27uploads/images/%27%20%20%20chat.details.staffavatar%7D%7D]
in SYSTEMPATH/Router/Router.php on line 737.
 1 SYSTEMPATH/Router/Router.php(204): CodeIgniter\Router\Router->checkDisallowedChars('{{appurl   \'uploads/images/\'   chat.details.staffavatar}}')
 2 SYSTEMPATH/CodeIgniter.php(834): CodeIgniter\Router\Router->handle('{{appurl   \'uploads/images/\'   chat.details.staffavatar}}')
 3 SYSTEMPATH/CodeIgniter.php(457): CodeIgniter\CodeIgniter->tryToRouteIt(Object(CodeIgniter\Router\RouteCollection))
 4 SYSTEMPATH/CodeIgniter.php(355): CodeIgniter\CodeIgniter->handleRequest(null, Object(Config\Cache), false)
 5 SYSTEMPATH/Boot.php(325): CodeIgniter\CodeIgniter->run()
 6 SYSTEMPATH/Boot.php(67): CodeIgniter\Boot::runCodeIgniter(Object(CodeIgniter\CodeIgniter))
 7 FCPATH/index.php(56): CodeIgniter\Boot::bootWeb(Object(Config\Paths))
CRITICAL - 2024-09-09 14:31:43 --> CodeIgniter\HTTP\Exceptions\BadRequestException: The URI you submitted has disallowed characters: "{{appurl   'uploads"
[Method: GET, Route: %7B%7Bappurl%20%20%20%27uploads/images/%27%20%20%20chatAtual.details.staffavatar%7D%7D]
in SYSTEMPATH/Router/Router.php on line 737.
 1 SYSTEMPATH/Router/Router.php(204): CodeIgniter\Router\Router->checkDisallowedChars('{{appurl   \'uploads/images/\'   chatAtual.details.staffavatar}}')
 2 SYSTEMPATH/CodeIgniter.php(834): CodeIgniter\Router\Router->handle('{{appurl   \'uploads/images/\'   chatAtual.details.staffavatar}}')
 3 SYSTEMPATH/CodeIgniter.php(457): CodeIgniter\CodeIgniter->tryToRouteIt(Object(CodeIgniter\Router\RouteCollection))
 4 SYSTEMPATH/CodeIgniter.php(355): CodeIgniter\CodeIgniter->handleRequest(null, Object(Config\Cache), false)
 5 SYSTEMPATH/Boot.php(325): CodeIgniter\CodeIgniter->run()
 6 SYSTEMPATH/Boot.php(67): CodeIgniter\Boot::runCodeIgniter(Object(CodeIgniter\CodeIgniter))
 7 FCPATH/index.php(56): CodeIgniter\Boot::bootWeb(Object(Config\Paths))
CRITICAL - 2024-09-09 14:31:43 --> CodeIgniter\HTTP\Exceptions\BadRequestException: The URI you submitted has disallowed characters: "{{lead.avatar}}"
[Method: GET, Route: uploads/images/%7B%7Blead.avatar%7D%7D]
in SYSTEMPATH/Router/Router.php on line 737.
 1 SYSTEMPATH/Router/Router.php(204): CodeIgniter\Router\Router->checkDisallowedChars('uploads/images/{{lead.avatar}}')
 2 SYSTEMPATH/CodeIgniter.php(834): CodeIgniter\Router\Router->handle('uploads/images/{{lead.avatar}}')
 3 SYSTEMPATH/CodeIgniter.php(457): CodeIgniter\CodeIgniter->tryToRouteIt(Object(CodeIgniter\Router\RouteCollection))
 4 SYSTEMPATH/CodeIgniter.php(355): CodeIgniter\CodeIgniter->handleRequest(null, Object(Config\Cache), false)
 5 SYSTEMPATH/Boot.php(325): CodeIgniter\CodeIgniter->run()
 6 SYSTEMPATH/Boot.php(67): CodeIgniter\Boot::runCodeIgniter(Object(CodeIgniter\CodeIgniter))
 7 FCPATH/index.php(56): CodeIgniter\Boot::bootWeb(Object(Config\Paths))
CRITICAL - 2024-09-09 14:31:48 --> CodeIgniter\HTTP\Exceptions\BadRequestException: The URI you submitted has disallowed characters: "{{appurl   'uploads"
[Method: GET, Route: %7B%7Bappurl%20%20%20%27uploads/images/%27%20%20%20chat.details.staffavatar%7D%7D]
in SYSTEMPATH/Router/Router.php on line 737.
 1 SYSTEMPATH/Router/Router.php(204): CodeIgniter\Router\Router->checkDisallowedChars('{{appurl   \'uploads/images/\'   chat.details.staffavatar}}')
 2 SYSTEMPATH/CodeIgniter.php(834): CodeIgniter\Router\Router->handle('{{appurl   \'uploads/images/\'   chat.details.staffavatar}}')
 3 SYSTEMPATH/CodeIgniter.php(457): CodeIgniter\CodeIgniter->tryToRouteIt(Object(CodeIgniter\Router\RouteCollection))
 4 SYSTEMPATH/CodeIgniter.php(355): CodeIgniter\CodeIgniter->handleRequest(null, Object(Config\Cache), false)
 5 SYSTEMPATH/Boot.php(325): CodeIgniter\CodeIgniter->run()
 6 SYSTEMPATH/Boot.php(67): CodeIgniter\Boot::runCodeIgniter(Object(CodeIgniter\CodeIgniter))
 7 FCPATH/index.php(56): CodeIgniter\Boot::bootWeb(Object(Config\Paths))
CRITICAL - 2024-09-09 14:31:48 --> CodeIgniter\HTTP\Exceptions\BadRequestException: The URI you submitted has disallowed characters: "{{appurl   'uploads"
[Method: GET, Route: %7B%7Bappurl%20%20%20%27uploads/images/%27%20%20%20chatAtual.details.staffavatar%7D%7D]
in SYSTEMPATH/Router/Router.php on line 737.
 1 SYSTEMPATH/Router/Router.php(204): CodeIgniter\Router\Router->checkDisallowedChars('{{appurl   \'uploads/images/\'   chatAtual.details.staffavatar}}')
 2 SYSTEMPATH/CodeIgniter.php(834): CodeIgniter\Router\Router->handle('{{appurl   \'uploads/images/\'   chatAtual.details.staffavatar}}')
 3 SYSTEMPATH/CodeIgniter.php(457): CodeIgniter\CodeIgniter->tryToRouteIt(Object(CodeIgniter\Router\RouteCollection))
 4 SYSTEMPATH/CodeIgniter.php(355): CodeIgniter\CodeIgniter->handleRequest(null, Object(Config\Cache), false)
 5 SYSTEMPATH/Boot.php(325): CodeIgniter\CodeIgniter->run()
 6 SYSTEMPATH/Boot.php(67): CodeIgniter\Boot::runCodeIgniter(Object(CodeIgniter\CodeIgniter))
 7 FCPATH/index.php(56): CodeIgniter\Boot::bootWeb(Object(Config\Paths))
ERROR - 2024-09-09 14:31:49 --> mysqli_sql_exception: You have an error in your SQL syntax; check the manual that corresponds to your MariaDB server version for the right syntax to use near '`NULL` ASC, `leads`.`temperatura` ASC' at line 13 in /home/next0355/dev.next1crm.com.br/system/Database/MySQLi/Connection.php:312
Stack trace:
#0 /home/next0355/dev.next1crm.com.br/system/Database/MySQLi/Connection.php(312): mysqli->query('SELECT count(*)...', 0)
#1 /home/next0355/dev.next1crm.com.br/system/Database/BaseConnection.php(734): CodeIgniter\Database\MySQLi\Connection->execute('SELECT count(*)...')
#2 /home/next0355/dev.next1crm.com.br/system/Database/BaseConnection.php(648): CodeIgniter\Database\BaseConnection->simpleQuery('SELECT count(*)...')
#3 /home/next0355/dev.next1crm.com.br/system/Database/BaseBuilder.php(1644): CodeIgniter\Database\BaseConnection->query('SELECT count(*)...', Array, false)
#4 /home/next0355/dev.next1crm.com.br/app/Controllers/LeadsToDo.php(135): CodeIgniter\Database\BaseBuilder->get()
#5 /home/next0355/dev.next1crm.com.br/app/Controllers/DynamicController.php(34): App\Controllers\leadsToDo->get_leads_next()
#6 /home/next0355/dev.next1crm.com.br/system/CodeIgniter.php(933): App\Controllers\DynamicController->execute('leadsToDo', 'get_leads_next')
#7 /home/next0355/dev.next1crm.com.br/system/CodeIgniter.php(509): CodeIgniter\CodeIgniter->runController(Object(App\Controllers\DynamicController))
#8 /home/next0355/dev.next1crm.com.br/system/CodeIgniter.php(355): CodeIgniter\CodeIgniter->handleRequest(NULL, Object(Config\Cache), false)
#9 /home/next0355/dev.next1crm.com.br/system/Boot.php(325): CodeIgniter\CodeIgniter->run()
#10 /home/next0355/dev.next1crm.com.br/system/Boot.php(67): CodeIgniter\Boot::runCodeIgniter(Object(CodeIgniter\CodeIgniter))
#11 /home/next0355/dev.next1crm.com.br/public/index.php(56): CodeIgniter\Boot::bootWeb(Object(Config\Paths))
#12 {main}
CRITICAL - 2024-09-09 14:31:49 --> Error: Call to a member function getRowArray() on bool
[Method: POST, Route: leadsToDo/get_leads_next]
in APPPATH/Controllers/LeadsToDo.php on line 135.
 1 APPPATH/Controllers/DynamicController.php(34): App\Controllers\leadsToDo->get_leads_next()
 2 SYSTEMPATH/CodeIgniter.php(933): App\Controllers\DynamicController->execute('leadsToDo', 'get_leads_next')
 3 SYSTEMPATH/CodeIgniter.php(509): CodeIgniter\CodeIgniter->runController(Object(App\Controllers\DynamicController))
 4 SYSTEMPATH/CodeIgniter.php(355): CodeIgniter\CodeIgniter->handleRequest(null, Object(Config\Cache), false)
 5 SYSTEMPATH/Boot.php(325): CodeIgniter\CodeIgniter->run()
 6 SYSTEMPATH/Boot.php(67): CodeIgniter\Boot::runCodeIgniter(Object(CodeIgniter\CodeIgniter))
 7 FCPATH/index.php(56): CodeIgniter\Boot::bootWeb(Object(Config\Paths))
CRITICAL - 2024-09-09 14:31:55 --> CodeIgniter\HTTP\Exceptions\BadRequestException: The URI you submitted has disallowed characters: "{{appurl   'uploads"
[Method: GET, Route: %7B%7Bappurl%20%20%20%27uploads/images/%27%20%20%20chat.details.staffavatar%7D%7D]
in SYSTEMPATH/Router/Router.php on line 737.
 1 SYSTEMPATH/Router/Router.php(204): CodeIgniter\Router\Router->checkDisallowedChars('{{appurl   \'uploads/images/\'   chat.details.staffavatar}}')
 2 SYSTEMPATH/CodeIgniter.php(834): CodeIgniter\Router\Router->handle('{{appurl   \'uploads/images/\'   chat.details.staffavatar}}')
 3 SYSTEMPATH/CodeIgniter.php(457): CodeIgniter\CodeIgniter->tryToRouteIt(Object(CodeIgniter\Router\RouteCollection))
 4 SYSTEMPATH/CodeIgniter.php(355): CodeIgniter\CodeIgniter->handleRequest(null, Object(Config\Cache), false)
 5 SYSTEMPATH/Boot.php(325): CodeIgniter\CodeIgniter->run()
 6 SYSTEMPATH/Boot.php(67): CodeIgniter\Boot::runCodeIgniter(Object(CodeIgniter\CodeIgniter))
 7 FCPATH/index.php(56): CodeIgniter\Boot::bootWeb(Object(Config\Paths))
CRITICAL - 2024-09-09 14:31:55 --> CodeIgniter\HTTP\Exceptions\BadRequestException: The URI you submitted has disallowed characters: "{{appurl   'uploads"
[Method: GET, Route: %7B%7Bappurl%20%20%20%27uploads/images/%27%20%20%20chatAtual.details.staffavatar%7D%7D]
in SYSTEMPATH/Router/Router.php on line 737.
 1 SYSTEMPATH/Router/Router.php(204): CodeIgniter\Router\Router->checkDisallowedChars('{{appurl   \'uploads/images/\'   chatAtual.details.staffavatar}}')
 2 SYSTEMPATH/CodeIgniter.php(834): CodeIgniter\Router\Router->handle('{{appurl   \'uploads/images/\'   chatAtual.details.staffavatar}}')
 3 SYSTEMPATH/CodeIgniter.php(457): CodeIgniter\CodeIgniter->tryToRouteIt(Object(CodeIgniter\Router\RouteCollection))
 4 SYSTEMPATH/CodeIgniter.php(355): CodeIgniter\CodeIgniter->handleRequest(null, Object(Config\Cache), false)
 5 SYSTEMPATH/Boot.php(325): CodeIgniter\CodeIgniter->run()
 6 SYSTEMPATH/Boot.php(67): CodeIgniter\Boot::runCodeIgniter(Object(CodeIgniter\CodeIgniter))
 7 FCPATH/index.php(56): CodeIgniter\Boot::bootWeb(Object(Config\Paths))
ERROR - 2024-09-09 14:31:57 --> mysqli_sql_exception: You have an error in your SQL syntax; check the manual that corresponds to your MariaDB server version for the right syntax to use near '`NULL` ASC, `leads`.`temperatura` ASC' at line 13 in /home/next0355/dev.next1crm.com.br/system/Database/MySQLi/Connection.php:312
Stack trace:
#0 /home/next0355/dev.next1crm.com.br/system/Database/MySQLi/Connection.php(312): mysqli->query('SELECT count(*)...', 0)
#1 /home/next0355/dev.next1crm.com.br/system/Database/BaseConnection.php(734): CodeIgniter\Database\MySQLi\Connection->execute('SELECT count(*)...')
#2 /home/next0355/dev.next1crm.com.br/system/Database/BaseConnection.php(648): CodeIgniter\Database\BaseConnection->simpleQuery('SELECT count(*)...')
#3 /home/next0355/dev.next1crm.com.br/system/Database/BaseBuilder.php(1644): CodeIgniter\Database\BaseConnection->query('SELECT count(*)...', Array, false)
#4 /home/next0355/dev.next1crm.com.br/app/Controllers/LeadsToDo.php(135): CodeIgniter\Database\BaseBuilder->get()
#5 /home/next0355/dev.next1crm.com.br/app/Controllers/DynamicController.php(34): App\Controllers\leadsToDo->get_leads_next()
#6 /home/next0355/dev.next1crm.com.br/system/CodeIgniter.php(933): App\Controllers\DynamicController->execute('leadsToDo', 'get_leads_next')
#7 /home/next0355/dev.next1crm.com.br/system/CodeIgniter.php(509): CodeIgniter\CodeIgniter->runController(Object(App\Controllers\DynamicController))
#8 /home/next0355/dev.next1crm.com.br/system/CodeIgniter.php(355): CodeIgniter\CodeIgniter->handleRequest(NULL, Object(Config\Cache), false)
#9 /home/next0355/dev.next1crm.com.br/system/Boot.php(325): CodeIgniter\CodeIgniter->run()
#10 /home/next0355/dev.next1crm.com.br/system/Boot.php(67): CodeIgniter\Boot::runCodeIgniter(Object(CodeIgniter\CodeIgniter))
#11 /home/next0355/dev.next1crm.com.br/public/index.php(56): CodeIgniter\Boot::bootWeb(Object(Config\Paths))
#12 {main}
CRITICAL - 2024-09-09 14:31:57 --> Error: Call to a member function getRowArray() on bool
[Method: POST, Route: leadsToDo/get_leads_next]
in APPPATH/Controllers/LeadsToDo.php on line 135.
 1 APPPATH/Controllers/DynamicController.php(34): App\Controllers\leadsToDo->get_leads_next()
 2 SYSTEMPATH/CodeIgniter.php(933): App\Controllers\DynamicController->execute('leadsToDo', 'get_leads_next')
 3 SYSTEMPATH/CodeIgniter.php(509): CodeIgniter\CodeIgniter->runController(Object(App\Controllers\DynamicController))
 4 SYSTEMPATH/CodeIgniter.php(355): CodeIgniter\CodeIgniter->handleRequest(null, Object(Config\Cache), false)
 5 SYSTEMPATH/Boot.php(325): CodeIgniter\CodeIgniter->run()
 6 SYSTEMPATH/Boot.php(67): CodeIgniter\Boot::runCodeIgniter(Object(CodeIgniter\CodeIgniter))
 7 FCPATH/index.php(56): CodeIgniter\Boot::bootWeb(Object(Config\Paths))
CRITICAL - 2024-09-09 14:34:18 --> CodeIgniter\HTTP\Exceptions\BadRequestException: The URI you submitted has disallowed characters: "{{appurl   'uploads"
[Method: GET, Route: %7B%7Bappurl%20%20%20%27uploads/images/%27%20%20%20chat.details.staffavatar%7D%7D]
in SYSTEMPATH/Router/Router.php on line 737.
 1 SYSTEMPATH/Router/Router.php(204): CodeIgniter\Router\Router->checkDisallowedChars('{{appurl   \'uploads/images/\'   chat.details.staffavatar}}')
 2 SYSTEMPATH/CodeIgniter.php(834): CodeIgniter\Router\Router->handle('{{appurl   \'uploads/images/\'   chat.details.staffavatar}}')
 3 SYSTEMPATH/CodeIgniter.php(457): CodeIgniter\CodeIgniter->tryToRouteIt(Object(CodeIgniter\Router\RouteCollection))
 4 SYSTEMPATH/CodeIgniter.php(355): CodeIgniter\CodeIgniter->handleRequest(null, Object(Config\Cache), false)
 5 SYSTEMPATH/Boot.php(325): CodeIgniter\CodeIgniter->run()
 6 SYSTEMPATH/Boot.php(67): CodeIgniter\Boot::runCodeIgniter(Object(CodeIgniter\CodeIgniter))
 7 FCPATH/index.php(56): CodeIgniter\Boot::bootWeb(Object(Config\Paths))
CRITICAL - 2024-09-09 14:34:18 --> CodeIgniter\HTTP\Exceptions\BadRequestException: The URI you submitted has disallowed characters: "{{appurl   'uploads"
[Method: GET, Route: %7B%7Bappurl%20%20%20%27uploads/images/%27%20%20%20chatAtual.details.staffavatar%7D%7D]
in SYSTEMPATH/Router/Router.php on line 737.
 1 SYSTEMPATH/Router/Router.php(204): CodeIgniter\Router\Router->checkDisallowedChars('{{appurl   \'uploads/images/\'   chatAtual.details.staffavatar}}')
 2 SYSTEMPATH/CodeIgniter.php(834): CodeIgniter\Router\Router->handle('{{appurl   \'uploads/images/\'   chatAtual.details.staffavatar}}')
 3 SYSTEMPATH/CodeIgniter.php(457): CodeIgniter\CodeIgniter->tryToRouteIt(Object(CodeIgniter\Router\RouteCollection))
 4 SYSTEMPATH/CodeIgniter.php(355): CodeIgniter\CodeIgniter->handleRequest(null, Object(Config\Cache), false)
 5 SYSTEMPATH/Boot.php(325): CodeIgniter\CodeIgniter->run()
 6 SYSTEMPATH/Boot.php(67): CodeIgniter\Boot::runCodeIgniter(Object(CodeIgniter\CodeIgniter))
 7 FCPATH/index.php(56): CodeIgniter\Boot::bootWeb(Object(Config\Paths))
ERROR - 2024-09-09 14:34:23 --> mysqli_sql_exception: You have an error in your SQL syntax; check the manual that corresponds to your MariaDB server version for the right syntax to use near '`NULL` ASC, `leads`.`temperatura` ASC' at line 13 in /home/next0355/dev.next1crm.com.br/system/Database/MySQLi/Connection.php:312
Stack trace:
#0 /home/next0355/dev.next1crm.com.br/system/Database/MySQLi/Connection.php(312): mysqli->query('SELECT count(*)...', 0)
#1 /home/next0355/dev.next1crm.com.br/system/Database/BaseConnection.php(734): CodeIgniter\Database\MySQLi\Connection->execute('SELECT count(*)...')
#2 /home/next0355/dev.next1crm.com.br/system/Database/BaseConnection.php(648): CodeIgniter\Database\BaseConnection->simpleQuery('SELECT count(*)...')
#3 /home/next0355/dev.next1crm.com.br/system/Database/BaseBuilder.php(1644): CodeIgniter\Database\BaseConnection->query('SELECT count(*)...', Array, false)
#4 /home/next0355/dev.next1crm.com.br/app/Controllers/LeadsToDo.php(135): CodeIgniter\Database\BaseBuilder->get()
#5 /home/next0355/dev.next1crm.com.br/app/Controllers/DynamicController.php(34): App\Controllers\leadsToDo->get_leads_next()
#6 /home/next0355/dev.next1crm.com.br/system/CodeIgniter.php(933): App\Controllers\DynamicController->execute('leadsToDo', 'get_leads_next')
#7 /home/next0355/dev.next1crm.com.br/system/CodeIgniter.php(509): CodeIgniter\CodeIgniter->runController(Object(App\Controllers\DynamicController))
#8 /home/next0355/dev.next1crm.com.br/system/CodeIgniter.php(355): CodeIgniter\CodeIgniter->handleRequest(NULL, Object(Config\Cache), false)
#9 /home/next0355/dev.next1crm.com.br/system/Boot.php(325): CodeIgniter\CodeIgniter->run()
#10 /home/next0355/dev.next1crm.com.br/system/Boot.php(67): CodeIgniter\Boot::runCodeIgniter(Object(CodeIgniter\CodeIgniter))
#11 /home/next0355/dev.next1crm.com.br/public/index.php(56): CodeIgniter\Boot::bootWeb(Object(Config\Paths))
#12 {main}
CRITICAL - 2024-09-09 14:34:23 --> Error: Call to a member function getFirstRow() on bool
[Method: POST, Route: leadsToDo/get_leads_next]
in APPPATH/Controllers/LeadsToDo.php on line 135.
 1 APPPATH/Controllers/DynamicController.php(34): App\Controllers\leadsToDo->get_leads_next()
 2 SYSTEMPATH/CodeIgniter.php(933): App\Controllers\DynamicController->execute('leadsToDo', 'get_leads_next')
 3 SYSTEMPATH/CodeIgniter.php(509): CodeIgniter\CodeIgniter->runController(Object(App\Controllers\DynamicController))
 4 SYSTEMPATH/CodeIgniter.php(355): CodeIgniter\CodeIgniter->handleRequest(null, Object(Config\Cache), false)
 5 SYSTEMPATH/Boot.php(325): CodeIgniter\CodeIgniter->run()
 6 SYSTEMPATH/Boot.php(67): CodeIgniter\Boot::runCodeIgniter(Object(CodeIgniter\CodeIgniter))
 7 FCPATH/index.php(56): CodeIgniter\Boot::bootWeb(Object(Config\Paths))
CRITICAL - 2024-09-09 14:34:57 --> ErrorException: Undefined array key "total"
[Method: POST, Route: leadsToDo/get_leads_next]
in APPPATH/Controllers/LeadsToDo.php on line 136.
 1 APPPATH/Controllers/LeadsToDo.php(136): CodeIgniter\Debug\Exceptions->errorHandler(2, 'Undefined array key "total"', '/home/next0355/dev.next1crm.com.br/app/Controllers/LeadsToDo.php', 136)
 2 APPPATH/Controllers/DynamicController.php(34): App\Controllers\leadsToDo->get_leads_next()
 3 SYSTEMPATH/CodeIgniter.php(933): App\Controllers\DynamicController->execute('leadsToDo', 'get_leads_next')
 4 SYSTEMPATH/CodeIgniter.php(509): CodeIgniter\CodeIgniter->runController(Object(App\Controllers\DynamicController))
 5 SYSTEMPATH/CodeIgniter.php(355): CodeIgniter\CodeIgniter->handleRequest(null, Object(Config\Cache), false)
 6 SYSTEMPATH/Boot.php(325): CodeIgniter\CodeIgniter->run()
 7 SYSTEMPATH/Boot.php(67): CodeIgniter\Boot::runCodeIgniter(Object(CodeIgniter\CodeIgniter))
 8 FCPATH/index.php(56): CodeIgniter\Boot::bootWeb(Object(Config\Paths))
ERROR - 2024-09-09 14:35:58 --> mysqli_sql_exception: You have an error in your SQL syntax; check the manual that corresponds to your MariaDB server version for the right syntax to use near '`NULL` ASC, `leads`.`temperatura` ASC' at line 13 in /home/next0355/dev.next1crm.com.br/system/Database/MySQLi/Connection.php:312
Stack trace:
#0 /home/next0355/dev.next1crm.com.br/system/Database/MySQLi/Connection.php(312): mysqli->query('SELECT count(*)...', 0)
#1 /home/next0355/dev.next1crm.com.br/system/Database/BaseConnection.php(734): CodeIgniter\Database\MySQLi\Connection->execute('SELECT count(*)...')
#2 /home/next0355/dev.next1crm.com.br/system/Database/BaseConnection.php(648): CodeIgniter\Database\BaseConnection->simpleQuery('SELECT count(*)...')
#3 /home/next0355/dev.next1crm.com.br/system/Database/BaseBuilder.php(1644): CodeIgniter\Database\BaseConnection->query('SELECT count(*)...', Array, false)
#4 /home/next0355/dev.next1crm.com.br/app/Controllers/LeadsToDo.php(136): CodeIgniter\Database\BaseBuilder->get()
#5 /home/next0355/dev.next1crm.com.br/app/Controllers/DynamicController.php(34): App\Controllers\leadsToDo->get_leads_next()
#6 /home/next0355/dev.next1crm.com.br/system/CodeIgniter.php(933): App\Controllers\DynamicController->execute('leadsToDo', 'get_leads_next')
#7 /home/next0355/dev.next1crm.com.br/system/CodeIgniter.php(509): CodeIgniter\CodeIgniter->runController(Object(App\Controllers\DynamicController))
#8 /home/next0355/dev.next1crm.com.br/system/CodeIgniter.php(355): CodeIgniter\CodeIgniter->handleRequest(NULL, Object(Config\Cache), false)
#9 /home/next0355/dev.next1crm.com.br/system/Boot.php(325): CodeIgniter\CodeIgniter->run()
#10 /home/next0355/dev.next1crm.com.br/system/Boot.php(67): CodeIgniter\Boot::runCodeIgniter(Object(CodeIgniter\CodeIgniter))
#11 /home/next0355/dev.next1crm.com.br/public/index.php(56): CodeIgniter\Boot::bootWeb(Object(Config\Paths))
#12 {main}
CRITICAL - 2024-09-09 14:35:58 --> Error: Call to a member function getRowArray() on bool
[Method: POST, Route: leadsToDo/get_leads_next]
in APPPATH/Controllers/LeadsToDo.php on line 136.
 1 APPPATH/Controllers/DynamicController.php(34): App\Controllers\leadsToDo->get_leads_next()
 2 SYSTEMPATH/CodeIgniter.php(933): App\Controllers\DynamicController->execute('leadsToDo', 'get_leads_next')
 3 SYSTEMPATH/CodeIgniter.php(509): CodeIgniter\CodeIgniter->runController(Object(App\Controllers\DynamicController))
 4 SYSTEMPATH/CodeIgniter.php(355): CodeIgniter\CodeIgniter->handleRequest(null, Object(Config\Cache), false)
 5 SYSTEMPATH/Boot.php(325): CodeIgniter\CodeIgniter->run()
 6 SYSTEMPATH/Boot.php(67): CodeIgniter\Boot::runCodeIgniter(Object(CodeIgniter\CodeIgniter))
 7 FCPATH/index.php(56): CodeIgniter\Boot::bootWeb(Object(Config\Paths))
CRITICAL - 2024-09-09 14:43:23 --> ErrorException: Undefined array key "total"
[Method: POST, Route: leadsToDo/get_leads_next]
in APPPATH/Controllers/LeadsToDo.php on line 140.
 1 APPPATH/Controllers/LeadsToDo.php(140): CodeIgniter\Debug\Exceptions->errorHandler(2, 'Undefined array key "total"', '/home/next0355/dev.next1crm.com.br/app/Controllers/LeadsToDo.php', 140)
 2 APPPATH/Controllers/DynamicController.php(34): App\Controllers\leadsToDo->get_leads_next()
 3 SYSTEMPATH/CodeIgniter.php(933): App\Controllers\DynamicController->execute('leadsToDo', 'get_leads_next')
 4 SYSTEMPATH/CodeIgniter.php(509): CodeIgniter\CodeIgniter->runController(Object(App\Controllers\DynamicController))
 5 SYSTEMPATH/CodeIgniter.php(355): CodeIgniter\CodeIgniter->handleRequest(null, Object(Config\Cache), false)
 6 SYSTEMPATH/Boot.php(325): CodeIgniter\CodeIgniter->run()
 7 SYSTEMPATH/Boot.php(67): CodeIgniter\Boot::runCodeIgniter(Object(CodeIgniter\CodeIgniter))
 8 FCPATH/index.php(56): CodeIgniter\Boot::bootWeb(Object(Config\Paths))
CRITICAL - 2024-09-09 14:44:01 --> ErrorException: Undefined array key "total"
[Method: POST, Route: leadsToDo/get_leads_next]
in APPPATH/Controllers/LeadsToDo.php on line 140.
 1 APPPATH/Controllers/LeadsToDo.php(140): CodeIgniter\Debug\Exceptions->errorHandler(2, 'Undefined array key "total"', '/home/next0355/dev.next1crm.com.br/app/Controllers/LeadsToDo.php', 140)
 2 APPPATH/Controllers/DynamicController.php(34): App\Controllers\leadsToDo->get_leads_next()
 3 SYSTEMPATH/CodeIgniter.php(933): App\Controllers\DynamicController->execute('leadsToDo', 'get_leads_next')
 4 SYSTEMPATH/CodeIgniter.php(509): CodeIgniter\CodeIgniter->runController(Object(App\Controllers\DynamicController))
 5 SYSTEMPATH/CodeIgniter.php(355): CodeIgniter\CodeIgniter->handleRequest(null, Object(Config\Cache), false)
 6 SYSTEMPATH/Boot.php(325): CodeIgniter\CodeIgniter->run()
 7 SYSTEMPATH/Boot.php(67): CodeIgniter\Boot::runCodeIgniter(Object(CodeIgniter\CodeIgniter))
 8 FCPATH/index.php(56): CodeIgniter\Boot::bootWeb(Object(Config\Paths))
CRITICAL - 2024-09-09 14:45:02 --> ErrorException: Constant LANG already defined
[Method: GET, Route: CronJob/envia_avisos]
in APPPATH/Controllers/CronJob.php on line 18.
 1 [internal function]: CodeIgniter\Debug\Exceptions->errorHandler(2, 'Constant LANG already defined', '/home/next0355/dev.next1crm.com.br/app/Controllers/CronJob.php', 18)
 2 APPPATH/Controllers/CronJob.php(18): define('LANG', 'portuguese_br')
 3 APPPATH/Controllers/DynamicController.php(19): App\Controllers\CronJob->__construct()
 4 SYSTEMPATH/CodeIgniter.php(933): App\Controllers\DynamicController->execute('CronJob', 'envia_avisos')
 5 SYSTEMPATH/CodeIgniter.php(509): CodeIgniter\CodeIgniter->runController(Object(App\Controllers\DynamicController))
 6 SYSTEMPATH/CodeIgniter.php(355): CodeIgniter\CodeIgniter->handleRequest(null, Object(Config\Cache), false)
 7 SYSTEMPATH/Boot.php(325): CodeIgniter\CodeIgniter->run()
 8 SYSTEMPATH/Boot.php(67): CodeIgniter\Boot::runCodeIgniter(Object(CodeIgniter\CodeIgniter))
 9 FCPATH/index.php(56): CodeIgniter\Boot::bootWeb(Object(Config\Paths))
CRITICAL - 2024-09-09 14:45:19 --> Error: Call to undefined method CodeIgniter\Database\MySQLi\Connection::orderBy()
[Method: POST, Route: leadsToDo/get_leads_next]
in APPPATH/Controllers/LeadsToDo.php on line 132.
 1 APPPATH/Controllers/DynamicController.php(34): App\Controllers\leadsToDo->get_leads_next()
 2 SYSTEMPATH/CodeIgniter.php(933): App\Controllers\DynamicController->execute('leadsToDo', 'get_leads_next')
 3 SYSTEMPATH/CodeIgniter.php(509): CodeIgniter\CodeIgniter->runController(Object(App\Controllers\DynamicController))
 4 SYSTEMPATH/CodeIgniter.php(355): CodeIgniter\CodeIgniter->handleRequest(null, Object(Config\Cache), false)
 5 SYSTEMPATH/Boot.php(325): CodeIgniter\CodeIgniter->run()
 6 SYSTEMPATH/Boot.php(67): CodeIgniter\Boot::runCodeIgniter(Object(CodeIgniter\CodeIgniter))
 7 FCPATH/index.php(56): CodeIgniter\Boot::bootWeb(Object(Config\Paths))
CRITICAL - 2024-09-09 14:46:50 --> CodeIgniter\HTTP\Exceptions\BadRequestException: The URI you submitted has disallowed characters: "{{appurl   'uploads"
[Method: GET, Route: %7B%7Bappurl%20%20%20%27uploads/images/%27%20%20%20chatAtual.details.staffavatar%7D%7D]
in SYSTEMPATH/Router/Router.php on line 737.
 1 SYSTEMPATH/Router/Router.php(204): CodeIgniter\Router\Router->checkDisallowedChars('{{appurl   \'uploads/images/\'   chatAtual.details.staffavatar}}')
 2 SYSTEMPATH/CodeIgniter.php(834): CodeIgniter\Router\Router->handle('{{appurl   \'uploads/images/\'   chatAtual.details.staffavatar}}')
 3 SYSTEMPATH/CodeIgniter.php(457): CodeIgniter\CodeIgniter->tryToRouteIt(Object(CodeIgniter\Router\RouteCollection))
 4 SYSTEMPATH/CodeIgniter.php(355): CodeIgniter\CodeIgniter->handleRequest(null, Object(Config\Cache), false)
 5 SYSTEMPATH/Boot.php(325): CodeIgniter\CodeIgniter->run()
 6 SYSTEMPATH/Boot.php(67): CodeIgniter\Boot::runCodeIgniter(Object(CodeIgniter\CodeIgniter))
 7 FCPATH/index.php(56): CodeIgniter\Boot::bootWeb(Object(Config\Paths))
CRITICAL - 2024-09-09 14:46:50 --> CodeIgniter\HTTP\Exceptions\BadRequestException: The URI you submitted has disallowed characters: "{{appurl   'uploads"
[Method: GET, Route: %7B%7Bappurl%20%20%20%27uploads/images/%27%20%20%20chat.details.staffavatar%7D%7D]
in SYSTEMPATH/Router/Router.php on line 737.
 1 SYSTEMPATH/Router/Router.php(204): CodeIgniter\Router\Router->checkDisallowedChars('{{appurl   \'uploads/images/\'   chat.details.staffavatar}}')
 2 SYSTEMPATH/CodeIgniter.php(834): CodeIgniter\Router\Router->handle('{{appurl   \'uploads/images/\'   chat.details.staffavatar}}')
 3 SYSTEMPATH/CodeIgniter.php(457): CodeIgniter\CodeIgniter->tryToRouteIt(Object(CodeIgniter\Router\RouteCollection))
 4 SYSTEMPATH/CodeIgniter.php(355): CodeIgniter\CodeIgniter->handleRequest(null, Object(Config\Cache), false)
 5 SYSTEMPATH/Boot.php(325): CodeIgniter\CodeIgniter->run()
 6 SYSTEMPATH/Boot.php(67): CodeIgniter\Boot::runCodeIgniter(Object(CodeIgniter\CodeIgniter))
 7 FCPATH/index.php(56): CodeIgniter\Boot::bootWeb(Object(Config\Paths))
CRITICAL - 2024-09-09 14:47:03 --> CodeIgniter\HTTP\Exceptions\BadRequestException: The URI you submitted has disallowed characters: "{{base_url   'assets"
[Method: GET, Route: leads/lead/%7B%7Bbase_url%20%20%20%27assets/img/icons/instagram.png%27%7D%7D]
in SYSTEMPATH/Router/Router.php on line 737.
 1 SYSTEMPATH/Router/Router.php(204): CodeIgniter\Router\Router->checkDisallowedChars('leads/lead/{{base_url   \'assets/img/icons/instagram.png\'}}')
 2 SYSTEMPATH/CodeIgniter.php(834): CodeIgniter\Router\Router->handle('leads/lead/{{base_url   \'assets/img/icons/instagram.png\'}}')
 3 SYSTEMPATH/CodeIgniter.php(457): CodeIgniter\CodeIgniter->tryToRouteIt(Object(CodeIgniter\Router\RouteCollection))
 4 SYSTEMPATH/CodeIgniter.php(355): CodeIgniter\CodeIgniter->handleRequest(null, Object(Config\Cache), false)
 5 SYSTEMPATH/Boot.php(325): CodeIgniter\CodeIgniter->run()
 6 SYSTEMPATH/Boot.php(67): CodeIgniter\Boot::runCodeIgniter(Object(CodeIgniter\CodeIgniter))
 7 FCPATH/index.php(56): CodeIgniter\Boot::bootWeb(Object(Config\Paths))
CRITICAL - 2024-09-09 14:47:03 --> CodeIgniter\HTTP\Exceptions\BadRequestException: The URI you submitted has disallowed characters: "{{base_url   atividade.atv_ft}}"
[Method: GET, Route: leads/lead/%7B%7Bbase_url%20%20%20atividade.atv_ft%7D%7D]
in SYSTEMPATH/Router/Router.php on line 737.
 1 SYSTEMPATH/Router/Router.php(204): CodeIgniter\Router\Router->checkDisallowedChars('leads/lead/{{base_url   atividade.atv_ft}}')
 2 SYSTEMPATH/CodeIgniter.php(834): CodeIgniter\Router\Router->handle('leads/lead/{{base_url   atividade.atv_ft}}')
 3 SYSTEMPATH/CodeIgniter.php(457): CodeIgniter\CodeIgniter->tryToRouteIt(Object(CodeIgniter\Router\RouteCollection))
 4 SYSTEMPATH/CodeIgniter.php(355): CodeIgniter\CodeIgniter->handleRequest(null, Object(Config\Cache), false)
 5 SYSTEMPATH/Boot.php(325): CodeIgniter\CodeIgniter->run()
 6 SYSTEMPATH/Boot.php(67): CodeIgniter\Boot::runCodeIgniter(Object(CodeIgniter\CodeIgniter))
 7 FCPATH/index.php(56): CodeIgniter\Boot::bootWeb(Object(Config\Paths))
CRITICAL - 2024-09-09 14:47:04 --> CodeIgniter\HTTP\Exceptions\BadRequestException: The URI you submitted has disallowed characters: "{{appurl   'uploads"
[Method: GET, Route: leads/lead/%7B%7Bappurl%20%20%20%27uploads/images/%27%20%20%20chat.details.staffavatar%7D%7D]
in SYSTEMPATH/Router/Router.php on line 737.
 1 SYSTEMPATH/Router/Router.php(204): CodeIgniter\Router\Router->checkDisallowedChars('leads/lead/{{appurl   \'uploads/images/\'   chat.details.staffavatar}}')
 2 SYSTEMPATH/CodeIgniter.php(834): CodeIgniter\Router\Router->handle('leads/lead/{{appurl   \'uploads/images/\'   chat.details.staffavatar}}')
 3 SYSTEMPATH/CodeIgniter.php(457): CodeIgniter\CodeIgniter->tryToRouteIt(Object(CodeIgniter\Router\RouteCollection))
 4 SYSTEMPATH/CodeIgniter.php(355): CodeIgniter\CodeIgniter->handleRequest(null, Object(Config\Cache), false)
 5 SYSTEMPATH/Boot.php(325): CodeIgniter\CodeIgniter->run()
 6 SYSTEMPATH/Boot.php(67): CodeIgniter\Boot::runCodeIgniter(Object(CodeIgniter\CodeIgniter))
 7 FCPATH/index.php(56): CodeIgniter\Boot::bootWeb(Object(Config\Paths))
CRITICAL - 2024-09-09 14:47:04 --> CodeIgniter\HTTP\Exceptions\BadRequestException: The URI you submitted has disallowed characters: "{{appurl   'uploads"
[Method: GET, Route: leads/lead/%7B%7Bappurl%20%20%20%27uploads/images/%27%20%20%20chatAtual.details.staffavatar%7D%7D]
in SYSTEMPATH/Router/Router.php on line 737.
 1 SYSTEMPATH/Router/Router.php(204): CodeIgniter\Router\Router->checkDisallowedChars('leads/lead/{{appurl   \'uploads/images/\'   chatAtual.details.staffavatar}}')
 2 SYSTEMPATH/CodeIgniter.php(834): CodeIgniter\Router\Router->handle('leads/lead/{{appurl   \'uploads/images/\'   chatAtual.details.staffavatar}}')
 3 SYSTEMPATH/CodeIgniter.php(457): CodeIgniter\CodeIgniter->tryToRouteIt(Object(CodeIgniter\Router\RouteCollection))
 4 SYSTEMPATH/CodeIgniter.php(355): CodeIgniter\CodeIgniter->handleRequest(null, Object(Config\Cache), false)
 5 SYSTEMPATH/Boot.php(325): CodeIgniter\CodeIgniter->run()
 6 SYSTEMPATH/Boot.php(67): CodeIgniter\Boot::runCodeIgniter(Object(CodeIgniter\CodeIgniter))
 7 FCPATH/index.php(56): CodeIgniter\Boot::bootWeb(Object(Config\Paths))
CRITICAL - 2024-09-09 14:47:04 --> CodeIgniter\HTTP\Exceptions\BadRequestException: The URI you submitted has disallowed characters: "{{base_url   'assets"
[Method: GET, Route: leads/lead/%7B%7Bbase_url%20%20%20%27assets/img/icons/whatsapp.png%27%7D%7D]
in SYSTEMPATH/Router/Router.php on line 737.
 1 SYSTEMPATH/Router/Router.php(204): CodeIgniter\Router\Router->checkDisallowedChars('leads/lead/{{base_url   \'assets/img/icons/whatsapp.png\'}}')
 2 SYSTEMPATH/CodeIgniter.php(834): CodeIgniter\Router\Router->handle('leads/lead/{{base_url   \'assets/img/icons/whatsapp.png\'}}')
 3 SYSTEMPATH/CodeIgniter.php(457): CodeIgniter\CodeIgniter->tryToRouteIt(Object(CodeIgniter\Router\RouteCollection))
 4 SYSTEMPATH/CodeIgniter.php(355): CodeIgniter\CodeIgniter->handleRequest(null, Object(Config\Cache), false)
 5 SYSTEMPATH/Boot.php(325): CodeIgniter\CodeIgniter->run()
 6 SYSTEMPATH/Boot.php(67): CodeIgniter\Boot::runCodeIgniter(Object(CodeIgniter\CodeIgniter))
 7 FCPATH/index.php(56): CodeIgniter\Boot::bootWeb(Object(Config\Paths))
CRITICAL - 2024-09-09 14:47:04 --> CodeIgniter\HTTP\Exceptions\BadRequestException: The URI you submitted has disallowed characters: "{{base_url   'assets"
[Method: GET, Route: leads/lead/%7B%7Bbase_url%20%20%20%27assets/img/icons/linkedin.png%27%7D%7D]
in SYSTEMPATH/Router/Router.php on line 737.
 1 SYSTEMPATH/Router/Router.php(204): CodeIgniter\Router\Router->checkDisallowedChars('leads/lead/{{base_url   \'assets/img/icons/linkedin.png\'}}')
 2 SYSTEMPATH/CodeIgniter.php(834): CodeIgniter\Router\Router->handle('leads/lead/{{base_url   \'assets/img/icons/linkedin.png\'}}')
 3 SYSTEMPATH/CodeIgniter.php(457): CodeIgniter\CodeIgniter->tryToRouteIt(Object(CodeIgniter\Router\RouteCollection))
 4 SYSTEMPATH/CodeIgniter.php(355): CodeIgniter\CodeIgniter->handleRequest(null, Object(Config\Cache), false)
 5 SYSTEMPATH/Boot.php(325): CodeIgniter\CodeIgniter->run()
 6 SYSTEMPATH/Boot.php(67): CodeIgniter\Boot::runCodeIgniter(Object(CodeIgniter\CodeIgniter))
 7 FCPATH/index.php(56): CodeIgniter\Boot::bootWeb(Object(Config\Paths))
CRITICAL - 2024-09-09 14:47:04 --> CodeIgniter\HTTP\Exceptions\BadRequestException: The URI you submitted has disallowed characters: "{{base_url   'assets"
[Method: GET, Route: leads/lead/%7B%7Bbase_url%20%20%20%27assets/img/icons/email.png%27%7D%7D]
in SYSTEMPATH/Router/Router.php on line 737.
 1 SYSTEMPATH/Router/Router.php(204): CodeIgniter\Router\Router->checkDisallowedChars('leads/lead/{{base_url   \'assets/img/icons/email.png\'}}')
 2 SYSTEMPATH/CodeIgniter.php(834): CodeIgniter\Router\Router->handle('leads/lead/{{base_url   \'assets/img/icons/email.png\'}}')
 3 SYSTEMPATH/CodeIgniter.php(457): CodeIgniter\CodeIgniter->tryToRouteIt(Object(CodeIgniter\Router\RouteCollection))
 4 SYSTEMPATH/CodeIgniter.php(355): CodeIgniter\CodeIgniter->handleRequest(null, Object(Config\Cache), false)
 5 SYSTEMPATH/Boot.php(325): CodeIgniter\CodeIgniter->run()
 6 SYSTEMPATH/Boot.php(67): CodeIgniter\Boot::runCodeIgniter(Object(CodeIgniter\CodeIgniter))
 7 FCPATH/index.php(56): CodeIgniter\Boot::bootWeb(Object(Config\Paths))
CRITICAL - 2024-09-09 14:47:05 --> CodeIgniter\HTTP\Exceptions\BadRequestException: The URI you submitted has disallowed characters: "{{appurl   'uploads"
[Method: GET, Route: leads/lead/%7B%7Bappurl%20%20%20%27uploads/images/%27%20%20%20chat.details.staffavatar%20%7D%7D]
in SYSTEMPATH/Router/Router.php on line 737.
 1 SYSTEMPATH/Router/Router.php(204): CodeIgniter\Router\Router->checkDisallowedChars('leads/lead/{{appurl   \'uploads/images/\'   chat.details.staffavatar }}')
 2 SYSTEMPATH/CodeIgniter.php(834): CodeIgniter\Router\Router->handle('leads/lead/{{appurl   \'uploads/images/\'   chat.details.staffavatar }}')
 3 SYSTEMPATH/CodeIgniter.php(457): CodeIgniter\CodeIgniter->tryToRouteIt(Object(CodeIgniter\Router\RouteCollection))
 4 SYSTEMPATH/CodeIgniter.php(355): CodeIgniter\CodeIgniter->handleRequest(null, Object(Config\Cache), false)
 5 SYSTEMPATH/Boot.php(325): CodeIgniter\CodeIgniter->run()
 6 SYSTEMPATH/Boot.php(67): CodeIgniter\Boot::runCodeIgniter(Object(CodeIgniter\CodeIgniter))
 7 FCPATH/index.php(56): CodeIgniter\Boot::bootWeb(Object(Config\Paths))
CRITICAL - 2024-09-09 15:00:02 --> ErrorException: Constant LANG already defined
[Method: GET, Route: CronJob/envia_avisos]
in APPPATH/Controllers/CronJob.php on line 18.
 1 [internal function]: CodeIgniter\Debug\Exceptions->errorHandler(2, 'Constant LANG already defined', '/home/next0355/dev.next1crm.com.br/app/Controllers/CronJob.php', 18)
 2 APPPATH/Controllers/CronJob.php(18): define('LANG', 'portuguese_br')
 3 APPPATH/Controllers/DynamicController.php(19): App\Controllers\CronJob->__construct()
 4 SYSTEMPATH/CodeIgniter.php(933): App\Controllers\DynamicController->execute('CronJob', 'envia_avisos')
 5 SYSTEMPATH/CodeIgniter.php(509): CodeIgniter\CodeIgniter->runController(Object(App\Controllers\DynamicController))
 6 SYSTEMPATH/CodeIgniter.php(355): CodeIgniter\CodeIgniter->handleRequest(null, Object(Config\Cache), false)
 7 SYSTEMPATH/Boot.php(325): CodeIgniter\CodeIgniter->run()
 8 SYSTEMPATH/Boot.php(67): CodeIgniter\Boot::runCodeIgniter(Object(CodeIgniter\CodeIgniter))
 9 FCPATH/index.php(56): CodeIgniter\Boot::bootWeb(Object(Config\Paths))
CRITICAL - 2024-09-09 15:15:02 --> ErrorException: Constant LANG already defined
[Method: GET, Route: CronJob/envia_avisos]
in APPPATH/Controllers/CronJob.php on line 18.
 1 [internal function]: CodeIgniter\Debug\Exceptions->errorHandler(2, 'Constant LANG already defined', '/home/next0355/dev.next1crm.com.br/app/Controllers/CronJob.php', 18)
 2 APPPATH/Controllers/CronJob.php(18): define('LANG', 'portuguese_br')
 3 APPPATH/Controllers/DynamicController.php(19): App\Controllers\CronJob->__construct()
 4 SYSTEMPATH/CodeIgniter.php(933): App\Controllers\DynamicController->execute('CronJob', 'envia_avisos')
 5 SYSTEMPATH/CodeIgniter.php(509): CodeIgniter\CodeIgniter->runController(Object(App\Controllers\DynamicController))
 6 SYSTEMPATH/CodeIgniter.php(355): CodeIgniter\CodeIgniter->handleRequest(null, Object(Config\Cache), false)
 7 SYSTEMPATH/Boot.php(325): CodeIgniter\CodeIgniter->run()
 8 SYSTEMPATH/Boot.php(67): CodeIgniter\Boot::runCodeIgniter(Object(CodeIgniter\CodeIgniter))
 9 FCPATH/index.php(56): CodeIgniter\Boot::bootWeb(Object(Config\Paths))
CRITICAL - 2024-09-09 15:30:02 --> ErrorException: Constant LANG already defined
[Method: GET, Route: CronJob/envia_avisos]
in APPPATH/Controllers/CronJob.php on line 18.
 1 [internal function]: CodeIgniter\Debug\Exceptions->errorHandler(2, 'Constant LANG already defined', '/home/next0355/dev.next1crm.com.br/app/Controllers/CronJob.php', 18)
 2 APPPATH/Controllers/CronJob.php(18): define('LANG', 'portuguese_br')
 3 APPPATH/Controllers/DynamicController.php(19): App\Controllers\CronJob->__construct()
 4 SYSTEMPATH/CodeIgniter.php(933): App\Controllers\DynamicController->execute('CronJob', 'envia_avisos')
 5 SYSTEMPATH/CodeIgniter.php(509): CodeIgniter\CodeIgniter->runController(Object(App\Controllers\DynamicController))
 6 SYSTEMPATH/CodeIgniter.php(355): CodeIgniter\CodeIgniter->handleRequest(null, Object(Config\Cache), false)
 7 SYSTEMPATH/Boot.php(325): CodeIgniter\CodeIgniter->run()
 8 SYSTEMPATH/Boot.php(67): CodeIgniter\Boot::runCodeIgniter(Object(CodeIgniter\CodeIgniter))
 9 FCPATH/index.php(56): CodeIgniter\Boot::bootWeb(Object(Config\Paths))
CRITICAL - 2024-09-09 15:45:02 --> ErrorException: Constant LANG already defined
[Method: GET, Route: CronJob/envia_avisos]
in APPPATH/Controllers/CronJob.php on line 18.
 1 [internal function]: CodeIgniter\Debug\Exceptions->errorHandler(2, 'Constant LANG already defined', '/home/next0355/dev.next1crm.com.br/app/Controllers/CronJob.php', 18)
 2 APPPATH/Controllers/CronJob.php(18): define('LANG', 'portuguese_br')
 3 APPPATH/Controllers/DynamicController.php(19): App\Controllers\CronJob->__construct()
 4 SYSTEMPATH/CodeIgniter.php(933): App\Controllers\DynamicController->execute('CronJob', 'envia_avisos')
 5 SYSTEMPATH/CodeIgniter.php(509): CodeIgniter\CodeIgniter->runController(Object(App\Controllers\DynamicController))
 6 SYSTEMPATH/CodeIgniter.php(355): CodeIgniter\CodeIgniter->handleRequest(null, Object(Config\Cache), false)
 7 SYSTEMPATH/Boot.php(325): CodeIgniter\CodeIgniter->run()
 8 SYSTEMPATH/Boot.php(67): CodeIgniter\Boot::runCodeIgniter(Object(CodeIgniter\CodeIgniter))
 9 FCPATH/index.php(56): CodeIgniter\Boot::bootWeb(Object(Config\Paths))
CRITICAL - 2024-09-09 16:00:02 --> ErrorException: Constant LANG already defined
[Method: GET, Route: CronJob/envia_avisos]
in APPPATH/Controllers/CronJob.php on line 18.
 1 [internal function]: CodeIgniter\Debug\Exceptions->errorHandler(2, 'Constant LANG already defined', '/home/next0355/dev.next1crm.com.br/app/Controllers/CronJob.php', 18)
 2 APPPATH/Controllers/CronJob.php(18): define('LANG', 'portuguese_br')
 3 APPPATH/Controllers/DynamicController.php(19): App\Controllers\CronJob->__construct()
 4 SYSTEMPATH/CodeIgniter.php(933): App\Controllers\DynamicController->execute('CronJob', 'envia_avisos')
 5 SYSTEMPATH/CodeIgniter.php(509): CodeIgniter\CodeIgniter->runController(Object(App\Controllers\DynamicController))
 6 SYSTEMPATH/CodeIgniter.php(355): CodeIgniter\CodeIgniter->handleRequest(null, Object(Config\Cache), false)
 7 SYSTEMPATH/Boot.php(325): CodeIgniter\CodeIgniter->run()
 8 SYSTEMPATH/Boot.php(67): CodeIgniter\Boot::runCodeIgniter(Object(CodeIgniter\CodeIgniter))
 9 FCPATH/index.php(56): CodeIgniter\Boot::bootWeb(Object(Config\Paths))
CRITICAL - 2024-09-09 16:15:03 --> ErrorException: Constant LANG already defined
[Method: GET, Route: CronJob/envia_avisos]
in APPPATH/Controllers/CronJob.php on line 18.
 1 [internal function]: CodeIgniter\Debug\Exceptions->errorHandler(2, 'Constant LANG already defined', '/home/next0355/dev.next1crm.com.br/app/Controllers/CronJob.php', 18)
 2 APPPATH/Controllers/CronJob.php(18): define('LANG', 'portuguese_br')
 3 APPPATH/Controllers/DynamicController.php(19): App\Controllers\CronJob->__construct()
 4 SYSTEMPATH/CodeIgniter.php(933): App\Controllers\DynamicController->execute('CronJob', 'envia_avisos')
 5 SYSTEMPATH/CodeIgniter.php(509): CodeIgniter\CodeIgniter->runController(Object(App\Controllers\DynamicController))
 6 SYSTEMPATH/CodeIgniter.php(355): CodeIgniter\CodeIgniter->handleRequest(null, Object(Config\Cache), false)
 7 SYSTEMPATH/Boot.php(325): CodeIgniter\CodeIgniter->run()
 8 SYSTEMPATH/Boot.php(67): CodeIgniter\Boot::runCodeIgniter(Object(CodeIgniter\CodeIgniter))
 9 FCPATH/index.php(56): CodeIgniter\Boot::bootWeb(Object(Config\Paths))
CRITICAL - 2024-09-09 16:30:02 --> ErrorException: Constant LANG already defined
[Method: GET, Route: CronJob/envia_avisos]
in APPPATH/Controllers/CronJob.php on line 18.
 1 [internal function]: CodeIgniter\Debug\Exceptions->errorHandler(2, 'Constant LANG already defined', '/home/next0355/dev.next1crm.com.br/app/Controllers/CronJob.php', 18)
 2 APPPATH/Controllers/CronJob.php(18): define('LANG', 'portuguese_br')
 3 APPPATH/Controllers/DynamicController.php(19): App\Controllers\CronJob->__construct()
 4 SYSTEMPATH/CodeIgniter.php(933): App\Controllers\DynamicController->execute('CronJob', 'envia_avisos')
 5 SYSTEMPATH/CodeIgniter.php(509): CodeIgniter\CodeIgniter->runController(Object(App\Controllers\DynamicController))
 6 SYSTEMPATH/CodeIgniter.php(355): CodeIgniter\CodeIgniter->handleRequest(null, Object(Config\Cache), false)
 7 SYSTEMPATH/Boot.php(325): CodeIgniter\CodeIgniter->run()
 8 SYSTEMPATH/Boot.php(67): CodeIgniter\Boot::runCodeIgniter(Object(CodeIgniter\CodeIgniter))
 9 FCPATH/index.php(56): CodeIgniter\Boot::bootWeb(Object(Config\Paths))
CRITICAL - 2024-09-09 16:45:02 --> ErrorException: Constant LANG already defined
[Method: GET, Route: CronJob/envia_avisos]
in APPPATH/Controllers/CronJob.php on line 18.
 1 [internal function]: CodeIgniter\Debug\Exceptions->errorHandler(2, 'Constant LANG already defined', '/home/next0355/dev.next1crm.com.br/app/Controllers/CronJob.php', 18)
 2 APPPATH/Controllers/CronJob.php(18): define('LANG', 'portuguese_br')
 3 APPPATH/Controllers/DynamicController.php(19): App\Controllers\CronJob->__construct()
 4 SYSTEMPATH/CodeIgniter.php(933): App\Controllers\DynamicController->execute('CronJob', 'envia_avisos')
 5 SYSTEMPATH/CodeIgniter.php(509): CodeIgniter\CodeIgniter->runController(Object(App\Controllers\DynamicController))
 6 SYSTEMPATH/CodeIgniter.php(355): CodeIgniter\CodeIgniter->handleRequest(null, Object(Config\Cache), false)
 7 SYSTEMPATH/Boot.php(325): CodeIgniter\CodeIgniter->run()
 8 SYSTEMPATH/Boot.php(67): CodeIgniter\Boot::runCodeIgniter(Object(CodeIgniter\CodeIgniter))
 9 FCPATH/index.php(56): CodeIgniter\Boot::bootWeb(Object(Config\Paths))
CRITICAL - 2024-09-09 17:00:02 --> ErrorException: Constant LANG already defined
[Method: GET, Route: CronJob/envia_avisos]
in APPPATH/Controllers/CronJob.php on line 18.
 1 [internal function]: CodeIgniter\Debug\Exceptions->errorHandler(2, 'Constant LANG already defined', '/home/next0355/dev.next1crm.com.br/app/Controllers/CronJob.php', 18)
 2 APPPATH/Controllers/CronJob.php(18): define('LANG', 'portuguese_br')
 3 APPPATH/Controllers/DynamicController.php(19): App\Controllers\CronJob->__construct()
 4 SYSTEMPATH/CodeIgniter.php(933): App\Controllers\DynamicController->execute('CronJob', 'envia_avisos')
 5 SYSTEMPATH/CodeIgniter.php(509): CodeIgniter\CodeIgniter->runController(Object(App\Controllers\DynamicController))
 6 SYSTEMPATH/CodeIgniter.php(355): CodeIgniter\CodeIgniter->handleRequest(null, Object(Config\Cache), false)
 7 SYSTEMPATH/Boot.php(325): CodeIgniter\CodeIgniter->run()
 8 SYSTEMPATH/Boot.php(67): CodeIgniter\Boot::runCodeIgniter(Object(CodeIgniter\CodeIgniter))
 9 FCPATH/index.php(56): CodeIgniter\Boot::bootWeb(Object(Config\Paths))
CRITICAL - 2024-09-09 17:15:02 --> ErrorException: Constant LANG already defined
[Method: GET, Route: CronJob/envia_avisos]
in APPPATH/Controllers/CronJob.php on line 18.
 1 [internal function]: CodeIgniter\Debug\Exceptions->errorHandler(2, 'Constant LANG already defined', '/home/next0355/dev.next1crm.com.br/app/Controllers/CronJob.php', 18)
 2 APPPATH/Controllers/CronJob.php(18): define('LANG', 'portuguese_br')
 3 APPPATH/Controllers/DynamicController.php(19): App\Controllers\CronJob->__construct()
 4 SYSTEMPATH/CodeIgniter.php(933): App\Controllers\DynamicController->execute('CronJob', 'envia_avisos')
 5 SYSTEMPATH/CodeIgniter.php(509): CodeIgniter\CodeIgniter->runController(Object(App\Controllers\DynamicController))
 6 SYSTEMPATH/CodeIgniter.php(355): CodeIgniter\CodeIgniter->handleRequest(null, Object(Config\Cache), false)
 7 SYSTEMPATH/Boot.php(325): CodeIgniter\CodeIgniter->run()
 8 SYSTEMPATH/Boot.php(67): CodeIgniter\Boot::runCodeIgniter(Object(CodeIgniter\CodeIgniter))
 9 FCPATH/index.php(56): CodeIgniter\Boot::bootWeb(Object(Config\Paths))
CRITICAL - 2024-09-09 17:30:02 --> ErrorException: Constant LANG already defined
[Method: GET, Route: CronJob/envia_avisos]
in APPPATH/Controllers/CronJob.php on line 18.
 1 [internal function]: CodeIgniter\Debug\Exceptions->errorHandler(2, 'Constant LANG already defined', '/home/next0355/dev.next1crm.com.br/app/Controllers/CronJob.php', 18)
 2 APPPATH/Controllers/CronJob.php(18): define('LANG', 'portuguese_br')
 3 APPPATH/Controllers/DynamicController.php(19): App\Controllers\CronJob->__construct()
 4 SYSTEMPATH/CodeIgniter.php(933): App\Controllers\DynamicController->execute('CronJob', 'envia_avisos')
 5 SYSTEMPATH/CodeIgniter.php(509): CodeIgniter\CodeIgniter->runController(Object(App\Controllers\DynamicController))
 6 SYSTEMPATH/CodeIgniter.php(355): CodeIgniter\CodeIgniter->handleRequest(null, Object(Config\Cache), false)
 7 SYSTEMPATH/Boot.php(325): CodeIgniter\CodeIgniter->run()
 8 SYSTEMPATH/Boot.php(67): CodeIgniter\Boot::runCodeIgniter(Object(CodeIgniter\CodeIgniter))
 9 FCPATH/index.php(56): CodeIgniter\Boot::bootWeb(Object(Config\Paths))
CRITICAL - 2024-09-09 17:45:02 --> ErrorException: Constant LANG already defined
[Method: GET, Route: CronJob/envia_avisos]
in APPPATH/Controllers/CronJob.php on line 18.
 1 [internal function]: CodeIgniter\Debug\Exceptions->errorHandler(2, 'Constant LANG already defined', '/home/next0355/dev.next1crm.com.br/app/Controllers/CronJob.php', 18)
 2 APPPATH/Controllers/CronJob.php(18): define('LANG', 'portuguese_br')
 3 APPPATH/Controllers/DynamicController.php(19): App\Controllers\CronJob->__construct()
 4 SYSTEMPATH/CodeIgniter.php(933): App\Controllers\DynamicController->execute('CronJob', 'envia_avisos')
 5 SYSTEMPATH/CodeIgniter.php(509): CodeIgniter\CodeIgniter->runController(Object(App\Controllers\DynamicController))
 6 SYSTEMPATH/CodeIgniter.php(355): CodeIgniter\CodeIgniter->handleRequest(null, Object(Config\Cache), false)
 7 SYSTEMPATH/Boot.php(325): CodeIgniter\CodeIgniter->run()
 8 SYSTEMPATH/Boot.php(67): CodeIgniter\Boot::runCodeIgniter(Object(CodeIgniter\CodeIgniter))
 9 FCPATH/index.php(56): CodeIgniter\Boot::bootWeb(Object(Config\Paths))
CRITICAL - 2024-09-09 18:00:02 --> ErrorException: Constant LANG already defined
[Method: GET, Route: CronJob/envia_avisos]
in APPPATH/Controllers/CronJob.php on line 18.
 1 [internal function]: CodeIgniter\Debug\Exceptions->errorHandler(2, 'Constant LANG already defined', '/home/next0355/dev.next1crm.com.br/app/Controllers/CronJob.php', 18)
 2 APPPATH/Controllers/CronJob.php(18): define('LANG', 'portuguese_br')
 3 APPPATH/Controllers/DynamicController.php(19): App\Controllers\CronJob->__construct()
 4 SYSTEMPATH/CodeIgniter.php(933): App\Controllers\DynamicController->execute('CronJob', 'envia_avisos')
 5 SYSTEMPATH/CodeIgniter.php(509): CodeIgniter\CodeIgniter->runController(Object(App\Controllers\DynamicController))
 6 SYSTEMPATH/CodeIgniter.php(355): CodeIgniter\CodeIgniter->handleRequest(null, Object(Config\Cache), false)
 7 SYSTEMPATH/Boot.php(325): CodeIgniter\CodeIgniter->run()
 8 SYSTEMPATH/Boot.php(67): CodeIgniter\Boot::runCodeIgniter(Object(CodeIgniter\CodeIgniter))
 9 FCPATH/index.php(56): CodeIgniter\Boot::bootWeb(Object(Config\Paths))
CRITICAL - 2024-09-09 18:15:03 --> ErrorException: Constant LANG already defined
[Method: GET, Route: CronJob/envia_avisos]
in APPPATH/Controllers/CronJob.php on line 18.
 1 [internal function]: CodeIgniter\Debug\Exceptions->errorHandler(2, 'Constant LANG already defined', '/home/next0355/dev.next1crm.com.br/app/Controllers/CronJob.php', 18)
 2 APPPATH/Controllers/CronJob.php(18): define('LANG', 'portuguese_br')
 3 APPPATH/Controllers/DynamicController.php(19): App\Controllers\CronJob->__construct()
 4 SYSTEMPATH/CodeIgniter.php(933): App\Controllers\DynamicController->execute('CronJob', 'envia_avisos')
 5 SYSTEMPATH/CodeIgniter.php(509): CodeIgniter\CodeIgniter->runController(Object(App\Controllers\DynamicController))
 6 SYSTEMPATH/CodeIgniter.php(355): CodeIgniter\CodeIgniter->handleRequest(null, Object(Config\Cache), false)
 7 SYSTEMPATH/Boot.php(325): CodeIgniter\CodeIgniter->run()
 8 SYSTEMPATH/Boot.php(67): CodeIgniter\Boot::runCodeIgniter(Object(CodeIgniter\CodeIgniter))
 9 FCPATH/index.php(56): CodeIgniter\Boot::bootWeb(Object(Config\Paths))
CRITICAL - 2024-09-09 18:30:02 --> ErrorException: Constant LANG already defined
[Method: GET, Route: CronJob/envia_avisos]
in APPPATH/Controllers/CronJob.php on line 18.
 1 [internal function]: CodeIgniter\Debug\Exceptions->errorHandler(2, 'Constant LANG already defined', '/home/next0355/dev.next1crm.com.br/app/Controllers/CronJob.php', 18)
 2 APPPATH/Controllers/CronJob.php(18): define('LANG', 'portuguese_br')
 3 APPPATH/Controllers/DynamicController.php(19): App\Controllers\CronJob->__construct()
 4 SYSTEMPATH/CodeIgniter.php(933): App\Controllers\DynamicController->execute('CronJob', 'envia_avisos')
 5 SYSTEMPATH/CodeIgniter.php(509): CodeIgniter\CodeIgniter->runController(Object(App\Controllers\DynamicController))
 6 SYSTEMPATH/CodeIgniter.php(355): CodeIgniter\CodeIgniter->handleRequest(null, Object(Config\Cache), false)
 7 SYSTEMPATH/Boot.php(325): CodeIgniter\CodeIgniter->run()
 8 SYSTEMPATH/Boot.php(67): CodeIgniter\Boot::runCodeIgniter(Object(CodeIgniter\CodeIgniter))
 9 FCPATH/index.php(56): CodeIgniter\Boot::bootWeb(Object(Config\Paths))
CRITICAL - 2024-09-09 18:45:02 --> ErrorException: Constant LANG already defined
[Method: GET, Route: CronJob/envia_avisos]
in APPPATH/Controllers/CronJob.php on line 18.
 1 [internal function]: CodeIgniter\Debug\Exceptions->errorHandler(2, 'Constant LANG already defined', '/home/next0355/dev.next1crm.com.br/app/Controllers/CronJob.php', 18)
 2 APPPATH/Controllers/CronJob.php(18): define('LANG', 'portuguese_br')
 3 APPPATH/Controllers/DynamicController.php(19): App\Controllers\CronJob->__construct()
 4 SYSTEMPATH/CodeIgniter.php(933): App\Controllers\DynamicController->execute('CronJob', 'envia_avisos')
 5 SYSTEMPATH/CodeIgniter.php(509): CodeIgniter\CodeIgniter->runController(Object(App\Controllers\DynamicController))
 6 SYSTEMPATH/CodeIgniter.php(355): CodeIgniter\CodeIgniter->handleRequest(null, Object(Config\Cache), false)
 7 SYSTEMPATH/Boot.php(325): CodeIgniter\CodeIgniter->run()
 8 SYSTEMPATH/Boot.php(67): CodeIgniter\Boot::runCodeIgniter(Object(CodeIgniter\CodeIgniter))
 9 FCPATH/index.php(56): CodeIgniter\Boot::bootWeb(Object(Config\Paths))
CRITICAL - 2024-09-09 19:00:02 --> ErrorException: Constant LANG already defined
[Method: GET, Route: CronJob/envia_avisos]
in APPPATH/Controllers/CronJob.php on line 18.
 1 [internal function]: CodeIgniter\Debug\Exceptions->errorHandler(2, 'Constant LANG already defined', '/home/next0355/dev.next1crm.com.br/app/Controllers/CronJob.php', 18)
 2 APPPATH/Controllers/CronJob.php(18): define('LANG', 'portuguese_br')
 3 APPPATH/Controllers/DynamicController.php(19): App\Controllers\CronJob->__construct()
 4 SYSTEMPATH/CodeIgniter.php(933): App\Controllers\DynamicController->execute('CronJob', 'envia_avisos')
 5 SYSTEMPATH/CodeIgniter.php(509): CodeIgniter\CodeIgniter->runController(Object(App\Controllers\DynamicController))
 6 SYSTEMPATH/CodeIgniter.php(355): CodeIgniter\CodeIgniter->handleRequest(null, Object(Config\Cache), false)
 7 SYSTEMPATH/Boot.php(325): CodeIgniter\CodeIgniter->run()
 8 SYSTEMPATH/Boot.php(67): CodeIgniter\Boot::runCodeIgniter(Object(CodeIgniter\CodeIgniter))
 9 FCPATH/index.php(56): CodeIgniter\Boot::bootWeb(Object(Config\Paths))
CRITICAL - 2024-09-09 19:15:03 --> ErrorException: Constant LANG already defined
[Method: GET, Route: CronJob/envia_avisos]
in APPPATH/Controllers/CronJob.php on line 18.
 1 [internal function]: CodeIgniter\Debug\Exceptions->errorHandler(2, 'Constant LANG already defined', '/home/next0355/dev.next1crm.com.br/app/Controllers/CronJob.php', 18)
 2 APPPATH/Controllers/CronJob.php(18): define('LANG', 'portuguese_br')
 3 APPPATH/Controllers/DynamicController.php(19): App\Controllers\CronJob->__construct()
 4 SYSTEMPATH/CodeIgniter.php(933): App\Controllers\DynamicController->execute('CronJob', 'envia_avisos')
 5 SYSTEMPATH/CodeIgniter.php(509): CodeIgniter\CodeIgniter->runController(Object(App\Controllers\DynamicController))
 6 SYSTEMPATH/CodeIgniter.php(355): CodeIgniter\CodeIgniter->handleRequest(null, Object(Config\Cache), false)
 7 SYSTEMPATH/Boot.php(325): CodeIgniter\CodeIgniter->run()
 8 SYSTEMPATH/Boot.php(67): CodeIgniter\Boot::runCodeIgniter(Object(CodeIgniter\CodeIgniter))
 9 FCPATH/index.php(56): CodeIgniter\Boot::bootWeb(Object(Config\Paths))
CRITICAL - 2024-09-09 19:30:03 --> ErrorException: Constant LANG already defined
[Method: GET, Route: CronJob/envia_avisos]
in APPPATH/Controllers/CronJob.php on line 18.
 1 [internal function]: CodeIgniter\Debug\Exceptions->errorHandler(2, 'Constant LANG already defined', '/home/next0355/dev.next1crm.com.br/app/Controllers/CronJob.php', 18)
 2 APPPATH/Controllers/CronJob.php(18): define('LANG', 'portuguese_br')
 3 APPPATH/Controllers/DynamicController.php(19): App\Controllers\CronJob->__construct()
 4 SYSTEMPATH/CodeIgniter.php(933): App\Controllers\DynamicController->execute('CronJob', 'envia_avisos')
 5 SYSTEMPATH/CodeIgniter.php(509): CodeIgniter\CodeIgniter->runController(Object(App\Controllers\DynamicController))
 6 SYSTEMPATH/CodeIgniter.php(355): CodeIgniter\CodeIgniter->handleRequest(null, Object(Config\Cache), false)
 7 SYSTEMPATH/Boot.php(325): CodeIgniter\CodeIgniter->run()
 8 SYSTEMPATH/Boot.php(67): CodeIgniter\Boot::runCodeIgniter(Object(CodeIgniter\CodeIgniter))
 9 FCPATH/index.php(56): CodeIgniter\Boot::bootWeb(Object(Config\Paths))
CRITICAL - 2024-09-09 19:45:02 --> ErrorException: Constant LANG already defined
[Method: GET, Route: CronJob/envia_avisos]
in APPPATH/Controllers/CronJob.php on line 18.
 1 [internal function]: CodeIgniter\Debug\Exceptions->errorHandler(2, 'Constant LANG already defined', '/home/next0355/dev.next1crm.com.br/app/Controllers/CronJob.php', 18)
 2 APPPATH/Controllers/CronJob.php(18): define('LANG', 'portuguese_br')
 3 APPPATH/Controllers/DynamicController.php(19): App\Controllers\CronJob->__construct()
 4 SYSTEMPATH/CodeIgniter.php(933): App\Controllers\DynamicController->execute('CronJob', 'envia_avisos')
 5 SYSTEMPATH/CodeIgniter.php(509): CodeIgniter\CodeIgniter->runController(Object(App\Controllers\DynamicController))
 6 SYSTEMPATH/CodeIgniter.php(355): CodeIgniter\CodeIgniter->handleRequest(null, Object(Config\Cache), false)
 7 SYSTEMPATH/Boot.php(325): CodeIgniter\CodeIgniter->run()
 8 SYSTEMPATH/Boot.php(67): CodeIgniter\Boot::runCodeIgniter(Object(CodeIgniter\CodeIgniter))
 9 FCPATH/index.php(56): CodeIgniter\Boot::bootWeb(Object(Config\Paths))
CRITICAL - 2024-09-09 20:00:03 --> ErrorException: Constant LANG already defined
[Method: GET, Route: CronJob/envia_avisos]
in APPPATH/Controllers/CronJob.php on line 18.
 1 [internal function]: CodeIgniter\Debug\Exceptions->errorHandler(2, 'Constant LANG already defined', '/home/next0355/dev.next1crm.com.br/app/Controllers/CronJob.php', 18)
 2 APPPATH/Controllers/CronJob.php(18): define('LANG', 'portuguese_br')
 3 APPPATH/Controllers/DynamicController.php(19): App\Controllers\CronJob->__construct()
 4 SYSTEMPATH/CodeIgniter.php(933): App\Controllers\DynamicController->execute('CronJob', 'envia_avisos')
 5 SYSTEMPATH/CodeIgniter.php(509): CodeIgniter\CodeIgniter->runController(Object(App\Controllers\DynamicController))
 6 SYSTEMPATH/CodeIgniter.php(355): CodeIgniter\CodeIgniter->handleRequest(null, Object(Config\Cache), false)
 7 SYSTEMPATH/Boot.php(325): CodeIgniter\CodeIgniter->run()
 8 SYSTEMPATH/Boot.php(67): CodeIgniter\Boot::runCodeIgniter(Object(CodeIgniter\CodeIgniter))
 9 FCPATH/index.php(56): CodeIgniter\Boot::bootWeb(Object(Config\Paths))
CRITICAL - 2024-09-09 20:15:02 --> ErrorException: Constant LANG already defined
[Method: GET, Route: CronJob/envia_avisos]
in APPPATH/Controllers/CronJob.php on line 18.
 1 [internal function]: CodeIgniter\Debug\Exceptions->errorHandler(2, 'Constant LANG already defined', '/home/next0355/dev.next1crm.com.br/app/Controllers/CronJob.php', 18)
 2 APPPATH/Controllers/CronJob.php(18): define('LANG', 'portuguese_br')
 3 APPPATH/Controllers/DynamicController.php(19): App\Controllers\CronJob->__construct()
 4 SYSTEMPATH/CodeIgniter.php(933): App\Controllers\DynamicController->execute('CronJob', 'envia_avisos')
 5 SYSTEMPATH/CodeIgniter.php(509): CodeIgniter\CodeIgniter->runController(Object(App\Controllers\DynamicController))
 6 SYSTEMPATH/CodeIgniter.php(355): CodeIgniter\CodeIgniter->handleRequest(null, Object(Config\Cache), false)
 7 SYSTEMPATH/Boot.php(325): CodeIgniter\CodeIgniter->run()
 8 SYSTEMPATH/Boot.php(67): CodeIgniter\Boot::runCodeIgniter(Object(CodeIgniter\CodeIgniter))
 9 FCPATH/index.php(56): CodeIgniter\Boot::bootWeb(Object(Config\Paths))
CRITICAL - 2024-09-09 20:30:03 --> ErrorException: Constant LANG already defined
[Method: GET, Route: CronJob/envia_avisos]
in APPPATH/Controllers/CronJob.php on line 18.
 1 [internal function]: CodeIgniter\Debug\Exceptions->errorHandler(2, 'Constant LANG already defined', '/home/next0355/dev.next1crm.com.br/app/Controllers/CronJob.php', 18)
 2 APPPATH/Controllers/CronJob.php(18): define('LANG', 'portuguese_br')
 3 APPPATH/Controllers/DynamicController.php(19): App\Controllers\CronJob->__construct()
 4 SYSTEMPATH/CodeIgniter.php(933): App\Controllers\DynamicController->execute('CronJob', 'envia_avisos')
 5 SYSTEMPATH/CodeIgniter.php(509): CodeIgniter\CodeIgniter->runController(Object(App\Controllers\DynamicController))
 6 SYSTEMPATH/CodeIgniter.php(355): CodeIgniter\CodeIgniter->handleRequest(null, Object(Config\Cache), false)
 7 SYSTEMPATH/Boot.php(325): CodeIgniter\CodeIgniter->run()
 8 SYSTEMPATH/Boot.php(67): CodeIgniter\Boot::runCodeIgniter(Object(CodeIgniter\CodeIgniter))
 9 FCPATH/index.php(56): CodeIgniter\Boot::bootWeb(Object(Config\Paths))
CRITICAL - 2024-09-09 20:45:03 --> ErrorException: Constant LANG already defined
[Method: GET, Route: CronJob/envia_avisos]
in APPPATH/Controllers/CronJob.php on line 18.
 1 [internal function]: CodeIgniter\Debug\Exceptions->errorHandler(2, 'Constant LANG already defined', '/home/next0355/dev.next1crm.com.br/app/Controllers/CronJob.php', 18)
 2 APPPATH/Controllers/CronJob.php(18): define('LANG', 'portuguese_br')
 3 APPPATH/Controllers/DynamicController.php(19): App\Controllers\CronJob->__construct()
 4 SYSTEMPATH/CodeIgniter.php(933): App\Controllers\DynamicController->execute('CronJob', 'envia_avisos')
 5 SYSTEMPATH/CodeIgniter.php(509): CodeIgniter\CodeIgniter->runController(Object(App\Controllers\DynamicController))
 6 SYSTEMPATH/CodeIgniter.php(355): CodeIgniter\CodeIgniter->handleRequest(null, Object(Config\Cache), false)
 7 SYSTEMPATH/Boot.php(325): CodeIgniter\CodeIgniter->run()
 8 SYSTEMPATH/Boot.php(67): CodeIgniter\Boot::runCodeIgniter(Object(CodeIgniter\CodeIgniter))
 9 FCPATH/index.php(56): CodeIgniter\Boot::bootWeb(Object(Config\Paths))
CRITICAL - 2024-09-09 21:00:02 --> ErrorException: Constant LANG already defined
[Method: GET, Route: CronJob/envia_avisos]
in APPPATH/Controllers/CronJob.php on line 18.
 1 [internal function]: CodeIgniter\Debug\Exceptions->errorHandler(2, 'Constant LANG already defined', '/home/next0355/dev.next1crm.com.br/app/Controllers/CronJob.php', 18)
 2 APPPATH/Controllers/CronJob.php(18): define('LANG', 'portuguese_br')
 3 APPPATH/Controllers/DynamicController.php(19): App\Controllers\CronJob->__construct()
 4 SYSTEMPATH/CodeIgniter.php(933): App\Controllers\DynamicController->execute('CronJob', 'envia_avisos')
 5 SYSTEMPATH/CodeIgniter.php(509): CodeIgniter\CodeIgniter->runController(Object(App\Controllers\DynamicController))
 6 SYSTEMPATH/CodeIgniter.php(355): CodeIgniter\CodeIgniter->handleRequest(null, Object(Config\Cache), false)
 7 SYSTEMPATH/Boot.php(325): CodeIgniter\CodeIgniter->run()
 8 SYSTEMPATH/Boot.php(67): CodeIgniter\Boot::runCodeIgniter(Object(CodeIgniter\CodeIgniter))
 9 FCPATH/index.php(56): CodeIgniter\Boot::bootWeb(Object(Config\Paths))
CRITICAL - 2024-09-09 21:15:03 --> ErrorException: Constant LANG already defined
[Method: GET, Route: CronJob/envia_avisos]
in APPPATH/Controllers/CronJob.php on line 18.
 1 [internal function]: CodeIgniter\Debug\Exceptions->errorHandler(2, 'Constant LANG already defined', '/home/next0355/dev.next1crm.com.br/app/Controllers/CronJob.php', 18)
 2 APPPATH/Controllers/CronJob.php(18): define('LANG', 'portuguese_br')
 3 APPPATH/Controllers/DynamicController.php(19): App\Controllers\CronJob->__construct()
 4 SYSTEMPATH/CodeIgniter.php(933): App\Controllers\DynamicController->execute('CronJob', 'envia_avisos')
 5 SYSTEMPATH/CodeIgniter.php(509): CodeIgniter\CodeIgniter->runController(Object(App\Controllers\DynamicController))
 6 SYSTEMPATH/CodeIgniter.php(355): CodeIgniter\CodeIgniter->handleRequest(null, Object(Config\Cache), false)
 7 SYSTEMPATH/Boot.php(325): CodeIgniter\CodeIgniter->run()
 8 SYSTEMPATH/Boot.php(67): CodeIgniter\Boot::runCodeIgniter(Object(CodeIgniter\CodeIgniter))
 9 FCPATH/index.php(56): CodeIgniter\Boot::bootWeb(Object(Config\Paths))
CRITICAL - 2024-09-09 21:30:02 --> ErrorException: Constant LANG already defined
[Method: GET, Route: CronJob/envia_avisos]
in APPPATH/Controllers/CronJob.php on line 18.
 1 [internal function]: CodeIgniter\Debug\Exceptions->errorHandler(2, 'Constant LANG already defined', '/home/next0355/dev.next1crm.com.br/app/Controllers/CronJob.php', 18)
 2 APPPATH/Controllers/CronJob.php(18): define('LANG', 'portuguese_br')
 3 APPPATH/Controllers/DynamicController.php(19): App\Controllers\CronJob->__construct()
 4 SYSTEMPATH/CodeIgniter.php(933): App\Controllers\DynamicController->execute('CronJob', 'envia_avisos')
 5 SYSTEMPATH/CodeIgniter.php(509): CodeIgniter\CodeIgniter->runController(Object(App\Controllers\DynamicController))
 6 SYSTEMPATH/CodeIgniter.php(355): CodeIgniter\CodeIgniter->handleRequest(null, Object(Config\Cache), false)
 7 SYSTEMPATH/Boot.php(325): CodeIgniter\CodeIgniter->run()
 8 SYSTEMPATH/Boot.php(67): CodeIgniter\Boot::runCodeIgniter(Object(CodeIgniter\CodeIgniter))
 9 FCPATH/index.php(56): CodeIgniter\Boot::bootWeb(Object(Config\Paths))
CRITICAL - 2024-09-09 21:45:02 --> ErrorException: Constant LANG already defined
[Method: GET, Route: CronJob/envia_avisos]
in APPPATH/Controllers/CronJob.php on line 18.
 1 [internal function]: CodeIgniter\Debug\Exceptions->errorHandler(2, 'Constant LANG already defined', '/home/next0355/dev.next1crm.com.br/app/Controllers/CronJob.php', 18)
 2 APPPATH/Controllers/CronJob.php(18): define('LANG', 'portuguese_br')
 3 APPPATH/Controllers/DynamicController.php(19): App\Controllers\CronJob->__construct()
 4 SYSTEMPATH/CodeIgniter.php(933): App\Controllers\DynamicController->execute('CronJob', 'envia_avisos')
 5 SYSTEMPATH/CodeIgniter.php(509): CodeIgniter\CodeIgniter->runController(Object(App\Controllers\DynamicController))
 6 SYSTEMPATH/CodeIgniter.php(355): CodeIgniter\CodeIgniter->handleRequest(null, Object(Config\Cache), false)
 7 SYSTEMPATH/Boot.php(325): CodeIgniter\CodeIgniter->run()
 8 SYSTEMPATH/Boot.php(67): CodeIgniter\Boot::runCodeIgniter(Object(CodeIgniter\CodeIgniter))
 9 FCPATH/index.php(56): CodeIgniter\Boot::bootWeb(Object(Config\Paths))
CRITICAL - 2024-09-09 22:00:02 --> ErrorException: Constant LANG already defined
[Method: GET, Route: CronJob/envia_avisos]
in APPPATH/Controllers/CronJob.php on line 18.
 1 [internal function]: CodeIgniter\Debug\Exceptions->errorHandler(2, 'Constant LANG already defined', '/home/next0355/dev.next1crm.com.br/app/Controllers/CronJob.php', 18)
 2 APPPATH/Controllers/CronJob.php(18): define('LANG', 'portuguese_br')
 3 APPPATH/Controllers/DynamicController.php(19): App\Controllers\CronJob->__construct()
 4 SYSTEMPATH/CodeIgniter.php(933): App\Controllers\DynamicController->execute('CronJob', 'envia_avisos')
 5 SYSTEMPATH/CodeIgniter.php(509): CodeIgniter\CodeIgniter->runController(Object(App\Controllers\DynamicController))
 6 SYSTEMPATH/CodeIgniter.php(355): CodeIgniter\CodeIgniter->handleRequest(null, Object(Config\Cache), false)
 7 SYSTEMPATH/Boot.php(325): CodeIgniter\CodeIgniter->run()
 8 SYSTEMPATH/Boot.php(67): CodeIgniter\Boot::runCodeIgniter(Object(CodeIgniter\CodeIgniter))
 9 FCPATH/index.php(56): CodeIgniter\Boot::bootWeb(Object(Config\Paths))
CRITICAL - 2024-09-09 22:15:02 --> ErrorException: Constant LANG already defined
[Method: GET, Route: CronJob/envia_avisos]
in APPPATH/Controllers/CronJob.php on line 18.
 1 [internal function]: CodeIgniter\Debug\Exceptions->errorHandler(2, 'Constant LANG already defined', '/home/next0355/dev.next1crm.com.br/app/Controllers/CronJob.php', 18)
 2 APPPATH/Controllers/CronJob.php(18): define('LANG', 'portuguese_br')
 3 APPPATH/Controllers/DynamicController.php(19): App\Controllers\CronJob->__construct()
 4 SYSTEMPATH/CodeIgniter.php(933): App\Controllers\DynamicController->execute('CronJob', 'envia_avisos')
 5 SYSTEMPATH/CodeIgniter.php(509): CodeIgniter\CodeIgniter->runController(Object(App\Controllers\DynamicController))
 6 SYSTEMPATH/CodeIgniter.php(355): CodeIgniter\CodeIgniter->handleRequest(null, Object(Config\Cache), false)
 7 SYSTEMPATH/Boot.php(325): CodeIgniter\CodeIgniter->run()
 8 SYSTEMPATH/Boot.php(67): CodeIgniter\Boot::runCodeIgniter(Object(CodeIgniter\CodeIgniter))
 9 FCPATH/index.php(56): CodeIgniter\Boot::bootWeb(Object(Config\Paths))
CRITICAL - 2024-09-09 22:30:02 --> ErrorException: Constant LANG already defined
[Method: GET, Route: CronJob/envia_avisos]
in APPPATH/Controllers/CronJob.php on line 18.
 1 [internal function]: CodeIgniter\Debug\Exceptions->errorHandler(2, 'Constant LANG already defined', '/home/next0355/dev.next1crm.com.br/app/Controllers/CronJob.php', 18)
 2 APPPATH/Controllers/CronJob.php(18): define('LANG', 'portuguese_br')
 3 APPPATH/Controllers/DynamicController.php(19): App\Controllers\CronJob->__construct()
 4 SYSTEMPATH/CodeIgniter.php(933): App\Controllers\DynamicController->execute('CronJob', 'envia_avisos')
 5 SYSTEMPATH/CodeIgniter.php(509): CodeIgniter\CodeIgniter->runController(Object(App\Controllers\DynamicController))
 6 SYSTEMPATH/CodeIgniter.php(355): CodeIgniter\CodeIgniter->handleRequest(null, Object(Config\Cache), false)
 7 SYSTEMPATH/Boot.php(325): CodeIgniter\CodeIgniter->run()
 8 SYSTEMPATH/Boot.php(67): CodeIgniter\Boot::runCodeIgniter(Object(CodeIgniter\CodeIgniter))
 9 FCPATH/index.php(56): CodeIgniter\Boot::bootWeb(Object(Config\Paths))
CRITICAL - 2024-09-09 22:45:02 --> ErrorException: Constant LANG already defined
[Method: GET, Route: CronJob/envia_avisos]
in APPPATH/Controllers/CronJob.php on line 18.
 1 [internal function]: CodeIgniter\Debug\Exceptions->errorHandler(2, 'Constant LANG already defined', '/home/next0355/dev.next1crm.com.br/app/Controllers/CronJob.php', 18)
 2 APPPATH/Controllers/CronJob.php(18): define('LANG', 'portuguese_br')
 3 APPPATH/Controllers/DynamicController.php(19): App\Controllers\CronJob->__construct()
 4 SYSTEMPATH/CodeIgniter.php(933): App\Controllers\DynamicController->execute('CronJob', 'envia_avisos')
 5 SYSTEMPATH/CodeIgniter.php(509): CodeIgniter\CodeIgniter->runController(Object(App\Controllers\DynamicController))
 6 SYSTEMPATH/CodeIgniter.php(355): CodeIgniter\CodeIgniter->handleRequest(null, Object(Config\Cache), false)
 7 SYSTEMPATH/Boot.php(325): CodeIgniter\CodeIgniter->run()
 8 SYSTEMPATH/Boot.php(67): CodeIgniter\Boot::runCodeIgniter(Object(CodeIgniter\CodeIgniter))
 9 FCPATH/index.php(56): CodeIgniter\Boot::bootWeb(Object(Config\Paths))
CRITICAL - 2024-09-09 23:00:02 --> ErrorException: Constant LANG already defined
[Method: GET, Route: CronJob/envia_avisos]
in APPPATH/Controllers/CronJob.php on line 18.
 1 [internal function]: CodeIgniter\Debug\Exceptions->errorHandler(2, 'Constant LANG already defined', '/home/next0355/dev.next1crm.com.br/app/Controllers/CronJob.php', 18)
 2 APPPATH/Controllers/CronJob.php(18): define('LANG', 'portuguese_br')
 3 APPPATH/Controllers/DynamicController.php(19): App\Controllers\CronJob->__construct()
 4 SYSTEMPATH/CodeIgniter.php(933): App\Controllers\DynamicController->execute('CronJob', 'envia_avisos')
 5 SYSTEMPATH/CodeIgniter.php(509): CodeIgniter\CodeIgniter->runController(Object(App\Controllers\DynamicController))
 6 SYSTEMPATH/CodeIgniter.php(355): CodeIgniter\CodeIgniter->handleRequest(null, Object(Config\Cache), false)
 7 SYSTEMPATH/Boot.php(325): CodeIgniter\CodeIgniter->run()
 8 SYSTEMPATH/Boot.php(67): CodeIgniter\Boot::runCodeIgniter(Object(CodeIgniter\CodeIgniter))
 9 FCPATH/index.php(56): CodeIgniter\Boot::bootWeb(Object(Config\Paths))
CRITICAL - 2024-09-09 23:15:02 --> ErrorException: Constant LANG already defined
[Method: GET, Route: CronJob/envia_avisos]
in APPPATH/Controllers/CronJob.php on line 18.
 1 [internal function]: CodeIgniter\Debug\Exceptions->errorHandler(2, 'Constant LANG already defined', '/home/next0355/dev.next1crm.com.br/app/Controllers/CronJob.php', 18)
 2 APPPATH/Controllers/CronJob.php(18): define('LANG', 'portuguese_br')
 3 APPPATH/Controllers/DynamicController.php(19): App\Controllers\CronJob->__construct()
 4 SYSTEMPATH/CodeIgniter.php(933): App\Controllers\DynamicController->execute('CronJob', 'envia_avisos')
 5 SYSTEMPATH/CodeIgniter.php(509): CodeIgniter\CodeIgniter->runController(Object(App\Controllers\DynamicController))
 6 SYSTEMPATH/CodeIgniter.php(355): CodeIgniter\CodeIgniter->handleRequest(null, Object(Config\Cache), false)
 7 SYSTEMPATH/Boot.php(325): CodeIgniter\CodeIgniter->run()
 8 SYSTEMPATH/Boot.php(67): CodeIgniter\Boot::runCodeIgniter(Object(CodeIgniter\CodeIgniter))
 9 FCPATH/index.php(56): CodeIgniter\Boot::bootWeb(Object(Config\Paths))
CRITICAL - 2024-09-09 23:30:02 --> ErrorException: Constant LANG already defined
[Method: GET, Route: CronJob/envia_avisos]
in APPPATH/Controllers/CronJob.php on line 18.
 1 [internal function]: CodeIgniter\Debug\Exceptions->errorHandler(2, 'Constant LANG already defined', '/home/next0355/dev.next1crm.com.br/app/Controllers/CronJob.php', 18)
 2 APPPATH/Controllers/CronJob.php(18): define('LANG', 'portuguese_br')
 3 APPPATH/Controllers/DynamicController.php(19): App\Controllers\CronJob->__construct()
 4 SYSTEMPATH/CodeIgniter.php(933): App\Controllers\DynamicController->execute('CronJob', 'envia_avisos')
 5 SYSTEMPATH/CodeIgniter.php(509): CodeIgniter\CodeIgniter->runController(Object(App\Controllers\DynamicController))
 6 SYSTEMPATH/CodeIgniter.php(355): CodeIgniter\CodeIgniter->handleRequest(null, Object(Config\Cache), false)
 7 SYSTEMPATH/Boot.php(325): CodeIgniter\CodeIgniter->run()
 8 SYSTEMPATH/Boot.php(67): CodeIgniter\Boot::runCodeIgniter(Object(CodeIgniter\CodeIgniter))
 9 FCPATH/index.php(56): CodeIgniter\Boot::bootWeb(Object(Config\Paths))
CRITICAL - 2024-09-09 23:45:02 --> ErrorException: Constant LANG already defined
[Method: GET, Route: CronJob/envia_avisos]
in APPPATH/Controllers/CronJob.php on line 18.
 1 [internal function]: CodeIgniter\Debug\Exceptions->errorHandler(2, 'Constant LANG already defined', '/home/next0355/dev.next1crm.com.br/app/Controllers/CronJob.php', 18)
 2 APPPATH/Controllers/CronJob.php(18): define('LANG', 'portuguese_br')
 3 APPPATH/Controllers/DynamicController.php(19): App\Controllers\CronJob->__construct()
 4 SYSTEMPATH/CodeIgniter.php(933): App\Controllers\DynamicController->execute('CronJob', 'envia_avisos')
 5 SYSTEMPATH/CodeIgniter.php(509): CodeIgniter\CodeIgniter->runController(Object(App\Controllers\DynamicController))
 6 SYSTEMPATH/CodeIgniter.php(355): CodeIgniter\CodeIgniter->handleRequest(null, Object(Config\Cache), false)
 7 SYSTEMPATH/Boot.php(325): CodeIgniter\CodeIgniter->run()
 8 SYSTEMPATH/Boot.php(67): CodeIgniter\Boot::runCodeIgniter(Object(CodeIgniter\CodeIgniter))
 9 FCPATH/index.php(56): CodeIgniter\Boot::bootWeb(Object(Config\Paths))
