CRITICAL - 2024-10-05 10:05:53 --> CodeIgniter\HTTP\Exceptions\BadRequestException: The URI you submitted has disallowed characters: "{{appurl   'assets"
[Method: GET, Route: %7B%7Bappurl%20%20%20%27assets/img/menu/Dashboard%20Leads.svg%27%7D%7D]
in SYSTEMPATH/Router/Router.php on line 737.
 1 SYSTEMPATH/Router/Router.php(204): CodeIgniter\Router\Router->checkDisallowedChars('{{appurl   \'assets/img/menu/Dashboard Leads.svg\'}}')
 2 SYSTEMPATH/CodeIgniter.php(834): CodeIgniter\Router\Router->handle('{{appurl   \'assets/img/menu/Dashboard Leads.svg\'}}')
 3 SYSTEMPATH/CodeIgniter.php(457): CodeIgniter\CodeIgniter->tryToRouteIt(Object(CodeIgniter\Router\RouteCollection))
 4 SYSTEMPATH/CodeIgniter.php(355): CodeIgniter\CodeIgniter->handleRequest(null, Object(Config\Cache), false)
 5 SYSTEMPATH/Boot.php(325): CodeIgniter\CodeIgniter->run()
 6 SYSTEMPATH/Boot.php(67): CodeIgniter\Boot::runCodeIgniter(Object(CodeIgniter\CodeIgniter))
 7 FCPATH/index.php(56): CodeIgniter\Boot::bootWeb(Object(Config\Paths))
CRITICAL - 2024-10-05 10:05:53 --> CodeIgniter\HTTP\Exceptions\BadRequestException: The URI you submitted has disallowed characters: "{{appurl   'uploads"
[Method: GET, Route: %7B%7Bappurl%20%20%20%27uploads/images/%27%20%20%20chatAtual.details.staffavatar%7D%7D]
in SYSTEMPATH/Router/Router.php on line 737.
 1 SYSTEMPATH/Router/Router.php(204): CodeIgniter\Router\Router->checkDisallowedChars('{{appurl   \'uploads/images/\'   chatAtual.details.staffavatar}}')
 2 SYSTEMPATH/CodeIgniter.php(834): CodeIgniter\Router\Router->handle('{{appurl   \'uploads/images/\'   chatAtual.details.staffavatar}}')
 3 SYSTEMPATH/CodeIgniter.php(457): CodeIgniter\CodeIgniter->tryToRouteIt(Object(CodeIgniter\Router\RouteCollection))
 4 SYSTEMPATH/CodeIgniter.php(355): CodeIgniter\CodeIgniter->handleRequest(null, Object(Config\Cache), false)
 5 SYSTEMPATH/Boot.php(325): CodeIgniter\CodeIgniter->run()
 6 SYSTEMPATH/Boot.php(67): CodeIgniter\Boot::runCodeIgniter(Object(CodeIgniter\CodeIgniter))
 7 FCPATH/index.php(56): CodeIgniter\Boot::bootWeb(Object(Config\Paths))
CRITICAL - 2024-10-05 10:05:53 --> CodeIgniter\HTTP\Exceptions\BadRequestException: The URI you submitted has disallowed characters: "{{appurl   'uploads"
[Method: GET, Route: %7B%7Bappurl%20%20%20%27uploads/images/%27%20%20%20chat.details.staffavatar%7D%7D]
in SYSTEMPATH/Router/Router.php on line 737.
 1 SYSTEMPATH/Router/Router.php(204): CodeIgniter\Router\Router->checkDisallowedChars('{{appurl   \'uploads/images/\'   chat.details.staffavatar}}')
 2 SYSTEMPATH/CodeIgniter.php(834): CodeIgniter\Router\Router->handle('{{appurl   \'uploads/images/\'   chat.details.staffavatar}}')
 3 SYSTEMPATH/CodeIgniter.php(457): CodeIgniter\CodeIgniter->tryToRouteIt(Object(CodeIgniter\Router\RouteCollection))
 4 SYSTEMPATH/CodeIgniter.php(355): CodeIgniter\CodeIgniter->handleRequest(null, Object(Config\Cache), false)
 5 SYSTEMPATH/Boot.php(325): CodeIgniter\CodeIgniter->run()
 6 SYSTEMPATH/Boot.php(67): CodeIgniter\Boot::runCodeIgniter(Object(CodeIgniter\CodeIgniter))
 7 FCPATH/index.php(56): CodeIgniter\Boot::bootWeb(Object(Config\Paths))
CRITICAL - 2024-10-05 10:05:53 --> CodeIgniter\HTTP\Exceptions\BadRequestException: The URI you submitted has disallowed characters: "{{appurl   'assets"
[Method: GET, Route: %7B%7Bappurl%20%20%20%27assets/img/loading.gif%27%7D%7D]
in SYSTEMPATH/Router/Router.php on line 737.
 1 SYSTEMPATH/Router/Router.php(204): CodeIgniter\Router\Router->checkDisallowedChars('{{appurl   \'assets/img/loading.gif\'}}')
 2 SYSTEMPATH/CodeIgniter.php(834): CodeIgniter\Router\Router->handle('{{appurl   \'assets/img/loading.gif\'}}')
 3 SYSTEMPATH/CodeIgniter.php(457): CodeIgniter\CodeIgniter->tryToRouteIt(Object(CodeIgniter\Router\RouteCollection))
 4 SYSTEMPATH/CodeIgniter.php(355): CodeIgniter\CodeIgniter->handleRequest(null, Object(Config\Cache), false)
 5 SYSTEMPATH/Boot.php(325): CodeIgniter\CodeIgniter->run()
 6 SYSTEMPATH/Boot.php(67): CodeIgniter\Boot::runCodeIgniter(Object(CodeIgniter\CodeIgniter))
 7 FCPATH/index.php(56): CodeIgniter\Boot::bootWeb(Object(Config\Paths))
CRITICAL - 2024-10-05 10:05:53 --> CodeIgniter\HTTP\Exceptions\BadRequestException: The URI you submitted has disallowed characters: "{{appurl   'uploads"
[Method: GET, Route: %7B%7Bappurl%20%20%20%27uploads/images/%27%20%20%20chat.details.staffavatar%20%7D%7D]
in SYSTEMPATH/Router/Router.php on line 737.
 1 SYSTEMPATH/Router/Router.php(204): CodeIgniter\Router\Router->checkDisallowedChars('{{appurl   \'uploads/images/\'   chat.details.staffavatar }}')
 2 SYSTEMPATH/CodeIgniter.php(834): CodeIgniter\Router\Router->handle('{{appurl   \'uploads/images/\'   chat.details.staffavatar }}')
 3 SYSTEMPATH/CodeIgniter.php(457): CodeIgniter\CodeIgniter->tryToRouteIt(Object(CodeIgniter\Router\RouteCollection))
 4 SYSTEMPATH/CodeIgniter.php(355): CodeIgniter\CodeIgniter->handleRequest(null, Object(Config\Cache), false)
 5 SYSTEMPATH/Boot.php(325): CodeIgniter\CodeIgniter->run()
 6 SYSTEMPATH/Boot.php(67): CodeIgniter\Boot::runCodeIgniter(Object(CodeIgniter\CodeIgniter))
 7 FCPATH/index.php(56): CodeIgniter\Boot::bootWeb(Object(Config\Paths))
CRITICAL - 2024-10-05 10:05:57 --> DivisionByZeroError: Division by zero
[Method: POST, Route: customersDash/getReports_totaisCustomers]
in APPPATH/Models/Report_Model.php on line 7448.
 1 APPPATH/Controllers/CustomersDash.php(27): App\Models\Report_Model->getReports_totaisCustomers()
 2 APPPATH/Controllers/DynamicController.php(61): App\Controllers\customersDash->getReports_totaisCustomers()
 3 SYSTEMPATH/CodeIgniter.php(933): App\Controllers\DynamicController->execute('customersDash', 'getReports_totaisCustomers')
 4 SYSTEMPATH/CodeIgniter.php(509): CodeIgniter\CodeIgniter->runController(Object(App\Controllers\DynamicController))
 5 SYSTEMPATH/CodeIgniter.php(355): CodeIgniter\CodeIgniter->handleRequest(null, Object(Config\Cache), false)
 6 SYSTEMPATH/Boot.php(325): CodeIgniter\CodeIgniter->run()
 7 SYSTEMPATH/Boot.php(67): CodeIgniter\Boot::runCodeIgniter(Object(CodeIgniter\CodeIgniter))
 8 FCPATH/index.php(56): CodeIgniter\Boot::bootWeb(Object(Config\Paths))
CRITICAL - 2024-10-05 10:07:32 --> CodeIgniter\HTTP\Exceptions\BadRequestException: The URI you submitted has disallowed characters: "{{appurl   'uploads"
[Method: GET, Route: %7B%7Bappurl%20%20%20%27uploads/images/%27%20%20%20chat.details.staffavatar%7D%7D]
in SYSTEMPATH/Router/Router.php on line 737.
 1 SYSTEMPATH/Router/Router.php(204): CodeIgniter\Router\Router->checkDisallowedChars('{{appurl   \'uploads/images/\'   chat.details.staffavatar}}')
 2 SYSTEMPATH/CodeIgniter.php(834): CodeIgniter\Router\Router->handle('{{appurl   \'uploads/images/\'   chat.details.staffavatar}}')
 3 SYSTEMPATH/CodeIgniter.php(457): CodeIgniter\CodeIgniter->tryToRouteIt(Object(CodeIgniter\Router\RouteCollection))
 4 SYSTEMPATH/CodeIgniter.php(355): CodeIgniter\CodeIgniter->handleRequest(null, Object(Config\Cache), false)
 5 SYSTEMPATH/Boot.php(325): CodeIgniter\CodeIgniter->run()
 6 SYSTEMPATH/Boot.php(67): CodeIgniter\Boot::runCodeIgniter(Object(CodeIgniter\CodeIgniter))
 7 FCPATH/index.php(56): CodeIgniter\Boot::bootWeb(Object(Config\Paths))
CRITICAL - 2024-10-05 10:07:33 --> CodeIgniter\HTTP\Exceptions\BadRequestException: The URI you submitted has disallowed characters: "{{appurl   'uploads"
[Method: GET, Route: %7B%7Bappurl%20%20%20%27uploads/images/%27%20%20%20chatAtual.details.staffavatar%7D%7D]
in SYSTEMPATH/Router/Router.php on line 737.
 1 SYSTEMPATH/Router/Router.php(204): CodeIgniter\Router\Router->checkDisallowedChars('{{appurl   \'uploads/images/\'   chatAtual.details.staffavatar}}')
 2 SYSTEMPATH/CodeIgniter.php(834): CodeIgniter\Router\Router->handle('{{appurl   \'uploads/images/\'   chatAtual.details.staffavatar}}')
 3 SYSTEMPATH/CodeIgniter.php(457): CodeIgniter\CodeIgniter->tryToRouteIt(Object(CodeIgniter\Router\RouteCollection))
 4 SYSTEMPATH/CodeIgniter.php(355): CodeIgniter\CodeIgniter->handleRequest(null, Object(Config\Cache), false)
 5 SYSTEMPATH/Boot.php(325): CodeIgniter\CodeIgniter->run()
 6 SYSTEMPATH/Boot.php(67): CodeIgniter\Boot::runCodeIgniter(Object(CodeIgniter\CodeIgniter))
 7 FCPATH/index.php(56): CodeIgniter\Boot::bootWeb(Object(Config\Paths))
CRITICAL - 2024-10-05 10:07:33 --> CodeIgniter\HTTP\Exceptions\BadRequestException: The URI you submitted has disallowed characters: "{{appurl   'assets"
[Method: GET, Route: %7B%7Bappurl%20%20%20%27assets/img/loading.gif%27%7D%7D]
in SYSTEMPATH/Router/Router.php on line 737.
 1 SYSTEMPATH/Router/Router.php(204): CodeIgniter\Router\Router->checkDisallowedChars('{{appurl   \'assets/img/loading.gif\'}}')
 2 SYSTEMPATH/CodeIgniter.php(834): CodeIgniter\Router\Router->handle('{{appurl   \'assets/img/loading.gif\'}}')
 3 SYSTEMPATH/CodeIgniter.php(457): CodeIgniter\CodeIgniter->tryToRouteIt(Object(CodeIgniter\Router\RouteCollection))
 4 SYSTEMPATH/CodeIgniter.php(355): CodeIgniter\CodeIgniter->handleRequest(null, Object(Config\Cache), false)
 5 SYSTEMPATH/Boot.php(325): CodeIgniter\CodeIgniter->run()
 6 SYSTEMPATH/Boot.php(67): CodeIgniter\Boot::runCodeIgniter(Object(CodeIgniter\CodeIgniter))
 7 FCPATH/index.php(56): CodeIgniter\Boot::bootWeb(Object(Config\Paths))
CRITICAL - 2024-10-05 10:07:47 --> CodeIgniter\HTTP\Exceptions\BadRequestException: The URI you submitted has disallowed characters: "{{appurl   'uploads"
[Method: GET, Route: %7B%7Bappurl%20%20%20%27uploads/images/%27%20%20%20chat.details.staffavatar%7D%7D]
in SYSTEMPATH/Router/Router.php on line 737.
 1 SYSTEMPATH/Router/Router.php(204): CodeIgniter\Router\Router->checkDisallowedChars('{{appurl   \'uploads/images/\'   chat.details.staffavatar}}')
 2 SYSTEMPATH/CodeIgniter.php(834): CodeIgniter\Router\Router->handle('{{appurl   \'uploads/images/\'   chat.details.staffavatar}}')
 3 SYSTEMPATH/CodeIgniter.php(457): CodeIgniter\CodeIgniter->tryToRouteIt(Object(CodeIgniter\Router\RouteCollection))
 4 SYSTEMPATH/CodeIgniter.php(355): CodeIgniter\CodeIgniter->handleRequest(null, Object(Config\Cache), false)
 5 SYSTEMPATH/Boot.php(325): CodeIgniter\CodeIgniter->run()
 6 SYSTEMPATH/Boot.php(67): CodeIgniter\Boot::runCodeIgniter(Object(CodeIgniter\CodeIgniter))
 7 FCPATH/index.php(56): CodeIgniter\Boot::bootWeb(Object(Config\Paths))
CRITICAL - 2024-10-05 10:07:47 --> CodeIgniter\HTTP\Exceptions\BadRequestException: The URI you submitted has disallowed characters: "{{appurl   'uploads"
[Method: GET, Route: %7B%7Bappurl%20%20%20%27uploads/images/%27%20%20%20chatAtual.details.staffavatar%7D%7D]
in SYSTEMPATH/Router/Router.php on line 737.
 1 SYSTEMPATH/Router/Router.php(204): CodeIgniter\Router\Router->checkDisallowedChars('{{appurl   \'uploads/images/\'   chatAtual.details.staffavatar}}')
 2 SYSTEMPATH/CodeIgniter.php(834): CodeIgniter\Router\Router->handle('{{appurl   \'uploads/images/\'   chatAtual.details.staffavatar}}')
 3 SYSTEMPATH/CodeIgniter.php(457): CodeIgniter\CodeIgniter->tryToRouteIt(Object(CodeIgniter\Router\RouteCollection))
 4 SYSTEMPATH/CodeIgniter.php(355): CodeIgniter\CodeIgniter->handleRequest(null, Object(Config\Cache), false)
 5 SYSTEMPATH/Boot.php(325): CodeIgniter\CodeIgniter->run()
 6 SYSTEMPATH/Boot.php(67): CodeIgniter\Boot::runCodeIgniter(Object(CodeIgniter\CodeIgniter))
 7 FCPATH/index.php(56): CodeIgniter\Boot::bootWeb(Object(Config\Paths))
CRITICAL - 2024-10-05 10:07:47 --> CodeIgniter\HTTP\Exceptions\BadRequestException: The URI you submitted has disallowed characters: "{{lead.avatar}}"
[Method: GET, Route: uploads/images/%7B%7Blead.avatar%7D%7D]
in SYSTEMPATH/Router/Router.php on line 737.
 1 SYSTEMPATH/Router/Router.php(204): CodeIgniter\Router\Router->checkDisallowedChars('uploads/images/{{lead.avatar}}')
 2 SYSTEMPATH/CodeIgniter.php(834): CodeIgniter\Router\Router->handle('uploads/images/{{lead.avatar}}')
 3 SYSTEMPATH/CodeIgniter.php(457): CodeIgniter\CodeIgniter->tryToRouteIt(Object(CodeIgniter\Router\RouteCollection))
 4 SYSTEMPATH/CodeIgniter.php(355): CodeIgniter\CodeIgniter->handleRequest(null, Object(Config\Cache), false)
 5 SYSTEMPATH/Boot.php(325): CodeIgniter\CodeIgniter->run()
 6 SYSTEMPATH/Boot.php(67): CodeIgniter\Boot::runCodeIgniter(Object(CodeIgniter\CodeIgniter))
 7 FCPATH/index.php(56): CodeIgniter\Boot::bootWeb(Object(Config\Paths))
CRITICAL - 2024-10-05 13:35:36 --> CodeIgniter\HTTP\Exceptions\BadRequestException: The URI you submitted has disallowed characters: "{{appurl   'uploads"
[Method: GET, Route: %7B%7Bappurl%20%20%20%27uploads/images/%27%20%20%20chat.details.staffavatar%7D%7D]
in SYSTEMPATH/Router/Router.php on line 737.
 1 SYSTEMPATH/Router/Router.php(204): CodeIgniter\Router\Router->checkDisallowedChars('{{appurl   \'uploads/images/\'   chat.details.staffavatar}}')
 2 SYSTEMPATH/CodeIgniter.php(834): CodeIgniter\Router\Router->handle('{{appurl   \'uploads/images/\'   chat.details.staffavatar}}')
 3 SYSTEMPATH/CodeIgniter.php(457): CodeIgniter\CodeIgniter->tryToRouteIt(Object(CodeIgniter\Router\RouteCollection))
 4 SYSTEMPATH/CodeIgniter.php(355): CodeIgniter\CodeIgniter->handleRequest(null, Object(Config\Cache), false)
 5 SYSTEMPATH/Boot.php(325): CodeIgniter\CodeIgniter->run()
 6 SYSTEMPATH/Boot.php(67): CodeIgniter\Boot::runCodeIgniter(Object(CodeIgniter\CodeIgniter))
 7 FCPATH/index.php(56): CodeIgniter\Boot::bootWeb(Object(Config\Paths))
CRITICAL - 2024-10-05 13:35:37 --> CodeIgniter\HTTP\Exceptions\BadRequestException: The URI you submitted has disallowed characters: "{{appurl   'uploads"
[Method: GET, Route: %7B%7Bappurl%20%20%20%27uploads/images/%27%20%20%20chatAtual.details.staffavatar%7D%7D]
in SYSTEMPATH/Router/Router.php on line 737.
 1 SYSTEMPATH/Router/Router.php(204): CodeIgniter\Router\Router->checkDisallowedChars('{{appurl   \'uploads/images/\'   chatAtual.details.staffavatar}}')
 2 SYSTEMPATH/CodeIgniter.php(834): CodeIgniter\Router\Router->handle('{{appurl   \'uploads/images/\'   chatAtual.details.staffavatar}}')
 3 SYSTEMPATH/CodeIgniter.php(457): CodeIgniter\CodeIgniter->tryToRouteIt(Object(CodeIgniter\Router\RouteCollection))
 4 SYSTEMPATH/CodeIgniter.php(355): CodeIgniter\CodeIgniter->handleRequest(null, Object(Config\Cache), false)
 5 SYSTEMPATH/Boot.php(325): CodeIgniter\CodeIgniter->run()
 6 SYSTEMPATH/Boot.php(67): CodeIgniter\Boot::runCodeIgniter(Object(CodeIgniter\CodeIgniter))
 7 FCPATH/index.php(56): CodeIgniter\Boot::bootWeb(Object(Config\Paths))
CRITICAL - 2024-10-05 13:35:38 --> CodeIgniter\HTTP\Exceptions\BadRequestException: The URI you submitted has disallowed characters: "{{appurl   'assets"
[Method: GET, Route: %7B%7Bappurl%20%20%20%27assets/img/loading.gif%27%7D%7D]
in SYSTEMPATH/Router/Router.php on line 737.
 1 SYSTEMPATH/Router/Router.php(204): CodeIgniter\Router\Router->checkDisallowedChars('{{appurl   \'assets/img/loading.gif\'}}')
 2 SYSTEMPATH/CodeIgniter.php(834): CodeIgniter\Router\Router->handle('{{appurl   \'assets/img/loading.gif\'}}')
 3 SYSTEMPATH/CodeIgniter.php(457): CodeIgniter\CodeIgniter->tryToRouteIt(Object(CodeIgniter\Router\RouteCollection))
 4 SYSTEMPATH/CodeIgniter.php(355): CodeIgniter\CodeIgniter->handleRequest(null, Object(Config\Cache), false)
 5 SYSTEMPATH/Boot.php(325): CodeIgniter\CodeIgniter->run()
 6 SYSTEMPATH/Boot.php(67): CodeIgniter\Boot::runCodeIgniter(Object(CodeIgniter\CodeIgniter))
 7 FCPATH/index.php(56): CodeIgniter\Boot::bootWeb(Object(Config\Paths))
CRITICAL - 2024-10-05 13:35:38 --> CodeIgniter\HTTP\Exceptions\BadRequestException: The URI you submitted has disallowed characters: "{{appurl   'uploads"
[Method: GET, Route: %7B%7Bappurl%20%20%20%27uploads/images/%27%20%20%20chat.details.staffavatar%20%7D%7D]
in SYSTEMPATH/Router/Router.php on line 737.
 1 SYSTEMPATH/Router/Router.php(204): CodeIgniter\Router\Router->checkDisallowedChars('{{appurl   \'uploads/images/\'   chat.details.staffavatar }}')
 2 SYSTEMPATH/CodeIgniter.php(834): CodeIgniter\Router\Router->handle('{{appurl   \'uploads/images/\'   chat.details.staffavatar }}')
 3 SYSTEMPATH/CodeIgniter.php(457): CodeIgniter\CodeIgniter->tryToRouteIt(Object(CodeIgniter\Router\RouteCollection))
 4 SYSTEMPATH/CodeIgniter.php(355): CodeIgniter\CodeIgniter->handleRequest(null, Object(Config\Cache), false)
 5 SYSTEMPATH/Boot.php(325): CodeIgniter\CodeIgniter->run()
 6 SYSTEMPATH/Boot.php(67): CodeIgniter\Boot::runCodeIgniter(Object(CodeIgniter\CodeIgniter))
 7 FCPATH/index.php(56): CodeIgniter\Boot::bootWeb(Object(Config\Paths))
CRITICAL - 2024-10-05 13:35:39 --> CodeIgniter\HTTP\Exceptions\BadRequestException: The URI you submitted has disallowed characters: "{{appurl   'assets"
[Method: GET, Route: %7B%7Bappurl%20%20%20%27assets/img/menu/Dashboard%20Leads.svg%27%7D%7D]
in SYSTEMPATH/Router/Router.php on line 737.
 1 SYSTEMPATH/Router/Router.php(204): CodeIgniter\Router\Router->checkDisallowedChars('{{appurl   \'assets/img/menu/Dashboard Leads.svg\'}}')
 2 SYSTEMPATH/CodeIgniter.php(834): CodeIgniter\Router\Router->handle('{{appurl   \'assets/img/menu/Dashboard Leads.svg\'}}')
 3 SYSTEMPATH/CodeIgniter.php(457): CodeIgniter\CodeIgniter->tryToRouteIt(Object(CodeIgniter\Router\RouteCollection))
 4 SYSTEMPATH/CodeIgniter.php(355): CodeIgniter\CodeIgniter->handleRequest(null, Object(Config\Cache), false)
 5 SYSTEMPATH/Boot.php(325): CodeIgniter\CodeIgniter->run()
 6 SYSTEMPATH/Boot.php(67): CodeIgniter\Boot::runCodeIgniter(Object(CodeIgniter\CodeIgniter))
 7 FCPATH/index.php(56): CodeIgniter\Boot::bootWeb(Object(Config\Paths))
CRITICAL - 2024-10-05 13:35:43 --> CodeIgniter\HTTP\Exceptions\BadRequestException: The URI you submitted has disallowed characters: "{{appurl   'uploads"
[Method: GET, Route: %7B%7Bappurl%20%20%20%27uploads/images/%27%20%20%20chat.details.staffavatar%7D%7D]
in SYSTEMPATH/Router/Router.php on line 737.
 1 SYSTEMPATH/Router/Router.php(204): CodeIgniter\Router\Router->checkDisallowedChars('{{appurl   \'uploads/images/\'   chat.details.staffavatar}}')
 2 SYSTEMPATH/CodeIgniter.php(834): CodeIgniter\Router\Router->handle('{{appurl   \'uploads/images/\'   chat.details.staffavatar}}')
 3 SYSTEMPATH/CodeIgniter.php(457): CodeIgniter\CodeIgniter->tryToRouteIt(Object(CodeIgniter\Router\RouteCollection))
 4 SYSTEMPATH/CodeIgniter.php(355): CodeIgniter\CodeIgniter->handleRequest(null, Object(Config\Cache), false)
 5 SYSTEMPATH/Boot.php(325): CodeIgniter\CodeIgniter->run()
 6 SYSTEMPATH/Boot.php(67): CodeIgniter\Boot::runCodeIgniter(Object(CodeIgniter\CodeIgniter))
 7 FCPATH/index.php(56): CodeIgniter\Boot::bootWeb(Object(Config\Paths))
CRITICAL - 2024-10-05 13:35:43 --> CodeIgniter\HTTP\Exceptions\BadRequestException: The URI you submitted has disallowed characters: "{{appurl   'uploads"
[Method: GET, Route: %7B%7Bappurl%20%20%20%27uploads/images/%27%20%20%20chatAtual.details.staffavatar%7D%7D]
in SYSTEMPATH/Router/Router.php on line 737.
 1 SYSTEMPATH/Router/Router.php(204): CodeIgniter\Router\Router->checkDisallowedChars('{{appurl   \'uploads/images/\'   chatAtual.details.staffavatar}}')
 2 SYSTEMPATH/CodeIgniter.php(834): CodeIgniter\Router\Router->handle('{{appurl   \'uploads/images/\'   chatAtual.details.staffavatar}}')
 3 SYSTEMPATH/CodeIgniter.php(457): CodeIgniter\CodeIgniter->tryToRouteIt(Object(CodeIgniter\Router\RouteCollection))
 4 SYSTEMPATH/CodeIgniter.php(355): CodeIgniter\CodeIgniter->handleRequest(null, Object(Config\Cache), false)
 5 SYSTEMPATH/Boot.php(325): CodeIgniter\CodeIgniter->run()
 6 SYSTEMPATH/Boot.php(67): CodeIgniter\Boot::runCodeIgniter(Object(CodeIgniter\CodeIgniter))
 7 FCPATH/index.php(56): CodeIgniter\Boot::bootWeb(Object(Config\Paths))
CRITICAL - 2024-10-05 13:35:50 --> ErrorException: Trying to access array offset on value of type null
[Method: POST, Route: dash_inteligence/getReports_reunioesxConversoes]
in APPPATH/Models/Report_Model.php on line 3998.
 1 APPPATH/Models/Report_Model.php(3998): CodeIgniter\Debug\Exceptions->errorHandler(2, 'Trying to access array offset on value of type null', '/home/next0355/public_html/app/Models/Report_Model.php', 3998)
 2 APPPATH/Models/Report_Model.php(3918): App\Models\Report_Model->getClientePorFuncionario('631')
 3 APPPATH/Controllers/Dash_inteligence.php(101): App\Models\Report_Model->getReports_reunioesxConversoes()
 4 APPPATH/Controllers/DynamicController.php(61): App\Controllers\Dash_inteligence->getReports_reunioesxConversoes()
 5 SYSTEMPATH/CodeIgniter.php(933): App\Controllers\DynamicController->execute('dash_inteligence', 'getReports_reunioesxConversoes')
 6 SYSTEMPATH/CodeIgniter.php(509): CodeIgniter\CodeIgniter->runController(Object(App\Controllers\DynamicController))
 7 SYSTEMPATH/CodeIgniter.php(355): CodeIgniter\CodeIgniter->handleRequest(null, Object(Config\Cache), false)
 8 SYSTEMPATH/Boot.php(325): CodeIgniter\CodeIgniter->run()
 9 SYSTEMPATH/Boot.php(67): CodeIgniter\Boot::runCodeIgniter(Object(CodeIgniter\CodeIgniter))
10 FCPATH/index.php(56): CodeIgniter\Boot::bootWeb(Object(Config\Paths))
CRITICAL - 2024-10-05 13:35:53 --> CodeIgniter\HTTP\Exceptions\BadRequestException: The URI you submitted has disallowed characters: "{{appurl   'uploads"
[Method: GET, Route: %7B%7Bappurl%20%20%20%27uploads/images/%27%20%20%20chat.details.staffavatar%7D%7D]
in SYSTEMPATH/Router/Router.php on line 737.
 1 SYSTEMPATH/Router/Router.php(204): CodeIgniter\Router\Router->checkDisallowedChars('{{appurl   \'uploads/images/\'   chat.details.staffavatar}}')
 2 SYSTEMPATH/CodeIgniter.php(834): CodeIgniter\Router\Router->handle('{{appurl   \'uploads/images/\'   chat.details.staffavatar}}')
 3 SYSTEMPATH/CodeIgniter.php(457): CodeIgniter\CodeIgniter->tryToRouteIt(Object(CodeIgniter\Router\RouteCollection))
 4 SYSTEMPATH/CodeIgniter.php(355): CodeIgniter\CodeIgniter->handleRequest(null, Object(Config\Cache), false)
 5 SYSTEMPATH/Boot.php(325): CodeIgniter\CodeIgniter->run()
 6 SYSTEMPATH/Boot.php(67): CodeIgniter\Boot::runCodeIgniter(Object(CodeIgniter\CodeIgniter))
 7 FCPATH/index.php(56): CodeIgniter\Boot::bootWeb(Object(Config\Paths))
CRITICAL - 2024-10-05 13:37:59 --> CodeIgniter\HTTP\Exceptions\BadRequestException: The URI you submitted has disallowed characters: "{{appurl   'uploads"
[Method: GET, Route: %7B%7Bappurl%20%20%20%27uploads/images/%27%20%20%20chat.details.staffavatar%7D%7D]
in SYSTEMPATH/Router/Router.php on line 737.
 1 SYSTEMPATH/Router/Router.php(204): CodeIgniter\Router\Router->checkDisallowedChars('{{appurl   \'uploads/images/\'   chat.details.staffavatar}}')
 2 SYSTEMPATH/CodeIgniter.php(834): CodeIgniter\Router\Router->handle('{{appurl   \'uploads/images/\'   chat.details.staffavatar}}')
 3 SYSTEMPATH/CodeIgniter.php(457): CodeIgniter\CodeIgniter->tryToRouteIt(Object(CodeIgniter\Router\RouteCollection))
 4 SYSTEMPATH/CodeIgniter.php(355): CodeIgniter\CodeIgniter->handleRequest(null, Object(Config\Cache), false)
 5 SYSTEMPATH/Boot.php(325): CodeIgniter\CodeIgniter->run()
 6 SYSTEMPATH/Boot.php(67): CodeIgniter\Boot::runCodeIgniter(Object(CodeIgniter\CodeIgniter))
 7 FCPATH/index.php(56): CodeIgniter\Boot::bootWeb(Object(Config\Paths))
CRITICAL - 2024-10-05 13:40:11 --> CodeIgniter\HTTP\Exceptions\BadRequestException: The URI you submitted has disallowed characters: "{{appurl   'uploads"
[Method: GET, Route: %7B%7Bappurl%20%20%20%27uploads/images/%27%20%20%20chat.details.staffavatar%7D%7D]
in SYSTEMPATH/Router/Router.php on line 737.
 1 SYSTEMPATH/Router/Router.php(204): CodeIgniter\Router\Router->checkDisallowedChars('{{appurl   \'uploads/images/\'   chat.details.staffavatar}}')
 2 SYSTEMPATH/CodeIgniter.php(834): CodeIgniter\Router\Router->handle('{{appurl   \'uploads/images/\'   chat.details.staffavatar}}')
 3 SYSTEMPATH/CodeIgniter.php(457): CodeIgniter\CodeIgniter->tryToRouteIt(Object(CodeIgniter\Router\RouteCollection))
 4 SYSTEMPATH/CodeIgniter.php(355): CodeIgniter\CodeIgniter->handleRequest(null, Object(Config\Cache), false)
 5 SYSTEMPATH/Boot.php(325): CodeIgniter\CodeIgniter->run()
 6 SYSTEMPATH/Boot.php(67): CodeIgniter\Boot::runCodeIgniter(Object(CodeIgniter\CodeIgniter))
 7 FCPATH/index.php(56): CodeIgniter\Boot::bootWeb(Object(Config\Paths))
CRITICAL - 2024-10-05 13:42:13 --> CodeIgniter\HTTP\Exceptions\BadRequestException: The URI you submitted has disallowed characters: "{{appurl   'uploads"
[Method: GET, Route: %7B%7Bappurl%20%20%20%27uploads/images/%27%20%20%20chat.details.staffavatar%7D%7D]
in SYSTEMPATH/Router/Router.php on line 737.
 1 SYSTEMPATH/Router/Router.php(204): CodeIgniter\Router\Router->checkDisallowedChars('{{appurl   \'uploads/images/\'   chat.details.staffavatar}}')
 2 SYSTEMPATH/CodeIgniter.php(834): CodeIgniter\Router\Router->handle('{{appurl   \'uploads/images/\'   chat.details.staffavatar}}')
 3 SYSTEMPATH/CodeIgniter.php(457): CodeIgniter\CodeIgniter->tryToRouteIt(Object(CodeIgniter\Router\RouteCollection))
 4 SYSTEMPATH/CodeIgniter.php(355): CodeIgniter\CodeIgniter->handleRequest(null, Object(Config\Cache), false)
 5 SYSTEMPATH/Boot.php(325): CodeIgniter\CodeIgniter->run()
 6 SYSTEMPATH/Boot.php(67): CodeIgniter\Boot::runCodeIgniter(Object(CodeIgniter\CodeIgniter))
 7 FCPATH/index.php(56): CodeIgniter\Boot::bootWeb(Object(Config\Paths))
CRITICAL - 2024-10-05 13:43:54 --> CodeIgniter\HTTP\Exceptions\BadRequestException: The URI you submitted has disallowed characters: "{{appurl   'uploads"
[Method: GET, Route: %7B%7Bappurl%20%20%20%27uploads/images/%27%20%20%20chat.details.staffavatar%7D%7D]
in SYSTEMPATH/Router/Router.php on line 737.
 1 SYSTEMPATH/Router/Router.php(204): CodeIgniter\Router\Router->checkDisallowedChars('{{appurl   \'uploads/images/\'   chat.details.staffavatar}}')
 2 SYSTEMPATH/CodeIgniter.php(834): CodeIgniter\Router\Router->handle('{{appurl   \'uploads/images/\'   chat.details.staffavatar}}')
 3 SYSTEMPATH/CodeIgniter.php(457): CodeIgniter\CodeIgniter->tryToRouteIt(Object(CodeIgniter\Router\RouteCollection))
 4 SYSTEMPATH/CodeIgniter.php(355): CodeIgniter\CodeIgniter->handleRequest(null, Object(Config\Cache), false)
 5 SYSTEMPATH/Boot.php(325): CodeIgniter\CodeIgniter->run()
 6 SYSTEMPATH/Boot.php(67): CodeIgniter\Boot::runCodeIgniter(Object(CodeIgniter\CodeIgniter))
 7 FCPATH/index.php(56): CodeIgniter\Boot::bootWeb(Object(Config\Paths))
CRITICAL - 2024-10-05 13:45:46 --> CodeIgniter\HTTP\Exceptions\BadRequestException: The URI you submitted has disallowed characters: "{{appurl   'uploads"
[Method: GET, Route: %7B%7Bappurl%20%20%20%27uploads/images/%27%20%20%20chat.details.staffavatar%7D%7D]
in SYSTEMPATH/Router/Router.php on line 737.
 1 SYSTEMPATH/Router/Router.php(204): CodeIgniter\Router\Router->checkDisallowedChars('{{appurl   \'uploads/images/\'   chat.details.staffavatar}}')
 2 SYSTEMPATH/CodeIgniter.php(834): CodeIgniter\Router\Router->handle('{{appurl   \'uploads/images/\'   chat.details.staffavatar}}')
 3 SYSTEMPATH/CodeIgniter.php(457): CodeIgniter\CodeIgniter->tryToRouteIt(Object(CodeIgniter\Router\RouteCollection))
 4 SYSTEMPATH/CodeIgniter.php(355): CodeIgniter\CodeIgniter->handleRequest(null, Object(Config\Cache), false)
 5 SYSTEMPATH/Boot.php(325): CodeIgniter\CodeIgniter->run()
 6 SYSTEMPATH/Boot.php(67): CodeIgniter\Boot::runCodeIgniter(Object(CodeIgniter\CodeIgniter))
 7 FCPATH/index.php(56): CodeIgniter\Boot::bootWeb(Object(Config\Paths))
CRITICAL - 2024-10-05 13:47:45 --> CodeIgniter\HTTP\Exceptions\BadRequestException: The URI you submitted has disallowed characters: "{{appurl   'uploads"
[Method: GET, Route: %7B%7Bappurl%20%20%20%27uploads/images/%27%20%20%20chat.details.staffavatar%7D%7D]
in SYSTEMPATH/Router/Router.php on line 737.
 1 SYSTEMPATH/Router/Router.php(204): CodeIgniter\Router\Router->checkDisallowedChars('{{appurl   \'uploads/images/\'   chat.details.staffavatar}}')
 2 SYSTEMPATH/CodeIgniter.php(834): CodeIgniter\Router\Router->handle('{{appurl   \'uploads/images/\'   chat.details.staffavatar}}')
 3 SYSTEMPATH/CodeIgniter.php(457): CodeIgniter\CodeIgniter->tryToRouteIt(Object(CodeIgniter\Router\RouteCollection))
 4 SYSTEMPATH/CodeIgniter.php(355): CodeIgniter\CodeIgniter->handleRequest(null, Object(Config\Cache), false)
 5 SYSTEMPATH/Boot.php(325): CodeIgniter\CodeIgniter->run()
 6 SYSTEMPATH/Boot.php(67): CodeIgniter\Boot::runCodeIgniter(Object(CodeIgniter\CodeIgniter))
 7 FCPATH/index.php(56): CodeIgniter\Boot::bootWeb(Object(Config\Paths))
CRITICAL - 2024-10-05 13:49:33 --> CodeIgniter\HTTP\Exceptions\BadRequestException: The URI you submitted has disallowed characters: "{{appurl   'uploads"
[Method: GET, Route: %7B%7Bappurl%20%20%20%27uploads/images/%27%20%20%20chat.details.staffavatar%7D%7D]
in SYSTEMPATH/Router/Router.php on line 737.
 1 SYSTEMPATH/Router/Router.php(204): CodeIgniter\Router\Router->checkDisallowedChars('{{appurl   \'uploads/images/\'   chat.details.staffavatar}}')
 2 SYSTEMPATH/CodeIgniter.php(834): CodeIgniter\Router\Router->handle('{{appurl   \'uploads/images/\'   chat.details.staffavatar}}')
 3 SYSTEMPATH/CodeIgniter.php(457): CodeIgniter\CodeIgniter->tryToRouteIt(Object(CodeIgniter\Router\RouteCollection))
 4 SYSTEMPATH/CodeIgniter.php(355): CodeIgniter\CodeIgniter->handleRequest(null, Object(Config\Cache), false)
 5 SYSTEMPATH/Boot.php(325): CodeIgniter\CodeIgniter->run()
 6 SYSTEMPATH/Boot.php(67): CodeIgniter\Boot::runCodeIgniter(Object(CodeIgniter\CodeIgniter))
 7 FCPATH/index.php(56): CodeIgniter\Boot::bootWeb(Object(Config\Paths))
CRITICAL - 2024-10-05 14:04:50 --> CodeIgniter\HTTP\Exceptions\BadRequestException: The URI you submitted has disallowed characters: "{{appurl   'uploads"
[Method: GET, Route: %7B%7Bappurl%20%20%20%27uploads/images/%27%20%20%20chatAtual.details.staffavatar%7D%7D]
in SYSTEMPATH/Router/Router.php on line 737.
 1 SYSTEMPATH/Router/Router.php(204): CodeIgniter\Router\Router->checkDisallowedChars('{{appurl   \'uploads/images/\'   chatAtual.details.staffavatar}}')
 2 SYSTEMPATH/CodeIgniter.php(834): CodeIgniter\Router\Router->handle('{{appurl   \'uploads/images/\'   chatAtual.details.staffavatar}}')
 3 SYSTEMPATH/CodeIgniter.php(457): CodeIgniter\CodeIgniter->tryToRouteIt(Object(CodeIgniter\Router\RouteCollection))
 4 SYSTEMPATH/CodeIgniter.php(355): CodeIgniter\CodeIgniter->handleRequest(null, Object(Config\Cache), false)
 5 SYSTEMPATH/Boot.php(325): CodeIgniter\CodeIgniter->run()
 6 SYSTEMPATH/Boot.php(67): CodeIgniter\Boot::runCodeIgniter(Object(CodeIgniter\CodeIgniter))
 7 FCPATH/index.php(56): CodeIgniter\Boot::bootWeb(Object(Config\Paths))
CRITICAL - 2024-10-05 14:04:50 --> CodeIgniter\HTTP\Exceptions\BadRequestException: The URI you submitted has disallowed characters: "{{appurl   'uploads"
[Method: GET, Route: %7B%7Bappurl%20%20%20%27uploads/images/%27%20%20%20chat.details.staffavatar%7D%7D]
in SYSTEMPATH/Router/Router.php on line 737.
 1 SYSTEMPATH/Router/Router.php(204): CodeIgniter\Router\Router->checkDisallowedChars('{{appurl   \'uploads/images/\'   chat.details.staffavatar}}')
 2 SYSTEMPATH/CodeIgniter.php(834): CodeIgniter\Router\Router->handle('{{appurl   \'uploads/images/\'   chat.details.staffavatar}}')
 3 SYSTEMPATH/CodeIgniter.php(457): CodeIgniter\CodeIgniter->tryToRouteIt(Object(CodeIgniter\Router\RouteCollection))
 4 SYSTEMPATH/CodeIgniter.php(355): CodeIgniter\CodeIgniter->handleRequest(null, Object(Config\Cache), false)
 5 SYSTEMPATH/Boot.php(325): CodeIgniter\CodeIgniter->run()
 6 SYSTEMPATH/Boot.php(67): CodeIgniter\Boot::runCodeIgniter(Object(CodeIgniter\CodeIgniter))
 7 FCPATH/index.php(56): CodeIgniter\Boot::bootWeb(Object(Config\Paths))
CRITICAL - 2024-10-05 14:04:50 --> CodeIgniter\HTTP\Exceptions\BadRequestException: The URI you submitted has disallowed characters: "{{appurl   'assets"
[Method: GET, Route: %7B%7Bappurl%20%20%20%27assets/img/loading.gif%27%7D%7D]
in SYSTEMPATH/Router/Router.php on line 737.
 1 SYSTEMPATH/Router/Router.php(204): CodeIgniter\Router\Router->checkDisallowedChars('{{appurl   \'assets/img/loading.gif\'}}')
 2 SYSTEMPATH/CodeIgniter.php(834): CodeIgniter\Router\Router->handle('{{appurl   \'assets/img/loading.gif\'}}')
 3 SYSTEMPATH/CodeIgniter.php(457): CodeIgniter\CodeIgniter->tryToRouteIt(Object(CodeIgniter\Router\RouteCollection))
 4 SYSTEMPATH/CodeIgniter.php(355): CodeIgniter\CodeIgniter->handleRequest(null, Object(Config\Cache), false)
 5 SYSTEMPATH/Boot.php(325): CodeIgniter\CodeIgniter->run()
 6 SYSTEMPATH/Boot.php(67): CodeIgniter\Boot::runCodeIgniter(Object(CodeIgniter\CodeIgniter))
 7 FCPATH/index.php(56): CodeIgniter\Boot::bootWeb(Object(Config\Paths))
CRITICAL - 2024-10-05 14:04:50 --> CodeIgniter\HTTP\Exceptions\BadRequestException: The URI you submitted has disallowed characters: "{{appurl   'assets"
[Method: GET, Route: %7B%7Bappurl%20%20%20%27assets/img/menu/Dashboard%20Leads.svg%27%7D%7D]
in SYSTEMPATH/Router/Router.php on line 737.
 1 SYSTEMPATH/Router/Router.php(204): CodeIgniter\Router\Router->checkDisallowedChars('{{appurl   \'assets/img/menu/Dashboard Leads.svg\'}}')
 2 SYSTEMPATH/CodeIgniter.php(834): CodeIgniter\Router\Router->handle('{{appurl   \'assets/img/menu/Dashboard Leads.svg\'}}')
 3 SYSTEMPATH/CodeIgniter.php(457): CodeIgniter\CodeIgniter->tryToRouteIt(Object(CodeIgniter\Router\RouteCollection))
 4 SYSTEMPATH/CodeIgniter.php(355): CodeIgniter\CodeIgniter->handleRequest(null, Object(Config\Cache), false)
 5 SYSTEMPATH/Boot.php(325): CodeIgniter\CodeIgniter->run()
 6 SYSTEMPATH/Boot.php(67): CodeIgniter\Boot::runCodeIgniter(Object(CodeIgniter\CodeIgniter))
 7 FCPATH/index.php(56): CodeIgniter\Boot::bootWeb(Object(Config\Paths))
CRITICAL - 2024-10-05 14:04:50 --> CodeIgniter\HTTP\Exceptions\BadRequestException: The URI you submitted has disallowed characters: "{{appurl   'uploads"
[Method: GET, Route: %7B%7Bappurl%20%20%20%27uploads/images/%27%20%20%20chat.details.staffavatar%20%7D%7D]
in SYSTEMPATH/Router/Router.php on line 737.
 1 SYSTEMPATH/Router/Router.php(204): CodeIgniter\Router\Router->checkDisallowedChars('{{appurl   \'uploads/images/\'   chat.details.staffavatar }}')
 2 SYSTEMPATH/CodeIgniter.php(834): CodeIgniter\Router\Router->handle('{{appurl   \'uploads/images/\'   chat.details.staffavatar }}')
 3 SYSTEMPATH/CodeIgniter.php(457): CodeIgniter\CodeIgniter->tryToRouteIt(Object(CodeIgniter\Router\RouteCollection))
 4 SYSTEMPATH/CodeIgniter.php(355): CodeIgniter\CodeIgniter->handleRequest(null, Object(Config\Cache), false)
 5 SYSTEMPATH/Boot.php(325): CodeIgniter\CodeIgniter->run()
 6 SYSTEMPATH/Boot.php(67): CodeIgniter\Boot::runCodeIgniter(Object(CodeIgniter\CodeIgniter))
 7 FCPATH/index.php(56): CodeIgniter\Boot::bootWeb(Object(Config\Paths))
CRITICAL - 2024-10-05 14:04:53 --> CodeIgniter\HTTP\Exceptions\BadRequestException: The URI you submitted has disallowed characters: "{{appurl   'assets"
[Method: GET, Route: %7B%7Bappurl%20%20%20%27assets/img/menu/Dashboard%20Leads.svg%27%7D%7D]
in SYSTEMPATH/Router/Router.php on line 737.
 1 SYSTEMPATH/Router/Router.php(204): CodeIgniter\Router\Router->checkDisallowedChars('{{appurl   \'assets/img/menu/Dashboard Leads.svg\'}}')
 2 SYSTEMPATH/CodeIgniter.php(834): CodeIgniter\Router\Router->handle('{{appurl   \'assets/img/menu/Dashboard Leads.svg\'}}')
 3 SYSTEMPATH/CodeIgniter.php(457): CodeIgniter\CodeIgniter->tryToRouteIt(Object(CodeIgniter\Router\RouteCollection))
 4 SYSTEMPATH/CodeIgniter.php(355): CodeIgniter\CodeIgniter->handleRequest(null, Object(Config\Cache), false)
 5 SYSTEMPATH/Boot.php(325): CodeIgniter\CodeIgniter->run()
 6 SYSTEMPATH/Boot.php(67): CodeIgniter\Boot::runCodeIgniter(Object(CodeIgniter\CodeIgniter))
 7 FCPATH/index.php(56): CodeIgniter\Boot::bootWeb(Object(Config\Paths))
CRITICAL - 2024-10-05 14:05:12 --> CodeIgniter\HTTP\Exceptions\BadRequestException: The URI you submitted has disallowed characters: "{{appurl   'uploads"
[Method: GET, Route: %7B%7Bappurl%20%20%20%27uploads/images/%27%20%20%20chat.details.staffavatar%7D%7D]
in SYSTEMPATH/Router/Router.php on line 737.
 1 SYSTEMPATH/Router/Router.php(204): CodeIgniter\Router\Router->checkDisallowedChars('{{appurl   \'uploads/images/\'   chat.details.staffavatar}}')
 2 SYSTEMPATH/CodeIgniter.php(834): CodeIgniter\Router\Router->handle('{{appurl   \'uploads/images/\'   chat.details.staffavatar}}')
 3 SYSTEMPATH/CodeIgniter.php(457): CodeIgniter\CodeIgniter->tryToRouteIt(Object(CodeIgniter\Router\RouteCollection))
 4 SYSTEMPATH/CodeIgniter.php(355): CodeIgniter\CodeIgniter->handleRequest(null, Object(Config\Cache), false)
 5 SYSTEMPATH/Boot.php(325): CodeIgniter\CodeIgniter->run()
 6 SYSTEMPATH/Boot.php(67): CodeIgniter\Boot::runCodeIgniter(Object(CodeIgniter\CodeIgniter))
 7 FCPATH/index.php(56): CodeIgniter\Boot::bootWeb(Object(Config\Paths))
CRITICAL - 2024-10-05 14:05:12 --> CodeIgniter\HTTP\Exceptions\BadRequestException: The URI you submitted has disallowed characters: "{{appurl   'uploads"
[Method: GET, Route: %7B%7Bappurl%20%20%20%27uploads/images/%27%20%20%20chatAtual.details.staffavatar%7D%7D]
in SYSTEMPATH/Router/Router.php on line 737.
 1 SYSTEMPATH/Router/Router.php(204): CodeIgniter\Router\Router->checkDisallowedChars('{{appurl   \'uploads/images/\'   chatAtual.details.staffavatar}}')
 2 SYSTEMPATH/CodeIgniter.php(834): CodeIgniter\Router\Router->handle('{{appurl   \'uploads/images/\'   chatAtual.details.staffavatar}}')
 3 SYSTEMPATH/CodeIgniter.php(457): CodeIgniter\CodeIgniter->tryToRouteIt(Object(CodeIgniter\Router\RouteCollection))
 4 SYSTEMPATH/CodeIgniter.php(355): CodeIgniter\CodeIgniter->handleRequest(null, Object(Config\Cache), false)
 5 SYSTEMPATH/Boot.php(325): CodeIgniter\CodeIgniter->run()
 6 SYSTEMPATH/Boot.php(67): CodeIgniter\Boot::runCodeIgniter(Object(CodeIgniter\CodeIgniter))
 7 FCPATH/index.php(56): CodeIgniter\Boot::bootWeb(Object(Config\Paths))
CRITICAL - 2024-10-05 14:05:12 --> CodeIgniter\HTTP\Exceptions\BadRequestException: The URI you submitted has disallowed characters: "{{lead.avatar}}"
[Method: GET, Route: uploads/images/%7B%7Blead.avatar%7D%7D]
in SYSTEMPATH/Router/Router.php on line 737.
 1 SYSTEMPATH/Router/Router.php(204): CodeIgniter\Router\Router->checkDisallowedChars('uploads/images/{{lead.avatar}}')
 2 SYSTEMPATH/CodeIgniter.php(834): CodeIgniter\Router\Router->handle('uploads/images/{{lead.avatar}}')
 3 SYSTEMPATH/CodeIgniter.php(457): CodeIgniter\CodeIgniter->tryToRouteIt(Object(CodeIgniter\Router\RouteCollection))
 4 SYSTEMPATH/CodeIgniter.php(355): CodeIgniter\CodeIgniter->handleRequest(null, Object(Config\Cache), false)
 5 SYSTEMPATH/Boot.php(325): CodeIgniter\CodeIgniter->run()
 6 SYSTEMPATH/Boot.php(67): CodeIgniter\Boot::runCodeIgniter(Object(CodeIgniter\CodeIgniter))
 7 FCPATH/index.php(56): CodeIgniter\Boot::bootWeb(Object(Config\Paths))
CRITICAL - 2024-10-05 17:43:04 --> CodeIgniter\HTTP\Exceptions\BadRequestException: The URI you submitted has disallowed characters: "{{appurl   'uploads"
[Method: GET, Route: %7B%7Bappurl%20%20%20%27uploads/images/%27%20%20%20chat.details.staffavatar%7D%7D]
in SYSTEMPATH/Router/Router.php on line 737.
 1 SYSTEMPATH/Router/Router.php(204): CodeIgniter\Router\Router->checkDisallowedChars('{{appurl   \'uploads/images/\'   chat.details.staffavatar}}')
 2 SYSTEMPATH/CodeIgniter.php(834): CodeIgniter\Router\Router->handle('{{appurl   \'uploads/images/\'   chat.details.staffavatar}}')
 3 SYSTEMPATH/CodeIgniter.php(457): CodeIgniter\CodeIgniter->tryToRouteIt(Object(CodeIgniter\Router\RouteCollection))
 4 SYSTEMPATH/CodeIgniter.php(355): CodeIgniter\CodeIgniter->handleRequest(null, Object(Config\Cache), false)
 5 SYSTEMPATH/Boot.php(325): CodeIgniter\CodeIgniter->run()
 6 SYSTEMPATH/Boot.php(67): CodeIgniter\Boot::runCodeIgniter(Object(CodeIgniter\CodeIgniter))
 7 FCPATH/index.php(56): CodeIgniter\Boot::bootWeb(Object(Config\Paths))
CRITICAL - 2024-10-05 17:43:04 --> CodeIgniter\HTTP\Exceptions\BadRequestException: The URI you submitted has disallowed characters: "{{appurl   'uploads"
[Method: GET, Route: %7B%7Bappurl%20%20%20%27uploads/images/%27%20%20%20chatAtual.details.staffavatar%7D%7D]
in SYSTEMPATH/Router/Router.php on line 737.
 1 SYSTEMPATH/Router/Router.php(204): CodeIgniter\Router\Router->checkDisallowedChars('{{appurl   \'uploads/images/\'   chatAtual.details.staffavatar}}')
 2 SYSTEMPATH/CodeIgniter.php(834): CodeIgniter\Router\Router->handle('{{appurl   \'uploads/images/\'   chatAtual.details.staffavatar}}')
 3 SYSTEMPATH/CodeIgniter.php(457): CodeIgniter\CodeIgniter->tryToRouteIt(Object(CodeIgniter\Router\RouteCollection))
 4 SYSTEMPATH/CodeIgniter.php(355): CodeIgniter\CodeIgniter->handleRequest(null, Object(Config\Cache), false)
 5 SYSTEMPATH/Boot.php(325): CodeIgniter\CodeIgniter->run()
 6 SYSTEMPATH/Boot.php(67): CodeIgniter\Boot::runCodeIgniter(Object(CodeIgniter\CodeIgniter))
 7 FCPATH/index.php(56): CodeIgniter\Boot::bootWeb(Object(Config\Paths))
CRITICAL - 2024-10-05 17:43:04 --> CodeIgniter\HTTP\Exceptions\BadRequestException: The URI you submitted has disallowed characters: "{{appurl   'assets"
[Method: GET, Route: %7B%7Bappurl%20%20%20%27assets/img/loading.gif%27%7D%7D]
in SYSTEMPATH/Router/Router.php on line 737.
 1 SYSTEMPATH/Router/Router.php(204): CodeIgniter\Router\Router->checkDisallowedChars('{{appurl   \'assets/img/loading.gif\'}}')
 2 SYSTEMPATH/CodeIgniter.php(834): CodeIgniter\Router\Router->handle('{{appurl   \'assets/img/loading.gif\'}}')
 3 SYSTEMPATH/CodeIgniter.php(457): CodeIgniter\CodeIgniter->tryToRouteIt(Object(CodeIgniter\Router\RouteCollection))
 4 SYSTEMPATH/CodeIgniter.php(355): CodeIgniter\CodeIgniter->handleRequest(null, Object(Config\Cache), false)
 5 SYSTEMPATH/Boot.php(325): CodeIgniter\CodeIgniter->run()
 6 SYSTEMPATH/Boot.php(67): CodeIgniter\Boot::runCodeIgniter(Object(CodeIgniter\CodeIgniter))
 7 FCPATH/index.php(56): CodeIgniter\Boot::bootWeb(Object(Config\Paths))
CRITICAL - 2024-10-05 17:43:04 --> CodeIgniter\HTTP\Exceptions\BadRequestException: The URI you submitted has disallowed characters: "{{appurl   'uploads"
[Method: GET, Route: %7B%7Bappurl%20%20%20%27uploads/images/%27%20%20%20chat.details.staffavatar%20%7D%7D]
in SYSTEMPATH/Router/Router.php on line 737.
 1 SYSTEMPATH/Router/Router.php(204): CodeIgniter\Router\Router->checkDisallowedChars('{{appurl   \'uploads/images/\'   chat.details.staffavatar }}')
 2 SYSTEMPATH/CodeIgniter.php(834): CodeIgniter\Router\Router->handle('{{appurl   \'uploads/images/\'   chat.details.staffavatar }}')
 3 SYSTEMPATH/CodeIgniter.php(457): CodeIgniter\CodeIgniter->tryToRouteIt(Object(CodeIgniter\Router\RouteCollection))
 4 SYSTEMPATH/CodeIgniter.php(355): CodeIgniter\CodeIgniter->handleRequest(null, Object(Config\Cache), false)
 5 SYSTEMPATH/Boot.php(325): CodeIgniter\CodeIgniter->run()
 6 SYSTEMPATH/Boot.php(67): CodeIgniter\Boot::runCodeIgniter(Object(CodeIgniter\CodeIgniter))
 7 FCPATH/index.php(56): CodeIgniter\Boot::bootWeb(Object(Config\Paths))
CRITICAL - 2024-10-05 17:43:04 --> CodeIgniter\HTTP\Exceptions\BadRequestException: The URI you submitted has disallowed characters: "{{appurl   'assets"
[Method: GET, Route: %7B%7Bappurl%20%20%20%27assets/img/menu/Dashboard%20Leads.svg%27%7D%7D]
in SYSTEMPATH/Router/Router.php on line 737.
 1 SYSTEMPATH/Router/Router.php(204): CodeIgniter\Router\Router->checkDisallowedChars('{{appurl   \'assets/img/menu/Dashboard Leads.svg\'}}')
 2 SYSTEMPATH/CodeIgniter.php(834): CodeIgniter\Router\Router->handle('{{appurl   \'assets/img/menu/Dashboard Leads.svg\'}}')
 3 SYSTEMPATH/CodeIgniter.php(457): CodeIgniter\CodeIgniter->tryToRouteIt(Object(CodeIgniter\Router\RouteCollection))
 4 SYSTEMPATH/CodeIgniter.php(355): CodeIgniter\CodeIgniter->handleRequest(null, Object(Config\Cache), false)
 5 SYSTEMPATH/Boot.php(325): CodeIgniter\CodeIgniter->run()
 6 SYSTEMPATH/Boot.php(67): CodeIgniter\Boot::runCodeIgniter(Object(CodeIgniter\CodeIgniter))
 7 FCPATH/index.php(56): CodeIgniter\Boot::bootWeb(Object(Config\Paths))
CRITICAL - 2024-10-05 17:43:11 --> CodeIgniter\HTTP\Exceptions\BadRequestException: The URI you submitted has disallowed characters: "{{appurl   'uploads"
[Method: GET, Route: %7B%7Bappurl%20%20%20%27uploads/images/%27%20%20%20chat.details.staffavatar%7D%7D]
in SYSTEMPATH/Router/Router.php on line 737.
 1 SYSTEMPATH/Router/Router.php(204): CodeIgniter\Router\Router->checkDisallowedChars('{{appurl   \'uploads/images/\'   chat.details.staffavatar}}')
 2 SYSTEMPATH/CodeIgniter.php(834): CodeIgniter\Router\Router->handle('{{appurl   \'uploads/images/\'   chat.details.staffavatar}}')
 3 SYSTEMPATH/CodeIgniter.php(457): CodeIgniter\CodeIgniter->tryToRouteIt(Object(CodeIgniter\Router\RouteCollection))
 4 SYSTEMPATH/CodeIgniter.php(355): CodeIgniter\CodeIgniter->handleRequest(null, Object(Config\Cache), false)
 5 SYSTEMPATH/Boot.php(325): CodeIgniter\CodeIgniter->run()
 6 SYSTEMPATH/Boot.php(67): CodeIgniter\Boot::runCodeIgniter(Object(CodeIgniter\CodeIgniter))
 7 FCPATH/index.php(56): CodeIgniter\Boot::bootWeb(Object(Config\Paths))
CRITICAL - 2024-10-05 17:43:11 --> CodeIgniter\HTTP\Exceptions\BadRequestException: The URI you submitted has disallowed characters: "{{appurl   'uploads"
[Method: GET, Route: %7B%7Bappurl%20%20%20%27uploads/images/%27%20%20%20chatAtual.details.staffavatar%7D%7D]
in SYSTEMPATH/Router/Router.php on line 737.
 1 SYSTEMPATH/Router/Router.php(204): CodeIgniter\Router\Router->checkDisallowedChars('{{appurl   \'uploads/images/\'   chatAtual.details.staffavatar}}')
 2 SYSTEMPATH/CodeIgniter.php(834): CodeIgniter\Router\Router->handle('{{appurl   \'uploads/images/\'   chatAtual.details.staffavatar}}')
 3 SYSTEMPATH/CodeIgniter.php(457): CodeIgniter\CodeIgniter->tryToRouteIt(Object(CodeIgniter\Router\RouteCollection))
 4 SYSTEMPATH/CodeIgniter.php(355): CodeIgniter\CodeIgniter->handleRequest(null, Object(Config\Cache), false)
 5 SYSTEMPATH/Boot.php(325): CodeIgniter\CodeIgniter->run()
 6 SYSTEMPATH/Boot.php(67): CodeIgniter\Boot::runCodeIgniter(Object(CodeIgniter\CodeIgniter))
 7 FCPATH/index.php(56): CodeIgniter\Boot::bootWeb(Object(Config\Paths))
CRITICAL - 2024-10-05 17:43:16 --> CodeIgniter\HTTP\Exceptions\BadRequestException: The URI you submitted has disallowed characters: "{{appurl   'uploads"
[Method: GET, Route: %7B%7Bappurl%20%20%20%27uploads/images/%27%20%20%20chat.details.staffavatar%7D%7D]
in SYSTEMPATH/Router/Router.php on line 737.
 1 SYSTEMPATH/Router/Router.php(204): CodeIgniter\Router\Router->checkDisallowedChars('{{appurl   \'uploads/images/\'   chat.details.staffavatar}}')
 2 SYSTEMPATH/CodeIgniter.php(834): CodeIgniter\Router\Router->handle('{{appurl   \'uploads/images/\'   chat.details.staffavatar}}')
 3 SYSTEMPATH/CodeIgniter.php(457): CodeIgniter\CodeIgniter->tryToRouteIt(Object(CodeIgniter\Router\RouteCollection))
 4 SYSTEMPATH/CodeIgniter.php(355): CodeIgniter\CodeIgniter->handleRequest(null, Object(Config\Cache), false)
 5 SYSTEMPATH/Boot.php(325): CodeIgniter\CodeIgniter->run()
 6 SYSTEMPATH/Boot.php(67): CodeIgniter\Boot::runCodeIgniter(Object(CodeIgniter\CodeIgniter))
 7 FCPATH/index.php(56): CodeIgniter\Boot::bootWeb(Object(Config\Paths))
CRITICAL - 2024-10-05 17:43:16 --> CodeIgniter\HTTP\Exceptions\BadRequestException: The URI you submitted has disallowed characters: "{{appurl   'uploads"
[Method: GET, Route: %7B%7Bappurl%20%20%20%27uploads/images/%27%20%20%20chatAtual.details.staffavatar%7D%7D]
in SYSTEMPATH/Router/Router.php on line 737.
 1 SYSTEMPATH/Router/Router.php(204): CodeIgniter\Router\Router->checkDisallowedChars('{{appurl   \'uploads/images/\'   chatAtual.details.staffavatar}}')
 2 SYSTEMPATH/CodeIgniter.php(834): CodeIgniter\Router\Router->handle('{{appurl   \'uploads/images/\'   chatAtual.details.staffavatar}}')
 3 SYSTEMPATH/CodeIgniter.php(457): CodeIgniter\CodeIgniter->tryToRouteIt(Object(CodeIgniter\Router\RouteCollection))
 4 SYSTEMPATH/CodeIgniter.php(355): CodeIgniter\CodeIgniter->handleRequest(null, Object(Config\Cache), false)
 5 SYSTEMPATH/Boot.php(325): CodeIgniter\CodeIgniter->run()
 6 SYSTEMPATH/Boot.php(67): CodeIgniter\Boot::runCodeIgniter(Object(CodeIgniter\CodeIgniter))
 7 FCPATH/index.php(56): CodeIgniter\Boot::bootWeb(Object(Config\Paths))
CRITICAL - 2024-10-05 17:43:59 --> CodeIgniter\HTTP\Exceptions\BadRequestException: The URI you submitted has disallowed characters: "{{appurl   'uploads"
[Method: GET, Route: customers/customer/%7B%7Bappurl%20%20%20%27uploads/images/%27%20%20%20chat.details.staffavatar%7D%7D]
in SYSTEMPATH/Router/Router.php on line 737.
 1 SYSTEMPATH/Router/Router.php(204): CodeIgniter\Router\Router->checkDisallowedChars('customers/customer/{{appurl   \'uploads/images/\'   chat.details.staffavatar}}')
 2 SYSTEMPATH/CodeIgniter.php(834): CodeIgniter\Router\Router->handle('customers/customer/{{appurl   \'uploads/images/\'   chat.details.staffavatar}}')
 3 SYSTEMPATH/CodeIgniter.php(457): CodeIgniter\CodeIgniter->tryToRouteIt(Object(CodeIgniter\Router\RouteCollection))
 4 SYSTEMPATH/CodeIgniter.php(355): CodeIgniter\CodeIgniter->handleRequest(null, Object(Config\Cache), false)
 5 SYSTEMPATH/Boot.php(325): CodeIgniter\CodeIgniter->run()
 6 SYSTEMPATH/Boot.php(67): CodeIgniter\Boot::runCodeIgniter(Object(CodeIgniter\CodeIgniter))
 7 FCPATH/index.php(56): CodeIgniter\Boot::bootWeb(Object(Config\Paths))
CRITICAL - 2024-10-05 17:44:00 --> CodeIgniter\HTTP\Exceptions\BadRequestException: The URI you submitted has disallowed characters: "{{appurl   'uploads"
[Method: GET, Route: customers/customer/%7B%7Bappurl%20%20%20%27uploads/images/%27%20%20%20chatAtual.details.staffavatar%7D%7D]
in SYSTEMPATH/Router/Router.php on line 737.
 1 SYSTEMPATH/Router/Router.php(204): CodeIgniter\Router\Router->checkDisallowedChars('customers/customer/{{appurl   \'uploads/images/\'   chatAtual.details.staffavatar}}')
 2 SYSTEMPATH/CodeIgniter.php(834): CodeIgniter\Router\Router->handle('customers/customer/{{appurl   \'uploads/images/\'   chatAtual.details.staffavatar}}')
 3 SYSTEMPATH/CodeIgniter.php(457): CodeIgniter\CodeIgniter->tryToRouteIt(Object(CodeIgniter\Router\RouteCollection))
 4 SYSTEMPATH/CodeIgniter.php(355): CodeIgniter\CodeIgniter->handleRequest(null, Object(Config\Cache), false)
 5 SYSTEMPATH/Boot.php(325): CodeIgniter\CodeIgniter->run()
 6 SYSTEMPATH/Boot.php(67): CodeIgniter\Boot::runCodeIgniter(Object(CodeIgniter\CodeIgniter))
 7 FCPATH/index.php(56): CodeIgniter\Boot::bootWeb(Object(Config\Paths))
CRITICAL - 2024-10-05 17:44:00 --> CodeIgniter\HTTP\Exceptions\BadRequestException: The URI you submitted has disallowed characters: "{{base_url   'assets"
[Method: GET, Route: customers/customer/%7B%7Bbase_url%20%20%20%27assets/img/icons/linkedin.png%27%7D%7D]
in SYSTEMPATH/Router/Router.php on line 737.
 1 SYSTEMPATH/Router/Router.php(204): CodeIgniter\Router\Router->checkDisallowedChars('customers/customer/{{base_url   \'assets/img/icons/linkedin.png\'}}')
 2 SYSTEMPATH/CodeIgniter.php(834): CodeIgniter\Router\Router->handle('customers/customer/{{base_url   \'assets/img/icons/linkedin.png\'}}')
 3 SYSTEMPATH/CodeIgniter.php(457): CodeIgniter\CodeIgniter->tryToRouteIt(Object(CodeIgniter\Router\RouteCollection))
 4 SYSTEMPATH/CodeIgniter.php(355): CodeIgniter\CodeIgniter->handleRequest(null, Object(Config\Cache), false)
 5 SYSTEMPATH/Boot.php(325): CodeIgniter\CodeIgniter->run()
 6 SYSTEMPATH/Boot.php(67): CodeIgniter\Boot::runCodeIgniter(Object(CodeIgniter\CodeIgniter))
 7 FCPATH/index.php(56): CodeIgniter\Boot::bootWeb(Object(Config\Paths))
CRITICAL - 2024-10-05 17:44:00 --> CodeIgniter\HTTP\Exceptions\BadRequestException: The URI you submitted has disallowed characters: "{{base_url   'assets"
[Method: GET, Route: customers/customer/%7B%7Bbase_url%20%20%20%27assets/img/icons/instagram.png%27%7D%7D]
in SYSTEMPATH/Router/Router.php on line 737.
 1 SYSTEMPATH/Router/Router.php(204): CodeIgniter\Router\Router->checkDisallowedChars('customers/customer/{{base_url   \'assets/img/icons/instagram.png\'}}')
 2 SYSTEMPATH/CodeIgniter.php(834): CodeIgniter\Router\Router->handle('customers/customer/{{base_url   \'assets/img/icons/instagram.png\'}}')
 3 SYSTEMPATH/CodeIgniter.php(457): CodeIgniter\CodeIgniter->tryToRouteIt(Object(CodeIgniter\Router\RouteCollection))
 4 SYSTEMPATH/CodeIgniter.php(355): CodeIgniter\CodeIgniter->handleRequest(null, Object(Config\Cache), false)
 5 SYSTEMPATH/Boot.php(325): CodeIgniter\CodeIgniter->run()
 6 SYSTEMPATH/Boot.php(67): CodeIgniter\Boot::runCodeIgniter(Object(CodeIgniter\CodeIgniter))
 7 FCPATH/index.php(56): CodeIgniter\Boot::bootWeb(Object(Config\Paths))
CRITICAL - 2024-10-05 17:44:00 --> CodeIgniter\HTTP\Exceptions\BadRequestException: The URI you submitted has disallowed characters: "{{base_url   atividade.atv_ft}}"
[Method: GET, Route: customers/customer/%7B%7Bbase_url%20%20%20atividade.atv_ft%7D%7D]
in SYSTEMPATH/Router/Router.php on line 737.
 1 SYSTEMPATH/Router/Router.php(204): CodeIgniter\Router\Router->checkDisallowedChars('customers/customer/{{base_url   atividade.atv_ft}}')
 2 SYSTEMPATH/CodeIgniter.php(834): CodeIgniter\Router\Router->handle('customers/customer/{{base_url   atividade.atv_ft}}')
 3 SYSTEMPATH/CodeIgniter.php(457): CodeIgniter\CodeIgniter->tryToRouteIt(Object(CodeIgniter\Router\RouteCollection))
 4 SYSTEMPATH/CodeIgniter.php(355): CodeIgniter\CodeIgniter->handleRequest(null, Object(Config\Cache), false)
 5 SYSTEMPATH/Boot.php(325): CodeIgniter\CodeIgniter->run()
 6 SYSTEMPATH/Boot.php(67): CodeIgniter\Boot::runCodeIgniter(Object(CodeIgniter\CodeIgniter))
 7 FCPATH/index.php(56): CodeIgniter\Boot::bootWeb(Object(Config\Paths))
CRITICAL - 2024-10-05 17:44:00 --> CodeIgniter\HTTP\Exceptions\BadRequestException: The URI you submitted has disallowed characters: "{{base_url   'assets"
[Method: GET, Route: customers/customer/%7B%7Bbase_url%20%20%20%27assets/img/icons/whatsapp.png%27%7D%7D]
in SYSTEMPATH/Router/Router.php on line 737.
 1 SYSTEMPATH/Router/Router.php(204): CodeIgniter\Router\Router->checkDisallowedChars('customers/customer/{{base_url   \'assets/img/icons/whatsapp.png\'}}')
 2 SYSTEMPATH/CodeIgniter.php(834): CodeIgniter\Router\Router->handle('customers/customer/{{base_url   \'assets/img/icons/whatsapp.png\'}}')
 3 SYSTEMPATH/CodeIgniter.php(457): CodeIgniter\CodeIgniter->tryToRouteIt(Object(CodeIgniter\Router\RouteCollection))
 4 SYSTEMPATH/CodeIgniter.php(355): CodeIgniter\CodeIgniter->handleRequest(null, Object(Config\Cache), false)
 5 SYSTEMPATH/Boot.php(325): CodeIgniter\CodeIgniter->run()
 6 SYSTEMPATH/Boot.php(67): CodeIgniter\Boot::runCodeIgniter(Object(CodeIgniter\CodeIgniter))
 7 FCPATH/index.php(56): CodeIgniter\Boot::bootWeb(Object(Config\Paths))
CRITICAL - 2024-10-05 17:44:00 --> CodeIgniter\HTTP\Exceptions\BadRequestException: The URI you submitted has disallowed characters: "{{base_url   'assets"
[Method: GET, Route: customers/customer/%7B%7Bbase_url%20%20%20%27assets/img/icons/email.png%27%7D%7D]
in SYSTEMPATH/Router/Router.php on line 737.
 1 SYSTEMPATH/Router/Router.php(204): CodeIgniter\Router\Router->checkDisallowedChars('customers/customer/{{base_url   \'assets/img/icons/email.png\'}}')
 2 SYSTEMPATH/CodeIgniter.php(834): CodeIgniter\Router\Router->handle('customers/customer/{{base_url   \'assets/img/icons/email.png\'}}')
 3 SYSTEMPATH/CodeIgniter.php(457): CodeIgniter\CodeIgniter->tryToRouteIt(Object(CodeIgniter\Router\RouteCollection))
 4 SYSTEMPATH/CodeIgniter.php(355): CodeIgniter\CodeIgniter->handleRequest(null, Object(Config\Cache), false)
 5 SYSTEMPATH/Boot.php(325): CodeIgniter\CodeIgniter->run()
 6 SYSTEMPATH/Boot.php(67): CodeIgniter\Boot::runCodeIgniter(Object(CodeIgniter\CodeIgniter))
 7 FCPATH/index.php(56): CodeIgniter\Boot::bootWeb(Object(Config\Paths))
CRITICAL - 2024-10-05 17:44:14 --> CodeIgniter\HTTP\Exceptions\BadRequestException: The URI you submitted has disallowed characters: "{{appurl   'uploads"
[Method: GET, Route: customers/customer/%7B%7Bappurl%20%20%20%27uploads/images/%27%20%20%20chat.details.staffavatar%7D%7D]
in SYSTEMPATH/Router/Router.php on line 737.
 1 SYSTEMPATH/Router/Router.php(204): CodeIgniter\Router\Router->checkDisallowedChars('customers/customer/{{appurl   \'uploads/images/\'   chat.details.staffavatar}}')
 2 SYSTEMPATH/CodeIgniter.php(834): CodeIgniter\Router\Router->handle('customers/customer/{{appurl   \'uploads/images/\'   chat.details.staffavatar}}')
 3 SYSTEMPATH/CodeIgniter.php(457): CodeIgniter\CodeIgniter->tryToRouteIt(Object(CodeIgniter\Router\RouteCollection))
 4 SYSTEMPATH/CodeIgniter.php(355): CodeIgniter\CodeIgniter->handleRequest(null, Object(Config\Cache), false)
 5 SYSTEMPATH/Boot.php(325): CodeIgniter\CodeIgniter->run()
 6 SYSTEMPATH/Boot.php(67): CodeIgniter\Boot::runCodeIgniter(Object(CodeIgniter\CodeIgniter))
 7 FCPATH/index.php(56): CodeIgniter\Boot::bootWeb(Object(Config\Paths))
CRITICAL - 2024-10-05 17:44:14 --> CodeIgniter\HTTP\Exceptions\BadRequestException: The URI you submitted has disallowed characters: "{{base_url   'assets"
[Method: GET, Route: customers/customer/%7B%7Bbase_url%20%20%20%27assets/img/icons/whatsapp.png%27%7D%7D]
in SYSTEMPATH/Router/Router.php on line 737.
 1 SYSTEMPATH/Router/Router.php(204): CodeIgniter\Router\Router->checkDisallowedChars('customers/customer/{{base_url   \'assets/img/icons/whatsapp.png\'}}')
 2 SYSTEMPATH/CodeIgniter.php(834): CodeIgniter\Router\Router->handle('customers/customer/{{base_url   \'assets/img/icons/whatsapp.png\'}}')
 3 SYSTEMPATH/CodeIgniter.php(457): CodeIgniter\CodeIgniter->tryToRouteIt(Object(CodeIgniter\Router\RouteCollection))
 4 SYSTEMPATH/CodeIgniter.php(355): CodeIgniter\CodeIgniter->handleRequest(null, Object(Config\Cache), false)
 5 SYSTEMPATH/Boot.php(325): CodeIgniter\CodeIgniter->run()
 6 SYSTEMPATH/Boot.php(67): CodeIgniter\Boot::runCodeIgniter(Object(CodeIgniter\CodeIgniter))
 7 FCPATH/index.php(56): CodeIgniter\Boot::bootWeb(Object(Config\Paths))
CRITICAL - 2024-10-05 17:44:14 --> CodeIgniter\HTTP\Exceptions\BadRequestException: The URI you submitted has disallowed characters: "{{base_url   'assets"
[Method: GET, Route: customers/customer/%7B%7Bbase_url%20%20%20%27assets/img/icons/linkedin.png%27%7D%7D]
in SYSTEMPATH/Router/Router.php on line 737.
 1 SYSTEMPATH/Router/Router.php(204): CodeIgniter\Router\Router->checkDisallowedChars('customers/customer/{{base_url   \'assets/img/icons/linkedin.png\'}}')
 2 SYSTEMPATH/CodeIgniter.php(834): CodeIgniter\Router\Router->handle('customers/customer/{{base_url   \'assets/img/icons/linkedin.png\'}}')
 3 SYSTEMPATH/CodeIgniter.php(457): CodeIgniter\CodeIgniter->tryToRouteIt(Object(CodeIgniter\Router\RouteCollection))
 4 SYSTEMPATH/CodeIgniter.php(355): CodeIgniter\CodeIgniter->handleRequest(null, Object(Config\Cache), false)
 5 SYSTEMPATH/Boot.php(325): CodeIgniter\CodeIgniter->run()
 6 SYSTEMPATH/Boot.php(67): CodeIgniter\Boot::runCodeIgniter(Object(CodeIgniter\CodeIgniter))
 7 FCPATH/index.php(56): CodeIgniter\Boot::bootWeb(Object(Config\Paths))
CRITICAL - 2024-10-05 17:44:14 --> CodeIgniter\HTTP\Exceptions\BadRequestException: The URI you submitted has disallowed characters: "{{base_url   atividade.atv_ft}}"
[Method: GET, Route: customers/customer/%7B%7Bbase_url%20%20%20atividade.atv_ft%7D%7D]
in SYSTEMPATH/Router/Router.php on line 737.
 1 SYSTEMPATH/Router/Router.php(204): CodeIgniter\Router\Router->checkDisallowedChars('customers/customer/{{base_url   atividade.atv_ft}}')
 2 SYSTEMPATH/CodeIgniter.php(834): CodeIgniter\Router\Router->handle('customers/customer/{{base_url   atividade.atv_ft}}')
 3 SYSTEMPATH/CodeIgniter.php(457): CodeIgniter\CodeIgniter->tryToRouteIt(Object(CodeIgniter\Router\RouteCollection))
 4 SYSTEMPATH/CodeIgniter.php(355): CodeIgniter\CodeIgniter->handleRequest(null, Object(Config\Cache), false)
 5 SYSTEMPATH/Boot.php(325): CodeIgniter\CodeIgniter->run()
 6 SYSTEMPATH/Boot.php(67): CodeIgniter\Boot::runCodeIgniter(Object(CodeIgniter\CodeIgniter))
 7 FCPATH/index.php(56): CodeIgniter\Boot::bootWeb(Object(Config\Paths))
CRITICAL - 2024-10-05 17:44:14 --> CodeIgniter\HTTP\Exceptions\BadRequestException: The URI you submitted has disallowed characters: "{{base_url   'assets"
[Method: GET, Route: customers/customer/%7B%7Bbase_url%20%20%20%27assets/img/icons/instagram.png%27%7D%7D]
in SYSTEMPATH/Router/Router.php on line 737.
 1 SYSTEMPATH/Router/Router.php(204): CodeIgniter\Router\Router->checkDisallowedChars('customers/customer/{{base_url   \'assets/img/icons/instagram.png\'}}')
 2 SYSTEMPATH/CodeIgniter.php(834): CodeIgniter\Router\Router->handle('customers/customer/{{base_url   \'assets/img/icons/instagram.png\'}}')
 3 SYSTEMPATH/CodeIgniter.php(457): CodeIgniter\CodeIgniter->tryToRouteIt(Object(CodeIgniter\Router\RouteCollection))
 4 SYSTEMPATH/CodeIgniter.php(355): CodeIgniter\CodeIgniter->handleRequest(null, Object(Config\Cache), false)
 5 SYSTEMPATH/Boot.php(325): CodeIgniter\CodeIgniter->run()
 6 SYSTEMPATH/Boot.php(67): CodeIgniter\Boot::runCodeIgniter(Object(CodeIgniter\CodeIgniter))
 7 FCPATH/index.php(56): CodeIgniter\Boot::bootWeb(Object(Config\Paths))
CRITICAL - 2024-10-05 17:44:14 --> CodeIgniter\HTTP\Exceptions\BadRequestException: The URI you submitted has disallowed characters: "{{appurl   'uploads"
[Method: GET, Route: customers/customer/%7B%7Bappurl%20%20%20%27uploads/images/%27%20%20%20chatAtual.details.staffavatar%7D%7D]
in SYSTEMPATH/Router/Router.php on line 737.
 1 SYSTEMPATH/Router/Router.php(204): CodeIgniter\Router\Router->checkDisallowedChars('customers/customer/{{appurl   \'uploads/images/\'   chatAtual.details.staffavatar}}')
 2 SYSTEMPATH/CodeIgniter.php(834): CodeIgniter\Router\Router->handle('customers/customer/{{appurl   \'uploads/images/\'   chatAtual.details.staffavatar}}')
 3 SYSTEMPATH/CodeIgniter.php(457): CodeIgniter\CodeIgniter->tryToRouteIt(Object(CodeIgniter\Router\RouteCollection))
 4 SYSTEMPATH/CodeIgniter.php(355): CodeIgniter\CodeIgniter->handleRequest(null, Object(Config\Cache), false)
 5 SYSTEMPATH/Boot.php(325): CodeIgniter\CodeIgniter->run()
 6 SYSTEMPATH/Boot.php(67): CodeIgniter\Boot::runCodeIgniter(Object(CodeIgniter\CodeIgniter))
 7 FCPATH/index.php(56): CodeIgniter\Boot::bootWeb(Object(Config\Paths))
CRITICAL - 2024-10-05 17:44:15 --> CodeIgniter\HTTP\Exceptions\BadRequestException: The URI you submitted has disallowed characters: "{{base_url   'assets"
[Method: GET, Route: customers/customer/%7B%7Bbase_url%20%20%20%27assets/img/icons/email.png%27%7D%7D]
in SYSTEMPATH/Router/Router.php on line 737.
 1 SYSTEMPATH/Router/Router.php(204): CodeIgniter\Router\Router->checkDisallowedChars('customers/customer/{{base_url   \'assets/img/icons/email.png\'}}')
 2 SYSTEMPATH/CodeIgniter.php(834): CodeIgniter\Router\Router->handle('customers/customer/{{base_url   \'assets/img/icons/email.png\'}}')
 3 SYSTEMPATH/CodeIgniter.php(457): CodeIgniter\CodeIgniter->tryToRouteIt(Object(CodeIgniter\Router\RouteCollection))
 4 SYSTEMPATH/CodeIgniter.php(355): CodeIgniter\CodeIgniter->handleRequest(null, Object(Config\Cache), false)
 5 SYSTEMPATH/Boot.php(325): CodeIgniter\CodeIgniter->run()
 6 SYSTEMPATH/Boot.php(67): CodeIgniter\Boot::runCodeIgniter(Object(CodeIgniter\CodeIgniter))
 7 FCPATH/index.php(56): CodeIgniter\Boot::bootWeb(Object(Config\Paths))
CRITICAL - 2024-10-05 17:44:31 --> CodeIgniter\HTTP\Exceptions\BadRequestException: The URI you submitted has disallowed characters: "{{appurl   'uploads"
[Method: GET, Route: customers/customer/%7B%7Bappurl%20%20%20%27uploads/images/%27%20%20%20chat.details.staffavatar%7D%7D]
in SYSTEMPATH/Router/Router.php on line 737.
 1 SYSTEMPATH/Router/Router.php(204): CodeIgniter\Router\Router->checkDisallowedChars('customers/customer/{{appurl   \'uploads/images/\'   chat.details.staffavatar}}')
 2 SYSTEMPATH/CodeIgniter.php(834): CodeIgniter\Router\Router->handle('customers/customer/{{appurl   \'uploads/images/\'   chat.details.staffavatar}}')
 3 SYSTEMPATH/CodeIgniter.php(457): CodeIgniter\CodeIgniter->tryToRouteIt(Object(CodeIgniter\Router\RouteCollection))
 4 SYSTEMPATH/CodeIgniter.php(355): CodeIgniter\CodeIgniter->handleRequest(null, Object(Config\Cache), false)
 5 SYSTEMPATH/Boot.php(325): CodeIgniter\CodeIgniter->run()
 6 SYSTEMPATH/Boot.php(67): CodeIgniter\Boot::runCodeIgniter(Object(CodeIgniter\CodeIgniter))
 7 FCPATH/index.php(56): CodeIgniter\Boot::bootWeb(Object(Config\Paths))
CRITICAL - 2024-10-05 17:44:31 --> CodeIgniter\HTTP\Exceptions\BadRequestException: The URI you submitted has disallowed characters: "{{base_url   'assets"
[Method: GET, Route: customers/customer/%7B%7Bbase_url%20%20%20%27assets/img/icons/instagram.png%27%7D%7D]
in SYSTEMPATH/Router/Router.php on line 737.
 1 SYSTEMPATH/Router/Router.php(204): CodeIgniter\Router\Router->checkDisallowedChars('customers/customer/{{base_url   \'assets/img/icons/instagram.png\'}}')
 2 SYSTEMPATH/CodeIgniter.php(834): CodeIgniter\Router\Router->handle('customers/customer/{{base_url   \'assets/img/icons/instagram.png\'}}')
 3 SYSTEMPATH/CodeIgniter.php(457): CodeIgniter\CodeIgniter->tryToRouteIt(Object(CodeIgniter\Router\RouteCollection))
 4 SYSTEMPATH/CodeIgniter.php(355): CodeIgniter\CodeIgniter->handleRequest(null, Object(Config\Cache), false)
 5 SYSTEMPATH/Boot.php(325): CodeIgniter\CodeIgniter->run()
 6 SYSTEMPATH/Boot.php(67): CodeIgniter\Boot::runCodeIgniter(Object(CodeIgniter\CodeIgniter))
 7 FCPATH/index.php(56): CodeIgniter\Boot::bootWeb(Object(Config\Paths))
CRITICAL - 2024-10-05 17:44:31 --> CodeIgniter\HTTP\Exceptions\BadRequestException: The URI you submitted has disallowed characters: "{{base_url   atividade.atv_ft}}"
[Method: GET, Route: customers/customer/%7B%7Bbase_url%20%20%20atividade.atv_ft%7D%7D]
in SYSTEMPATH/Router/Router.php on line 737.
 1 SYSTEMPATH/Router/Router.php(204): CodeIgniter\Router\Router->checkDisallowedChars('customers/customer/{{base_url   atividade.atv_ft}}')
 2 SYSTEMPATH/CodeIgniter.php(834): CodeIgniter\Router\Router->handle('customers/customer/{{base_url   atividade.atv_ft}}')
 3 SYSTEMPATH/CodeIgniter.php(457): CodeIgniter\CodeIgniter->tryToRouteIt(Object(CodeIgniter\Router\RouteCollection))
 4 SYSTEMPATH/CodeIgniter.php(355): CodeIgniter\CodeIgniter->handleRequest(null, Object(Config\Cache), false)
 5 SYSTEMPATH/Boot.php(325): CodeIgniter\CodeIgniter->run()
 6 SYSTEMPATH/Boot.php(67): CodeIgniter\Boot::runCodeIgniter(Object(CodeIgniter\CodeIgniter))
 7 FCPATH/index.php(56): CodeIgniter\Boot::bootWeb(Object(Config\Paths))
CRITICAL - 2024-10-05 17:44:31 --> CodeIgniter\HTTP\Exceptions\BadRequestException: The URI you submitted has disallowed characters: "{{base_url   'assets"
[Method: GET, Route: customers/customer/%7B%7Bbase_url%20%20%20%27assets/img/icons/linkedin.png%27%7D%7D]
in SYSTEMPATH/Router/Router.php on line 737.
 1 SYSTEMPATH/Router/Router.php(204): CodeIgniter\Router\Router->checkDisallowedChars('customers/customer/{{base_url   \'assets/img/icons/linkedin.png\'}}')
 2 SYSTEMPATH/CodeIgniter.php(834): CodeIgniter\Router\Router->handle('customers/customer/{{base_url   \'assets/img/icons/linkedin.png\'}}')
 3 SYSTEMPATH/CodeIgniter.php(457): CodeIgniter\CodeIgniter->tryToRouteIt(Object(CodeIgniter\Router\RouteCollection))
 4 SYSTEMPATH/CodeIgniter.php(355): CodeIgniter\CodeIgniter->handleRequest(null, Object(Config\Cache), false)
 5 SYSTEMPATH/Boot.php(325): CodeIgniter\CodeIgniter->run()
 6 SYSTEMPATH/Boot.php(67): CodeIgniter\Boot::runCodeIgniter(Object(CodeIgniter\CodeIgniter))
 7 FCPATH/index.php(56): CodeIgniter\Boot::bootWeb(Object(Config\Paths))
CRITICAL - 2024-10-05 17:44:31 --> CodeIgniter\HTTP\Exceptions\BadRequestException: The URI you submitted has disallowed characters: "{{base_url   'assets"
[Method: GET, Route: customers/customer/%7B%7Bbase_url%20%20%20%27assets/img/icons/email.png%27%7D%7D]
in SYSTEMPATH/Router/Router.php on line 737.
 1 SYSTEMPATH/Router/Router.php(204): CodeIgniter\Router\Router->checkDisallowedChars('customers/customer/{{base_url   \'assets/img/icons/email.png\'}}')
 2 SYSTEMPATH/CodeIgniter.php(834): CodeIgniter\Router\Router->handle('customers/customer/{{base_url   \'assets/img/icons/email.png\'}}')
 3 SYSTEMPATH/CodeIgniter.php(457): CodeIgniter\CodeIgniter->tryToRouteIt(Object(CodeIgniter\Router\RouteCollection))
 4 SYSTEMPATH/CodeIgniter.php(355): CodeIgniter\CodeIgniter->handleRequest(null, Object(Config\Cache), false)
 5 SYSTEMPATH/Boot.php(325): CodeIgniter\CodeIgniter->run()
 6 SYSTEMPATH/Boot.php(67): CodeIgniter\Boot::runCodeIgniter(Object(CodeIgniter\CodeIgniter))
 7 FCPATH/index.php(56): CodeIgniter\Boot::bootWeb(Object(Config\Paths))
CRITICAL - 2024-10-05 17:44:31 --> CodeIgniter\HTTP\Exceptions\BadRequestException: The URI you submitted has disallowed characters: "{{base_url   'assets"
[Method: GET, Route: customers/customer/%7B%7Bbase_url%20%20%20%27assets/img/icons/whatsapp.png%27%7D%7D]
in SYSTEMPATH/Router/Router.php on line 737.
 1 SYSTEMPATH/Router/Router.php(204): CodeIgniter\Router\Router->checkDisallowedChars('customers/customer/{{base_url   \'assets/img/icons/whatsapp.png\'}}')
 2 SYSTEMPATH/CodeIgniter.php(834): CodeIgniter\Router\Router->handle('customers/customer/{{base_url   \'assets/img/icons/whatsapp.png\'}}')
 3 SYSTEMPATH/CodeIgniter.php(457): CodeIgniter\CodeIgniter->tryToRouteIt(Object(CodeIgniter\Router\RouteCollection))
 4 SYSTEMPATH/CodeIgniter.php(355): CodeIgniter\CodeIgniter->handleRequest(null, Object(Config\Cache), false)
 5 SYSTEMPATH/Boot.php(325): CodeIgniter\CodeIgniter->run()
 6 SYSTEMPATH/Boot.php(67): CodeIgniter\Boot::runCodeIgniter(Object(CodeIgniter\CodeIgniter))
 7 FCPATH/index.php(56): CodeIgniter\Boot::bootWeb(Object(Config\Paths))
CRITICAL - 2024-10-05 17:44:31 --> CodeIgniter\HTTP\Exceptions\BadRequestException: The URI you submitted has disallowed characters: "{{appurl   'uploads"
[Method: GET, Route: customers/customer/%7B%7Bappurl%20%20%20%27uploads/images/%27%20%20%20chatAtual.details.staffavatar%7D%7D]
in SYSTEMPATH/Router/Router.php on line 737.
 1 SYSTEMPATH/Router/Router.php(204): CodeIgniter\Router\Router->checkDisallowedChars('customers/customer/{{appurl   \'uploads/images/\'   chatAtual.details.staffavatar}}')
 2 SYSTEMPATH/CodeIgniter.php(834): CodeIgniter\Router\Router->handle('customers/customer/{{appurl   \'uploads/images/\'   chatAtual.details.staffavatar}}')
 3 SYSTEMPATH/CodeIgniter.php(457): CodeIgniter\CodeIgniter->tryToRouteIt(Object(CodeIgniter\Router\RouteCollection))
 4 SYSTEMPATH/CodeIgniter.php(355): CodeIgniter\CodeIgniter->handleRequest(null, Object(Config\Cache), false)
 5 SYSTEMPATH/Boot.php(325): CodeIgniter\CodeIgniter->run()
 6 SYSTEMPATH/Boot.php(67): CodeIgniter\Boot::runCodeIgniter(Object(CodeIgniter\CodeIgniter))
 7 FCPATH/index.php(56): CodeIgniter\Boot::bootWeb(Object(Config\Paths))
CRITICAL - 2024-10-05 17:44:43 --> CodeIgniter\HTTP\Exceptions\BadRequestException: The URI you submitted has disallowed characters: "{{appurl   'uploads"
[Method: GET, Route: customers/customer/%7B%7Bappurl%20%20%20%27uploads/images/%27%20%20%20chat.details.staffavatar%7D%7D]
in SYSTEMPATH/Router/Router.php on line 737.
 1 SYSTEMPATH/Router/Router.php(204): CodeIgniter\Router\Router->checkDisallowedChars('customers/customer/{{appurl   \'uploads/images/\'   chat.details.staffavatar}}')
 2 SYSTEMPATH/CodeIgniter.php(834): CodeIgniter\Router\Router->handle('customers/customer/{{appurl   \'uploads/images/\'   chat.details.staffavatar}}')
 3 SYSTEMPATH/CodeIgniter.php(457): CodeIgniter\CodeIgniter->tryToRouteIt(Object(CodeIgniter\Router\RouteCollection))
 4 SYSTEMPATH/CodeIgniter.php(355): CodeIgniter\CodeIgniter->handleRequest(null, Object(Config\Cache), false)
 5 SYSTEMPATH/Boot.php(325): CodeIgniter\CodeIgniter->run()
 6 SYSTEMPATH/Boot.php(67): CodeIgniter\Boot::runCodeIgniter(Object(CodeIgniter\CodeIgniter))
 7 FCPATH/index.php(56): CodeIgniter\Boot::bootWeb(Object(Config\Paths))
CRITICAL - 2024-10-05 17:44:43 --> CodeIgniter\HTTP\Exceptions\BadRequestException: The URI you submitted has disallowed characters: "{{base_url   'assets"
[Method: GET, Route: customers/customer/%7B%7Bbase_url%20%20%20%27assets/img/icons/instagram.png%27%7D%7D]
in SYSTEMPATH/Router/Router.php on line 737.
 1 SYSTEMPATH/Router/Router.php(204): CodeIgniter\Router\Router->checkDisallowedChars('customers/customer/{{base_url   \'assets/img/icons/instagram.png\'}}')
 2 SYSTEMPATH/CodeIgniter.php(834): CodeIgniter\Router\Router->handle('customers/customer/{{base_url   \'assets/img/icons/instagram.png\'}}')
 3 SYSTEMPATH/CodeIgniter.php(457): CodeIgniter\CodeIgniter->tryToRouteIt(Object(CodeIgniter\Router\RouteCollection))
 4 SYSTEMPATH/CodeIgniter.php(355): CodeIgniter\CodeIgniter->handleRequest(null, Object(Config\Cache), false)
 5 SYSTEMPATH/Boot.php(325): CodeIgniter\CodeIgniter->run()
 6 SYSTEMPATH/Boot.php(67): CodeIgniter\Boot::runCodeIgniter(Object(CodeIgniter\CodeIgniter))
 7 FCPATH/index.php(56): CodeIgniter\Boot::bootWeb(Object(Config\Paths))
CRITICAL - 2024-10-05 17:44:43 --> CodeIgniter\HTTP\Exceptions\BadRequestException: The URI you submitted has disallowed characters: "{{base_url   'assets"
[Method: GET, Route: customers/customer/%7B%7Bbase_url%20%20%20%27assets/img/icons/whatsapp.png%27%7D%7D]
in SYSTEMPATH/Router/Router.php on line 737.
 1 SYSTEMPATH/Router/Router.php(204): CodeIgniter\Router\Router->checkDisallowedChars('customers/customer/{{base_url   \'assets/img/icons/whatsapp.png\'}}')
 2 SYSTEMPATH/CodeIgniter.php(834): CodeIgniter\Router\Router->handle('customers/customer/{{base_url   \'assets/img/icons/whatsapp.png\'}}')
 3 SYSTEMPATH/CodeIgniter.php(457): CodeIgniter\CodeIgniter->tryToRouteIt(Object(CodeIgniter\Router\RouteCollection))
 4 SYSTEMPATH/CodeIgniter.php(355): CodeIgniter\CodeIgniter->handleRequest(null, Object(Config\Cache), false)
 5 SYSTEMPATH/Boot.php(325): CodeIgniter\CodeIgniter->run()
 6 SYSTEMPATH/Boot.php(67): CodeIgniter\Boot::runCodeIgniter(Object(CodeIgniter\CodeIgniter))
 7 FCPATH/index.php(56): CodeIgniter\Boot::bootWeb(Object(Config\Paths))
CRITICAL - 2024-10-05 17:44:43 --> CodeIgniter\HTTP\Exceptions\BadRequestException: The URI you submitted has disallowed characters: "{{appurl   'uploads"
[Method: GET, Route: customers/customer/%7B%7Bappurl%20%20%20%27uploads/images/%27%20%20%20chatAtual.details.staffavatar%7D%7D]
in SYSTEMPATH/Router/Router.php on line 737.
 1 SYSTEMPATH/Router/Router.php(204): CodeIgniter\Router\Router->checkDisallowedChars('customers/customer/{{appurl   \'uploads/images/\'   chatAtual.details.staffavatar}}')
 2 SYSTEMPATH/CodeIgniter.php(834): CodeIgniter\Router\Router->handle('customers/customer/{{appurl   \'uploads/images/\'   chatAtual.details.staffavatar}}')
 3 SYSTEMPATH/CodeIgniter.php(457): CodeIgniter\CodeIgniter->tryToRouteIt(Object(CodeIgniter\Router\RouteCollection))
 4 SYSTEMPATH/CodeIgniter.php(355): CodeIgniter\CodeIgniter->handleRequest(null, Object(Config\Cache), false)
 5 SYSTEMPATH/Boot.php(325): CodeIgniter\CodeIgniter->run()
 6 SYSTEMPATH/Boot.php(67): CodeIgniter\Boot::runCodeIgniter(Object(CodeIgniter\CodeIgniter))
 7 FCPATH/index.php(56): CodeIgniter\Boot::bootWeb(Object(Config\Paths))
CRITICAL - 2024-10-05 17:44:43 --> CodeIgniter\HTTP\Exceptions\BadRequestException: The URI you submitted has disallowed characters: "{{base_url   atividade.atv_ft}}"
[Method: GET, Route: customers/customer/%7B%7Bbase_url%20%20%20atividade.atv_ft%7D%7D]
in SYSTEMPATH/Router/Router.php on line 737.
 1 SYSTEMPATH/Router/Router.php(204): CodeIgniter\Router\Router->checkDisallowedChars('customers/customer/{{base_url   atividade.atv_ft}}')
 2 SYSTEMPATH/CodeIgniter.php(834): CodeIgniter\Router\Router->handle('customers/customer/{{base_url   atividade.atv_ft}}')
 3 SYSTEMPATH/CodeIgniter.php(457): CodeIgniter\CodeIgniter->tryToRouteIt(Object(CodeIgniter\Router\RouteCollection))
 4 SYSTEMPATH/CodeIgniter.php(355): CodeIgniter\CodeIgniter->handleRequest(null, Object(Config\Cache), false)
 5 SYSTEMPATH/Boot.php(325): CodeIgniter\CodeIgniter->run()
 6 SYSTEMPATH/Boot.php(67): CodeIgniter\Boot::runCodeIgniter(Object(CodeIgniter\CodeIgniter))
 7 FCPATH/index.php(56): CodeIgniter\Boot::bootWeb(Object(Config\Paths))
CRITICAL - 2024-10-05 17:44:43 --> CodeIgniter\HTTP\Exceptions\BadRequestException: The URI you submitted has disallowed characters: "{{base_url   'assets"
[Method: GET, Route: customers/customer/%7B%7Bbase_url%20%20%20%27assets/img/icons/linkedin.png%27%7D%7D]
in SYSTEMPATH/Router/Router.php on line 737.
 1 SYSTEMPATH/Router/Router.php(204): CodeIgniter\Router\Router->checkDisallowedChars('customers/customer/{{base_url   \'assets/img/icons/linkedin.png\'}}')
 2 SYSTEMPATH/CodeIgniter.php(834): CodeIgniter\Router\Router->handle('customers/customer/{{base_url   \'assets/img/icons/linkedin.png\'}}')
 3 SYSTEMPATH/CodeIgniter.php(457): CodeIgniter\CodeIgniter->tryToRouteIt(Object(CodeIgniter\Router\RouteCollection))
 4 SYSTEMPATH/CodeIgniter.php(355): CodeIgniter\CodeIgniter->handleRequest(null, Object(Config\Cache), false)
 5 SYSTEMPATH/Boot.php(325): CodeIgniter\CodeIgniter->run()
 6 SYSTEMPATH/Boot.php(67): CodeIgniter\Boot::runCodeIgniter(Object(CodeIgniter\CodeIgniter))
 7 FCPATH/index.php(56): CodeIgniter\Boot::bootWeb(Object(Config\Paths))
CRITICAL - 2024-10-05 17:44:43 --> CodeIgniter\HTTP\Exceptions\BadRequestException: The URI you submitted has disallowed characters: "{{base_url   'assets"
[Method: GET, Route: customers/customer/%7B%7Bbase_url%20%20%20%27assets/img/icons/email.png%27%7D%7D]
in SYSTEMPATH/Router/Router.php on line 737.
 1 SYSTEMPATH/Router/Router.php(204): CodeIgniter\Router\Router->checkDisallowedChars('customers/customer/{{base_url   \'assets/img/icons/email.png\'}}')
 2 SYSTEMPATH/CodeIgniter.php(834): CodeIgniter\Router\Router->handle('customers/customer/{{base_url   \'assets/img/icons/email.png\'}}')
 3 SYSTEMPATH/CodeIgniter.php(457): CodeIgniter\CodeIgniter->tryToRouteIt(Object(CodeIgniter\Router\RouteCollection))
 4 SYSTEMPATH/CodeIgniter.php(355): CodeIgniter\CodeIgniter->handleRequest(null, Object(Config\Cache), false)
 5 SYSTEMPATH/Boot.php(325): CodeIgniter\CodeIgniter->run()
 6 SYSTEMPATH/Boot.php(67): CodeIgniter\Boot::runCodeIgniter(Object(CodeIgniter\CodeIgniter))
 7 FCPATH/index.php(56): CodeIgniter\Boot::bootWeb(Object(Config\Paths))
CRITICAL - 2024-10-05 17:45:11 --> CodeIgniter\HTTP\Exceptions\BadRequestException: The URI you submitted has disallowed characters: "{{appurl   'uploads"
[Method: GET, Route: customers/customer/%7B%7Bappurl%20%20%20%27uploads/images/%27%20%20%20chat.details.staffavatar%7D%7D]
in SYSTEMPATH/Router/Router.php on line 737.
 1 SYSTEMPATH/Router/Router.php(204): CodeIgniter\Router\Router->checkDisallowedChars('customers/customer/{{appurl   \'uploads/images/\'   chat.details.staffavatar}}')
 2 SYSTEMPATH/CodeIgniter.php(834): CodeIgniter\Router\Router->handle('customers/customer/{{appurl   \'uploads/images/\'   chat.details.staffavatar}}')
 3 SYSTEMPATH/CodeIgniter.php(457): CodeIgniter\CodeIgniter->tryToRouteIt(Object(CodeIgniter\Router\RouteCollection))
 4 SYSTEMPATH/CodeIgniter.php(355): CodeIgniter\CodeIgniter->handleRequest(null, Object(Config\Cache), false)
 5 SYSTEMPATH/Boot.php(325): CodeIgniter\CodeIgniter->run()
 6 SYSTEMPATH/Boot.php(67): CodeIgniter\Boot::runCodeIgniter(Object(CodeIgniter\CodeIgniter))
 7 FCPATH/index.php(56): CodeIgniter\Boot::bootWeb(Object(Config\Paths))
CRITICAL - 2024-10-05 17:45:11 --> CodeIgniter\HTTP\Exceptions\BadRequestException: The URI you submitted has disallowed characters: "{{base_url   'assets"
[Method: GET, Route: customers/customer/%7B%7Bbase_url%20%20%20%27assets/img/icons/whatsapp.png%27%7D%7D]
in SYSTEMPATH/Router/Router.php on line 737.
 1 SYSTEMPATH/Router/Router.php(204): CodeIgniter\Router\Router->checkDisallowedChars('customers/customer/{{base_url   \'assets/img/icons/whatsapp.png\'}}')
 2 SYSTEMPATH/CodeIgniter.php(834): CodeIgniter\Router\Router->handle('customers/customer/{{base_url   \'assets/img/icons/whatsapp.png\'}}')
 3 SYSTEMPATH/CodeIgniter.php(457): CodeIgniter\CodeIgniter->tryToRouteIt(Object(CodeIgniter\Router\RouteCollection))
 4 SYSTEMPATH/CodeIgniter.php(355): CodeIgniter\CodeIgniter->handleRequest(null, Object(Config\Cache), false)
 5 SYSTEMPATH/Boot.php(325): CodeIgniter\CodeIgniter->run()
 6 SYSTEMPATH/Boot.php(67): CodeIgniter\Boot::runCodeIgniter(Object(CodeIgniter\CodeIgniter))
 7 FCPATH/index.php(56): CodeIgniter\Boot::bootWeb(Object(Config\Paths))
CRITICAL - 2024-10-05 17:45:11 --> CodeIgniter\HTTP\Exceptions\BadRequestException: The URI you submitted has disallowed characters: "{{base_url   atividade.atv_ft}}"
[Method: GET, Route: customers/customer/%7B%7Bbase_url%20%20%20atividade.atv_ft%7D%7D]
in SYSTEMPATH/Router/Router.php on line 737.
 1 SYSTEMPATH/Router/Router.php(204): CodeIgniter\Router\Router->checkDisallowedChars('customers/customer/{{base_url   atividade.atv_ft}}')
 2 SYSTEMPATH/CodeIgniter.php(834): CodeIgniter\Router\Router->handle('customers/customer/{{base_url   atividade.atv_ft}}')
 3 SYSTEMPATH/CodeIgniter.php(457): CodeIgniter\CodeIgniter->tryToRouteIt(Object(CodeIgniter\Router\RouteCollection))
 4 SYSTEMPATH/CodeIgniter.php(355): CodeIgniter\CodeIgniter->handleRequest(null, Object(Config\Cache), false)
 5 SYSTEMPATH/Boot.php(325): CodeIgniter\CodeIgniter->run()
 6 SYSTEMPATH/Boot.php(67): CodeIgniter\Boot::runCodeIgniter(Object(CodeIgniter\CodeIgniter))
 7 FCPATH/index.php(56): CodeIgniter\Boot::bootWeb(Object(Config\Paths))
CRITICAL - 2024-10-05 17:45:11 --> CodeIgniter\HTTP\Exceptions\BadRequestException: The URI you submitted has disallowed characters: "{{base_url   'assets"
[Method: GET, Route: customers/customer/%7B%7Bbase_url%20%20%20%27assets/img/icons/instagram.png%27%7D%7D]
in SYSTEMPATH/Router/Router.php on line 737.
 1 SYSTEMPATH/Router/Router.php(204): CodeIgniter\Router\Router->checkDisallowedChars('customers/customer/{{base_url   \'assets/img/icons/instagram.png\'}}')
 2 SYSTEMPATH/CodeIgniter.php(834): CodeIgniter\Router\Router->handle('customers/customer/{{base_url   \'assets/img/icons/instagram.png\'}}')
 3 SYSTEMPATH/CodeIgniter.php(457): CodeIgniter\CodeIgniter->tryToRouteIt(Object(CodeIgniter\Router\RouteCollection))
 4 SYSTEMPATH/CodeIgniter.php(355): CodeIgniter\CodeIgniter->handleRequest(null, Object(Config\Cache), false)
 5 SYSTEMPATH/Boot.php(325): CodeIgniter\CodeIgniter->run()
 6 SYSTEMPATH/Boot.php(67): CodeIgniter\Boot::runCodeIgniter(Object(CodeIgniter\CodeIgniter))
 7 FCPATH/index.php(56): CodeIgniter\Boot::bootWeb(Object(Config\Paths))
CRITICAL - 2024-10-05 17:45:11 --> CodeIgniter\HTTP\Exceptions\BadRequestException: The URI you submitted has disallowed characters: "{{base_url   'assets"
[Method: GET, Route: customers/customer/%7B%7Bbase_url%20%20%20%27assets/img/icons/email.png%27%7D%7D]
in SYSTEMPATH/Router/Router.php on line 737.
 1 SYSTEMPATH/Router/Router.php(204): CodeIgniter\Router\Router->checkDisallowedChars('customers/customer/{{base_url   \'assets/img/icons/email.png\'}}')
 2 SYSTEMPATH/CodeIgniter.php(834): CodeIgniter\Router\Router->handle('customers/customer/{{base_url   \'assets/img/icons/email.png\'}}')
 3 SYSTEMPATH/CodeIgniter.php(457): CodeIgniter\CodeIgniter->tryToRouteIt(Object(CodeIgniter\Router\RouteCollection))
 4 SYSTEMPATH/CodeIgniter.php(355): CodeIgniter\CodeIgniter->handleRequest(null, Object(Config\Cache), false)
 5 SYSTEMPATH/Boot.php(325): CodeIgniter\CodeIgniter->run()
 6 SYSTEMPATH/Boot.php(67): CodeIgniter\Boot::runCodeIgniter(Object(CodeIgniter\CodeIgniter))
 7 FCPATH/index.php(56): CodeIgniter\Boot::bootWeb(Object(Config\Paths))
CRITICAL - 2024-10-05 17:45:11 --> CodeIgniter\HTTP\Exceptions\BadRequestException: The URI you submitted has disallowed characters: "{{appurl   'uploads"
[Method: GET, Route: customers/customer/%7B%7Bappurl%20%20%20%27uploads/images/%27%20%20%20chatAtual.details.staffavatar%7D%7D]
in SYSTEMPATH/Router/Router.php on line 737.
 1 SYSTEMPATH/Router/Router.php(204): CodeIgniter\Router\Router->checkDisallowedChars('customers/customer/{{appurl   \'uploads/images/\'   chatAtual.details.staffavatar}}')
 2 SYSTEMPATH/CodeIgniter.php(834): CodeIgniter\Router\Router->handle('customers/customer/{{appurl   \'uploads/images/\'   chatAtual.details.staffavatar}}')
 3 SYSTEMPATH/CodeIgniter.php(457): CodeIgniter\CodeIgniter->tryToRouteIt(Object(CodeIgniter\Router\RouteCollection))
 4 SYSTEMPATH/CodeIgniter.php(355): CodeIgniter\CodeIgniter->handleRequest(null, Object(Config\Cache), false)
 5 SYSTEMPATH/Boot.php(325): CodeIgniter\CodeIgniter->run()
 6 SYSTEMPATH/Boot.php(67): CodeIgniter\Boot::runCodeIgniter(Object(CodeIgniter\CodeIgniter))
 7 FCPATH/index.php(56): CodeIgniter\Boot::bootWeb(Object(Config\Paths))
CRITICAL - 2024-10-05 17:45:11 --> CodeIgniter\HTTP\Exceptions\BadRequestException: The URI you submitted has disallowed characters: "{{base_url   'assets"
[Method: GET, Route: customers/customer/%7B%7Bbase_url%20%20%20%27assets/img/icons/linkedin.png%27%7D%7D]
in SYSTEMPATH/Router/Router.php on line 737.
 1 SYSTEMPATH/Router/Router.php(204): CodeIgniter\Router\Router->checkDisallowedChars('customers/customer/{{base_url   \'assets/img/icons/linkedin.png\'}}')
 2 SYSTEMPATH/CodeIgniter.php(834): CodeIgniter\Router\Router->handle('customers/customer/{{base_url   \'assets/img/icons/linkedin.png\'}}')
 3 SYSTEMPATH/CodeIgniter.php(457): CodeIgniter\CodeIgniter->tryToRouteIt(Object(CodeIgniter\Router\RouteCollection))
 4 SYSTEMPATH/CodeIgniter.php(355): CodeIgniter\CodeIgniter->handleRequest(null, Object(Config\Cache), false)
 5 SYSTEMPATH/Boot.php(325): CodeIgniter\CodeIgniter->run()
 6 SYSTEMPATH/Boot.php(67): CodeIgniter\Boot::runCodeIgniter(Object(CodeIgniter\CodeIgniter))
 7 FCPATH/index.php(56): CodeIgniter\Boot::bootWeb(Object(Config\Paths))
CRITICAL - 2024-10-05 17:45:19 --> CodeIgniter\HTTP\Exceptions\BadRequestException: The URI you submitted has disallowed characters: "{{appurl   'uploads"
[Method: GET, Route: customers/customer/%7B%7Bappurl%20%20%20%27uploads/images/%27%20%20%20chat.details.staffavatar%7D%7D]
in SYSTEMPATH/Router/Router.php on line 737.
 1 SYSTEMPATH/Router/Router.php(204): CodeIgniter\Router\Router->checkDisallowedChars('customers/customer/{{appurl   \'uploads/images/\'   chat.details.staffavatar}}')
 2 SYSTEMPATH/CodeIgniter.php(834): CodeIgniter\Router\Router->handle('customers/customer/{{appurl   \'uploads/images/\'   chat.details.staffavatar}}')
 3 SYSTEMPATH/CodeIgniter.php(457): CodeIgniter\CodeIgniter->tryToRouteIt(Object(CodeIgniter\Router\RouteCollection))
 4 SYSTEMPATH/CodeIgniter.php(355): CodeIgniter\CodeIgniter->handleRequest(null, Object(Config\Cache), false)
 5 SYSTEMPATH/Boot.php(325): CodeIgniter\CodeIgniter->run()
 6 SYSTEMPATH/Boot.php(67): CodeIgniter\Boot::runCodeIgniter(Object(CodeIgniter\CodeIgniter))
 7 FCPATH/index.php(56): CodeIgniter\Boot::bootWeb(Object(Config\Paths))
CRITICAL - 2024-10-05 17:45:19 --> CodeIgniter\HTTP\Exceptions\BadRequestException: The URI you submitted has disallowed characters: "{{base_url   'assets"
[Method: GET, Route: customers/customer/%7B%7Bbase_url%20%20%20%27assets/img/icons/linkedin.png%27%7D%7D]
in SYSTEMPATH/Router/Router.php on line 737.
 1 SYSTEMPATH/Router/Router.php(204): CodeIgniter\Router\Router->checkDisallowedChars('customers/customer/{{base_url   \'assets/img/icons/linkedin.png\'}}')
 2 SYSTEMPATH/CodeIgniter.php(834): CodeIgniter\Router\Router->handle('customers/customer/{{base_url   \'assets/img/icons/linkedin.png\'}}')
 3 SYSTEMPATH/CodeIgniter.php(457): CodeIgniter\CodeIgniter->tryToRouteIt(Object(CodeIgniter\Router\RouteCollection))
 4 SYSTEMPATH/CodeIgniter.php(355): CodeIgniter\CodeIgniter->handleRequest(null, Object(Config\Cache), false)
 5 SYSTEMPATH/Boot.php(325): CodeIgniter\CodeIgniter->run()
 6 SYSTEMPATH/Boot.php(67): CodeIgniter\Boot::runCodeIgniter(Object(CodeIgniter\CodeIgniter))
 7 FCPATH/index.php(56): CodeIgniter\Boot::bootWeb(Object(Config\Paths))
CRITICAL - 2024-10-05 17:45:19 --> CodeIgniter\HTTP\Exceptions\BadRequestException: The URI you submitted has disallowed characters: "{{base_url   'assets"
[Method: GET, Route: customers/customer/%7B%7Bbase_url%20%20%20%27assets/img/icons/email.png%27%7D%7D]
in SYSTEMPATH/Router/Router.php on line 737.
 1 SYSTEMPATH/Router/Router.php(204): CodeIgniter\Router\Router->checkDisallowedChars('customers/customer/{{base_url   \'assets/img/icons/email.png\'}}')
 2 SYSTEMPATH/CodeIgniter.php(834): CodeIgniter\Router\Router->handle('customers/customer/{{base_url   \'assets/img/icons/email.png\'}}')
 3 SYSTEMPATH/CodeIgniter.php(457): CodeIgniter\CodeIgniter->tryToRouteIt(Object(CodeIgniter\Router\RouteCollection))
 4 SYSTEMPATH/CodeIgniter.php(355): CodeIgniter\CodeIgniter->handleRequest(null, Object(Config\Cache), false)
 5 SYSTEMPATH/Boot.php(325): CodeIgniter\CodeIgniter->run()
 6 SYSTEMPATH/Boot.php(67): CodeIgniter\Boot::runCodeIgniter(Object(CodeIgniter\CodeIgniter))
 7 FCPATH/index.php(56): CodeIgniter\Boot::bootWeb(Object(Config\Paths))
CRITICAL - 2024-10-05 17:45:19 --> CodeIgniter\HTTP\Exceptions\BadRequestException: The URI you submitted has disallowed characters: "{{base_url   'assets"
[Method: GET, Route: customers/customer/%7B%7Bbase_url%20%20%20%27assets/img/icons/instagram.png%27%7D%7D]
in SYSTEMPATH/Router/Router.php on line 737.
 1 SYSTEMPATH/Router/Router.php(204): CodeIgniter\Router\Router->checkDisallowedChars('customers/customer/{{base_url   \'assets/img/icons/instagram.png\'}}')
 2 SYSTEMPATH/CodeIgniter.php(834): CodeIgniter\Router\Router->handle('customers/customer/{{base_url   \'assets/img/icons/instagram.png\'}}')
 3 SYSTEMPATH/CodeIgniter.php(457): CodeIgniter\CodeIgniter->tryToRouteIt(Object(CodeIgniter\Router\RouteCollection))
 4 SYSTEMPATH/CodeIgniter.php(355): CodeIgniter\CodeIgniter->handleRequest(null, Object(Config\Cache), false)
 5 SYSTEMPATH/Boot.php(325): CodeIgniter\CodeIgniter->run()
 6 SYSTEMPATH/Boot.php(67): CodeIgniter\Boot::runCodeIgniter(Object(CodeIgniter\CodeIgniter))
 7 FCPATH/index.php(56): CodeIgniter\Boot::bootWeb(Object(Config\Paths))
CRITICAL - 2024-10-05 17:45:19 --> CodeIgniter\HTTP\Exceptions\BadRequestException: The URI you submitted has disallowed characters: "{{base_url   'assets"
[Method: GET, Route: customers/customer/%7B%7Bbase_url%20%20%20%27assets/img/icons/whatsapp.png%27%7D%7D]
in SYSTEMPATH/Router/Router.php on line 737.
 1 SYSTEMPATH/Router/Router.php(204): CodeIgniter\Router\Router->checkDisallowedChars('customers/customer/{{base_url   \'assets/img/icons/whatsapp.png\'}}')
 2 SYSTEMPATH/CodeIgniter.php(834): CodeIgniter\Router\Router->handle('customers/customer/{{base_url   \'assets/img/icons/whatsapp.png\'}}')
 3 SYSTEMPATH/CodeIgniter.php(457): CodeIgniter\CodeIgniter->tryToRouteIt(Object(CodeIgniter\Router\RouteCollection))
 4 SYSTEMPATH/CodeIgniter.php(355): CodeIgniter\CodeIgniter->handleRequest(null, Object(Config\Cache), false)
 5 SYSTEMPATH/Boot.php(325): CodeIgniter\CodeIgniter->run()
 6 SYSTEMPATH/Boot.php(67): CodeIgniter\Boot::runCodeIgniter(Object(CodeIgniter\CodeIgniter))
 7 FCPATH/index.php(56): CodeIgniter\Boot::bootWeb(Object(Config\Paths))
CRITICAL - 2024-10-05 17:45:19 --> CodeIgniter\HTTP\Exceptions\BadRequestException: The URI you submitted has disallowed characters: "{{base_url   atividade.atv_ft}}"
[Method: GET, Route: customers/customer/%7B%7Bbase_url%20%20%20atividade.atv_ft%7D%7D]
in SYSTEMPATH/Router/Router.php on line 737.
 1 SYSTEMPATH/Router/Router.php(204): CodeIgniter\Router\Router->checkDisallowedChars('customers/customer/{{base_url   atividade.atv_ft}}')
 2 SYSTEMPATH/CodeIgniter.php(834): CodeIgniter\Router\Router->handle('customers/customer/{{base_url   atividade.atv_ft}}')
 3 SYSTEMPATH/CodeIgniter.php(457): CodeIgniter\CodeIgniter->tryToRouteIt(Object(CodeIgniter\Router\RouteCollection))
 4 SYSTEMPATH/CodeIgniter.php(355): CodeIgniter\CodeIgniter->handleRequest(null, Object(Config\Cache), false)
 5 SYSTEMPATH/Boot.php(325): CodeIgniter\CodeIgniter->run()
 6 SYSTEMPATH/Boot.php(67): CodeIgniter\Boot::runCodeIgniter(Object(CodeIgniter\CodeIgniter))
 7 FCPATH/index.php(56): CodeIgniter\Boot::bootWeb(Object(Config\Paths))
CRITICAL - 2024-10-05 17:45:19 --> CodeIgniter\HTTP\Exceptions\BadRequestException: The URI you submitted has disallowed characters: "{{appurl   'uploads"
[Method: GET, Route: customers/customer/%7B%7Bappurl%20%20%20%27uploads/images/%27%20%20%20chatAtual.details.staffavatar%7D%7D]
in SYSTEMPATH/Router/Router.php on line 737.
 1 SYSTEMPATH/Router/Router.php(204): CodeIgniter\Router\Router->checkDisallowedChars('customers/customer/{{appurl   \'uploads/images/\'   chatAtual.details.staffavatar}}')
 2 SYSTEMPATH/CodeIgniter.php(834): CodeIgniter\Router\Router->handle('customers/customer/{{appurl   \'uploads/images/\'   chatAtual.details.staffavatar}}')
 3 SYSTEMPATH/CodeIgniter.php(457): CodeIgniter\CodeIgniter->tryToRouteIt(Object(CodeIgniter\Router\RouteCollection))
 4 SYSTEMPATH/CodeIgniter.php(355): CodeIgniter\CodeIgniter->handleRequest(null, Object(Config\Cache), false)
 5 SYSTEMPATH/Boot.php(325): CodeIgniter\CodeIgniter->run()
 6 SYSTEMPATH/Boot.php(67): CodeIgniter\Boot::runCodeIgniter(Object(CodeIgniter\CodeIgniter))
 7 FCPATH/index.php(56): CodeIgniter\Boot::bootWeb(Object(Config\Paths))
CRITICAL - 2024-10-05 17:45:37 --> CodeIgniter\HTTP\Exceptions\BadRequestException: The URI you submitted has disallowed characters: "{{appurl   'uploads"
[Method: GET, Route: customers/customer/%7B%7Bappurl%20%20%20%27uploads/images/%27%20%20%20chat.details.staffavatar%7D%7D]
in SYSTEMPATH/Router/Router.php on line 737.
 1 SYSTEMPATH/Router/Router.php(204): CodeIgniter\Router\Router->checkDisallowedChars('customers/customer/{{appurl   \'uploads/images/\'   chat.details.staffavatar}}')
 2 SYSTEMPATH/CodeIgniter.php(834): CodeIgniter\Router\Router->handle('customers/customer/{{appurl   \'uploads/images/\'   chat.details.staffavatar}}')
 3 SYSTEMPATH/CodeIgniter.php(457): CodeIgniter\CodeIgniter->tryToRouteIt(Object(CodeIgniter\Router\RouteCollection))
 4 SYSTEMPATH/CodeIgniter.php(355): CodeIgniter\CodeIgniter->handleRequest(null, Object(Config\Cache), false)
 5 SYSTEMPATH/Boot.php(325): CodeIgniter\CodeIgniter->run()
 6 SYSTEMPATH/Boot.php(67): CodeIgniter\Boot::runCodeIgniter(Object(CodeIgniter\CodeIgniter))
 7 FCPATH/index.php(56): CodeIgniter\Boot::bootWeb(Object(Config\Paths))
CRITICAL - 2024-10-05 17:45:37 --> CodeIgniter\HTTP\Exceptions\BadRequestException: The URI you submitted has disallowed characters: "{{base_url   'assets"
[Method: GET, Route: customers/customer/%7B%7Bbase_url%20%20%20%27assets/img/icons/instagram.png%27%7D%7D]
in SYSTEMPATH/Router/Router.php on line 737.
 1 SYSTEMPATH/Router/Router.php(204): CodeIgniter\Router\Router->checkDisallowedChars('customers/customer/{{base_url   \'assets/img/icons/instagram.png\'}}')
 2 SYSTEMPATH/CodeIgniter.php(834): CodeIgniter\Router\Router->handle('customers/customer/{{base_url   \'assets/img/icons/instagram.png\'}}')
 3 SYSTEMPATH/CodeIgniter.php(457): CodeIgniter\CodeIgniter->tryToRouteIt(Object(CodeIgniter\Router\RouteCollection))
 4 SYSTEMPATH/CodeIgniter.php(355): CodeIgniter\CodeIgniter->handleRequest(null, Object(Config\Cache), false)
 5 SYSTEMPATH/Boot.php(325): CodeIgniter\CodeIgniter->run()
 6 SYSTEMPATH/Boot.php(67): CodeIgniter\Boot::runCodeIgniter(Object(CodeIgniter\CodeIgniter))
 7 FCPATH/index.php(56): CodeIgniter\Boot::bootWeb(Object(Config\Paths))
CRITICAL - 2024-10-05 17:45:37 --> CodeIgniter\HTTP\Exceptions\BadRequestException: The URI you submitted has disallowed characters: "{{base_url   'assets"
[Method: GET, Route: customers/customer/%7B%7Bbase_url%20%20%20%27assets/img/icons/linkedin.png%27%7D%7D]
in SYSTEMPATH/Router/Router.php on line 737.
 1 SYSTEMPATH/Router/Router.php(204): CodeIgniter\Router\Router->checkDisallowedChars('customers/customer/{{base_url   \'assets/img/icons/linkedin.png\'}}')
 2 SYSTEMPATH/CodeIgniter.php(834): CodeIgniter\Router\Router->handle('customers/customer/{{base_url   \'assets/img/icons/linkedin.png\'}}')
 3 SYSTEMPATH/CodeIgniter.php(457): CodeIgniter\CodeIgniter->tryToRouteIt(Object(CodeIgniter\Router\RouteCollection))
 4 SYSTEMPATH/CodeIgniter.php(355): CodeIgniter\CodeIgniter->handleRequest(null, Object(Config\Cache), false)
 5 SYSTEMPATH/Boot.php(325): CodeIgniter\CodeIgniter->run()
 6 SYSTEMPATH/Boot.php(67): CodeIgniter\Boot::runCodeIgniter(Object(CodeIgniter\CodeIgniter))
 7 FCPATH/index.php(56): CodeIgniter\Boot::bootWeb(Object(Config\Paths))
CRITICAL - 2024-10-05 17:45:37 --> CodeIgniter\HTTP\Exceptions\BadRequestException: The URI you submitted has disallowed characters: "{{base_url   'assets"
[Method: GET, Route: customers/customer/%7B%7Bbase_url%20%20%20%27assets/img/icons/whatsapp.png%27%7D%7D]
in SYSTEMPATH/Router/Router.php on line 737.
 1 SYSTEMPATH/Router/Router.php(204): CodeIgniter\Router\Router->checkDisallowedChars('customers/customer/{{base_url   \'assets/img/icons/whatsapp.png\'}}')
 2 SYSTEMPATH/CodeIgniter.php(834): CodeIgniter\Router\Router->handle('customers/customer/{{base_url   \'assets/img/icons/whatsapp.png\'}}')
 3 SYSTEMPATH/CodeIgniter.php(457): CodeIgniter\CodeIgniter->tryToRouteIt(Object(CodeIgniter\Router\RouteCollection))
 4 SYSTEMPATH/CodeIgniter.php(355): CodeIgniter\CodeIgniter->handleRequest(null, Object(Config\Cache), false)
 5 SYSTEMPATH/Boot.php(325): CodeIgniter\CodeIgniter->run()
 6 SYSTEMPATH/Boot.php(67): CodeIgniter\Boot::runCodeIgniter(Object(CodeIgniter\CodeIgniter))
 7 FCPATH/index.php(56): CodeIgniter\Boot::bootWeb(Object(Config\Paths))
CRITICAL - 2024-10-05 17:45:37 --> CodeIgniter\HTTP\Exceptions\BadRequestException: The URI you submitted has disallowed characters: "{{base_url   atividade.atv_ft}}"
[Method: GET, Route: customers/customer/%7B%7Bbase_url%20%20%20atividade.atv_ft%7D%7D]
in SYSTEMPATH/Router/Router.php on line 737.
 1 SYSTEMPATH/Router/Router.php(204): CodeIgniter\Router\Router->checkDisallowedChars('customers/customer/{{base_url   atividade.atv_ft}}')
 2 SYSTEMPATH/CodeIgniter.php(834): CodeIgniter\Router\Router->handle('customers/customer/{{base_url   atividade.atv_ft}}')
 3 SYSTEMPATH/CodeIgniter.php(457): CodeIgniter\CodeIgniter->tryToRouteIt(Object(CodeIgniter\Router\RouteCollection))
 4 SYSTEMPATH/CodeIgniter.php(355): CodeIgniter\CodeIgniter->handleRequest(null, Object(Config\Cache), false)
 5 SYSTEMPATH/Boot.php(325): CodeIgniter\CodeIgniter->run()
 6 SYSTEMPATH/Boot.php(67): CodeIgniter\Boot::runCodeIgniter(Object(CodeIgniter\CodeIgniter))
 7 FCPATH/index.php(56): CodeIgniter\Boot::bootWeb(Object(Config\Paths))
CRITICAL - 2024-10-05 17:45:37 --> CodeIgniter\HTTP\Exceptions\BadRequestException: The URI you submitted has disallowed characters: "{{base_url   'assets"
[Method: GET, Route: customers/customer/%7B%7Bbase_url%20%20%20%27assets/img/icons/email.png%27%7D%7D]
in SYSTEMPATH/Router/Router.php on line 737.
 1 SYSTEMPATH/Router/Router.php(204): CodeIgniter\Router\Router->checkDisallowedChars('customers/customer/{{base_url   \'assets/img/icons/email.png\'}}')
 2 SYSTEMPATH/CodeIgniter.php(834): CodeIgniter\Router\Router->handle('customers/customer/{{base_url   \'assets/img/icons/email.png\'}}')
 3 SYSTEMPATH/CodeIgniter.php(457): CodeIgniter\CodeIgniter->tryToRouteIt(Object(CodeIgniter\Router\RouteCollection))
 4 SYSTEMPATH/CodeIgniter.php(355): CodeIgniter\CodeIgniter->handleRequest(null, Object(Config\Cache), false)
 5 SYSTEMPATH/Boot.php(325): CodeIgniter\CodeIgniter->run()
 6 SYSTEMPATH/Boot.php(67): CodeIgniter\Boot::runCodeIgniter(Object(CodeIgniter\CodeIgniter))
 7 FCPATH/index.php(56): CodeIgniter\Boot::bootWeb(Object(Config\Paths))
CRITICAL - 2024-10-05 17:45:38 --> CodeIgniter\HTTP\Exceptions\BadRequestException: The URI you submitted has disallowed characters: "{{appurl   'uploads"
[Method: GET, Route: customers/customer/%7B%7Bappurl%20%20%20%27uploads/images/%27%20%20%20chatAtual.details.staffavatar%7D%7D]
in SYSTEMPATH/Router/Router.php on line 737.
 1 SYSTEMPATH/Router/Router.php(204): CodeIgniter\Router\Router->checkDisallowedChars('customers/customer/{{appurl   \'uploads/images/\'   chatAtual.details.staffavatar}}')
 2 SYSTEMPATH/CodeIgniter.php(834): CodeIgniter\Router\Router->handle('customers/customer/{{appurl   \'uploads/images/\'   chatAtual.details.staffavatar}}')
 3 SYSTEMPATH/CodeIgniter.php(457): CodeIgniter\CodeIgniter->tryToRouteIt(Object(CodeIgniter\Router\RouteCollection))
 4 SYSTEMPATH/CodeIgniter.php(355): CodeIgniter\CodeIgniter->handleRequest(null, Object(Config\Cache), false)
 5 SYSTEMPATH/Boot.php(325): CodeIgniter\CodeIgniter->run()
 6 SYSTEMPATH/Boot.php(67): CodeIgniter\Boot::runCodeIgniter(Object(CodeIgniter\CodeIgniter))
 7 FCPATH/index.php(56): CodeIgniter\Boot::bootWeb(Object(Config\Paths))
CRITICAL - 2024-10-05 17:45:54 --> CodeIgniter\HTTP\Exceptions\BadRequestException: The URI you submitted has disallowed characters: "{{appurl   'uploads"
[Method: GET, Route: customers/customer/%7B%7Bappurl%20%20%20%27uploads/images/%27%20%20%20chat.details.staffavatar%7D%7D]
in SYSTEMPATH/Router/Router.php on line 737.
 1 SYSTEMPATH/Router/Router.php(204): CodeIgniter\Router\Router->checkDisallowedChars('customers/customer/{{appurl   \'uploads/images/\'   chat.details.staffavatar}}')
 2 SYSTEMPATH/CodeIgniter.php(834): CodeIgniter\Router\Router->handle('customers/customer/{{appurl   \'uploads/images/\'   chat.details.staffavatar}}')
 3 SYSTEMPATH/CodeIgniter.php(457): CodeIgniter\CodeIgniter->tryToRouteIt(Object(CodeIgniter\Router\RouteCollection))
 4 SYSTEMPATH/CodeIgniter.php(355): CodeIgniter\CodeIgniter->handleRequest(null, Object(Config\Cache), false)
 5 SYSTEMPATH/Boot.php(325): CodeIgniter\CodeIgniter->run()
 6 SYSTEMPATH/Boot.php(67): CodeIgniter\Boot::runCodeIgniter(Object(CodeIgniter\CodeIgniter))
 7 FCPATH/index.php(56): CodeIgniter\Boot::bootWeb(Object(Config\Paths))
CRITICAL - 2024-10-05 17:45:54 --> CodeIgniter\HTTP\Exceptions\BadRequestException: The URI you submitted has disallowed characters: "{{appurl   'uploads"
[Method: GET, Route: customers/customer/%7B%7Bappurl%20%20%20%27uploads/images/%27%20%20%20chatAtual.details.staffavatar%7D%7D]
in SYSTEMPATH/Router/Router.php on line 737.
 1 SYSTEMPATH/Router/Router.php(204): CodeIgniter\Router\Router->checkDisallowedChars('customers/customer/{{appurl   \'uploads/images/\'   chatAtual.details.staffavatar}}')
 2 SYSTEMPATH/CodeIgniter.php(834): CodeIgniter\Router\Router->handle('customers/customer/{{appurl   \'uploads/images/\'   chatAtual.details.staffavatar}}')
 3 SYSTEMPATH/CodeIgniter.php(457): CodeIgniter\CodeIgniter->tryToRouteIt(Object(CodeIgniter\Router\RouteCollection))
 4 SYSTEMPATH/CodeIgniter.php(355): CodeIgniter\CodeIgniter->handleRequest(null, Object(Config\Cache), false)
 5 SYSTEMPATH/Boot.php(325): CodeIgniter\CodeIgniter->run()
 6 SYSTEMPATH/Boot.php(67): CodeIgniter\Boot::runCodeIgniter(Object(CodeIgniter\CodeIgniter))
 7 FCPATH/index.php(56): CodeIgniter\Boot::bootWeb(Object(Config\Paths))
CRITICAL - 2024-10-05 17:45:54 --> CodeIgniter\HTTP\Exceptions\BadRequestException: The URI you submitted has disallowed characters: "{{base_url   atividade.atv_ft}}"
[Method: GET, Route: customers/customer/%7B%7Bbase_url%20%20%20atividade.atv_ft%7D%7D]
in SYSTEMPATH/Router/Router.php on line 737.
 1 SYSTEMPATH/Router/Router.php(204): CodeIgniter\Router\Router->checkDisallowedChars('customers/customer/{{base_url   atividade.atv_ft}}')
 2 SYSTEMPATH/CodeIgniter.php(834): CodeIgniter\Router\Router->handle('customers/customer/{{base_url   atividade.atv_ft}}')
 3 SYSTEMPATH/CodeIgniter.php(457): CodeIgniter\CodeIgniter->tryToRouteIt(Object(CodeIgniter\Router\RouteCollection))
 4 SYSTEMPATH/CodeIgniter.php(355): CodeIgniter\CodeIgniter->handleRequest(null, Object(Config\Cache), false)
 5 SYSTEMPATH/Boot.php(325): CodeIgniter\CodeIgniter->run()
 6 SYSTEMPATH/Boot.php(67): CodeIgniter\Boot::runCodeIgniter(Object(CodeIgniter\CodeIgniter))
 7 FCPATH/index.php(56): CodeIgniter\Boot::bootWeb(Object(Config\Paths))
CRITICAL - 2024-10-05 17:45:54 --> CodeIgniter\HTTP\Exceptions\BadRequestException: The URI you submitted has disallowed characters: "{{base_url   'assets"
[Method: GET, Route: customers/customer/%7B%7Bbase_url%20%20%20%27assets/img/icons/linkedin.png%27%7D%7D]
in SYSTEMPATH/Router/Router.php on line 737.
 1 SYSTEMPATH/Router/Router.php(204): CodeIgniter\Router\Router->checkDisallowedChars('customers/customer/{{base_url   \'assets/img/icons/linkedin.png\'}}')
 2 SYSTEMPATH/CodeIgniter.php(834): CodeIgniter\Router\Router->handle('customers/customer/{{base_url   \'assets/img/icons/linkedin.png\'}}')
 3 SYSTEMPATH/CodeIgniter.php(457): CodeIgniter\CodeIgniter->tryToRouteIt(Object(CodeIgniter\Router\RouteCollection))
 4 SYSTEMPATH/CodeIgniter.php(355): CodeIgniter\CodeIgniter->handleRequest(null, Object(Config\Cache), false)
 5 SYSTEMPATH/Boot.php(325): CodeIgniter\CodeIgniter->run()
 6 SYSTEMPATH/Boot.php(67): CodeIgniter\Boot::runCodeIgniter(Object(CodeIgniter\CodeIgniter))
 7 FCPATH/index.php(56): CodeIgniter\Boot::bootWeb(Object(Config\Paths))
CRITICAL - 2024-10-05 17:45:54 --> CodeIgniter\HTTP\Exceptions\BadRequestException: The URI you submitted has disallowed characters: "{{base_url   'assets"
[Method: GET, Route: customers/customer/%7B%7Bbase_url%20%20%20%27assets/img/icons/instagram.png%27%7D%7D]
in SYSTEMPATH/Router/Router.php on line 737.
 1 SYSTEMPATH/Router/Router.php(204): CodeIgniter\Router\Router->checkDisallowedChars('customers/customer/{{base_url   \'assets/img/icons/instagram.png\'}}')
 2 SYSTEMPATH/CodeIgniter.php(834): CodeIgniter\Router\Router->handle('customers/customer/{{base_url   \'assets/img/icons/instagram.png\'}}')
 3 SYSTEMPATH/CodeIgniter.php(457): CodeIgniter\CodeIgniter->tryToRouteIt(Object(CodeIgniter\Router\RouteCollection))
 4 SYSTEMPATH/CodeIgniter.php(355): CodeIgniter\CodeIgniter->handleRequest(null, Object(Config\Cache), false)
 5 SYSTEMPATH/Boot.php(325): CodeIgniter\CodeIgniter->run()
 6 SYSTEMPATH/Boot.php(67): CodeIgniter\Boot::runCodeIgniter(Object(CodeIgniter\CodeIgniter))
 7 FCPATH/index.php(56): CodeIgniter\Boot::bootWeb(Object(Config\Paths))
CRITICAL - 2024-10-05 17:45:54 --> CodeIgniter\HTTP\Exceptions\BadRequestException: The URI you submitted has disallowed characters: "{{base_url   'assets"
[Method: GET, Route: customers/customer/%7B%7Bbase_url%20%20%20%27assets/img/icons/whatsapp.png%27%7D%7D]
in SYSTEMPATH/Router/Router.php on line 737.
 1 SYSTEMPATH/Router/Router.php(204): CodeIgniter\Router\Router->checkDisallowedChars('customers/customer/{{base_url   \'assets/img/icons/whatsapp.png\'}}')
 2 SYSTEMPATH/CodeIgniter.php(834): CodeIgniter\Router\Router->handle('customers/customer/{{base_url   \'assets/img/icons/whatsapp.png\'}}')
 3 SYSTEMPATH/CodeIgniter.php(457): CodeIgniter\CodeIgniter->tryToRouteIt(Object(CodeIgniter\Router\RouteCollection))
 4 SYSTEMPATH/CodeIgniter.php(355): CodeIgniter\CodeIgniter->handleRequest(null, Object(Config\Cache), false)
 5 SYSTEMPATH/Boot.php(325): CodeIgniter\CodeIgniter->run()
 6 SYSTEMPATH/Boot.php(67): CodeIgniter\Boot::runCodeIgniter(Object(CodeIgniter\CodeIgniter))
 7 FCPATH/index.php(56): CodeIgniter\Boot::bootWeb(Object(Config\Paths))
CRITICAL - 2024-10-05 17:45:54 --> CodeIgniter\HTTP\Exceptions\BadRequestException: The URI you submitted has disallowed characters: "{{base_url   'assets"
[Method: GET, Route: customers/customer/%7B%7Bbase_url%20%20%20%27assets/img/icons/email.png%27%7D%7D]
in SYSTEMPATH/Router/Router.php on line 737.
 1 SYSTEMPATH/Router/Router.php(204): CodeIgniter\Router\Router->checkDisallowedChars('customers/customer/{{base_url   \'assets/img/icons/email.png\'}}')
 2 SYSTEMPATH/CodeIgniter.php(834): CodeIgniter\Router\Router->handle('customers/customer/{{base_url   \'assets/img/icons/email.png\'}}')
 3 SYSTEMPATH/CodeIgniter.php(457): CodeIgniter\CodeIgniter->tryToRouteIt(Object(CodeIgniter\Router\RouteCollection))
 4 SYSTEMPATH/CodeIgniter.php(355): CodeIgniter\CodeIgniter->handleRequest(null, Object(Config\Cache), false)
 5 SYSTEMPATH/Boot.php(325): CodeIgniter\CodeIgniter->run()
 6 SYSTEMPATH/Boot.php(67): CodeIgniter\Boot::runCodeIgniter(Object(CodeIgniter\CodeIgniter))
 7 FCPATH/index.php(56): CodeIgniter\Boot::bootWeb(Object(Config\Paths))
CRITICAL - 2024-10-05 17:46:04 --> CodeIgniter\HTTP\Exceptions\BadRequestException: The URI you submitted has disallowed characters: "{{appurl   'uploads"
[Method: GET, Route: customers/customer/%7B%7Bappurl%20%20%20%27uploads/images/%27%20%20%20chat.details.staffavatar%7D%7D]
in SYSTEMPATH/Router/Router.php on line 737.
 1 SYSTEMPATH/Router/Router.php(204): CodeIgniter\Router\Router->checkDisallowedChars('customers/customer/{{appurl   \'uploads/images/\'   chat.details.staffavatar}}')
 2 SYSTEMPATH/CodeIgniter.php(834): CodeIgniter\Router\Router->handle('customers/customer/{{appurl   \'uploads/images/\'   chat.details.staffavatar}}')
 3 SYSTEMPATH/CodeIgniter.php(457): CodeIgniter\CodeIgniter->tryToRouteIt(Object(CodeIgniter\Router\RouteCollection))
 4 SYSTEMPATH/CodeIgniter.php(355): CodeIgniter\CodeIgniter->handleRequest(null, Object(Config\Cache), false)
 5 SYSTEMPATH/Boot.php(325): CodeIgniter\CodeIgniter->run()
 6 SYSTEMPATH/Boot.php(67): CodeIgniter\Boot::runCodeIgniter(Object(CodeIgniter\CodeIgniter))
 7 FCPATH/index.php(56): CodeIgniter\Boot::bootWeb(Object(Config\Paths))
CRITICAL - 2024-10-05 17:46:04 --> CodeIgniter\HTTP\Exceptions\BadRequestException: The URI you submitted has disallowed characters: "{{base_url   atividade.atv_ft}}"
[Method: GET, Route: customers/customer/%7B%7Bbase_url%20%20%20atividade.atv_ft%7D%7D]
in SYSTEMPATH/Router/Router.php on line 737.
 1 SYSTEMPATH/Router/Router.php(204): CodeIgniter\Router\Router->checkDisallowedChars('customers/customer/{{base_url   atividade.atv_ft}}')
 2 SYSTEMPATH/CodeIgniter.php(834): CodeIgniter\Router\Router->handle('customers/customer/{{base_url   atividade.atv_ft}}')
 3 SYSTEMPATH/CodeIgniter.php(457): CodeIgniter\CodeIgniter->tryToRouteIt(Object(CodeIgniter\Router\RouteCollection))
 4 SYSTEMPATH/CodeIgniter.php(355): CodeIgniter\CodeIgniter->handleRequest(null, Object(Config\Cache), false)
 5 SYSTEMPATH/Boot.php(325): CodeIgniter\CodeIgniter->run()
 6 SYSTEMPATH/Boot.php(67): CodeIgniter\Boot::runCodeIgniter(Object(CodeIgniter\CodeIgniter))
 7 FCPATH/index.php(56): CodeIgniter\Boot::bootWeb(Object(Config\Paths))
CRITICAL - 2024-10-05 17:46:04 --> CodeIgniter\HTTP\Exceptions\BadRequestException: The URI you submitted has disallowed characters: "{{base_url   'assets"
[Method: GET, Route: customers/customer/%7B%7Bbase_url%20%20%20%27assets/img/icons/instagram.png%27%7D%7D]
in SYSTEMPATH/Router/Router.php on line 737.
 1 SYSTEMPATH/Router/Router.php(204): CodeIgniter\Router\Router->checkDisallowedChars('customers/customer/{{base_url   \'assets/img/icons/instagram.png\'}}')
 2 SYSTEMPATH/CodeIgniter.php(834): CodeIgniter\Router\Router->handle('customers/customer/{{base_url   \'assets/img/icons/instagram.png\'}}')
 3 SYSTEMPATH/CodeIgniter.php(457): CodeIgniter\CodeIgniter->tryToRouteIt(Object(CodeIgniter\Router\RouteCollection))
 4 SYSTEMPATH/CodeIgniter.php(355): CodeIgniter\CodeIgniter->handleRequest(null, Object(Config\Cache), false)
 5 SYSTEMPATH/Boot.php(325): CodeIgniter\CodeIgniter->run()
 6 SYSTEMPATH/Boot.php(67): CodeIgniter\Boot::runCodeIgniter(Object(CodeIgniter\CodeIgniter))
 7 FCPATH/index.php(56): CodeIgniter\Boot::bootWeb(Object(Config\Paths))
CRITICAL - 2024-10-05 17:46:04 --> CodeIgniter\HTTP\Exceptions\BadRequestException: The URI you submitted has disallowed characters: "{{base_url   'assets"
[Method: GET, Route: customers/customer/%7B%7Bbase_url%20%20%20%27assets/img/icons/email.png%27%7D%7D]
in SYSTEMPATH/Router/Router.php on line 737.
 1 SYSTEMPATH/Router/Router.php(204): CodeIgniter\Router\Router->checkDisallowedChars('customers/customer/{{base_url   \'assets/img/icons/email.png\'}}')
 2 SYSTEMPATH/CodeIgniter.php(834): CodeIgniter\Router\Router->handle('customers/customer/{{base_url   \'assets/img/icons/email.png\'}}')
 3 SYSTEMPATH/CodeIgniter.php(457): CodeIgniter\CodeIgniter->tryToRouteIt(Object(CodeIgniter\Router\RouteCollection))
 4 SYSTEMPATH/CodeIgniter.php(355): CodeIgniter\CodeIgniter->handleRequest(null, Object(Config\Cache), false)
 5 SYSTEMPATH/Boot.php(325): CodeIgniter\CodeIgniter->run()
 6 SYSTEMPATH/Boot.php(67): CodeIgniter\Boot::runCodeIgniter(Object(CodeIgniter\CodeIgniter))
 7 FCPATH/index.php(56): CodeIgniter\Boot::bootWeb(Object(Config\Paths))
CRITICAL - 2024-10-05 17:46:04 --> CodeIgniter\HTTP\Exceptions\BadRequestException: The URI you submitted has disallowed characters: "{{appurl   'uploads"
[Method: GET, Route: customers/customer/%7B%7Bappurl%20%20%20%27uploads/images/%27%20%20%20chatAtual.details.staffavatar%7D%7D]
in SYSTEMPATH/Router/Router.php on line 737.
 1 SYSTEMPATH/Router/Router.php(204): CodeIgniter\Router\Router->checkDisallowedChars('customers/customer/{{appurl   \'uploads/images/\'   chatAtual.details.staffavatar}}')
 2 SYSTEMPATH/CodeIgniter.php(834): CodeIgniter\Router\Router->handle('customers/customer/{{appurl   \'uploads/images/\'   chatAtual.details.staffavatar}}')
 3 SYSTEMPATH/CodeIgniter.php(457): CodeIgniter\CodeIgniter->tryToRouteIt(Object(CodeIgniter\Router\RouteCollection))
 4 SYSTEMPATH/CodeIgniter.php(355): CodeIgniter\CodeIgniter->handleRequest(null, Object(Config\Cache), false)
 5 SYSTEMPATH/Boot.php(325): CodeIgniter\CodeIgniter->run()
 6 SYSTEMPATH/Boot.php(67): CodeIgniter\Boot::runCodeIgniter(Object(CodeIgniter\CodeIgniter))
 7 FCPATH/index.php(56): CodeIgniter\Boot::bootWeb(Object(Config\Paths))
CRITICAL - 2024-10-05 17:46:04 --> CodeIgniter\HTTP\Exceptions\BadRequestException: The URI you submitted has disallowed characters: "{{base_url   'assets"
[Method: GET, Route: customers/customer/%7B%7Bbase_url%20%20%20%27assets/img/icons/whatsapp.png%27%7D%7D]
in SYSTEMPATH/Router/Router.php on line 737.
 1 SYSTEMPATH/Router/Router.php(204): CodeIgniter\Router\Router->checkDisallowedChars('customers/customer/{{base_url   \'assets/img/icons/whatsapp.png\'}}')
 2 SYSTEMPATH/CodeIgniter.php(834): CodeIgniter\Router\Router->handle('customers/customer/{{base_url   \'assets/img/icons/whatsapp.png\'}}')
 3 SYSTEMPATH/CodeIgniter.php(457): CodeIgniter\CodeIgniter->tryToRouteIt(Object(CodeIgniter\Router\RouteCollection))
 4 SYSTEMPATH/CodeIgniter.php(355): CodeIgniter\CodeIgniter->handleRequest(null, Object(Config\Cache), false)
 5 SYSTEMPATH/Boot.php(325): CodeIgniter\CodeIgniter->run()
 6 SYSTEMPATH/Boot.php(67): CodeIgniter\Boot::runCodeIgniter(Object(CodeIgniter\CodeIgniter))
 7 FCPATH/index.php(56): CodeIgniter\Boot::bootWeb(Object(Config\Paths))
CRITICAL - 2024-10-05 17:46:04 --> CodeIgniter\HTTP\Exceptions\BadRequestException: The URI you submitted has disallowed characters: "{{base_url   'assets"
[Method: GET, Route: customers/customer/%7B%7Bbase_url%20%20%20%27assets/img/icons/linkedin.png%27%7D%7D]
in SYSTEMPATH/Router/Router.php on line 737.
 1 SYSTEMPATH/Router/Router.php(204): CodeIgniter\Router\Router->checkDisallowedChars('customers/customer/{{base_url   \'assets/img/icons/linkedin.png\'}}')
 2 SYSTEMPATH/CodeIgniter.php(834): CodeIgniter\Router\Router->handle('customers/customer/{{base_url   \'assets/img/icons/linkedin.png\'}}')
 3 SYSTEMPATH/CodeIgniter.php(457): CodeIgniter\CodeIgniter->tryToRouteIt(Object(CodeIgniter\Router\RouteCollection))
 4 SYSTEMPATH/CodeIgniter.php(355): CodeIgniter\CodeIgniter->handleRequest(null, Object(Config\Cache), false)
 5 SYSTEMPATH/Boot.php(325): CodeIgniter\CodeIgniter->run()
 6 SYSTEMPATH/Boot.php(67): CodeIgniter\Boot::runCodeIgniter(Object(CodeIgniter\CodeIgniter))
 7 FCPATH/index.php(56): CodeIgniter\Boot::bootWeb(Object(Config\Paths))
CRITICAL - 2024-10-05 17:46:15 --> CodeIgniter\HTTP\Exceptions\BadRequestException: The URI you submitted has disallowed characters: "{{appurl   'uploads"
[Method: GET, Route: customers/customer/%7B%7Bappurl%20%20%20%27uploads/images/%27%20%20%20chat.details.staffavatar%7D%7D]
in SYSTEMPATH/Router/Router.php on line 737.
 1 SYSTEMPATH/Router/Router.php(204): CodeIgniter\Router\Router->checkDisallowedChars('customers/customer/{{appurl   \'uploads/images/\'   chat.details.staffavatar}}')
 2 SYSTEMPATH/CodeIgniter.php(834): CodeIgniter\Router\Router->handle('customers/customer/{{appurl   \'uploads/images/\'   chat.details.staffavatar}}')
 3 SYSTEMPATH/CodeIgniter.php(457): CodeIgniter\CodeIgniter->tryToRouteIt(Object(CodeIgniter\Router\RouteCollection))
 4 SYSTEMPATH/CodeIgniter.php(355): CodeIgniter\CodeIgniter->handleRequest(null, Object(Config\Cache), false)
 5 SYSTEMPATH/Boot.php(325): CodeIgniter\CodeIgniter->run()
 6 SYSTEMPATH/Boot.php(67): CodeIgniter\Boot::runCodeIgniter(Object(CodeIgniter\CodeIgniter))
 7 FCPATH/index.php(56): CodeIgniter\Boot::bootWeb(Object(Config\Paths))
CRITICAL - 2024-10-05 17:46:15 --> CodeIgniter\HTTP\Exceptions\BadRequestException: The URI you submitted has disallowed characters: "{{appurl   'uploads"
[Method: GET, Route: customers/customer/%7B%7Bappurl%20%20%20%27uploads/images/%27%20%20%20chatAtual.details.staffavatar%7D%7D]
in SYSTEMPATH/Router/Router.php on line 737.
 1 SYSTEMPATH/Router/Router.php(204): CodeIgniter\Router\Router->checkDisallowedChars('customers/customer/{{appurl   \'uploads/images/\'   chatAtual.details.staffavatar}}')
 2 SYSTEMPATH/CodeIgniter.php(834): CodeIgniter\Router\Router->handle('customers/customer/{{appurl   \'uploads/images/\'   chatAtual.details.staffavatar}}')
 3 SYSTEMPATH/CodeIgniter.php(457): CodeIgniter\CodeIgniter->tryToRouteIt(Object(CodeIgniter\Router\RouteCollection))
 4 SYSTEMPATH/CodeIgniter.php(355): CodeIgniter\CodeIgniter->handleRequest(null, Object(Config\Cache), false)
 5 SYSTEMPATH/Boot.php(325): CodeIgniter\CodeIgniter->run()
 6 SYSTEMPATH/Boot.php(67): CodeIgniter\Boot::runCodeIgniter(Object(CodeIgniter\CodeIgniter))
 7 FCPATH/index.php(56): CodeIgniter\Boot::bootWeb(Object(Config\Paths))
CRITICAL - 2024-10-05 17:46:15 --> CodeIgniter\HTTP\Exceptions\BadRequestException: The URI you submitted has disallowed characters: "{{base_url   atividade.atv_ft}}"
[Method: GET, Route: customers/customer/%7B%7Bbase_url%20%20%20atividade.atv_ft%7D%7D]
in SYSTEMPATH/Router/Router.php on line 737.
 1 SYSTEMPATH/Router/Router.php(204): CodeIgniter\Router\Router->checkDisallowedChars('customers/customer/{{base_url   atividade.atv_ft}}')
 2 SYSTEMPATH/CodeIgniter.php(834): CodeIgniter\Router\Router->handle('customers/customer/{{base_url   atividade.atv_ft}}')
 3 SYSTEMPATH/CodeIgniter.php(457): CodeIgniter\CodeIgniter->tryToRouteIt(Object(CodeIgniter\Router\RouteCollection))
 4 SYSTEMPATH/CodeIgniter.php(355): CodeIgniter\CodeIgniter->handleRequest(null, Object(Config\Cache), false)
 5 SYSTEMPATH/Boot.php(325): CodeIgniter\CodeIgniter->run()
 6 SYSTEMPATH/Boot.php(67): CodeIgniter\Boot::runCodeIgniter(Object(CodeIgniter\CodeIgniter))
 7 FCPATH/index.php(56): CodeIgniter\Boot::bootWeb(Object(Config\Paths))
CRITICAL - 2024-10-05 17:46:15 --> CodeIgniter\HTTP\Exceptions\BadRequestException: The URI you submitted has disallowed characters: "{{base_url   'assets"
[Method: GET, Route: customers/customer/%7B%7Bbase_url%20%20%20%27assets/img/icons/whatsapp.png%27%7D%7D]
in SYSTEMPATH/Router/Router.php on line 737.
 1 SYSTEMPATH/Router/Router.php(204): CodeIgniter\Router\Router->checkDisallowedChars('customers/customer/{{base_url   \'assets/img/icons/whatsapp.png\'}}')
 2 SYSTEMPATH/CodeIgniter.php(834): CodeIgniter\Router\Router->handle('customers/customer/{{base_url   \'assets/img/icons/whatsapp.png\'}}')
 3 SYSTEMPATH/CodeIgniter.php(457): CodeIgniter\CodeIgniter->tryToRouteIt(Object(CodeIgniter\Router\RouteCollection))
 4 SYSTEMPATH/CodeIgniter.php(355): CodeIgniter\CodeIgniter->handleRequest(null, Object(Config\Cache), false)
 5 SYSTEMPATH/Boot.php(325): CodeIgniter\CodeIgniter->run()
 6 SYSTEMPATH/Boot.php(67): CodeIgniter\Boot::runCodeIgniter(Object(CodeIgniter\CodeIgniter))
 7 FCPATH/index.php(56): CodeIgniter\Boot::bootWeb(Object(Config\Paths))
CRITICAL - 2024-10-05 17:46:15 --> CodeIgniter\HTTP\Exceptions\BadRequestException: The URI you submitted has disallowed characters: "{{base_url   'assets"
[Method: GET, Route: customers/customer/%7B%7Bbase_url%20%20%20%27assets/img/icons/email.png%27%7D%7D]
in SYSTEMPATH/Router/Router.php on line 737.
 1 SYSTEMPATH/Router/Router.php(204): CodeIgniter\Router\Router->checkDisallowedChars('customers/customer/{{base_url   \'assets/img/icons/email.png\'}}')
 2 SYSTEMPATH/CodeIgniter.php(834): CodeIgniter\Router\Router->handle('customers/customer/{{base_url   \'assets/img/icons/email.png\'}}')
 3 SYSTEMPATH/CodeIgniter.php(457): CodeIgniter\CodeIgniter->tryToRouteIt(Object(CodeIgniter\Router\RouteCollection))
 4 SYSTEMPATH/CodeIgniter.php(355): CodeIgniter\CodeIgniter->handleRequest(null, Object(Config\Cache), false)
 5 SYSTEMPATH/Boot.php(325): CodeIgniter\CodeIgniter->run()
 6 SYSTEMPATH/Boot.php(67): CodeIgniter\Boot::runCodeIgniter(Object(CodeIgniter\CodeIgniter))
 7 FCPATH/index.php(56): CodeIgniter\Boot::bootWeb(Object(Config\Paths))
CRITICAL - 2024-10-05 17:46:15 --> CodeIgniter\HTTP\Exceptions\BadRequestException: The URI you submitted has disallowed characters: "{{base_url   'assets"
[Method: GET, Route: customers/customer/%7B%7Bbase_url%20%20%20%27assets/img/icons/instagram.png%27%7D%7D]
in SYSTEMPATH/Router/Router.php on line 737.
 1 SYSTEMPATH/Router/Router.php(204): CodeIgniter\Router\Router->checkDisallowedChars('customers/customer/{{base_url   \'assets/img/icons/instagram.png\'}}')
 2 SYSTEMPATH/CodeIgniter.php(834): CodeIgniter\Router\Router->handle('customers/customer/{{base_url   \'assets/img/icons/instagram.png\'}}')
 3 SYSTEMPATH/CodeIgniter.php(457): CodeIgniter\CodeIgniter->tryToRouteIt(Object(CodeIgniter\Router\RouteCollection))
 4 SYSTEMPATH/CodeIgniter.php(355): CodeIgniter\CodeIgniter->handleRequest(null, Object(Config\Cache), false)
 5 SYSTEMPATH/Boot.php(325): CodeIgniter\CodeIgniter->run()
 6 SYSTEMPATH/Boot.php(67): CodeIgniter\Boot::runCodeIgniter(Object(CodeIgniter\CodeIgniter))
 7 FCPATH/index.php(56): CodeIgniter\Boot::bootWeb(Object(Config\Paths))
CRITICAL - 2024-10-05 17:46:15 --> CodeIgniter\HTTP\Exceptions\BadRequestException: The URI you submitted has disallowed characters: "{{base_url   'assets"
[Method: GET, Route: customers/customer/%7B%7Bbase_url%20%20%20%27assets/img/icons/linkedin.png%27%7D%7D]
in SYSTEMPATH/Router/Router.php on line 737.
 1 SYSTEMPATH/Router/Router.php(204): CodeIgniter\Router\Router->checkDisallowedChars('customers/customer/{{base_url   \'assets/img/icons/linkedin.png\'}}')
 2 SYSTEMPATH/CodeIgniter.php(834): CodeIgniter\Router\Router->handle('customers/customer/{{base_url   \'assets/img/icons/linkedin.png\'}}')
 3 SYSTEMPATH/CodeIgniter.php(457): CodeIgniter\CodeIgniter->tryToRouteIt(Object(CodeIgniter\Router\RouteCollection))
 4 SYSTEMPATH/CodeIgniter.php(355): CodeIgniter\CodeIgniter->handleRequest(null, Object(Config\Cache), false)
 5 SYSTEMPATH/Boot.php(325): CodeIgniter\CodeIgniter->run()
 6 SYSTEMPATH/Boot.php(67): CodeIgniter\Boot::runCodeIgniter(Object(CodeIgniter\CodeIgniter))
 7 FCPATH/index.php(56): CodeIgniter\Boot::bootWeb(Object(Config\Paths))
