CRITICAL - 2024-10-01 00:00:03 --> ErrorException: Constant LANG already defined
[Method: GET, Route: CronJob/envia_avisos]
in APPPATH/Controllers/CronJob.php on line 18.
 1 [internal function]: CodeIgniter\Debug\Exceptions->errorHandler(2, 'Constant LANG already defined', '/home/next0355/dev.next1crm.com.br/app/Controllers/CronJob.php', 18)
 2 APPPATH/Controllers/CronJob.php(18): define('LANG', 'portuguese_br')
 3 APPPATH/Controllers/DynamicController.php(41): App\Controllers\CronJob->__construct()
 4 SYSTEMPATH/CodeIgniter.php(933): App\Controllers\DynamicController->execute('CronJob', 'envia_avisos')
 5 SYSTEMPATH/CodeIgniter.php(509): CodeIgniter\CodeIgniter->runController(Object(App\Controllers\DynamicController))
 6 SYSTEMPATH/CodeIgniter.php(355): CodeIgniter\CodeIgniter->handleRequest(null, Object(Config\Cache), false)
 7 SYSTEMPATH/Boot.php(325): CodeIgniter\CodeIgniter->run()
 8 SYSTEMPATH/Boot.php(67): CodeIgniter\Boot::runCodeIgniter(Object(CodeIgniter\CodeIgniter))
 9 FCPATH/index.php(56): CodeIgniter\Boot::bootWeb(Object(Config\Paths))
CRITICAL - 2024-10-01 00:15:02 --> ErrorException: Constant LANG already defined
[Method: GET, Route: CronJob/envia_avisos]
in APPPATH/Controllers/CronJob.php on line 18.
 1 [internal function]: CodeIgniter\Debug\Exceptions->errorHandler(2, 'Constant LANG already defined', '/home/next0355/dev.next1crm.com.br/app/Controllers/CronJob.php', 18)
 2 APPPATH/Controllers/CronJob.php(18): define('LANG', 'portuguese_br')
 3 APPPATH/Controllers/DynamicController.php(41): App\Controllers\CronJob->__construct()
 4 SYSTEMPATH/CodeIgniter.php(933): App\Controllers\DynamicController->execute('CronJob', 'envia_avisos')
 5 SYSTEMPATH/CodeIgniter.php(509): CodeIgniter\CodeIgniter->runController(Object(App\Controllers\DynamicController))
 6 SYSTEMPATH/CodeIgniter.php(355): CodeIgniter\CodeIgniter->handleRequest(null, Object(Config\Cache), false)
 7 SYSTEMPATH/Boot.php(325): CodeIgniter\CodeIgniter->run()
 8 SYSTEMPATH/Boot.php(67): CodeIgniter\Boot::runCodeIgniter(Object(CodeIgniter\CodeIgniter))
 9 FCPATH/index.php(56): CodeIgniter\Boot::bootWeb(Object(Config\Paths))
CRITICAL - 2024-10-01 00:20:18 --> ErrorException: Trying to access array offset on value of type null
[Method: GET, Route: panel]
in APPPATH/Models/Privileges_Model.php on line 25.
 1 APPPATH/Models/Privileges_Model.php(25): CodeIgniter\Debug\Exceptions->errorHandler(2, 'Trying to access array offset on value of type null', '/home/next0355/dev.next1crm.com.br/app/Models/Privileges_Model.php', 25)
 2 APPPATH/Controllers/Panel.php(18): App\Models\Privileges_Model->has_privilege('dashGoals')
 3 APPPATH/Controllers/DynamicController.php(55): App\Controllers\Panel->index()
 4 SYSTEMPATH/CodeIgniter.php(933): App\Controllers\DynamicController->execute('panel')
 5 SYSTEMPATH/CodeIgniter.php(509): CodeIgniter\CodeIgniter->runController(Object(App\Controllers\DynamicController))
 6 SYSTEMPATH/CodeIgniter.php(355): CodeIgniter\CodeIgniter->handleRequest(null, Object(Config\Cache), false)
 7 SYSTEMPATH/Boot.php(325): CodeIgniter\CodeIgniter->run()
 8 SYSTEMPATH/Boot.php(67): CodeIgniter\Boot::runCodeIgniter(Object(CodeIgniter\CodeIgniter))
 9 FCPATH/index.php(56): CodeIgniter\Boot::bootWeb(Object(Config\Paths))
CRITICAL - 2024-10-01 00:30:02 --> ErrorException: Constant LANG already defined
[Method: GET, Route: CronJob/envia_avisos]
in APPPATH/Controllers/CronJob.php on line 18.
 1 [internal function]: CodeIgniter\Debug\Exceptions->errorHandler(2, 'Constant LANG already defined', '/home/next0355/dev.next1crm.com.br/app/Controllers/CronJob.php', 18)
 2 APPPATH/Controllers/CronJob.php(18): define('LANG', 'portuguese_br')
 3 APPPATH/Controllers/DynamicController.php(41): App\Controllers\CronJob->__construct()
 4 SYSTEMPATH/CodeIgniter.php(933): App\Controllers\DynamicController->execute('CronJob', 'envia_avisos')
 5 SYSTEMPATH/CodeIgniter.php(509): CodeIgniter\CodeIgniter->runController(Object(App\Controllers\DynamicController))
 6 SYSTEMPATH/CodeIgniter.php(355): CodeIgniter\CodeIgniter->handleRequest(null, Object(Config\Cache), false)
 7 SYSTEMPATH/Boot.php(325): CodeIgniter\CodeIgniter->run()
 8 SYSTEMPATH/Boot.php(67): CodeIgniter\Boot::runCodeIgniter(Object(CodeIgniter\CodeIgniter))
 9 FCPATH/index.php(56): CodeIgniter\Boot::bootWeb(Object(Config\Paths))
CRITICAL - 2024-10-01 00:45:02 --> ErrorException: Constant LANG already defined
[Method: GET, Route: CronJob/envia_avisos]
in APPPATH/Controllers/CronJob.php on line 18.
 1 [internal function]: CodeIgniter\Debug\Exceptions->errorHandler(2, 'Constant LANG already defined', '/home/next0355/dev.next1crm.com.br/app/Controllers/CronJob.php', 18)
 2 APPPATH/Controllers/CronJob.php(18): define('LANG', 'portuguese_br')
 3 APPPATH/Controllers/DynamicController.php(41): App\Controllers\CronJob->__construct()
 4 SYSTEMPATH/CodeIgniter.php(933): App\Controllers\DynamicController->execute('CronJob', 'envia_avisos')
 5 SYSTEMPATH/CodeIgniter.php(509): CodeIgniter\CodeIgniter->runController(Object(App\Controllers\DynamicController))
 6 SYSTEMPATH/CodeIgniter.php(355): CodeIgniter\CodeIgniter->handleRequest(null, Object(Config\Cache), false)
 7 SYSTEMPATH/Boot.php(325): CodeIgniter\CodeIgniter->run()
 8 SYSTEMPATH/Boot.php(67): CodeIgniter\Boot::runCodeIgniter(Object(CodeIgniter\CodeIgniter))
 9 FCPATH/index.php(56): CodeIgniter\Boot::bootWeb(Object(Config\Paths))
CRITICAL - 2024-10-01 01:00:03 --> ErrorException: Constant LANG already defined
[Method: GET, Route: CronJob/envia_avisos]
in APPPATH/Controllers/CronJob.php on line 18.
 1 [internal function]: CodeIgniter\Debug\Exceptions->errorHandler(2, 'Constant LANG already defined', '/home/next0355/dev.next1crm.com.br/app/Controllers/CronJob.php', 18)
 2 APPPATH/Controllers/CronJob.php(18): define('LANG', 'portuguese_br')
 3 APPPATH/Controllers/DynamicController.php(41): App\Controllers\CronJob->__construct()
 4 SYSTEMPATH/CodeIgniter.php(933): App\Controllers\DynamicController->execute('CronJob', 'envia_avisos')
 5 SYSTEMPATH/CodeIgniter.php(509): CodeIgniter\CodeIgniter->runController(Object(App\Controllers\DynamicController))
 6 SYSTEMPATH/CodeIgniter.php(355): CodeIgniter\CodeIgniter->handleRequest(null, Object(Config\Cache), false)
 7 SYSTEMPATH/Boot.php(325): CodeIgniter\CodeIgniter->run()
 8 SYSTEMPATH/Boot.php(67): CodeIgniter\Boot::runCodeIgniter(Object(CodeIgniter\CodeIgniter))
 9 FCPATH/index.php(56): CodeIgniter\Boot::bootWeb(Object(Config\Paths))
CRITICAL - 2024-10-01 01:15:02 --> ErrorException: Constant LANG already defined
[Method: GET, Route: CronJob/envia_avisos]
in APPPATH/Controllers/CronJob.php on line 18.
 1 [internal function]: CodeIgniter\Debug\Exceptions->errorHandler(2, 'Constant LANG already defined', '/home/next0355/dev.next1crm.com.br/app/Controllers/CronJob.php', 18)
 2 APPPATH/Controllers/CronJob.php(18): define('LANG', 'portuguese_br')
 3 APPPATH/Controllers/DynamicController.php(41): App\Controllers\CronJob->__construct()
 4 SYSTEMPATH/CodeIgniter.php(933): App\Controllers\DynamicController->execute('CronJob', 'envia_avisos')
 5 SYSTEMPATH/CodeIgniter.php(509): CodeIgniter\CodeIgniter->runController(Object(App\Controllers\DynamicController))
 6 SYSTEMPATH/CodeIgniter.php(355): CodeIgniter\CodeIgniter->handleRequest(null, Object(Config\Cache), false)
 7 SYSTEMPATH/Boot.php(325): CodeIgniter\CodeIgniter->run()
 8 SYSTEMPATH/Boot.php(67): CodeIgniter\Boot::runCodeIgniter(Object(CodeIgniter\CodeIgniter))
 9 FCPATH/index.php(56): CodeIgniter\Boot::bootWeb(Object(Config\Paths))
CRITICAL - 2024-10-01 01:30:02 --> ErrorException: Constant LANG already defined
[Method: GET, Route: CronJob/envia_avisos]
in APPPATH/Controllers/CronJob.php on line 18.
 1 [internal function]: CodeIgniter\Debug\Exceptions->errorHandler(2, 'Constant LANG already defined', '/home/next0355/dev.next1crm.com.br/app/Controllers/CronJob.php', 18)
 2 APPPATH/Controllers/CronJob.php(18): define('LANG', 'portuguese_br')
 3 APPPATH/Controllers/DynamicController.php(41): App\Controllers\CronJob->__construct()
 4 SYSTEMPATH/CodeIgniter.php(933): App\Controllers\DynamicController->execute('CronJob', 'envia_avisos')
 5 SYSTEMPATH/CodeIgniter.php(509): CodeIgniter\CodeIgniter->runController(Object(App\Controllers\DynamicController))
 6 SYSTEMPATH/CodeIgniter.php(355): CodeIgniter\CodeIgniter->handleRequest(null, Object(Config\Cache), false)
 7 SYSTEMPATH/Boot.php(325): CodeIgniter\CodeIgniter->run()
 8 SYSTEMPATH/Boot.php(67): CodeIgniter\Boot::runCodeIgniter(Object(CodeIgniter\CodeIgniter))
 9 FCPATH/index.php(56): CodeIgniter\Boot::bootWeb(Object(Config\Paths))
CRITICAL - 2024-10-01 01:45:03 --> ErrorException: Constant LANG already defined
[Method: GET, Route: CronJob/envia_avisos]
in APPPATH/Controllers/CronJob.php on line 18.
 1 [internal function]: CodeIgniter\Debug\Exceptions->errorHandler(2, 'Constant LANG already defined', '/home/next0355/dev.next1crm.com.br/app/Controllers/CronJob.php', 18)
 2 APPPATH/Controllers/CronJob.php(18): define('LANG', 'portuguese_br')
 3 APPPATH/Controllers/DynamicController.php(41): App\Controllers\CronJob->__construct()
 4 SYSTEMPATH/CodeIgniter.php(933): App\Controllers\DynamicController->execute('CronJob', 'envia_avisos')
 5 SYSTEMPATH/CodeIgniter.php(509): CodeIgniter\CodeIgniter->runController(Object(App\Controllers\DynamicController))
 6 SYSTEMPATH/CodeIgniter.php(355): CodeIgniter\CodeIgniter->handleRequest(null, Object(Config\Cache), false)
 7 SYSTEMPATH/Boot.php(325): CodeIgniter\CodeIgniter->run()
 8 SYSTEMPATH/Boot.php(67): CodeIgniter\Boot::runCodeIgniter(Object(CodeIgniter\CodeIgniter))
 9 FCPATH/index.php(56): CodeIgniter\Boot::bootWeb(Object(Config\Paths))
CRITICAL - 2024-10-01 02:00:02 --> ErrorException: Constant LANG already defined
[Method: GET, Route: CronJob/envia_avisos]
in APPPATH/Controllers/CronJob.php on line 18.
 1 [internal function]: CodeIgniter\Debug\Exceptions->errorHandler(2, 'Constant LANG already defined', '/home/next0355/dev.next1crm.com.br/app/Controllers/CronJob.php', 18)
 2 APPPATH/Controllers/CronJob.php(18): define('LANG', 'portuguese_br')
 3 APPPATH/Controllers/DynamicController.php(41): App\Controllers\CronJob->__construct()
 4 SYSTEMPATH/CodeIgniter.php(933): App\Controllers\DynamicController->execute('CronJob', 'envia_avisos')
 5 SYSTEMPATH/CodeIgniter.php(509): CodeIgniter\CodeIgniter->runController(Object(App\Controllers\DynamicController))
 6 SYSTEMPATH/CodeIgniter.php(355): CodeIgniter\CodeIgniter->handleRequest(null, Object(Config\Cache), false)
 7 SYSTEMPATH/Boot.php(325): CodeIgniter\CodeIgniter->run()
 8 SYSTEMPATH/Boot.php(67): CodeIgniter\Boot::runCodeIgniter(Object(CodeIgniter\CodeIgniter))
 9 FCPATH/index.php(56): CodeIgniter\Boot::bootWeb(Object(Config\Paths))
CRITICAL - 2024-10-01 02:15:03 --> ErrorException: Constant LANG already defined
[Method: GET, Route: CronJob/envia_avisos]
in APPPATH/Controllers/CronJob.php on line 18.
 1 [internal function]: CodeIgniter\Debug\Exceptions->errorHandler(2, 'Constant LANG already defined', '/home/next0355/dev.next1crm.com.br/app/Controllers/CronJob.php', 18)
 2 APPPATH/Controllers/CronJob.php(18): define('LANG', 'portuguese_br')
 3 APPPATH/Controllers/DynamicController.php(41): App\Controllers\CronJob->__construct()
 4 SYSTEMPATH/CodeIgniter.php(933): App\Controllers\DynamicController->execute('CronJob', 'envia_avisos')
 5 SYSTEMPATH/CodeIgniter.php(509): CodeIgniter\CodeIgniter->runController(Object(App\Controllers\DynamicController))
 6 SYSTEMPATH/CodeIgniter.php(355): CodeIgniter\CodeIgniter->handleRequest(null, Object(Config\Cache), false)
 7 SYSTEMPATH/Boot.php(325): CodeIgniter\CodeIgniter->run()
 8 SYSTEMPATH/Boot.php(67): CodeIgniter\Boot::runCodeIgniter(Object(CodeIgniter\CodeIgniter))
 9 FCPATH/index.php(56): CodeIgniter\Boot::bootWeb(Object(Config\Paths))
CRITICAL - 2024-10-01 02:30:02 --> ErrorException: Constant LANG already defined
[Method: GET, Route: CronJob/envia_avisos]
in APPPATH/Controllers/CronJob.php on line 18.
 1 [internal function]: CodeIgniter\Debug\Exceptions->errorHandler(2, 'Constant LANG already defined', '/home/next0355/dev.next1crm.com.br/app/Controllers/CronJob.php', 18)
 2 APPPATH/Controllers/CronJob.php(18): define('LANG', 'portuguese_br')
 3 APPPATH/Controllers/DynamicController.php(41): App\Controllers\CronJob->__construct()
 4 SYSTEMPATH/CodeIgniter.php(933): App\Controllers\DynamicController->execute('CronJob', 'envia_avisos')
 5 SYSTEMPATH/CodeIgniter.php(509): CodeIgniter\CodeIgniter->runController(Object(App\Controllers\DynamicController))
 6 SYSTEMPATH/CodeIgniter.php(355): CodeIgniter\CodeIgniter->handleRequest(null, Object(Config\Cache), false)
 7 SYSTEMPATH/Boot.php(325): CodeIgniter\CodeIgniter->run()
 8 SYSTEMPATH/Boot.php(67): CodeIgniter\Boot::runCodeIgniter(Object(CodeIgniter\CodeIgniter))
 9 FCPATH/index.php(56): CodeIgniter\Boot::bootWeb(Object(Config\Paths))
CRITICAL - 2024-10-01 02:45:02 --> ErrorException: Constant LANG already defined
[Method: GET, Route: CronJob/envia_avisos]
in APPPATH/Controllers/CronJob.php on line 18.
 1 [internal function]: CodeIgniter\Debug\Exceptions->errorHandler(2, 'Constant LANG already defined', '/home/next0355/dev.next1crm.com.br/app/Controllers/CronJob.php', 18)
 2 APPPATH/Controllers/CronJob.php(18): define('LANG', 'portuguese_br')
 3 APPPATH/Controllers/DynamicController.php(41): App\Controllers\CronJob->__construct()
 4 SYSTEMPATH/CodeIgniter.php(933): App\Controllers\DynamicController->execute('CronJob', 'envia_avisos')
 5 SYSTEMPATH/CodeIgniter.php(509): CodeIgniter\CodeIgniter->runController(Object(App\Controllers\DynamicController))
 6 SYSTEMPATH/CodeIgniter.php(355): CodeIgniter\CodeIgniter->handleRequest(null, Object(Config\Cache), false)
 7 SYSTEMPATH/Boot.php(325): CodeIgniter\CodeIgniter->run()
 8 SYSTEMPATH/Boot.php(67): CodeIgniter\Boot::runCodeIgniter(Object(CodeIgniter\CodeIgniter))
 9 FCPATH/index.php(56): CodeIgniter\Boot::bootWeb(Object(Config\Paths))
CRITICAL - 2024-10-01 03:00:02 --> ErrorException: Constant LANG already defined
[Method: GET, Route: CronJob/envia_avisos]
in APPPATH/Controllers/CronJob.php on line 18.
 1 [internal function]: CodeIgniter\Debug\Exceptions->errorHandler(2, 'Constant LANG already defined', '/home/next0355/dev.next1crm.com.br/app/Controllers/CronJob.php', 18)
 2 APPPATH/Controllers/CronJob.php(18): define('LANG', 'portuguese_br')
 3 APPPATH/Controllers/DynamicController.php(41): App\Controllers\CronJob->__construct()
 4 SYSTEMPATH/CodeIgniter.php(933): App\Controllers\DynamicController->execute('CronJob', 'envia_avisos')
 5 SYSTEMPATH/CodeIgniter.php(509): CodeIgniter\CodeIgniter->runController(Object(App\Controllers\DynamicController))
 6 SYSTEMPATH/CodeIgniter.php(355): CodeIgniter\CodeIgniter->handleRequest(null, Object(Config\Cache), false)
 7 SYSTEMPATH/Boot.php(325): CodeIgniter\CodeIgniter->run()
 8 SYSTEMPATH/Boot.php(67): CodeIgniter\Boot::runCodeIgniter(Object(CodeIgniter\CodeIgniter))
 9 FCPATH/index.php(56): CodeIgniter\Boot::bootWeb(Object(Config\Paths))
CRITICAL - 2024-10-01 03:15:02 --> ErrorException: Constant LANG already defined
[Method: GET, Route: CronJob/envia_avisos]
in APPPATH/Controllers/CronJob.php on line 18.
 1 [internal function]: CodeIgniter\Debug\Exceptions->errorHandler(2, 'Constant LANG already defined', '/home/next0355/dev.next1crm.com.br/app/Controllers/CronJob.php', 18)
 2 APPPATH/Controllers/CronJob.php(18): define('LANG', 'portuguese_br')
 3 APPPATH/Controllers/DynamicController.php(41): App\Controllers\CronJob->__construct()
 4 SYSTEMPATH/CodeIgniter.php(933): App\Controllers\DynamicController->execute('CronJob', 'envia_avisos')
 5 SYSTEMPATH/CodeIgniter.php(509): CodeIgniter\CodeIgniter->runController(Object(App\Controllers\DynamicController))
 6 SYSTEMPATH/CodeIgniter.php(355): CodeIgniter\CodeIgniter->handleRequest(null, Object(Config\Cache), false)
 7 SYSTEMPATH/Boot.php(325): CodeIgniter\CodeIgniter->run()
 8 SYSTEMPATH/Boot.php(67): CodeIgniter\Boot::runCodeIgniter(Object(CodeIgniter\CodeIgniter))
 9 FCPATH/index.php(56): CodeIgniter\Boot::bootWeb(Object(Config\Paths))
CRITICAL - 2024-10-01 03:30:03 --> ErrorException: Constant LANG already defined
[Method: GET, Route: CronJob/envia_avisos]
in APPPATH/Controllers/CronJob.php on line 18.
 1 [internal function]: CodeIgniter\Debug\Exceptions->errorHandler(2, 'Constant LANG already defined', '/home/next0355/dev.next1crm.com.br/app/Controllers/CronJob.php', 18)
 2 APPPATH/Controllers/CronJob.php(18): define('LANG', 'portuguese_br')
 3 APPPATH/Controllers/DynamicController.php(41): App\Controllers\CronJob->__construct()
 4 SYSTEMPATH/CodeIgniter.php(933): App\Controllers\DynamicController->execute('CronJob', 'envia_avisos')
 5 SYSTEMPATH/CodeIgniter.php(509): CodeIgniter\CodeIgniter->runController(Object(App\Controllers\DynamicController))
 6 SYSTEMPATH/CodeIgniter.php(355): CodeIgniter\CodeIgniter->handleRequest(null, Object(Config\Cache), false)
 7 SYSTEMPATH/Boot.php(325): CodeIgniter\CodeIgniter->run()
 8 SYSTEMPATH/Boot.php(67): CodeIgniter\Boot::runCodeIgniter(Object(CodeIgniter\CodeIgniter))
 9 FCPATH/index.php(56): CodeIgniter\Boot::bootWeb(Object(Config\Paths))
CRITICAL - 2024-10-01 03:45:02 --> ErrorException: Constant LANG already defined
[Method: GET, Route: CronJob/envia_avisos]
in APPPATH/Controllers/CronJob.php on line 18.
 1 [internal function]: CodeIgniter\Debug\Exceptions->errorHandler(2, 'Constant LANG already defined', '/home/next0355/dev.next1crm.com.br/app/Controllers/CronJob.php', 18)
 2 APPPATH/Controllers/CronJob.php(18): define('LANG', 'portuguese_br')
 3 APPPATH/Controllers/DynamicController.php(41): App\Controllers\CronJob->__construct()
 4 SYSTEMPATH/CodeIgniter.php(933): App\Controllers\DynamicController->execute('CronJob', 'envia_avisos')
 5 SYSTEMPATH/CodeIgniter.php(509): CodeIgniter\CodeIgniter->runController(Object(App\Controllers\DynamicController))
 6 SYSTEMPATH/CodeIgniter.php(355): CodeIgniter\CodeIgniter->handleRequest(null, Object(Config\Cache), false)
 7 SYSTEMPATH/Boot.php(325): CodeIgniter\CodeIgniter->run()
 8 SYSTEMPATH/Boot.php(67): CodeIgniter\Boot::runCodeIgniter(Object(CodeIgniter\CodeIgniter))
 9 FCPATH/index.php(56): CodeIgniter\Boot::bootWeb(Object(Config\Paths))
CRITICAL - 2024-10-01 04:00:02 --> ErrorException: Constant LANG already defined
[Method: GET, Route: CronJob/envia_avisos]
in APPPATH/Controllers/CronJob.php on line 18.
 1 [internal function]: CodeIgniter\Debug\Exceptions->errorHandler(2, 'Constant LANG already defined', '/home/next0355/dev.next1crm.com.br/app/Controllers/CronJob.php', 18)
 2 APPPATH/Controllers/CronJob.php(18): define('LANG', 'portuguese_br')
 3 APPPATH/Controllers/DynamicController.php(41): App\Controllers\CronJob->__construct()
 4 SYSTEMPATH/CodeIgniter.php(933): App\Controllers\DynamicController->execute('CronJob', 'envia_avisos')
 5 SYSTEMPATH/CodeIgniter.php(509): CodeIgniter\CodeIgniter->runController(Object(App\Controllers\DynamicController))
 6 SYSTEMPATH/CodeIgniter.php(355): CodeIgniter\CodeIgniter->handleRequest(null, Object(Config\Cache), false)
 7 SYSTEMPATH/Boot.php(325): CodeIgniter\CodeIgniter->run()
 8 SYSTEMPATH/Boot.php(67): CodeIgniter\Boot::runCodeIgniter(Object(CodeIgniter\CodeIgniter))
 9 FCPATH/index.php(56): CodeIgniter\Boot::bootWeb(Object(Config\Paths))
CRITICAL - 2024-10-01 04:15:02 --> ErrorException: Constant LANG already defined
[Method: GET, Route: CronJob/envia_avisos]
in APPPATH/Controllers/CronJob.php on line 18.
 1 [internal function]: CodeIgniter\Debug\Exceptions->errorHandler(2, 'Constant LANG already defined', '/home/next0355/dev.next1crm.com.br/app/Controllers/CronJob.php', 18)
 2 APPPATH/Controllers/CronJob.php(18): define('LANG', 'portuguese_br')
 3 APPPATH/Controllers/DynamicController.php(41): App\Controllers\CronJob->__construct()
 4 SYSTEMPATH/CodeIgniter.php(933): App\Controllers\DynamicController->execute('CronJob', 'envia_avisos')
 5 SYSTEMPATH/CodeIgniter.php(509): CodeIgniter\CodeIgniter->runController(Object(App\Controllers\DynamicController))
 6 SYSTEMPATH/CodeIgniter.php(355): CodeIgniter\CodeIgniter->handleRequest(null, Object(Config\Cache), false)
 7 SYSTEMPATH/Boot.php(325): CodeIgniter\CodeIgniter->run()
 8 SYSTEMPATH/Boot.php(67): CodeIgniter\Boot::runCodeIgniter(Object(CodeIgniter\CodeIgniter))
 9 FCPATH/index.php(56): CodeIgniter\Boot::bootWeb(Object(Config\Paths))
CRITICAL - 2024-10-01 04:30:02 --> ErrorException: Constant LANG already defined
[Method: GET, Route: CronJob/envia_avisos]
in APPPATH/Controllers/CronJob.php on line 18.
 1 [internal function]: CodeIgniter\Debug\Exceptions->errorHandler(2, 'Constant LANG already defined', '/home/next0355/dev.next1crm.com.br/app/Controllers/CronJob.php', 18)
 2 APPPATH/Controllers/CronJob.php(18): define('LANG', 'portuguese_br')
 3 APPPATH/Controllers/DynamicController.php(41): App\Controllers\CronJob->__construct()
 4 SYSTEMPATH/CodeIgniter.php(933): App\Controllers\DynamicController->execute('CronJob', 'envia_avisos')
 5 SYSTEMPATH/CodeIgniter.php(509): CodeIgniter\CodeIgniter->runController(Object(App\Controllers\DynamicController))
 6 SYSTEMPATH/CodeIgniter.php(355): CodeIgniter\CodeIgniter->handleRequest(null, Object(Config\Cache), false)
 7 SYSTEMPATH/Boot.php(325): CodeIgniter\CodeIgniter->run()
 8 SYSTEMPATH/Boot.php(67): CodeIgniter\Boot::runCodeIgniter(Object(CodeIgniter\CodeIgniter))
 9 FCPATH/index.php(56): CodeIgniter\Boot::bootWeb(Object(Config\Paths))
CRITICAL - 2024-10-01 04:45:02 --> ErrorException: Constant LANG already defined
[Method: GET, Route: CronJob/envia_avisos]
in APPPATH/Controllers/CronJob.php on line 18.
 1 [internal function]: CodeIgniter\Debug\Exceptions->errorHandler(2, 'Constant LANG already defined', '/home/next0355/dev.next1crm.com.br/app/Controllers/CronJob.php', 18)
 2 APPPATH/Controllers/CronJob.php(18): define('LANG', 'portuguese_br')
 3 APPPATH/Controllers/DynamicController.php(41): App\Controllers\CronJob->__construct()
 4 SYSTEMPATH/CodeIgniter.php(933): App\Controllers\DynamicController->execute('CronJob', 'envia_avisos')
 5 SYSTEMPATH/CodeIgniter.php(509): CodeIgniter\CodeIgniter->runController(Object(App\Controllers\DynamicController))
 6 SYSTEMPATH/CodeIgniter.php(355): CodeIgniter\CodeIgniter->handleRequest(null, Object(Config\Cache), false)
 7 SYSTEMPATH/Boot.php(325): CodeIgniter\CodeIgniter->run()
 8 SYSTEMPATH/Boot.php(67): CodeIgniter\Boot::runCodeIgniter(Object(CodeIgniter\CodeIgniter))
 9 FCPATH/index.php(56): CodeIgniter\Boot::bootWeb(Object(Config\Paths))
CRITICAL - 2024-10-01 05:00:02 --> ErrorException: Constant LANG already defined
[Method: GET, Route: CronJob/envia_avisos]
in APPPATH/Controllers/CronJob.php on line 18.
 1 [internal function]: CodeIgniter\Debug\Exceptions->errorHandler(2, 'Constant LANG already defined', '/home/next0355/dev.next1crm.com.br/app/Controllers/CronJob.php', 18)
 2 APPPATH/Controllers/CronJob.php(18): define('LANG', 'portuguese_br')
 3 APPPATH/Controllers/DynamicController.php(41): App\Controllers\CronJob->__construct()
 4 SYSTEMPATH/CodeIgniter.php(933): App\Controllers\DynamicController->execute('CronJob', 'envia_avisos')
 5 SYSTEMPATH/CodeIgniter.php(509): CodeIgniter\CodeIgniter->runController(Object(App\Controllers\DynamicController))
 6 SYSTEMPATH/CodeIgniter.php(355): CodeIgniter\CodeIgniter->handleRequest(null, Object(Config\Cache), false)
 7 SYSTEMPATH/Boot.php(325): CodeIgniter\CodeIgniter->run()
 8 SYSTEMPATH/Boot.php(67): CodeIgniter\Boot::runCodeIgniter(Object(CodeIgniter\CodeIgniter))
 9 FCPATH/index.php(56): CodeIgniter\Boot::bootWeb(Object(Config\Paths))
CRITICAL - 2024-10-01 05:15:03 --> ErrorException: Constant LANG already defined
[Method: GET, Route: CronJob/envia_avisos]
in APPPATH/Controllers/CronJob.php on line 18.
 1 [internal function]: CodeIgniter\Debug\Exceptions->errorHandler(2, 'Constant LANG already defined', '/home/next0355/dev.next1crm.com.br/app/Controllers/CronJob.php', 18)
 2 APPPATH/Controllers/CronJob.php(18): define('LANG', 'portuguese_br')
 3 APPPATH/Controllers/DynamicController.php(41): App\Controllers\CronJob->__construct()
 4 SYSTEMPATH/CodeIgniter.php(933): App\Controllers\DynamicController->execute('CronJob', 'envia_avisos')
 5 SYSTEMPATH/CodeIgniter.php(509): CodeIgniter\CodeIgniter->runController(Object(App\Controllers\DynamicController))
 6 SYSTEMPATH/CodeIgniter.php(355): CodeIgniter\CodeIgniter->handleRequest(null, Object(Config\Cache), false)
 7 SYSTEMPATH/Boot.php(325): CodeIgniter\CodeIgniter->run()
 8 SYSTEMPATH/Boot.php(67): CodeIgniter\Boot::runCodeIgniter(Object(CodeIgniter\CodeIgniter))
 9 FCPATH/index.php(56): CodeIgniter\Boot::bootWeb(Object(Config\Paths))
CRITICAL - 2024-10-01 05:30:03 --> ErrorException: Constant LANG already defined
[Method: GET, Route: CronJob/envia_avisos]
in APPPATH/Controllers/CronJob.php on line 18.
 1 [internal function]: CodeIgniter\Debug\Exceptions->errorHandler(2, 'Constant LANG already defined', '/home/next0355/dev.next1crm.com.br/app/Controllers/CronJob.php', 18)
 2 APPPATH/Controllers/CronJob.php(18): define('LANG', 'portuguese_br')
 3 APPPATH/Controllers/DynamicController.php(41): App\Controllers\CronJob->__construct()
 4 SYSTEMPATH/CodeIgniter.php(933): App\Controllers\DynamicController->execute('CronJob', 'envia_avisos')
 5 SYSTEMPATH/CodeIgniter.php(509): CodeIgniter\CodeIgniter->runController(Object(App\Controllers\DynamicController))
 6 SYSTEMPATH/CodeIgniter.php(355): CodeIgniter\CodeIgniter->handleRequest(null, Object(Config\Cache), false)
 7 SYSTEMPATH/Boot.php(325): CodeIgniter\CodeIgniter->run()
 8 SYSTEMPATH/Boot.php(67): CodeIgniter\Boot::runCodeIgniter(Object(CodeIgniter\CodeIgniter))
 9 FCPATH/index.php(56): CodeIgniter\Boot::bootWeb(Object(Config\Paths))
CRITICAL - 2024-10-01 05:45:02 --> ErrorException: Constant LANG already defined
[Method: GET, Route: CronJob/envia_avisos]
in APPPATH/Controllers/CronJob.php on line 18.
 1 [internal function]: CodeIgniter\Debug\Exceptions->errorHandler(2, 'Constant LANG already defined', '/home/next0355/dev.next1crm.com.br/app/Controllers/CronJob.php', 18)
 2 APPPATH/Controllers/CronJob.php(18): define('LANG', 'portuguese_br')
 3 APPPATH/Controllers/DynamicController.php(41): App\Controllers\CronJob->__construct()
 4 SYSTEMPATH/CodeIgniter.php(933): App\Controllers\DynamicController->execute('CronJob', 'envia_avisos')
 5 SYSTEMPATH/CodeIgniter.php(509): CodeIgniter\CodeIgniter->runController(Object(App\Controllers\DynamicController))
 6 SYSTEMPATH/CodeIgniter.php(355): CodeIgniter\CodeIgniter->handleRequest(null, Object(Config\Cache), false)
 7 SYSTEMPATH/Boot.php(325): CodeIgniter\CodeIgniter->run()
 8 SYSTEMPATH/Boot.php(67): CodeIgniter\Boot::runCodeIgniter(Object(CodeIgniter\CodeIgniter))
 9 FCPATH/index.php(56): CodeIgniter\Boot::bootWeb(Object(Config\Paths))
CRITICAL - 2024-10-01 06:00:02 --> ErrorException: Constant LANG already defined
[Method: GET, Route: CronJob/envia_avisos]
in APPPATH/Controllers/CronJob.php on line 18.
 1 [internal function]: CodeIgniter\Debug\Exceptions->errorHandler(2, 'Constant LANG already defined', '/home/next0355/dev.next1crm.com.br/app/Controllers/CronJob.php', 18)
 2 APPPATH/Controllers/CronJob.php(18): define('LANG', 'portuguese_br')
 3 APPPATH/Controllers/DynamicController.php(41): App\Controllers\CronJob->__construct()
 4 SYSTEMPATH/CodeIgniter.php(933): App\Controllers\DynamicController->execute('CronJob', 'envia_avisos')
 5 SYSTEMPATH/CodeIgniter.php(509): CodeIgniter\CodeIgniter->runController(Object(App\Controllers\DynamicController))
 6 SYSTEMPATH/CodeIgniter.php(355): CodeIgniter\CodeIgniter->handleRequest(null, Object(Config\Cache), false)
 7 SYSTEMPATH/Boot.php(325): CodeIgniter\CodeIgniter->run()
 8 SYSTEMPATH/Boot.php(67): CodeIgniter\Boot::runCodeIgniter(Object(CodeIgniter\CodeIgniter))
 9 FCPATH/index.php(56): CodeIgniter\Boot::bootWeb(Object(Config\Paths))
CRITICAL - 2024-10-01 06:15:03 --> ErrorException: Constant LANG already defined
[Method: GET, Route: CronJob/envia_avisos]
in APPPATH/Controllers/CronJob.php on line 18.
 1 [internal function]: CodeIgniter\Debug\Exceptions->errorHandler(2, 'Constant LANG already defined', '/home/next0355/dev.next1crm.com.br/app/Controllers/CronJob.php', 18)
 2 APPPATH/Controllers/CronJob.php(18): define('LANG', 'portuguese_br')
 3 APPPATH/Controllers/DynamicController.php(41): App\Controllers\CronJob->__construct()
 4 SYSTEMPATH/CodeIgniter.php(933): App\Controllers\DynamicController->execute('CronJob', 'envia_avisos')
 5 SYSTEMPATH/CodeIgniter.php(509): CodeIgniter\CodeIgniter->runController(Object(App\Controllers\DynamicController))
 6 SYSTEMPATH/CodeIgniter.php(355): CodeIgniter\CodeIgniter->handleRequest(null, Object(Config\Cache), false)
 7 SYSTEMPATH/Boot.php(325): CodeIgniter\CodeIgniter->run()
 8 SYSTEMPATH/Boot.php(67): CodeIgniter\Boot::runCodeIgniter(Object(CodeIgniter\CodeIgniter))
 9 FCPATH/index.php(56): CodeIgniter\Boot::bootWeb(Object(Config\Paths))
CRITICAL - 2024-10-01 06:30:02 --> ErrorException: Constant LANG already defined
[Method: GET, Route: CronJob/envia_avisos]
in APPPATH/Controllers/CronJob.php on line 18.
 1 [internal function]: CodeIgniter\Debug\Exceptions->errorHandler(2, 'Constant LANG already defined', '/home/next0355/dev.next1crm.com.br/app/Controllers/CronJob.php', 18)
 2 APPPATH/Controllers/CronJob.php(18): define('LANG', 'portuguese_br')
 3 APPPATH/Controllers/DynamicController.php(41): App\Controllers\CronJob->__construct()
 4 SYSTEMPATH/CodeIgniter.php(933): App\Controllers\DynamicController->execute('CronJob', 'envia_avisos')
 5 SYSTEMPATH/CodeIgniter.php(509): CodeIgniter\CodeIgniter->runController(Object(App\Controllers\DynamicController))
 6 SYSTEMPATH/CodeIgniter.php(355): CodeIgniter\CodeIgniter->handleRequest(null, Object(Config\Cache), false)
 7 SYSTEMPATH/Boot.php(325): CodeIgniter\CodeIgniter->run()
 8 SYSTEMPATH/Boot.php(67): CodeIgniter\Boot::runCodeIgniter(Object(CodeIgniter\CodeIgniter))
 9 FCPATH/index.php(56): CodeIgniter\Boot::bootWeb(Object(Config\Paths))
CRITICAL - 2024-10-01 06:45:04 --> ErrorException: Constant LANG already defined
[Method: GET, Route: CronJob/envia_avisos]
in APPPATH/Controllers/CronJob.php on line 18.
 1 [internal function]: CodeIgniter\Debug\Exceptions->errorHandler(2, 'Constant LANG already defined', '/home/next0355/dev.next1crm.com.br/app/Controllers/CronJob.php', 18)
 2 APPPATH/Controllers/CronJob.php(18): define('LANG', 'portuguese_br')
 3 APPPATH/Controllers/DynamicController.php(41): App\Controllers\CronJob->__construct()
 4 SYSTEMPATH/CodeIgniter.php(933): App\Controllers\DynamicController->execute('CronJob', 'envia_avisos')
 5 SYSTEMPATH/CodeIgniter.php(509): CodeIgniter\CodeIgniter->runController(Object(App\Controllers\DynamicController))
 6 SYSTEMPATH/CodeIgniter.php(355): CodeIgniter\CodeIgniter->handleRequest(null, Object(Config\Cache), false)
 7 SYSTEMPATH/Boot.php(325): CodeIgniter\CodeIgniter->run()
 8 SYSTEMPATH/Boot.php(67): CodeIgniter\Boot::runCodeIgniter(Object(CodeIgniter\CodeIgniter))
 9 FCPATH/index.php(56): CodeIgniter\Boot::bootWeb(Object(Config\Paths))
CRITICAL - 2024-10-01 07:00:03 --> ErrorException: Constant LANG already defined
[Method: GET, Route: CronJob/envia_avisos]
in APPPATH/Controllers/CronJob.php on line 18.
 1 [internal function]: CodeIgniter\Debug\Exceptions->errorHandler(2, 'Constant LANG already defined', '/home/next0355/dev.next1crm.com.br/app/Controllers/CronJob.php', 18)
 2 APPPATH/Controllers/CronJob.php(18): define('LANG', 'portuguese_br')
 3 APPPATH/Controllers/DynamicController.php(41): App\Controllers\CronJob->__construct()
 4 SYSTEMPATH/CodeIgniter.php(933): App\Controllers\DynamicController->execute('CronJob', 'envia_avisos')
 5 SYSTEMPATH/CodeIgniter.php(509): CodeIgniter\CodeIgniter->runController(Object(App\Controllers\DynamicController))
 6 SYSTEMPATH/CodeIgniter.php(355): CodeIgniter\CodeIgniter->handleRequest(null, Object(Config\Cache), false)
 7 SYSTEMPATH/Boot.php(325): CodeIgniter\CodeIgniter->run()
 8 SYSTEMPATH/Boot.php(67): CodeIgniter\Boot::runCodeIgniter(Object(CodeIgniter\CodeIgniter))
 9 FCPATH/index.php(56): CodeIgniter\Boot::bootWeb(Object(Config\Paths))
CRITICAL - 2024-10-01 07:15:02 --> ErrorException: Constant LANG already defined
[Method: GET, Route: CronJob/envia_avisos]
in APPPATH/Controllers/CronJob.php on line 18.
 1 [internal function]: CodeIgniter\Debug\Exceptions->errorHandler(2, 'Constant LANG already defined', '/home/next0355/dev.next1crm.com.br/app/Controllers/CronJob.php', 18)
 2 APPPATH/Controllers/CronJob.php(18): define('LANG', 'portuguese_br')
 3 APPPATH/Controllers/DynamicController.php(41): App\Controllers\CronJob->__construct()
 4 SYSTEMPATH/CodeIgniter.php(933): App\Controllers\DynamicController->execute('CronJob', 'envia_avisos')
 5 SYSTEMPATH/CodeIgniter.php(509): CodeIgniter\CodeIgniter->runController(Object(App\Controllers\DynamicController))
 6 SYSTEMPATH/CodeIgniter.php(355): CodeIgniter\CodeIgniter->handleRequest(null, Object(Config\Cache), false)
 7 SYSTEMPATH/Boot.php(325): CodeIgniter\CodeIgniter->run()
 8 SYSTEMPATH/Boot.php(67): CodeIgniter\Boot::runCodeIgniter(Object(CodeIgniter\CodeIgniter))
 9 FCPATH/index.php(56): CodeIgniter\Boot::bootWeb(Object(Config\Paths))
CRITICAL - 2024-10-01 07:30:02 --> ErrorException: Constant LANG already defined
[Method: GET, Route: CronJob/envia_avisos]
in APPPATH/Controllers/CronJob.php on line 18.
 1 [internal function]: CodeIgniter\Debug\Exceptions->errorHandler(2, 'Constant LANG already defined', '/home/next0355/dev.next1crm.com.br/app/Controllers/CronJob.php', 18)
 2 APPPATH/Controllers/CronJob.php(18): define('LANG', 'portuguese_br')
 3 APPPATH/Controllers/DynamicController.php(41): App\Controllers\CronJob->__construct()
 4 SYSTEMPATH/CodeIgniter.php(933): App\Controllers\DynamicController->execute('CronJob', 'envia_avisos')
 5 SYSTEMPATH/CodeIgniter.php(509): CodeIgniter\CodeIgniter->runController(Object(App\Controllers\DynamicController))
 6 SYSTEMPATH/CodeIgniter.php(355): CodeIgniter\CodeIgniter->handleRequest(null, Object(Config\Cache), false)
 7 SYSTEMPATH/Boot.php(325): CodeIgniter\CodeIgniter->run()
 8 SYSTEMPATH/Boot.php(67): CodeIgniter\Boot::runCodeIgniter(Object(CodeIgniter\CodeIgniter))
 9 FCPATH/index.php(56): CodeIgniter\Boot::bootWeb(Object(Config\Paths))
CRITICAL - 2024-10-01 07:45:02 --> ErrorException: Constant LANG already defined
[Method: GET, Route: CronJob/envia_avisos]
in APPPATH/Controllers/CronJob.php on line 18.
 1 [internal function]: CodeIgniter\Debug\Exceptions->errorHandler(2, 'Constant LANG already defined', '/home/next0355/dev.next1crm.com.br/app/Controllers/CronJob.php', 18)
 2 APPPATH/Controllers/CronJob.php(18): define('LANG', 'portuguese_br')
 3 APPPATH/Controllers/DynamicController.php(41): App\Controllers\CronJob->__construct()
 4 SYSTEMPATH/CodeIgniter.php(933): App\Controllers\DynamicController->execute('CronJob', 'envia_avisos')
 5 SYSTEMPATH/CodeIgniter.php(509): CodeIgniter\CodeIgniter->runController(Object(App\Controllers\DynamicController))
 6 SYSTEMPATH/CodeIgniter.php(355): CodeIgniter\CodeIgniter->handleRequest(null, Object(Config\Cache), false)
 7 SYSTEMPATH/Boot.php(325): CodeIgniter\CodeIgniter->run()
 8 SYSTEMPATH/Boot.php(67): CodeIgniter\Boot::runCodeIgniter(Object(CodeIgniter\CodeIgniter))
 9 FCPATH/index.php(56): CodeIgniter\Boot::bootWeb(Object(Config\Paths))
CRITICAL - 2024-10-01 08:00:02 --> ErrorException: Constant LANG already defined
[Method: GET, Route: CronJob/envia_avisos]
in APPPATH/Controllers/CronJob.php on line 18.
 1 [internal function]: CodeIgniter\Debug\Exceptions->errorHandler(2, 'Constant LANG already defined', '/home/next0355/dev.next1crm.com.br/app/Controllers/CronJob.php', 18)
 2 APPPATH/Controllers/CronJob.php(18): define('LANG', 'portuguese_br')
 3 APPPATH/Controllers/DynamicController.php(41): App\Controllers\CronJob->__construct()
 4 SYSTEMPATH/CodeIgniter.php(933): App\Controllers\DynamicController->execute('CronJob', 'envia_avisos')
 5 SYSTEMPATH/CodeIgniter.php(509): CodeIgniter\CodeIgniter->runController(Object(App\Controllers\DynamicController))
 6 SYSTEMPATH/CodeIgniter.php(355): CodeIgniter\CodeIgniter->handleRequest(null, Object(Config\Cache), false)
 7 SYSTEMPATH/Boot.php(325): CodeIgniter\CodeIgniter->run()
 8 SYSTEMPATH/Boot.php(67): CodeIgniter\Boot::runCodeIgniter(Object(CodeIgniter\CodeIgniter))
 9 FCPATH/index.php(56): CodeIgniter\Boot::bootWeb(Object(Config\Paths))
CRITICAL - 2024-10-01 08:15:03 --> ErrorException: Constant LANG already defined
[Method: GET, Route: CronJob/envia_avisos]
in APPPATH/Controllers/CronJob.php on line 18.
 1 [internal function]: CodeIgniter\Debug\Exceptions->errorHandler(2, 'Constant LANG already defined', '/home/next0355/dev.next1crm.com.br/app/Controllers/CronJob.php', 18)
 2 APPPATH/Controllers/CronJob.php(18): define('LANG', 'portuguese_br')
 3 APPPATH/Controllers/DynamicController.php(41): App\Controllers\CronJob->__construct()
 4 SYSTEMPATH/CodeIgniter.php(933): App\Controllers\DynamicController->execute('CronJob', 'envia_avisos')
 5 SYSTEMPATH/CodeIgniter.php(509): CodeIgniter\CodeIgniter->runController(Object(App\Controllers\DynamicController))
 6 SYSTEMPATH/CodeIgniter.php(355): CodeIgniter\CodeIgniter->handleRequest(null, Object(Config\Cache), false)
 7 SYSTEMPATH/Boot.php(325): CodeIgniter\CodeIgniter->run()
 8 SYSTEMPATH/Boot.php(67): CodeIgniter\Boot::runCodeIgniter(Object(CodeIgniter\CodeIgniter))
 9 FCPATH/index.php(56): CodeIgniter\Boot::bootWeb(Object(Config\Paths))
CRITICAL - 2024-10-01 08:30:02 --> ErrorException: Constant LANG already defined
[Method: GET, Route: CronJob/envia_avisos]
in APPPATH/Controllers/CronJob.php on line 18.
 1 [internal function]: CodeIgniter\Debug\Exceptions->errorHandler(2, 'Constant LANG already defined', '/home/next0355/dev.next1crm.com.br/app/Controllers/CronJob.php', 18)
 2 APPPATH/Controllers/CronJob.php(18): define('LANG', 'portuguese_br')
 3 APPPATH/Controllers/DynamicController.php(41): App\Controllers\CronJob->__construct()
 4 SYSTEMPATH/CodeIgniter.php(933): App\Controllers\DynamicController->execute('CronJob', 'envia_avisos')
 5 SYSTEMPATH/CodeIgniter.php(509): CodeIgniter\CodeIgniter->runController(Object(App\Controllers\DynamicController))
 6 SYSTEMPATH/CodeIgniter.php(355): CodeIgniter\CodeIgniter->handleRequest(null, Object(Config\Cache), false)
 7 SYSTEMPATH/Boot.php(325): CodeIgniter\CodeIgniter->run()
 8 SYSTEMPATH/Boot.php(67): CodeIgniter\Boot::runCodeIgniter(Object(CodeIgniter\CodeIgniter))
 9 FCPATH/index.php(56): CodeIgniter\Boot::bootWeb(Object(Config\Paths))
CRITICAL - 2024-10-01 08:45:02 --> ErrorException: Constant LANG already defined
[Method: GET, Route: CronJob/envia_avisos]
in APPPATH/Controllers/CronJob.php on line 18.
 1 [internal function]: CodeIgniter\Debug\Exceptions->errorHandler(2, 'Constant LANG already defined', '/home/next0355/dev.next1crm.com.br/app/Controllers/CronJob.php', 18)
 2 APPPATH/Controllers/CronJob.php(18): define('LANG', 'portuguese_br')
 3 APPPATH/Controllers/DynamicController.php(41): App\Controllers\CronJob->__construct()
 4 SYSTEMPATH/CodeIgniter.php(933): App\Controllers\DynamicController->execute('CronJob', 'envia_avisos')
 5 SYSTEMPATH/CodeIgniter.php(509): CodeIgniter\CodeIgniter->runController(Object(App\Controllers\DynamicController))
 6 SYSTEMPATH/CodeIgniter.php(355): CodeIgniter\CodeIgniter->handleRequest(null, Object(Config\Cache), false)
 7 SYSTEMPATH/Boot.php(325): CodeIgniter\CodeIgniter->run()
 8 SYSTEMPATH/Boot.php(67): CodeIgniter\Boot::runCodeIgniter(Object(CodeIgniter\CodeIgniter))
 9 FCPATH/index.php(56): CodeIgniter\Boot::bootWeb(Object(Config\Paths))
CRITICAL - 2024-10-01 09:00:03 --> ErrorException: Constant LANG already defined
[Method: GET, Route: CronJob/envia_avisos]
in APPPATH/Controllers/CronJob.php on line 18.
 1 [internal function]: CodeIgniter\Debug\Exceptions->errorHandler(2, 'Constant LANG already defined', '/home/next0355/dev.next1crm.com.br/app/Controllers/CronJob.php', 18)
 2 APPPATH/Controllers/CronJob.php(18): define('LANG', 'portuguese_br')
 3 APPPATH/Controllers/DynamicController.php(41): App\Controllers\CronJob->__construct()
 4 SYSTEMPATH/CodeIgniter.php(933): App\Controllers\DynamicController->execute('CronJob', 'envia_avisos')
 5 SYSTEMPATH/CodeIgniter.php(509): CodeIgniter\CodeIgniter->runController(Object(App\Controllers\DynamicController))
 6 SYSTEMPATH/CodeIgniter.php(355): CodeIgniter\CodeIgniter->handleRequest(null, Object(Config\Cache), false)
 7 SYSTEMPATH/Boot.php(325): CodeIgniter\CodeIgniter->run()
 8 SYSTEMPATH/Boot.php(67): CodeIgniter\Boot::runCodeIgniter(Object(CodeIgniter\CodeIgniter))
 9 FCPATH/index.php(56): CodeIgniter\Boot::bootWeb(Object(Config\Paths))
CRITICAL - 2024-10-01 09:15:02 --> ErrorException: Constant LANG already defined
[Method: GET, Route: CronJob/envia_avisos]
in APPPATH/Controllers/CronJob.php on line 18.
 1 [internal function]: CodeIgniter\Debug\Exceptions->errorHandler(2, 'Constant LANG already defined', '/home/next0355/dev.next1crm.com.br/app/Controllers/CronJob.php', 18)
 2 APPPATH/Controllers/CronJob.php(18): define('LANG', 'portuguese_br')
 3 APPPATH/Controllers/DynamicController.php(41): App\Controllers\CronJob->__construct()
 4 SYSTEMPATH/CodeIgniter.php(933): App\Controllers\DynamicController->execute('CronJob', 'envia_avisos')
 5 SYSTEMPATH/CodeIgniter.php(509): CodeIgniter\CodeIgniter->runController(Object(App\Controllers\DynamicController))
 6 SYSTEMPATH/CodeIgniter.php(355): CodeIgniter\CodeIgniter->handleRequest(null, Object(Config\Cache), false)
 7 SYSTEMPATH/Boot.php(325): CodeIgniter\CodeIgniter->run()
 8 SYSTEMPATH/Boot.php(67): CodeIgniter\Boot::runCodeIgniter(Object(CodeIgniter\CodeIgniter))
 9 FCPATH/index.php(56): CodeIgniter\Boot::bootWeb(Object(Config\Paths))
CRITICAL - 2024-10-01 09:30:02 --> ErrorException: Constant LANG already defined
[Method: GET, Route: CronJob/envia_avisos]
in APPPATH/Controllers/CronJob.php on line 18.
 1 [internal function]: CodeIgniter\Debug\Exceptions->errorHandler(2, 'Constant LANG already defined', '/home/next0355/dev.next1crm.com.br/app/Controllers/CronJob.php', 18)
 2 APPPATH/Controllers/CronJob.php(18): define('LANG', 'portuguese_br')
 3 APPPATH/Controllers/DynamicController.php(41): App\Controllers\CronJob->__construct()
 4 SYSTEMPATH/CodeIgniter.php(933): App\Controllers\DynamicController->execute('CronJob', 'envia_avisos')
 5 SYSTEMPATH/CodeIgniter.php(509): CodeIgniter\CodeIgniter->runController(Object(App\Controllers\DynamicController))
 6 SYSTEMPATH/CodeIgniter.php(355): CodeIgniter\CodeIgniter->handleRequest(null, Object(Config\Cache), false)
 7 SYSTEMPATH/Boot.php(325): CodeIgniter\CodeIgniter->run()
 8 SYSTEMPATH/Boot.php(67): CodeIgniter\Boot::runCodeIgniter(Object(CodeIgniter\CodeIgniter))
 9 FCPATH/index.php(56): CodeIgniter\Boot::bootWeb(Object(Config\Paths))
CRITICAL - 2024-10-01 09:45:02 --> ErrorException: Constant LANG already defined
[Method: GET, Route: CronJob/envia_avisos]
in APPPATH/Controllers/CronJob.php on line 18.
 1 [internal function]: CodeIgniter\Debug\Exceptions->errorHandler(2, 'Constant LANG already defined', '/home/next0355/dev.next1crm.com.br/app/Controllers/CronJob.php', 18)
 2 APPPATH/Controllers/CronJob.php(18): define('LANG', 'portuguese_br')
 3 APPPATH/Controllers/DynamicController.php(41): App\Controllers\CronJob->__construct()
 4 SYSTEMPATH/CodeIgniter.php(933): App\Controllers\DynamicController->execute('CronJob', 'envia_avisos')
 5 SYSTEMPATH/CodeIgniter.php(509): CodeIgniter\CodeIgniter->runController(Object(App\Controllers\DynamicController))
 6 SYSTEMPATH/CodeIgniter.php(355): CodeIgniter\CodeIgniter->handleRequest(null, Object(Config\Cache), false)
 7 SYSTEMPATH/Boot.php(325): CodeIgniter\CodeIgniter->run()
 8 SYSTEMPATH/Boot.php(67): CodeIgniter\Boot::runCodeIgniter(Object(CodeIgniter\CodeIgniter))
 9 FCPATH/index.php(56): CodeIgniter\Boot::bootWeb(Object(Config\Paths))
CRITICAL - 2024-10-01 10:00:02 --> ErrorException: Constant LANG already defined
[Method: GET, Route: CronJob/envia_avisos]
in APPPATH/Controllers/CronJob.php on line 18.
 1 [internal function]: CodeIgniter\Debug\Exceptions->errorHandler(2, 'Constant LANG already defined', '/home/next0355/dev.next1crm.com.br/app/Controllers/CronJob.php', 18)
 2 APPPATH/Controllers/CronJob.php(18): define('LANG', 'portuguese_br')
 3 APPPATH/Controllers/DynamicController.php(41): App\Controllers\CronJob->__construct()
 4 SYSTEMPATH/CodeIgniter.php(933): App\Controllers\DynamicController->execute('CronJob', 'envia_avisos')
 5 SYSTEMPATH/CodeIgniter.php(509): CodeIgniter\CodeIgniter->runController(Object(App\Controllers\DynamicController))
 6 SYSTEMPATH/CodeIgniter.php(355): CodeIgniter\CodeIgniter->handleRequest(null, Object(Config\Cache), false)
 7 SYSTEMPATH/Boot.php(325): CodeIgniter\CodeIgniter->run()
 8 SYSTEMPATH/Boot.php(67): CodeIgniter\Boot::runCodeIgniter(Object(CodeIgniter\CodeIgniter))
 9 FCPATH/index.php(56): CodeIgniter\Boot::bootWeb(Object(Config\Paths))
CRITICAL - 2024-10-01 10:15:03 --> ErrorException: Constant LANG already defined
[Method: GET, Route: CronJob/envia_avisos]
in APPPATH/Controllers/CronJob.php on line 18.
 1 [internal function]: CodeIgniter\Debug\Exceptions->errorHandler(2, 'Constant LANG already defined', '/home/next0355/dev.next1crm.com.br/app/Controllers/CronJob.php', 18)
 2 APPPATH/Controllers/CronJob.php(18): define('LANG', 'portuguese_br')
 3 APPPATH/Controllers/DynamicController.php(41): App\Controllers\CronJob->__construct()
 4 SYSTEMPATH/CodeIgniter.php(933): App\Controllers\DynamicController->execute('CronJob', 'envia_avisos')
 5 SYSTEMPATH/CodeIgniter.php(509): CodeIgniter\CodeIgniter->runController(Object(App\Controllers\DynamicController))
 6 SYSTEMPATH/CodeIgniter.php(355): CodeIgniter\CodeIgniter->handleRequest(null, Object(Config\Cache), false)
 7 SYSTEMPATH/Boot.php(325): CodeIgniter\CodeIgniter->run()
 8 SYSTEMPATH/Boot.php(67): CodeIgniter\Boot::runCodeIgniter(Object(CodeIgniter\CodeIgniter))
 9 FCPATH/index.php(56): CodeIgniter\Boot::bootWeb(Object(Config\Paths))
CRITICAL - 2024-10-01 10:30:02 --> ErrorException: Constant LANG already defined
[Method: GET, Route: CronJob/envia_avisos]
in APPPATH/Controllers/CronJob.php on line 18.
 1 [internal function]: CodeIgniter\Debug\Exceptions->errorHandler(2, 'Constant LANG already defined', '/home/next0355/dev.next1crm.com.br/app/Controllers/CronJob.php', 18)
 2 APPPATH/Controllers/CronJob.php(18): define('LANG', 'portuguese_br')
 3 APPPATH/Controllers/DynamicController.php(41): App\Controllers\CronJob->__construct()
 4 SYSTEMPATH/CodeIgniter.php(933): App\Controllers\DynamicController->execute('CronJob', 'envia_avisos')
 5 SYSTEMPATH/CodeIgniter.php(509): CodeIgniter\CodeIgniter->runController(Object(App\Controllers\DynamicController))
 6 SYSTEMPATH/CodeIgniter.php(355): CodeIgniter\CodeIgniter->handleRequest(null, Object(Config\Cache), false)
 7 SYSTEMPATH/Boot.php(325): CodeIgniter\CodeIgniter->run()
 8 SYSTEMPATH/Boot.php(67): CodeIgniter\Boot::runCodeIgniter(Object(CodeIgniter\CodeIgniter))
 9 FCPATH/index.php(56): CodeIgniter\Boot::bootWeb(Object(Config\Paths))
CRITICAL - 2024-10-01 10:45:02 --> ErrorException: Constant LANG already defined
[Method: GET, Route: CronJob/envia_avisos]
in APPPATH/Controllers/CronJob.php on line 18.
 1 [internal function]: CodeIgniter\Debug\Exceptions->errorHandler(2, 'Constant LANG already defined', '/home/next0355/dev.next1crm.com.br/app/Controllers/CronJob.php', 18)
 2 APPPATH/Controllers/CronJob.php(18): define('LANG', 'portuguese_br')
 3 APPPATH/Controllers/DynamicController.php(41): App\Controllers\CronJob->__construct()
 4 SYSTEMPATH/CodeIgniter.php(933): App\Controllers\DynamicController->execute('CronJob', 'envia_avisos')
 5 SYSTEMPATH/CodeIgniter.php(509): CodeIgniter\CodeIgniter->runController(Object(App\Controllers\DynamicController))
 6 SYSTEMPATH/CodeIgniter.php(355): CodeIgniter\CodeIgniter->handleRequest(null, Object(Config\Cache), false)
 7 SYSTEMPATH/Boot.php(325): CodeIgniter\CodeIgniter->run()
 8 SYSTEMPATH/Boot.php(67): CodeIgniter\Boot::runCodeIgniter(Object(CodeIgniter\CodeIgniter))
 9 FCPATH/index.php(56): CodeIgniter\Boot::bootWeb(Object(Config\Paths))
CRITICAL - 2024-10-01 11:00:02 --> ErrorException: Constant LANG already defined
[Method: GET, Route: CronJob/envia_avisos]
in APPPATH/Controllers/CronJob.php on line 18.
 1 [internal function]: CodeIgniter\Debug\Exceptions->errorHandler(2, 'Constant LANG already defined', '/home/next0355/dev.next1crm.com.br/app/Controllers/CronJob.php', 18)
 2 APPPATH/Controllers/CronJob.php(18): define('LANG', 'portuguese_br')
 3 APPPATH/Controllers/DynamicController.php(41): App\Controllers\CronJob->__construct()
 4 SYSTEMPATH/CodeIgniter.php(933): App\Controllers\DynamicController->execute('CronJob', 'envia_avisos')
 5 SYSTEMPATH/CodeIgniter.php(509): CodeIgniter\CodeIgniter->runController(Object(App\Controllers\DynamicController))
 6 SYSTEMPATH/CodeIgniter.php(355): CodeIgniter\CodeIgniter->handleRequest(null, Object(Config\Cache), false)
 7 SYSTEMPATH/Boot.php(325): CodeIgniter\CodeIgniter->run()
 8 SYSTEMPATH/Boot.php(67): CodeIgniter\Boot::runCodeIgniter(Object(CodeIgniter\CodeIgniter))
 9 FCPATH/index.php(56): CodeIgniter\Boot::bootWeb(Object(Config\Paths))
CRITICAL - 2024-10-01 11:15:02 --> ErrorException: Constant LANG already defined
[Method: GET, Route: CronJob/envia_avisos]
in APPPATH/Controllers/CronJob.php on line 18.
 1 [internal function]: CodeIgniter\Debug\Exceptions->errorHandler(2, 'Constant LANG already defined', '/home/next0355/dev.next1crm.com.br/app/Controllers/CronJob.php', 18)
 2 APPPATH/Controllers/CronJob.php(18): define('LANG', 'portuguese_br')
 3 APPPATH/Controllers/DynamicController.php(41): App\Controllers\CronJob->__construct()
 4 SYSTEMPATH/CodeIgniter.php(933): App\Controllers\DynamicController->execute('CronJob', 'envia_avisos')
 5 SYSTEMPATH/CodeIgniter.php(509): CodeIgniter\CodeIgniter->runController(Object(App\Controllers\DynamicController))
 6 SYSTEMPATH/CodeIgniter.php(355): CodeIgniter\CodeIgniter->handleRequest(null, Object(Config\Cache), false)
 7 SYSTEMPATH/Boot.php(325): CodeIgniter\CodeIgniter->run()
 8 SYSTEMPATH/Boot.php(67): CodeIgniter\Boot::runCodeIgniter(Object(CodeIgniter\CodeIgniter))
 9 FCPATH/index.php(56): CodeIgniter\Boot::bootWeb(Object(Config\Paths))
CRITICAL - 2024-10-01 11:30:02 --> ErrorException: Constant LANG already defined
[Method: GET, Route: CronJob/envia_avisos]
in APPPATH/Controllers/CronJob.php on line 18.
 1 [internal function]: CodeIgniter\Debug\Exceptions->errorHandler(2, 'Constant LANG already defined', '/home/next0355/dev.next1crm.com.br/app/Controllers/CronJob.php', 18)
 2 APPPATH/Controllers/CronJob.php(18): define('LANG', 'portuguese_br')
 3 APPPATH/Controllers/DynamicController.php(41): App\Controllers\CronJob->__construct()
 4 SYSTEMPATH/CodeIgniter.php(933): App\Controllers\DynamicController->execute('CronJob', 'envia_avisos')
 5 SYSTEMPATH/CodeIgniter.php(509): CodeIgniter\CodeIgniter->runController(Object(App\Controllers\DynamicController))
 6 SYSTEMPATH/CodeIgniter.php(355): CodeIgniter\CodeIgniter->handleRequest(null, Object(Config\Cache), false)
 7 SYSTEMPATH/Boot.php(325): CodeIgniter\CodeIgniter->run()
 8 SYSTEMPATH/Boot.php(67): CodeIgniter\Boot::runCodeIgniter(Object(CodeIgniter\CodeIgniter))
 9 FCPATH/index.php(56): CodeIgniter\Boot::bootWeb(Object(Config\Paths))
CRITICAL - 2024-10-01 11:45:02 --> ErrorException: Constant LANG already defined
[Method: GET, Route: CronJob/envia_avisos]
in APPPATH/Controllers/CronJob.php on line 18.
 1 [internal function]: CodeIgniter\Debug\Exceptions->errorHandler(2, 'Constant LANG already defined', '/home/next0355/dev.next1crm.com.br/app/Controllers/CronJob.php', 18)
 2 APPPATH/Controllers/CronJob.php(18): define('LANG', 'portuguese_br')
 3 APPPATH/Controllers/DynamicController.php(41): App\Controllers\CronJob->__construct()
 4 SYSTEMPATH/CodeIgniter.php(933): App\Controllers\DynamicController->execute('CronJob', 'envia_avisos')
 5 SYSTEMPATH/CodeIgniter.php(509): CodeIgniter\CodeIgniter->runController(Object(App\Controllers\DynamicController))
 6 SYSTEMPATH/CodeIgniter.php(355): CodeIgniter\CodeIgniter->handleRequest(null, Object(Config\Cache), false)
 7 SYSTEMPATH/Boot.php(325): CodeIgniter\CodeIgniter->run()
 8 SYSTEMPATH/Boot.php(67): CodeIgniter\Boot::runCodeIgniter(Object(CodeIgniter\CodeIgniter))
 9 FCPATH/index.php(56): CodeIgniter\Boot::bootWeb(Object(Config\Paths))
CRITICAL - 2024-10-01 12:00:02 --> ErrorException: Constant LANG already defined
[Method: GET, Route: CronJob/envia_avisos]
in APPPATH/Controllers/CronJob.php on line 18.
 1 [internal function]: CodeIgniter\Debug\Exceptions->errorHandler(2, 'Constant LANG already defined', '/home/next0355/dev.next1crm.com.br/app/Controllers/CronJob.php', 18)
 2 APPPATH/Controllers/CronJob.php(18): define('LANG', 'portuguese_br')
 3 APPPATH/Controllers/DynamicController.php(41): App\Controllers\CronJob->__construct()
 4 SYSTEMPATH/CodeIgniter.php(933): App\Controllers\DynamicController->execute('CronJob', 'envia_avisos')
 5 SYSTEMPATH/CodeIgniter.php(509): CodeIgniter\CodeIgniter->runController(Object(App\Controllers\DynamicController))
 6 SYSTEMPATH/CodeIgniter.php(355): CodeIgniter\CodeIgniter->handleRequest(null, Object(Config\Cache), false)
 7 SYSTEMPATH/Boot.php(325): CodeIgniter\CodeIgniter->run()
 8 SYSTEMPATH/Boot.php(67): CodeIgniter\Boot::runCodeIgniter(Object(CodeIgniter\CodeIgniter))
 9 FCPATH/index.php(56): CodeIgniter\Boot::bootWeb(Object(Config\Paths))
CRITICAL - 2024-10-01 12:15:02 --> ErrorException: Constant LANG already defined
[Method: GET, Route: CronJob/envia_avisos]
in APPPATH/Controllers/CronJob.php on line 18.
 1 [internal function]: CodeIgniter\Debug\Exceptions->errorHandler(2, 'Constant LANG already defined', '/home/next0355/dev.next1crm.com.br/app/Controllers/CronJob.php', 18)
 2 APPPATH/Controllers/CronJob.php(18): define('LANG', 'portuguese_br')
 3 APPPATH/Controllers/DynamicController.php(41): App\Controllers\CronJob->__construct()
 4 SYSTEMPATH/CodeIgniter.php(933): App\Controllers\DynamicController->execute('CronJob', 'envia_avisos')
 5 SYSTEMPATH/CodeIgniter.php(509): CodeIgniter\CodeIgniter->runController(Object(App\Controllers\DynamicController))
 6 SYSTEMPATH/CodeIgniter.php(355): CodeIgniter\CodeIgniter->handleRequest(null, Object(Config\Cache), false)
 7 SYSTEMPATH/Boot.php(325): CodeIgniter\CodeIgniter->run()
 8 SYSTEMPATH/Boot.php(67): CodeIgniter\Boot::runCodeIgniter(Object(CodeIgniter\CodeIgniter))
 9 FCPATH/index.php(56): CodeIgniter\Boot::bootWeb(Object(Config\Paths))
CRITICAL - 2024-10-01 12:30:03 --> ErrorException: Constant LANG already defined
[Method: GET, Route: CronJob/envia_avisos]
in APPPATH/Controllers/CronJob.php on line 18.
 1 [internal function]: CodeIgniter\Debug\Exceptions->errorHandler(2, 'Constant LANG already defined', '/home/next0355/dev.next1crm.com.br/app/Controllers/CronJob.php', 18)
 2 APPPATH/Controllers/CronJob.php(18): define('LANG', 'portuguese_br')
 3 APPPATH/Controllers/DynamicController.php(41): App\Controllers\CronJob->__construct()
 4 SYSTEMPATH/CodeIgniter.php(933): App\Controllers\DynamicController->execute('CronJob', 'envia_avisos')
 5 SYSTEMPATH/CodeIgniter.php(509): CodeIgniter\CodeIgniter->runController(Object(App\Controllers\DynamicController))
 6 SYSTEMPATH/CodeIgniter.php(355): CodeIgniter\CodeIgniter->handleRequest(null, Object(Config\Cache), false)
 7 SYSTEMPATH/Boot.php(325): CodeIgniter\CodeIgniter->run()
 8 SYSTEMPATH/Boot.php(67): CodeIgniter\Boot::runCodeIgniter(Object(CodeIgniter\CodeIgniter))
 9 FCPATH/index.php(56): CodeIgniter\Boot::bootWeb(Object(Config\Paths))
CRITICAL - 2024-10-01 12:45:02 --> ErrorException: Constant LANG already defined
[Method: GET, Route: CronJob/envia_avisos]
in APPPATH/Controllers/CronJob.php on line 18.
 1 [internal function]: CodeIgniter\Debug\Exceptions->errorHandler(2, 'Constant LANG already defined', '/home/next0355/dev.next1crm.com.br/app/Controllers/CronJob.php', 18)
 2 APPPATH/Controllers/CronJob.php(18): define('LANG', 'portuguese_br')
 3 APPPATH/Controllers/DynamicController.php(41): App\Controllers\CronJob->__construct()
 4 SYSTEMPATH/CodeIgniter.php(933): App\Controllers\DynamicController->execute('CronJob', 'envia_avisos')
 5 SYSTEMPATH/CodeIgniter.php(509): CodeIgniter\CodeIgniter->runController(Object(App\Controllers\DynamicController))
 6 SYSTEMPATH/CodeIgniter.php(355): CodeIgniter\CodeIgniter->handleRequest(null, Object(Config\Cache), false)
 7 SYSTEMPATH/Boot.php(325): CodeIgniter\CodeIgniter->run()
 8 SYSTEMPATH/Boot.php(67): CodeIgniter\Boot::runCodeIgniter(Object(CodeIgniter\CodeIgniter))
 9 FCPATH/index.php(56): CodeIgniter\Boot::bootWeb(Object(Config\Paths))
CRITICAL - 2024-10-01 13:00:03 --> ErrorException: Constant LANG already defined
[Method: GET, Route: CronJob/envia_avisos]
in APPPATH/Controllers/CronJob.php on line 18.
 1 [internal function]: CodeIgniter\Debug\Exceptions->errorHandler(2, 'Constant LANG already defined', '/home/next0355/dev.next1crm.com.br/app/Controllers/CronJob.php', 18)
 2 APPPATH/Controllers/CronJob.php(18): define('LANG', 'portuguese_br')
 3 APPPATH/Controllers/DynamicController.php(41): App\Controllers\CronJob->__construct()
 4 SYSTEMPATH/CodeIgniter.php(933): App\Controllers\DynamicController->execute('CronJob', 'envia_avisos')
 5 SYSTEMPATH/CodeIgniter.php(509): CodeIgniter\CodeIgniter->runController(Object(App\Controllers\DynamicController))
 6 SYSTEMPATH/CodeIgniter.php(355): CodeIgniter\CodeIgniter->handleRequest(null, Object(Config\Cache), false)
 7 SYSTEMPATH/Boot.php(325): CodeIgniter\CodeIgniter->run()
 8 SYSTEMPATH/Boot.php(67): CodeIgniter\Boot::runCodeIgniter(Object(CodeIgniter\CodeIgniter))
 9 FCPATH/index.php(56): CodeIgniter\Boot::bootWeb(Object(Config\Paths))
CRITICAL - 2024-10-01 13:15:02 --> ErrorException: Constant LANG already defined
[Method: GET, Route: CronJob/envia_avisos]
in APPPATH/Controllers/CronJob.php on line 18.
 1 [internal function]: CodeIgniter\Debug\Exceptions->errorHandler(2, 'Constant LANG already defined', '/home/next0355/dev.next1crm.com.br/app/Controllers/CronJob.php', 18)
 2 APPPATH/Controllers/CronJob.php(18): define('LANG', 'portuguese_br')
 3 APPPATH/Controllers/DynamicController.php(41): App\Controllers\CronJob->__construct()
 4 SYSTEMPATH/CodeIgniter.php(933): App\Controllers\DynamicController->execute('CronJob', 'envia_avisos')
 5 SYSTEMPATH/CodeIgniter.php(509): CodeIgniter\CodeIgniter->runController(Object(App\Controllers\DynamicController))
 6 SYSTEMPATH/CodeIgniter.php(355): CodeIgniter\CodeIgniter->handleRequest(null, Object(Config\Cache), false)
 7 SYSTEMPATH/Boot.php(325): CodeIgniter\CodeIgniter->run()
 8 SYSTEMPATH/Boot.php(67): CodeIgniter\Boot::runCodeIgniter(Object(CodeIgniter\CodeIgniter))
 9 FCPATH/index.php(56): CodeIgniter\Boot::bootWeb(Object(Config\Paths))
CRITICAL - 2024-10-01 13:27:08 --> ErrorException: Trying to access array offset on value of type null
[Method: GET, Route: panel]
in APPPATH/Models/Privileges_Model.php on line 25.
 1 APPPATH/Models/Privileges_Model.php(25): CodeIgniter\Debug\Exceptions->errorHandler(2, 'Trying to access array offset on value of type null', '/home/next0355/dev.next1crm.com.br/app/Models/Privileges_Model.php', 25)
 2 APPPATH/Controllers/Panel.php(18): App\Models\Privileges_Model->has_privilege('dashGoals')
 3 APPPATH/Controllers/DynamicController.php(55): App\Controllers\Panel->index()
 4 SYSTEMPATH/CodeIgniter.php(933): App\Controllers\DynamicController->execute('panel')
 5 SYSTEMPATH/CodeIgniter.php(509): CodeIgniter\CodeIgniter->runController(Object(App\Controllers\DynamicController))
 6 SYSTEMPATH/CodeIgniter.php(355): CodeIgniter\CodeIgniter->handleRequest(null, Object(Config\Cache), false)
 7 SYSTEMPATH/Boot.php(325): CodeIgniter\CodeIgniter->run()
 8 SYSTEMPATH/Boot.php(67): CodeIgniter\Boot::runCodeIgniter(Object(CodeIgniter\CodeIgniter))
 9 FCPATH/index.php(56): CodeIgniter\Boot::bootWeb(Object(Config\Paths))
CRITICAL - 2024-10-01 13:27:21 --> ErrorException: Trying to access array offset on value of type null
[Method: GET, Route: panel]
in APPPATH/Models/Privileges_Model.php on line 25.
 1 APPPATH/Models/Privileges_Model.php(25): CodeIgniter\Debug\Exceptions->errorHandler(2, 'Trying to access array offset on value of type null', '/home/next0355/dev.next1crm.com.br/app/Models/Privileges_Model.php', 25)
 2 APPPATH/Controllers/Panel.php(18): App\Models\Privileges_Model->has_privilege('dashGoals')
 3 APPPATH/Controllers/DynamicController.php(55): App\Controllers\Panel->index()
 4 SYSTEMPATH/CodeIgniter.php(933): App\Controllers\DynamicController->execute('panel')
 5 SYSTEMPATH/CodeIgniter.php(509): CodeIgniter\CodeIgniter->runController(Object(App\Controllers\DynamicController))
 6 SYSTEMPATH/CodeIgniter.php(355): CodeIgniter\CodeIgniter->handleRequest(null, Object(Config\Cache), false)
 7 SYSTEMPATH/Boot.php(325): CodeIgniter\CodeIgniter->run()
 8 SYSTEMPATH/Boot.php(67): CodeIgniter\Boot::runCodeIgniter(Object(CodeIgniter\CodeIgniter))
 9 FCPATH/index.php(56): CodeIgniter\Boot::bootWeb(Object(Config\Paths))
CRITICAL - 2024-10-01 13:27:26 --> ErrorException: Trying to access array offset on value of type null
[Method: GET, Route: panel]
in APPPATH/Models/Privileges_Model.php on line 25.
 1 APPPATH/Models/Privileges_Model.php(25): CodeIgniter\Debug\Exceptions->errorHandler(2, 'Trying to access array offset on value of type null', '/home/next0355/dev.next1crm.com.br/app/Models/Privileges_Model.php', 25)
 2 APPPATH/Controllers/Panel.php(18): App\Models\Privileges_Model->has_privilege('dashGoals')
 3 APPPATH/Controllers/DynamicController.php(55): App\Controllers\Panel->index()
 4 SYSTEMPATH/CodeIgniter.php(933): App\Controllers\DynamicController->execute('panel')
 5 SYSTEMPATH/CodeIgniter.php(509): CodeIgniter\CodeIgniter->runController(Object(App\Controllers\DynamicController))
 6 SYSTEMPATH/CodeIgniter.php(355): CodeIgniter\CodeIgniter->handleRequest(null, Object(Config\Cache), false)
 7 SYSTEMPATH/Boot.php(325): CodeIgniter\CodeIgniter->run()
 8 SYSTEMPATH/Boot.php(67): CodeIgniter\Boot::runCodeIgniter(Object(CodeIgniter\CodeIgniter))
 9 FCPATH/index.php(56): CodeIgniter\Boot::bootWeb(Object(Config\Paths))
CRITICAL - 2024-10-01 13:27:34 --> ErrorException: Trying to access array offset on value of type null
[Method: GET, Route: panel]
in APPPATH/Models/Privileges_Model.php on line 25.
 1 APPPATH/Models/Privileges_Model.php(25): CodeIgniter\Debug\Exceptions->errorHandler(2, 'Trying to access array offset on value of type null', '/home/next0355/dev.next1crm.com.br/app/Models/Privileges_Model.php', 25)
 2 APPPATH/Controllers/Panel.php(18): App\Models\Privileges_Model->has_privilege('dashGoals')
 3 APPPATH/Controllers/DynamicController.php(55): App\Controllers\Panel->index()
 4 SYSTEMPATH/CodeIgniter.php(933): App\Controllers\DynamicController->execute('panel')
 5 SYSTEMPATH/CodeIgniter.php(509): CodeIgniter\CodeIgniter->runController(Object(App\Controllers\DynamicController))
 6 SYSTEMPATH/CodeIgniter.php(355): CodeIgniter\CodeIgniter->handleRequest(null, Object(Config\Cache), false)
 7 SYSTEMPATH/Boot.php(325): CodeIgniter\CodeIgniter->run()
 8 SYSTEMPATH/Boot.php(67): CodeIgniter\Boot::runCodeIgniter(Object(CodeIgniter\CodeIgniter))
 9 FCPATH/index.php(56): CodeIgniter\Boot::bootWeb(Object(Config\Paths))
ERROR - 2024-10-01 13:28:15 --> mysqli_sql_exception: You have an error in your SQL syntax; check the manual that corresponds to your MariaDB server version for the right syntax to use near 'and chat_staff2 = staff.id) or (chat_staff2 =  and chat_staff1 = staff.id) or...' at line 1 in /home/next0355/dev.next1crm.com.br/system/Database/MySQLi/Connection.php:312
Stack trace:
#0 /home/next0355/dev.next1crm.com.br/system/Database/MySQLi/Connection.php(312): mysqli->query('SELECT *, (SELE...', 0)
#1 /home/next0355/dev.next1crm.com.br/system/Database/BaseConnection.php(734): CodeIgniter\Database\MySQLi\Connection->execute('SELECT *, (SELE...')
#2 /home/next0355/dev.next1crm.com.br/system/Database/BaseConnection.php(648): CodeIgniter\Database\BaseConnection->simpleQuery('SELECT *, (SELE...')
#3 /home/next0355/dev.next1crm.com.br/system/Database/BaseBuilder.php(1644): CodeIgniter\Database\BaseConnection->query('SELECT *, (SELE...', Array, false)
#4 /home/next0355/dev.next1crm.com.br/app/Models/Chats_Model.php(59): CodeIgniter\Database\BaseBuilder->get()
#5 /home/next0355/dev.next1crm.com.br/app/Controllers/Api.php(1768): App\Models\Chats_Model->get_all_chats_by_privileges()
#6 /home/next0355/dev.next1crm.com.br/app/Controllers/DynamicController.php(55): App\Controllers\Api->chats()
#7 /home/next0355/dev.next1crm.com.br/system/CodeIgniter.php(933): App\Controllers\DynamicController->execute('api', 'chats')
#8 /home/next0355/dev.next1crm.com.br/system/CodeIgniter.php(509): CodeIgniter\CodeIgniter->runController(Object(App\Controllers\DynamicController))
#9 /home/next0355/dev.next1crm.com.br/system/CodeIgniter.php(355): CodeIgniter\CodeIgniter->handleRequest(NULL, Object(Config\Cache), false)
#10 /home/next0355/dev.next1crm.com.br/system/Boot.php(325): CodeIgniter\CodeIgniter->run()
#11 /home/next0355/dev.next1crm.com.br/system/Boot.php(67): CodeIgniter\Boot::runCodeIgniter(Object(CodeIgniter\CodeIgniter))
#12 /home/next0355/dev.next1crm.com.br/public/index.php(56): CodeIgniter\Boot::bootWeb(Object(Config\Paths))
#13 {main}
CRITICAL - 2024-10-01 13:28:15 --> Error: Call to a member function getResultArray() on bool
[Method: GET, Route: api/chats]
in APPPATH/Models/Chats_Model.php on line 59.
 1 APPPATH/Controllers/Api.php(1768): App\Models\Chats_Model->get_all_chats_by_privileges()
 2 APPPATH/Controllers/DynamicController.php(55): App\Controllers\Api->chats()
 3 SYSTEMPATH/CodeIgniter.php(933): App\Controllers\DynamicController->execute('api', 'chats')
 4 SYSTEMPATH/CodeIgniter.php(509): CodeIgniter\CodeIgniter->runController(Object(App\Controllers\DynamicController))
 5 SYSTEMPATH/CodeIgniter.php(355): CodeIgniter\CodeIgniter->handleRequest(null, Object(Config\Cache), false)
 6 SYSTEMPATH/Boot.php(325): CodeIgniter\CodeIgniter->run()
 7 SYSTEMPATH/Boot.php(67): CodeIgniter\Boot::runCodeIgniter(Object(CodeIgniter\CodeIgniter))
 8 FCPATH/index.php(56): CodeIgniter\Boot::bootWeb(Object(Config\Paths))
CRITICAL - 2024-10-01 13:28:16 --> ErrorException: Trying to access array offset on value of type null
[Method: GET, Route: products/get_products]
in APPPATH/Models/Privileges_Model.php on line 25.
 1 APPPATH/Models/Privileges_Model.php(25): CodeIgniter\Debug\Exceptions->errorHandler(2, 'Trying to access array offset on value of type null', '/home/next0355/dev.next1crm.com.br/app/Models/Privileges_Model.php', 25)
 2 APPPATH/Controllers/Products.php(15): App\Models\Privileges_Model->has_privilege('products')
 3 APPPATH/Controllers/DynamicController.php(41): App\Controllers\Products->__construct()
 4 SYSTEMPATH/CodeIgniter.php(933): App\Controllers\DynamicController->execute('products', 'get_products')
 5 SYSTEMPATH/CodeIgniter.php(509): CodeIgniter\CodeIgniter->runController(Object(App\Controllers\DynamicController))
 6 SYSTEMPATH/CodeIgniter.php(355): CodeIgniter\CodeIgniter->handleRequest(null, Object(Config\Cache), false)
 7 SYSTEMPATH/Boot.php(325): CodeIgniter\CodeIgniter->run()
 8 SYSTEMPATH/Boot.php(67): CodeIgniter\Boot::runCodeIgniter(Object(CodeIgniter\CodeIgniter))
 9 FCPATH/index.php(56): CodeIgniter\Boot::bootWeb(Object(Config\Paths))
CRITICAL - 2024-10-01 13:28:16 --> ErrorException: Trying to access array offset on value of type null
[Method: GET, Route: api/dueinvoices]
in APPPATH/Models/Privileges_Model.php on line 73.
 1 APPPATH/Models/Privileges_Model.php(73): CodeIgniter\Debug\Exceptions->errorHandler(2, 'Trying to access array offset on value of type null', '/home/next0355/dev.next1crm.com.br/app/Models/Privileges_Model.php', 73)
 2 APPPATH/Controllers/Api.php(1437): App\Models\Privileges_Model->check_privilege('invoices', 'all')
 3 APPPATH/Controllers/DynamicController.php(55): App\Controllers\Api->dueinvoices()
 4 SYSTEMPATH/CodeIgniter.php(933): App\Controllers\DynamicController->execute('api', 'dueinvoices')
 5 SYSTEMPATH/CodeIgniter.php(509): CodeIgniter\CodeIgniter->runController(Object(App\Controllers\DynamicController))
 6 SYSTEMPATH/CodeIgniter.php(355): CodeIgniter\CodeIgniter->handleRequest(null, Object(Config\Cache), false)
 7 SYSTEMPATH/Boot.php(325): CodeIgniter\CodeIgniter->run()
 8 SYSTEMPATH/Boot.php(67): CodeIgniter\Boot::runCodeIgniter(Object(CodeIgniter\CodeIgniter))
 9 FCPATH/index.php(56): CodeIgniter\Boot::bootWeb(Object(Config\Paths))
CRITICAL - 2024-10-01 13:28:16 --> ErrorException: Trying to access array offset on value of type null
[Method: GET, Route: goals/get_metas]
in APPPATH/Models/Privileges_Model.php on line 25.
 1 APPPATH/Models/Privileges_Model.php(25): CodeIgniter\Debug\Exceptions->errorHandler(2, 'Trying to access array offset on value of type null', '/home/next0355/dev.next1crm.com.br/app/Models/Privileges_Model.php', 25)
 2 APPPATH/Controllers/Goals.php(14): App\Models\Privileges_Model->has_privilege('goals')
 3 APPPATH/Controllers/DynamicController.php(41): App\Controllers\Goals->__construct()
 4 SYSTEMPATH/CodeIgniter.php(933): App\Controllers\DynamicController->execute('goals', 'get_metas')
 5 SYSTEMPATH/CodeIgniter.php(509): CodeIgniter\CodeIgniter->runController(Object(App\Controllers\DynamicController))
 6 SYSTEMPATH/CodeIgniter.php(355): CodeIgniter\CodeIgniter->handleRequest(null, Object(Config\Cache), false)
 7 SYSTEMPATH/Boot.php(325): CodeIgniter\CodeIgniter->run()
 8 SYSTEMPATH/Boot.php(67): CodeIgniter\Boot::runCodeIgniter(Object(CodeIgniter\CodeIgniter))
 9 FCPATH/index.php(56): CodeIgniter\Boot::bootWeb(Object(Config\Paths))
CRITICAL - 2024-10-01 13:28:16 --> ErrorException: Trying to access array offset on value of type null
[Method: GET, Route: api/overdueinvoices]
in APPPATH/Models/Privileges_Model.php on line 73.
 1 APPPATH/Models/Privileges_Model.php(73): CodeIgniter\Debug\Exceptions->errorHandler(2, 'Trying to access array offset on value of type null', '/home/next0355/dev.next1crm.com.br/app/Models/Privileges_Model.php', 73)
 2 APPPATH/Controllers/Api.php(1478): App\Models\Privileges_Model->check_privilege('invoices', 'all')
 3 APPPATH/Controllers/DynamicController.php(55): App\Controllers\Api->overdueinvoices()
 4 SYSTEMPATH/CodeIgniter.php(933): App\Controllers\DynamicController->execute('api', 'overdueinvoices')
 5 SYSTEMPATH/CodeIgniter.php(509): CodeIgniter\CodeIgniter->runController(Object(App\Controllers\DynamicController))
 6 SYSTEMPATH/CodeIgniter.php(355): CodeIgniter\CodeIgniter->handleRequest(null, Object(Config\Cache), false)
 7 SYSTEMPATH/Boot.php(325): CodeIgniter\CodeIgniter->run()
 8 SYSTEMPATH/Boot.php(67): CodeIgniter\Boot::runCodeIgniter(Object(CodeIgniter\CodeIgniter))
 9 FCPATH/index.php(56): CodeIgniter\Boot::bootWeb(Object(Config\Paths))
CRITICAL - 2024-10-01 13:28:16 --> ErrorException: Trying to access array offset on value of type null
[Method: GET, Route: api/newtickets]
in APPPATH/Models/Privileges_Model.php on line 73.
 1 APPPATH/Models/Privileges_Model.php(73): CodeIgniter\Debug\Exceptions->errorHandler(2, 'Trying to access array offset on value of type null', '/home/next0355/dev.next1crm.com.br/app/Models/Privileges_Model.php', 73)
 2 APPPATH/Controllers/Api.php(1883): App\Models\Privileges_Model->check_privilege('tickets', 'all')
 3 APPPATH/Controllers/DynamicController.php(55): App\Controllers\Api->newtickets()
 4 SYSTEMPATH/CodeIgniter.php(933): App\Controllers\DynamicController->execute('api', 'newtickets')
 5 SYSTEMPATH/CodeIgniter.php(509): CodeIgniter\CodeIgniter->runController(Object(App\Controllers\DynamicController))
 6 SYSTEMPATH/CodeIgniter.php(355): CodeIgniter\CodeIgniter->handleRequest(null, Object(Config\Cache), false)
 7 SYSTEMPATH/Boot.php(325): CodeIgniter\CodeIgniter->run()
 8 SYSTEMPATH/Boot.php(67): CodeIgniter\Boot::runCodeIgniter(Object(CodeIgniter\CodeIgniter))
 9 FCPATH/index.php(56): CodeIgniter\Boot::bootWeb(Object(Config\Paths))
CRITICAL - 2024-10-01 13:28:17 --> ErrorException: Trying to access array offset on value of type null
[Method: GET, Route: api/user]
in APPPATH/Controllers/Api.php on line 623.
 1 APPPATH/Controllers/Api.php(623): CodeIgniter\Debug\Exceptions->errorHandler(2, 'Trying to access array offset on value of type null', '/home/next0355/dev.next1crm.com.br/app/Controllers/Api.php', 623)
 2 APPPATH/Controllers/DynamicController.php(55): App\Controllers\Api->user()
 3 SYSTEMPATH/CodeIgniter.php(933): App\Controllers\DynamicController->execute('api', 'user')
 4 SYSTEMPATH/CodeIgniter.php(509): CodeIgniter\CodeIgniter->runController(Object(App\Controllers\DynamicController))
 5 SYSTEMPATH/CodeIgniter.php(355): CodeIgniter\CodeIgniter->handleRequest(null, Object(Config\Cache), false)
 6 SYSTEMPATH/Boot.php(325): CodeIgniter\CodeIgniter->run()
 7 SYSTEMPATH/Boot.php(67): CodeIgniter\Boot::runCodeIgniter(Object(CodeIgniter\CodeIgniter))
 8 FCPATH/index.php(56): CodeIgniter\Boot::bootWeb(Object(Config\Paths))
CRITICAL - 2024-10-01 13:28:17 --> ErrorException: Trying to access array offset on value of type null
[Method: GET, Route: leads/leadsources/1]
in APPPATH/Models/Privileges_Model.php on line 25.
 1 APPPATH/Models/Privileges_Model.php(25): CodeIgniter\Debug\Exceptions->errorHandler(2, 'Trying to access array offset on value of type null', '/home/next0355/dev.next1crm.com.br/app/Models/Privileges_Model.php', 25)
 2 APPPATH/Controllers/Leads.php(15): App\Models\Privileges_Model->has_privilege('leads')
 3 APPPATH/Controllers/DynamicController.php(41): App\Controllers\Leads->__construct()
 4 SYSTEMPATH/CodeIgniter.php(933): App\Controllers\DynamicController->execute('leads', 'leadsources', '1')
 5 SYSTEMPATH/CodeIgniter.php(509): CodeIgniter\CodeIgniter->runController(Object(App\Controllers\DynamicController))
 6 SYSTEMPATH/CodeIgniter.php(355): CodeIgniter\CodeIgniter->handleRequest(null, Object(Config\Cache), false)
 7 SYSTEMPATH/Boot.php(325): CodeIgniter\CodeIgniter->run()
 8 SYSTEMPATH/Boot.php(67): CodeIgniter\Boot::runCodeIgniter(Object(CodeIgniter\CodeIgniter))
 9 FCPATH/index.php(56): CodeIgniter\Boot::bootWeb(Object(Config\Paths))
CRITICAL - 2024-10-01 13:28:17 --> ErrorException: Trying to access array offset on value of type null
[Method: POST, Route: customersDash/getReports_graphClientesAtivos]
in APPPATH/Models/Privileges_Model.php on line 25.
 1 APPPATH/Models/Privileges_Model.php(25): CodeIgniter\Debug\Exceptions->errorHandler(2, 'Trying to access array offset on value of type null', '/home/next0355/dev.next1crm.com.br/app/Models/Privileges_Model.php', 25)
 2 APPPATH/Controllers/CustomersDash.php(11): App\Models\Privileges_Model->has_privilege('customersDash')
 3 APPPATH/Controllers/DynamicController.php(41): App\Controllers\customersDash->__construct()
 4 SYSTEMPATH/CodeIgniter.php(933): App\Controllers\DynamicController->execute('customersDash', 'getReports_graphClientesAtivos')
 5 SYSTEMPATH/CodeIgniter.php(509): CodeIgniter\CodeIgniter->runController(Object(App\Controllers\DynamicController))
 6 SYSTEMPATH/CodeIgniter.php(355): CodeIgniter\CodeIgniter->handleRequest(null, Object(Config\Cache), false)
 7 SYSTEMPATH/Boot.php(325): CodeIgniter\CodeIgniter->run()
 8 SYSTEMPATH/Boot.php(67): CodeIgniter\Boot::runCodeIgniter(Object(CodeIgniter\CodeIgniter))
 9 FCPATH/index.php(56): CodeIgniter\Boot::bootWeb(Object(Config\Paths))
CRITICAL - 2024-10-01 13:28:18 --> ErrorException: Trying to access array offset on value of type null
[Method: POST, Route: customersDash/getReports_totaisCustomers]
in APPPATH/Models/Privileges_Model.php on line 25.
 1 APPPATH/Models/Privileges_Model.php(25): CodeIgniter\Debug\Exceptions->errorHandler(2, 'Trying to access array offset on value of type null', '/home/next0355/dev.next1crm.com.br/app/Models/Privileges_Model.php', 25)
 2 APPPATH/Controllers/CustomersDash.php(11): App\Models\Privileges_Model->has_privilege('customersDash')
 3 APPPATH/Controllers/DynamicController.php(41): App\Controllers\customersDash->__construct()
 4 SYSTEMPATH/CodeIgniter.php(933): App\Controllers\DynamicController->execute('customersDash', 'getReports_totaisCustomers')
 5 SYSTEMPATH/CodeIgniter.php(509): CodeIgniter\CodeIgniter->runController(Object(App\Controllers\DynamicController))
 6 SYSTEMPATH/CodeIgniter.php(355): CodeIgniter\CodeIgniter->handleRequest(null, Object(Config\Cache), false)
 7 SYSTEMPATH/Boot.php(325): CodeIgniter\CodeIgniter->run()
 8 SYSTEMPATH/Boot.php(67): CodeIgniter\Boot::runCodeIgniter(Object(CodeIgniter\CodeIgniter))
 9 FCPATH/index.php(56): CodeIgniter\Boot::bootWeb(Object(Config\Paths))
CRITICAL - 2024-10-01 13:28:18 --> ErrorException: Trying to access array offset on value of type null
[Method: POST, Route: customersDash/getReports_estado]
in APPPATH/Models/Privileges_Model.php on line 25.
 1 APPPATH/Models/Privileges_Model.php(25): CodeIgniter\Debug\Exceptions->errorHandler(2, 'Trying to access array offset on value of type null', '/home/next0355/dev.next1crm.com.br/app/Models/Privileges_Model.php', 25)
 2 APPPATH/Controllers/CustomersDash.php(11): App\Models\Privileges_Model->has_privilege('customersDash')
 3 APPPATH/Controllers/DynamicController.php(41): App\Controllers\customersDash->__construct()
 4 SYSTEMPATH/CodeIgniter.php(933): App\Controllers\DynamicController->execute('customersDash', 'getReports_estado')
 5 SYSTEMPATH/CodeIgniter.php(509): CodeIgniter\CodeIgniter->runController(Object(App\Controllers\DynamicController))
 6 SYSTEMPATH/CodeIgniter.php(355): CodeIgniter\CodeIgniter->handleRequest(null, Object(Config\Cache), false)
 7 SYSTEMPATH/Boot.php(325): CodeIgniter\CodeIgniter->run()
 8 SYSTEMPATH/Boot.php(67): CodeIgniter\Boot::runCodeIgniter(Object(CodeIgniter\CodeIgniter))
 9 FCPATH/index.php(56): CodeIgniter\Boot::bootWeb(Object(Config\Paths))
CRITICAL - 2024-10-01 13:28:18 --> ErrorException: Trying to access array offset on value of type null
[Method: POST, Route: customersDash/getReports_ramoDeAtividade]
in APPPATH/Models/Privileges_Model.php on line 25.
 1 APPPATH/Models/Privileges_Model.php(25): CodeIgniter\Debug\Exceptions->errorHandler(2, 'Trying to access array offset on value of type null', '/home/next0355/dev.next1crm.com.br/app/Models/Privileges_Model.php', 25)
 2 APPPATH/Controllers/CustomersDash.php(11): App\Models\Privileges_Model->has_privilege('customersDash')
 3 APPPATH/Controllers/DynamicController.php(41): App\Controllers\customersDash->__construct()
 4 SYSTEMPATH/CodeIgniter.php(933): App\Controllers\DynamicController->execute('customersDash', 'getReports_ramoDeAtividade')
 5 SYSTEMPATH/CodeIgniter.php(509): CodeIgniter\CodeIgniter->runController(Object(App\Controllers\DynamicController))
 6 SYSTEMPATH/CodeIgniter.php(355): CodeIgniter\CodeIgniter->handleRequest(null, Object(Config\Cache), false)
 7 SYSTEMPATH/Boot.php(325): CodeIgniter\CodeIgniter->run()
 8 SYSTEMPATH/Boot.php(67): CodeIgniter\Boot::runCodeIgniter(Object(CodeIgniter\CodeIgniter))
 9 FCPATH/index.php(56): CodeIgniter\Boot::bootWeb(Object(Config\Paths))
CRITICAL - 2024-10-01 13:28:18 --> ErrorException: Trying to access array offset on value of type null
[Method: POST, Route: customersDash/getReports_graphFaturamentoTop10]
in APPPATH/Models/Privileges_Model.php on line 25.
 1 APPPATH/Models/Privileges_Model.php(25): CodeIgniter\Debug\Exceptions->errorHandler(2, 'Trying to access array offset on value of type null', '/home/next0355/dev.next1crm.com.br/app/Models/Privileges_Model.php', 25)
 2 APPPATH/Controllers/CustomersDash.php(11): App\Models\Privileges_Model->has_privilege('customersDash')
 3 APPPATH/Controllers/DynamicController.php(41): App\Controllers\customersDash->__construct()
 4 SYSTEMPATH/CodeIgniter.php(933): App\Controllers\DynamicController->execute('customersDash', 'getReports_graphFaturamentoTop10')
 5 SYSTEMPATH/CodeIgniter.php(509): CodeIgniter\CodeIgniter->runController(Object(App\Controllers\DynamicController))
 6 SYSTEMPATH/CodeIgniter.php(355): CodeIgniter\CodeIgniter->handleRequest(null, Object(Config\Cache), false)
 7 SYSTEMPATH/Boot.php(325): CodeIgniter\CodeIgniter->run()
 8 SYSTEMPATH/Boot.php(67): CodeIgniter\Boot::runCodeIgniter(Object(CodeIgniter\CodeIgniter))
 9 FCPATH/index.php(56): CodeIgniter\Boot::bootWeb(Object(Config\Paths))
ERROR - 2024-10-01 13:28:18 --> mysqli_sql_exception: You have an error in your SQL syntax; check the manual that corresponds to your MariaDB server version for the right syntax to use near 'and chat_staff2 = staff.id) or (chat_staff2 =  and chat_staff1 = staff.id) or...' at line 1 in /home/next0355/dev.next1crm.com.br/system/Database/MySQLi/Connection.php:312
Stack trace:
#0 /home/next0355/dev.next1crm.com.br/system/Database/MySQLi/Connection.php(312): mysqli->query('SELECT *, (SELE...', 0)
#1 /home/next0355/dev.next1crm.com.br/system/Database/BaseConnection.php(734): CodeIgniter\Database\MySQLi\Connection->execute('SELECT *, (SELE...')
#2 /home/next0355/dev.next1crm.com.br/system/Database/BaseConnection.php(648): CodeIgniter\Database\BaseConnection->simpleQuery('SELECT *, (SELE...')
#3 /home/next0355/dev.next1crm.com.br/system/Database/BaseBuilder.php(1644): CodeIgniter\Database\BaseConnection->query('SELECT *, (SELE...', Array, false)
#4 /home/next0355/dev.next1crm.com.br/app/Models/Chats_Model.php(59): CodeIgniter\Database\BaseBuilder->get()
#5 /home/next0355/dev.next1crm.com.br/app/Controllers/Api.php(1768): App\Models\Chats_Model->get_all_chats_by_privileges()
#6 /home/next0355/dev.next1crm.com.br/app/Controllers/DynamicController.php(55): App\Controllers\Api->chats()
#7 /home/next0355/dev.next1crm.com.br/system/CodeIgniter.php(933): App\Controllers\DynamicController->execute('api', 'chats')
#8 /home/next0355/dev.next1crm.com.br/system/CodeIgniter.php(509): CodeIgniter\CodeIgniter->runController(Object(App\Controllers\DynamicController))
#9 /home/next0355/dev.next1crm.com.br/system/CodeIgniter.php(355): CodeIgniter\CodeIgniter->handleRequest(NULL, Object(Config\Cache), false)
#10 /home/next0355/dev.next1crm.com.br/system/Boot.php(325): CodeIgniter\CodeIgniter->run()
#11 /home/next0355/dev.next1crm.com.br/system/Boot.php(67): CodeIgniter\Boot::runCodeIgniter(Object(CodeIgniter\CodeIgniter))
#12 /home/next0355/dev.next1crm.com.br/public/index.php(56): CodeIgniter\Boot::bootWeb(Object(Config\Paths))
#13 {main}
CRITICAL - 2024-10-01 13:28:18 --> Error: Call to a member function getResultArray() on bool
[Method: GET, Route: api/chats]
in APPPATH/Models/Chats_Model.php on line 59.
 1 APPPATH/Controllers/Api.php(1768): App\Models\Chats_Model->get_all_chats_by_privileges()
 2 APPPATH/Controllers/DynamicController.php(55): App\Controllers\Api->chats()
 3 SYSTEMPATH/CodeIgniter.php(933): App\Controllers\DynamicController->execute('api', 'chats')
 4 SYSTEMPATH/CodeIgniter.php(509): CodeIgniter\CodeIgniter->runController(Object(App\Controllers\DynamicController))
 5 SYSTEMPATH/CodeIgniter.php(355): CodeIgniter\CodeIgniter->handleRequest(null, Object(Config\Cache), false)
 6 SYSTEMPATH/Boot.php(325): CodeIgniter\CodeIgniter->run()
 7 SYSTEMPATH/Boot.php(67): CodeIgniter\Boot::runCodeIgniter(Object(CodeIgniter\CodeIgniter))
 8 FCPATH/index.php(56): CodeIgniter\Boot::bootWeb(Object(Config\Paths))
CRITICAL - 2024-10-01 13:28:19 --> ErrorException: Trying to access array offset on value of type null
[Method: POST, Route: customersDash/getReports_graphNovosClientes]
in APPPATH/Models/Privileges_Model.php on line 25.
 1 APPPATH/Models/Privileges_Model.php(25): CodeIgniter\Debug\Exceptions->errorHandler(2, 'Trying to access array offset on value of type null', '/home/next0355/dev.next1crm.com.br/app/Models/Privileges_Model.php', 25)
 2 APPPATH/Controllers/CustomersDash.php(11): App\Models\Privileges_Model->has_privilege('customersDash')
 3 APPPATH/Controllers/DynamicController.php(41): App\Controllers\customersDash->__construct()
 4 SYSTEMPATH/CodeIgniter.php(933): App\Controllers\DynamicController->execute('customersDash', 'getReports_graphNovosClientes')
 5 SYSTEMPATH/CodeIgniter.php(509): CodeIgniter\CodeIgniter->runController(Object(App\Controllers\DynamicController))
 6 SYSTEMPATH/CodeIgniter.php(355): CodeIgniter\CodeIgniter->handleRequest(null, Object(Config\Cache), false)
 7 SYSTEMPATH/Boot.php(325): CodeIgniter\CodeIgniter->run()
 8 SYSTEMPATH/Boot.php(67): CodeIgniter\Boot::runCodeIgniter(Object(CodeIgniter\CodeIgniter))
 9 FCPATH/index.php(56): CodeIgniter\Boot::bootWeb(Object(Config\Paths))
CRITICAL - 2024-10-01 13:28:19 --> ErrorException: Trying to access array offset on value of type null
[Method: GET, Route: api/dueinvoices]
in APPPATH/Models/Privileges_Model.php on line 73.
 1 APPPATH/Models/Privileges_Model.php(73): CodeIgniter\Debug\Exceptions->errorHandler(2, 'Trying to access array offset on value of type null', '/home/next0355/dev.next1crm.com.br/app/Models/Privileges_Model.php', 73)
 2 APPPATH/Controllers/Api.php(1437): App\Models\Privileges_Model->check_privilege('invoices', 'all')
 3 APPPATH/Controllers/DynamicController.php(55): App\Controllers\Api->dueinvoices()
 4 SYSTEMPATH/CodeIgniter.php(933): App\Controllers\DynamicController->execute('api', 'dueinvoices')
 5 SYSTEMPATH/CodeIgniter.php(509): CodeIgniter\CodeIgniter->runController(Object(App\Controllers\DynamicController))
 6 SYSTEMPATH/CodeIgniter.php(355): CodeIgniter\CodeIgniter->handleRequest(null, Object(Config\Cache), false)
 7 SYSTEMPATH/Boot.php(325): CodeIgniter\CodeIgniter->run()
 8 SYSTEMPATH/Boot.php(67): CodeIgniter\Boot::runCodeIgniter(Object(CodeIgniter\CodeIgniter))
 9 FCPATH/index.php(56): CodeIgniter\Boot::bootWeb(Object(Config\Paths))
CRITICAL - 2024-10-01 13:28:19 --> ErrorException: Trying to access array offset on value of type null
[Method: GET, Route: leads/leadslist/1]
in APPPATH/Models/Privileges_Model.php on line 25.
 1 APPPATH/Models/Privileges_Model.php(25): CodeIgniter\Debug\Exceptions->errorHandler(2, 'Trying to access array offset on value of type null', '/home/next0355/dev.next1crm.com.br/app/Models/Privileges_Model.php', 25)
 2 APPPATH/Controllers/Leads.php(15): App\Models\Privileges_Model->has_privilege('leads')
 3 APPPATH/Controllers/DynamicController.php(41): App\Controllers\Leads->__construct()
 4 SYSTEMPATH/CodeIgniter.php(933): App\Controllers\DynamicController->execute('leads', 'leadslist', '1')
 5 SYSTEMPATH/CodeIgniter.php(509): CodeIgniter\CodeIgniter->runController(Object(App\Controllers\DynamicController))
 6 SYSTEMPATH/CodeIgniter.php(355): CodeIgniter\CodeIgniter->handleRequest(null, Object(Config\Cache), false)
 7 SYSTEMPATH/Boot.php(325): CodeIgniter\CodeIgniter->run()
 8 SYSTEMPATH/Boot.php(67): CodeIgniter\Boot::runCodeIgniter(Object(CodeIgniter\CodeIgniter))
 9 FCPATH/index.php(56): CodeIgniter\Boot::bootWeb(Object(Config\Paths))
CRITICAL - 2024-10-01 13:28:19 --> ErrorException: Trying to access array offset on value of type null
[Method: GET, Route: api/newtickets]
in APPPATH/Models/Privileges_Model.php on line 73.
 1 APPPATH/Models/Privileges_Model.php(73): CodeIgniter\Debug\Exceptions->errorHandler(2, 'Trying to access array offset on value of type null', '/home/next0355/dev.next1crm.com.br/app/Models/Privileges_Model.php', 73)
 2 APPPATH/Controllers/Api.php(1883): App\Models\Privileges_Model->check_privilege('tickets', 'all')
 3 APPPATH/Controllers/DynamicController.php(55): App\Controllers\Api->newtickets()
 4 SYSTEMPATH/CodeIgniter.php(933): App\Controllers\DynamicController->execute('api', 'newtickets')
 5 SYSTEMPATH/CodeIgniter.php(509): CodeIgniter\CodeIgniter->runController(Object(App\Controllers\DynamicController))
 6 SYSTEMPATH/CodeIgniter.php(355): CodeIgniter\CodeIgniter->handleRequest(null, Object(Config\Cache), false)
 7 SYSTEMPATH/Boot.php(325): CodeIgniter\CodeIgniter->run()
 8 SYSTEMPATH/Boot.php(67): CodeIgniter\Boot::runCodeIgniter(Object(CodeIgniter\CodeIgniter))
 9 FCPATH/index.php(56): CodeIgniter\Boot::bootWeb(Object(Config\Paths))
CRITICAL - 2024-10-01 13:28:19 --> ErrorException: Trying to access array offset on value of type null
[Method: GET, Route: api/overdueinvoices]
in APPPATH/Models/Privileges_Model.php on line 73.
 1 APPPATH/Models/Privileges_Model.php(73): CodeIgniter\Debug\Exceptions->errorHandler(2, 'Trying to access array offset on value of type null', '/home/next0355/dev.next1crm.com.br/app/Models/Privileges_Model.php', 73)
 2 APPPATH/Controllers/Api.php(1478): App\Models\Privileges_Model->check_privilege('invoices', 'all')
 3 APPPATH/Controllers/DynamicController.php(55): App\Controllers\Api->overdueinvoices()
 4 SYSTEMPATH/CodeIgniter.php(933): App\Controllers\DynamicController->execute('api', 'overdueinvoices')
 5 SYSTEMPATH/CodeIgniter.php(509): CodeIgniter\CodeIgniter->runController(Object(App\Controllers\DynamicController))
 6 SYSTEMPATH/CodeIgniter.php(355): CodeIgniter\CodeIgniter->handleRequest(null, Object(Config\Cache), false)
 7 SYSTEMPATH/Boot.php(325): CodeIgniter\CodeIgniter->run()
 8 SYSTEMPATH/Boot.php(67): CodeIgniter\Boot::runCodeIgniter(Object(CodeIgniter\CodeIgniter))
 9 FCPATH/index.php(56): CodeIgniter\Boot::bootWeb(Object(Config\Paths))
CRITICAL - 2024-10-01 13:28:38 --> ErrorException: Trying to access array offset on value of type null
[Method: GET, Route: panel]
in APPPATH/Models/Privileges_Model.php on line 25.
 1 APPPATH/Models/Privileges_Model.php(25): CodeIgniter\Debug\Exceptions->errorHandler(2, 'Trying to access array offset on value of type null', '/home/next0355/dev.next1crm.com.br/app/Models/Privileges_Model.php', 25)
 2 APPPATH/Controllers/Panel.php(18): App\Models\Privileges_Model->has_privilege('dashGoals')
 3 APPPATH/Controllers/DynamicController.php(55): App\Controllers\Panel->index()
 4 SYSTEMPATH/CodeIgniter.php(933): App\Controllers\DynamicController->execute('panel')
 5 SYSTEMPATH/CodeIgniter.php(509): CodeIgniter\CodeIgniter->runController(Object(App\Controllers\DynamicController))
 6 SYSTEMPATH/CodeIgniter.php(355): CodeIgniter\CodeIgniter->handleRequest(null, Object(Config\Cache), false)
 7 SYSTEMPATH/Boot.php(325): CodeIgniter\CodeIgniter->run()
 8 SYSTEMPATH/Boot.php(67): CodeIgniter\Boot::runCodeIgniter(Object(CodeIgniter\CodeIgniter))
 9 FCPATH/index.php(56): CodeIgniter\Boot::bootWeb(Object(Config\Paths))
CRITICAL - 2024-10-01 13:30:02 --> ErrorException: Constant LANG already defined
[Method: GET, Route: CronJob/envia_avisos]
in APPPATH/Controllers/CronJob.php on line 18.
 1 [internal function]: CodeIgniter\Debug\Exceptions->errorHandler(2, 'Constant LANG already defined', '/home/next0355/dev.next1crm.com.br/app/Controllers/CronJob.php', 18)
 2 APPPATH/Controllers/CronJob.php(18): define('LANG', 'portuguese_br')
 3 APPPATH/Controllers/DynamicController.php(41): App\Controllers\CronJob->__construct()
 4 SYSTEMPATH/CodeIgniter.php(933): App\Controllers\DynamicController->execute('CronJob', 'envia_avisos')
 5 SYSTEMPATH/CodeIgniter.php(509): CodeIgniter\CodeIgniter->runController(Object(App\Controllers\DynamicController))
 6 SYSTEMPATH/CodeIgniter.php(355): CodeIgniter\CodeIgniter->handleRequest(null, Object(Config\Cache), false)
 7 SYSTEMPATH/Boot.php(325): CodeIgniter\CodeIgniter->run()
 8 SYSTEMPATH/Boot.php(67): CodeIgniter\Boot::runCodeIgniter(Object(CodeIgniter\CodeIgniter))
 9 FCPATH/index.php(56): CodeIgniter\Boot::bootWeb(Object(Config\Paths))
CRITICAL - 2024-10-01 13:45:02 --> ErrorException: Constant LANG already defined
[Method: GET, Route: CronJob/envia_avisos]
in APPPATH/Controllers/CronJob.php on line 18.
 1 [internal function]: CodeIgniter\Debug\Exceptions->errorHandler(2, 'Constant LANG already defined', '/home/next0355/dev.next1crm.com.br/app/Controllers/CronJob.php', 18)
 2 APPPATH/Controllers/CronJob.php(18): define('LANG', 'portuguese_br')
 3 APPPATH/Controllers/DynamicController.php(41): App\Controllers\CronJob->__construct()
 4 SYSTEMPATH/CodeIgniter.php(933): App\Controllers\DynamicController->execute('CronJob', 'envia_avisos')
 5 SYSTEMPATH/CodeIgniter.php(509): CodeIgniter\CodeIgniter->runController(Object(App\Controllers\DynamicController))
 6 SYSTEMPATH/CodeIgniter.php(355): CodeIgniter\CodeIgniter->handleRequest(null, Object(Config\Cache), false)
 7 SYSTEMPATH/Boot.php(325): CodeIgniter\CodeIgniter->run()
 8 SYSTEMPATH/Boot.php(67): CodeIgniter\Boot::runCodeIgniter(Object(CodeIgniter\CodeIgniter))
 9 FCPATH/index.php(56): CodeIgniter\Boot::bootWeb(Object(Config\Paths))
CRITICAL - 2024-10-01 14:00:02 --> ErrorException: Constant LANG already defined
[Method: GET, Route: CronJob/envia_avisos]
in APPPATH/Controllers/CronJob.php on line 18.
 1 [internal function]: CodeIgniter\Debug\Exceptions->errorHandler(2, 'Constant LANG already defined', '/home/next0355/dev.next1crm.com.br/app/Controllers/CronJob.php', 18)
 2 APPPATH/Controllers/CronJob.php(18): define('LANG', 'portuguese_br')
 3 APPPATH/Controllers/DynamicController.php(41): App\Controllers\CronJob->__construct()
 4 SYSTEMPATH/CodeIgniter.php(933): App\Controllers\DynamicController->execute('CronJob', 'envia_avisos')
 5 SYSTEMPATH/CodeIgniter.php(509): CodeIgniter\CodeIgniter->runController(Object(App\Controllers\DynamicController))
 6 SYSTEMPATH/CodeIgniter.php(355): CodeIgniter\CodeIgniter->handleRequest(null, Object(Config\Cache), false)
 7 SYSTEMPATH/Boot.php(325): CodeIgniter\CodeIgniter->run()
 8 SYSTEMPATH/Boot.php(67): CodeIgniter\Boot::runCodeIgniter(Object(CodeIgniter\CodeIgniter))
 9 FCPATH/index.php(56): CodeIgniter\Boot::bootWeb(Object(Config\Paths))
CRITICAL - 2024-10-01 14:15:02 --> ErrorException: Constant LANG already defined
[Method: GET, Route: CronJob/envia_avisos]
in APPPATH/Controllers/CronJob.php on line 18.
 1 [internal function]: CodeIgniter\Debug\Exceptions->errorHandler(2, 'Constant LANG already defined', '/home/next0355/dev.next1crm.com.br/app/Controllers/CronJob.php', 18)
 2 APPPATH/Controllers/CronJob.php(18): define('LANG', 'portuguese_br')
 3 APPPATH/Controllers/DynamicController.php(41): App\Controllers\CronJob->__construct()
 4 SYSTEMPATH/CodeIgniter.php(933): App\Controllers\DynamicController->execute('CronJob', 'envia_avisos')
 5 SYSTEMPATH/CodeIgniter.php(509): CodeIgniter\CodeIgniter->runController(Object(App\Controllers\DynamicController))
 6 SYSTEMPATH/CodeIgniter.php(355): CodeIgniter\CodeIgniter->handleRequest(null, Object(Config\Cache), false)
 7 SYSTEMPATH/Boot.php(325): CodeIgniter\CodeIgniter->run()
 8 SYSTEMPATH/Boot.php(67): CodeIgniter\Boot::runCodeIgniter(Object(CodeIgniter\CodeIgniter))
 9 FCPATH/index.php(56): CodeIgniter\Boot::bootWeb(Object(Config\Paths))
CRITICAL - 2024-10-01 14:27:22 --> ErrorException: Trying to access array offset on value of type null
[Method: GET, Route: panel]
in APPPATH/Models/Privileges_Model.php on line 25.
 1 APPPATH/Models/Privileges_Model.php(25): CodeIgniter\Debug\Exceptions->errorHandler(2, 'Trying to access array offset on value of type null', '/home/next0355/dev.next1crm.com.br/app/Models/Privileges_Model.php', 25)
 2 APPPATH/Controllers/Panel.php(18): App\Models\Privileges_Model->has_privilege('dashGoals')
 3 APPPATH/Controllers/DynamicController.php(55): App\Controllers\Panel->index()
 4 SYSTEMPATH/CodeIgniter.php(933): App\Controllers\DynamicController->execute('panel')
 5 SYSTEMPATH/CodeIgniter.php(509): CodeIgniter\CodeIgniter->runController(Object(App\Controllers\DynamicController))
 6 SYSTEMPATH/CodeIgniter.php(355): CodeIgniter\CodeIgniter->handleRequest(null, Object(Config\Cache), false)
 7 SYSTEMPATH/Boot.php(325): CodeIgniter\CodeIgniter->run()
 8 SYSTEMPATH/Boot.php(67): CodeIgniter\Boot::runCodeIgniter(Object(CodeIgniter\CodeIgniter))
 9 FCPATH/index.php(56): CodeIgniter\Boot::bootWeb(Object(Config\Paths))
CRITICAL - 2024-10-01 14:29:07 --> ErrorException: Trying to access array offset on value of type null
[Method: GET, Route: panel]
in APPPATH/Models/Privileges_Model.php on line 28.
 1 APPPATH/Models/Privileges_Model.php(28): CodeIgniter\Debug\Exceptions->errorHandler(2, 'Trying to access array offset on value of type null', '/home/next0355/dev.next1crm.com.br/app/Models/Privileges_Model.php', 28)
 2 APPPATH/Controllers/Panel.php(18): App\Models\Privileges_Model->has_privilege('dashGoals')
 3 APPPATH/Controllers/DynamicController.php(55): App\Controllers\Panel->index()
 4 SYSTEMPATH/CodeIgniter.php(933): App\Controllers\DynamicController->execute('panel')
 5 SYSTEMPATH/CodeIgniter.php(509): CodeIgniter\CodeIgniter->runController(Object(App\Controllers\DynamicController))
 6 SYSTEMPATH/CodeIgniter.php(355): CodeIgniter\CodeIgniter->handleRequest(null, Object(Config\Cache), false)
 7 SYSTEMPATH/Boot.php(325): CodeIgniter\CodeIgniter->run()
 8 SYSTEMPATH/Boot.php(67): CodeIgniter\Boot::runCodeIgniter(Object(CodeIgniter\CodeIgniter))
 9 FCPATH/index.php(56): CodeIgniter\Boot::bootWeb(Object(Config\Paths))
CRITICAL - 2024-10-01 14:29:26 --> ErrorException: session_destroy(): Trying to destroy uninitialized session
[Method: GET, Route: panel]
in SYSTEMPATH/Session/Session.php on line 435.
 1 [internal function]: CodeIgniter\Debug\Exceptions->errorHandler(2, 'session_destroy(): Trying to destroy uninitialized session', '/home/next0355/dev.next1crm.com.br/system/Session/Session.php', 435)
 2 SYSTEMPATH/Session/Session.php(435): session_destroy()
 3 APPPATH/Helpers/ciuis_helper.php(1225): CodeIgniter\Session\Session->destroy()
 4 APPPATH/Views/inc/ciuis_data_table_header.php(6): get_user()
 5 APPPATH/Views/panel/index2.php(1): include_once('/home/next0355/dev.next1crm.com.br/app/Views/inc/ciuis_data_table_header.php')
 6 SYSTEMPATH/View/View.php(234): include('/home/next0355/dev.next1crm.com.br/app/Views/panel/index2.php')
 7 SYSTEMPATH/View/View.php(237): CodeIgniter\View\View->CodeIgniter\View\{closure}()
 8 SYSTEMPATH/Common.php(1169): CodeIgniter\View\View->render('panel/index2', [], true)
 9 APPPATH/Controllers/Panel.php(38): view('panel/index2', [...])
10 APPPATH/Controllers/DynamicController.php(55): App\Controllers\Panel->index()
11 SYSTEMPATH/CodeIgniter.php(933): App\Controllers\DynamicController->execute('panel')
12 SYSTEMPATH/CodeIgniter.php(509): CodeIgniter\CodeIgniter->runController(Object(App\Controllers\DynamicController))
13 SYSTEMPATH/CodeIgniter.php(355): CodeIgniter\CodeIgniter->handleRequest(null, Object(Config\Cache), false)
14 SYSTEMPATH/Boot.php(325): CodeIgniter\CodeIgniter->run()
15 SYSTEMPATH/Boot.php(67): CodeIgniter\Boot::runCodeIgniter(Object(CodeIgniter\CodeIgniter))
16 FCPATH/index.php(56): CodeIgniter\Boot::bootWeb(Object(Config\Paths))
CRITICAL - 2024-10-01 14:30:03 --> ErrorException: Constant LANG already defined
[Method: GET, Route: CronJob/envia_avisos]
in APPPATH/Controllers/CronJob.php on line 18.
 1 [internal function]: CodeIgniter\Debug\Exceptions->errorHandler(2, 'Constant LANG already defined', '/home/next0355/dev.next1crm.com.br/app/Controllers/CronJob.php', 18)
 2 APPPATH/Controllers/CronJob.php(18): define('LANG', 'portuguese_br')
 3 APPPATH/Controllers/DynamicController.php(41): App\Controllers\CronJob->__construct()
 4 SYSTEMPATH/CodeIgniter.php(933): App\Controllers\DynamicController->execute('CronJob', 'envia_avisos')
 5 SYSTEMPATH/CodeIgniter.php(509): CodeIgniter\CodeIgniter->runController(Object(App\Controllers\DynamicController))
 6 SYSTEMPATH/CodeIgniter.php(355): CodeIgniter\CodeIgniter->handleRequest(null, Object(Config\Cache), false)
 7 SYSTEMPATH/Boot.php(325): CodeIgniter\CodeIgniter->run()
 8 SYSTEMPATH/Boot.php(67): CodeIgniter\Boot::runCodeIgniter(Object(CodeIgniter\CodeIgniter))
 9 FCPATH/index.php(56): CodeIgniter\Boot::bootWeb(Object(Config\Paths))
CRITICAL - 2024-10-01 14:30:59 --> Error: Class "App\Models\Auth" not found
[Method: GET, Route: panel]
in APPPATH/Models/Privileges_Model.php on line 24.
 1 APPPATH/Controllers/Panel.php(18): App\Models\Privileges_Model->has_privilege('dashGoals')
 2 APPPATH/Controllers/DynamicController.php(55): App\Controllers\Panel->index()
 3 SYSTEMPATH/CodeIgniter.php(933): App\Controllers\DynamicController->execute('panel')
 4 SYSTEMPATH/CodeIgniter.php(509): CodeIgniter\CodeIgniter->runController(Object(App\Controllers\DynamicController))
 5 SYSTEMPATH/CodeIgniter.php(355): CodeIgniter\CodeIgniter->handleRequest(null, Object(Config\Cache), false)
 6 SYSTEMPATH/Boot.php(325): CodeIgniter\CodeIgniter->run()
 7 SYSTEMPATH/Boot.php(67): CodeIgniter\Boot::runCodeIgniter(Object(CodeIgniter\CodeIgniter))
 8 FCPATH/index.php(56): CodeIgniter\Boot::bootWeb(Object(Config\Paths))
CRITICAL - 2024-10-01 14:31:24 --> ErrorException: session_destroy(): Trying to destroy uninitialized session
[Method: GET, Route: panel]
in SYSTEMPATH/Session/Session.php on line 435.
 1 [internal function]: CodeIgniter\Debug\Exceptions->errorHandler(2, 'session_destroy(): Trying to destroy uninitialized session', '/home/next0355/dev.next1crm.com.br/system/Session/Session.php', 435)
 2 SYSTEMPATH/Session/Session.php(435): session_destroy()
 3 APPPATH/Helpers/ciuis_helper.php(1225): CodeIgniter\Session\Session->destroy()
 4 APPPATH/Views/inc/ciuis_data_table_header.php(6): get_user()
 5 APPPATH/Views/panel/index2.php(1): include_once('/home/next0355/dev.next1crm.com.br/app/Views/inc/ciuis_data_table_header.php')
 6 SYSTEMPATH/View/View.php(234): include('/home/next0355/dev.next1crm.com.br/app/Views/panel/index2.php')
 7 SYSTEMPATH/View/View.php(237): CodeIgniter\View\View->CodeIgniter\View\{closure}()
 8 SYSTEMPATH/Common.php(1169): CodeIgniter\View\View->render('panel/index2', [], true)
 9 APPPATH/Controllers/Panel.php(38): view('panel/index2', [...])
10 APPPATH/Controllers/DynamicController.php(55): App\Controllers\Panel->index()
11 SYSTEMPATH/CodeIgniter.php(933): App\Controllers\DynamicController->execute('panel')
12 SYSTEMPATH/CodeIgniter.php(509): CodeIgniter\CodeIgniter->runController(Object(App\Controllers\DynamicController))
13 SYSTEMPATH/CodeIgniter.php(355): CodeIgniter\CodeIgniter->handleRequest(null, Object(Config\Cache), false)
14 SYSTEMPATH/Boot.php(325): CodeIgniter\CodeIgniter->run()
15 SYSTEMPATH/Boot.php(67): CodeIgniter\Boot::runCodeIgniter(Object(CodeIgniter\CodeIgniter))
16 FCPATH/index.php(56): CodeIgniter\Boot::bootWeb(Object(Config\Paths))
CRITICAL - 2024-10-01 14:32:22 --> ErrorException: session_destroy(): Trying to destroy uninitialized session
[Method: GET, Route: panel]
in SYSTEMPATH/Session/Session.php on line 435.
 1 [internal function]: CodeIgniter\Debug\Exceptions->errorHandler(2, 'session_destroy(): Trying to destroy uninitialized session', '/home/next0355/dev.next1crm.com.br/system/Session/Session.php', 435)
 2 SYSTEMPATH/Session/Session.php(435): session_destroy()
 3 APPPATH/Helpers/ciuis_helper.php(1225): CodeIgniter\Session\Session->destroy()
 4 APPPATH/Views/inc/ciuis_data_table_header.php(6): get_user()
 5 APPPATH/Views/panel/index2.php(1): include_once('/home/next0355/dev.next1crm.com.br/app/Views/inc/ciuis_data_table_header.php')
 6 SYSTEMPATH/View/View.php(234): include('/home/next0355/dev.next1crm.com.br/app/Views/panel/index2.php')
 7 SYSTEMPATH/View/View.php(237): CodeIgniter\View\View->CodeIgniter\View\{closure}()
 8 SYSTEMPATH/Common.php(1169): CodeIgniter\View\View->render('panel/index2', [], true)
 9 APPPATH/Controllers/Panel.php(38): view('panel/index2', [...])
10 APPPATH/Controllers/DynamicController.php(55): App\Controllers\Panel->index()
11 SYSTEMPATH/CodeIgniter.php(933): App\Controllers\DynamicController->execute('panel')
12 SYSTEMPATH/CodeIgniter.php(509): CodeIgniter\CodeIgniter->runController(Object(App\Controllers\DynamicController))
13 SYSTEMPATH/CodeIgniter.php(355): CodeIgniter\CodeIgniter->handleRequest(null, Object(Config\Cache), false)
14 SYSTEMPATH/Boot.php(325): CodeIgniter\CodeIgniter->run()
15 SYSTEMPATH/Boot.php(67): CodeIgniter\Boot::runCodeIgniter(Object(CodeIgniter\CodeIgniter))
16 FCPATH/index.php(56): CodeIgniter\Boot::bootWeb(Object(Config\Paths))
CRITICAL - 2024-10-01 14:34:44 --> CodeIgniter\HTTP\Exceptions\HTTPException: HTTP.invalidRoute
[Method: GET, Route: panel]
in SYSTEMPATH/HTTP/RedirectResponse.php on line 64.
 1 SYSTEMPATH/HTTP/RedirectResponse.php(64): CodeIgniter\HTTP\Exceptions\HTTPException::forInvalidRedirectRoute('/login')
 2 SYSTEMPATH/Common.php(851): CodeIgniter\HTTP\RedirectResponse->route(false)
 3 APPPATH/Models/Privileges_Model.php(25): redirect('/login')
 4 APPPATH/Controllers/Panel.php(18): App\Models\Privileges_Model->has_privilege('dashGoals')
 5 APPPATH/Controllers/DynamicController.php(55): App\Controllers\Panel->index()
 6 SYSTEMPATH/CodeIgniter.php(933): App\Controllers\DynamicController->execute('panel')
 7 SYSTEMPATH/CodeIgniter.php(509): CodeIgniter\CodeIgniter->runController(Object(App\Controllers\DynamicController))
 8 SYSTEMPATH/CodeIgniter.php(355): CodeIgniter\CodeIgniter->handleRequest(null, Object(Config\Cache), false)
 9 SYSTEMPATH/Boot.php(325): CodeIgniter\CodeIgniter->run()
10 SYSTEMPATH/Boot.php(67): CodeIgniter\Boot::runCodeIgniter(Object(CodeIgniter\CodeIgniter))
11 FCPATH/index.php(56): CodeIgniter\Boot::bootWeb(Object(Config\Paths))
CRITICAL - 2024-10-01 14:34:56 --> ErrorException: session_destroy(): Trying to destroy uninitialized session
[Method: GET, Route: panel]
in SYSTEMPATH/Session/Session.php on line 435.
 1 [internal function]: CodeIgniter\Debug\Exceptions->errorHandler(2, 'session_destroy(): Trying to destroy uninitialized session', '/home/next0355/dev.next1crm.com.br/system/Session/Session.php', 435)
 2 SYSTEMPATH/Session/Session.php(435): session_destroy()
 3 APPPATH/Helpers/ciuis_helper.php(1225): CodeIgniter\Session\Session->destroy()
 4 APPPATH/Views/inc/ciuis_data_table_header.php(6): get_user()
 5 APPPATH/Views/panel/index2.php(1): include_once('/home/next0355/dev.next1crm.com.br/app/Views/inc/ciuis_data_table_header.php')
 6 SYSTEMPATH/View/View.php(234): include('/home/next0355/dev.next1crm.com.br/app/Views/panel/index2.php')
 7 SYSTEMPATH/View/View.php(237): CodeIgniter\View\View->CodeIgniter\View\{closure}()
 8 SYSTEMPATH/Common.php(1169): CodeIgniter\View\View->render('panel/index2', [], true)
 9 APPPATH/Controllers/Panel.php(38): view('panel/index2', [...])
10 APPPATH/Controllers/DynamicController.php(55): App\Controllers\Panel->index()
11 SYSTEMPATH/CodeIgniter.php(933): App\Controllers\DynamicController->execute('panel')
12 SYSTEMPATH/CodeIgniter.php(509): CodeIgniter\CodeIgniter->runController(Object(App\Controllers\DynamicController))
13 SYSTEMPATH/CodeIgniter.php(355): CodeIgniter\CodeIgniter->handleRequest(null, Object(Config\Cache), false)
14 SYSTEMPATH/Boot.php(325): CodeIgniter\CodeIgniter->run()
15 SYSTEMPATH/Boot.php(67): CodeIgniter\Boot::runCodeIgniter(Object(CodeIgniter\CodeIgniter))
16 FCPATH/index.php(56): CodeIgniter\Boot::bootWeb(Object(Config\Paths))
CRITICAL - 2024-10-01 14:35:38 --> CodeIgniter\HTTP\Exceptions\HTTPException: HTTP.invalidRoute
[Method: GET, Route: panel]
in SYSTEMPATH/HTTP/RedirectResponse.php on line 64.
 1 SYSTEMPATH/HTTP/RedirectResponse.php(64): CodeIgniter\HTTP\Exceptions\HTTPException::forInvalidRedirectRoute('https://dev.next1crm.com.br/login')
 2 SYSTEMPATH/Common.php(851): CodeIgniter\HTTP\RedirectResponse->route(false)
 3 APPPATH/Models/Privileges_Model.php(25): redirect('https://dev.next1crm.com.br/login')
 4 APPPATH/Controllers/Panel.php(18): App\Models\Privileges_Model->has_privilege('dashGoals')
 5 APPPATH/Controllers/DynamicController.php(55): App\Controllers\Panel->index()
 6 SYSTEMPATH/CodeIgniter.php(933): App\Controllers\DynamicController->execute('panel')
 7 SYSTEMPATH/CodeIgniter.php(509): CodeIgniter\CodeIgniter->runController(Object(App\Controllers\DynamicController))
 8 SYSTEMPATH/CodeIgniter.php(355): CodeIgniter\CodeIgniter->handleRequest(null, Object(Config\Cache), false)
 9 SYSTEMPATH/Boot.php(325): CodeIgniter\CodeIgniter->run()
10 SYSTEMPATH/Boot.php(67): CodeIgniter\Boot::runCodeIgniter(Object(CodeIgniter\CodeIgniter))
11 FCPATH/index.php(56): CodeIgniter\Boot::bootWeb(Object(Config\Paths))
CRITICAL - 2024-10-01 14:35:39 --> CodeIgniter\HTTP\Exceptions\HTTPException: HTTP.invalidRoute
[Method: GET, Route: panel]
in SYSTEMPATH/HTTP/RedirectResponse.php on line 64.
 1 SYSTEMPATH/HTTP/RedirectResponse.php(64): CodeIgniter\HTTP\Exceptions\HTTPException::forInvalidRedirectRoute('https://dev.next1crm.com.br/login')
 2 SYSTEMPATH/Common.php(851): CodeIgniter\HTTP\RedirectResponse->route(false)
 3 APPPATH/Models/Privileges_Model.php(25): redirect('https://dev.next1crm.com.br/login')
 4 APPPATH/Controllers/Panel.php(18): App\Models\Privileges_Model->has_privilege('dashGoals')
 5 APPPATH/Controllers/DynamicController.php(55): App\Controllers\Panel->index()
 6 SYSTEMPATH/CodeIgniter.php(933): App\Controllers\DynamicController->execute('panel')
 7 SYSTEMPATH/CodeIgniter.php(509): CodeIgniter\CodeIgniter->runController(Object(App\Controllers\DynamicController))
 8 SYSTEMPATH/CodeIgniter.php(355): CodeIgniter\CodeIgniter->handleRequest(null, Object(Config\Cache), false)
 9 SYSTEMPATH/Boot.php(325): CodeIgniter\CodeIgniter->run()
10 SYSTEMPATH/Boot.php(67): CodeIgniter\Boot::runCodeIgniter(Object(CodeIgniter\CodeIgniter))
11 FCPATH/index.php(56): CodeIgniter\Boot::bootWeb(Object(Config\Paths))
CRITICAL - 2024-10-01 14:35:48 --> ErrorException: session_destroy(): Trying to destroy uninitialized session
[Method: GET, Route: panel]
in SYSTEMPATH/Session/Session.php on line 435.
 1 [internal function]: CodeIgniter\Debug\Exceptions->errorHandler(2, 'session_destroy(): Trying to destroy uninitialized session', '/home/next0355/dev.next1crm.com.br/system/Session/Session.php', 435)
 2 SYSTEMPATH/Session/Session.php(435): session_destroy()
 3 APPPATH/Helpers/ciuis_helper.php(1225): CodeIgniter\Session\Session->destroy()
 4 APPPATH/Views/inc/ciuis_data_table_header.php(6): get_user()
 5 APPPATH/Views/panel/index2.php(1): include_once('/home/next0355/dev.next1crm.com.br/app/Views/inc/ciuis_data_table_header.php')
 6 SYSTEMPATH/View/View.php(234): include('/home/next0355/dev.next1crm.com.br/app/Views/panel/index2.php')
 7 SYSTEMPATH/View/View.php(237): CodeIgniter\View\View->CodeIgniter\View\{closure}()
 8 SYSTEMPATH/Common.php(1169): CodeIgniter\View\View->render('panel/index2', [], true)
 9 APPPATH/Controllers/Panel.php(38): view('panel/index2', [...])
10 APPPATH/Controllers/DynamicController.php(55): App\Controllers\Panel->index()
11 SYSTEMPATH/CodeIgniter.php(933): App\Controllers\DynamicController->execute('panel')
12 SYSTEMPATH/CodeIgniter.php(509): CodeIgniter\CodeIgniter->runController(Object(App\Controllers\DynamicController))
13 SYSTEMPATH/CodeIgniter.php(355): CodeIgniter\CodeIgniter->handleRequest(null, Object(Config\Cache), false)
14 SYSTEMPATH/Boot.php(325): CodeIgniter\CodeIgniter->run()
15 SYSTEMPATH/Boot.php(67): CodeIgniter\Boot::runCodeIgniter(Object(CodeIgniter\CodeIgniter))
16 FCPATH/index.php(56): CodeIgniter\Boot::bootWeb(Object(Config\Paths))
CRITICAL - 2024-10-01 14:38:05 --> ErrorException: Undefined property: CodeIgniter\HTTP\IncomingRequest::$REQUEST_URI
[Method: GET, Route: panel]
in APPPATH/Controllers/BaseController.php on line 91.
 1 APPPATH/Controllers/BaseController.php(91): CodeIgniter\Debug\Exceptions->errorHandler(2, 'Undefined property: CodeIgniter\\HTTP\\IncomingRequest::$REQUEST_URI', '/home/next0355/dev.next1crm.com.br/app/Controllers/BaseController.php', 91)
 2 SYSTEMPATH/CodeIgniter.php(904): App\Controllers\BaseController->initController(Object(CodeIgniter\HTTP\IncomingRequest), Object(CodeIgniter\HTTP\Response), Object(CodeIgniter\Log\Logger))
 3 SYSTEMPATH/CodeIgniter.php(500): CodeIgniter\CodeIgniter->createController()
 4 SYSTEMPATH/CodeIgniter.php(355): CodeIgniter\CodeIgniter->handleRequest(null, Object(Config\Cache), false)
 5 SYSTEMPATH/Boot.php(325): CodeIgniter\CodeIgniter->run()
 6 SYSTEMPATH/Boot.php(67): CodeIgniter\Boot::runCodeIgniter(Object(CodeIgniter\CodeIgniter))
 7 FCPATH/index.php(56): CodeIgniter\Boot::bootWeb(Object(Config\Paths))
CRITICAL - 2024-10-01 14:38:05 --> ErrorException: Uncaught Error: Call to undefined function lang2() in /home/next0355/dev.next1crm.com.br/system/Helpers/number_helper.php:50
Stack trace:
#0 /home/next0355/dev.next1crm.com.br/system/Debug/BaseExceptionHandler.php(154): number_to_size(4.0, 2)
#1 /home/next0355/dev.next1crm.com.br/app/Views/errors/html/error_exception.php(409): CodeIgniter\Debug\BaseExceptionHandler::describeMemory(4194304)
#2 /home/next0355/dev.next1crm.com.br/system/Debug/BaseExceptionHandler.php(266): include('/home/next0355/...')
#3 /home/next0355/dev.next1crm.com.br/system/Debug/BaseExceptionHandler.php(269): CodeIgniter\Debug\BaseExceptionHandler->CodeIgniter\Debug\{closure}()
#4 /home/next0355/dev.next1crm.com.br/system/Debug/ExceptionHandler.php(114): CodeIgniter\Debug\BaseExceptionHandler->render(Object(ErrorException), 500, '/home/next0355/...')
#5 /home/next0355/dev.next1crm.com.br/system/Debug/Exceptions.php(163): CodeIgniter\Debug\ExceptionHandler->handle(Object(ErrorException), Object(CodeIgniter\HTTP\IncomingRequest), Object(CodeIgniter\HTTP\Response), 500, 1)
#6 [internal function]: CodeIgniter\Debug\Exceptions->exceptionHandler(Object(ErrorException))
#7 {main}
  thrown
【Previous Exception】
ErrorException
Undefined property: CodeIgniter\HTTP\IncomingRequest::$REQUEST_URI
#0 /home/next0355/dev.next1crm.com.br/app/Controllers/BaseController.php(91): CodeIgniter\Debug\Exceptions->errorHandler(2, 'Undefined prope...', '/home/next0355/...', 91)
#1 /home/next0355/dev.next1crm.com.br/system/CodeIgniter.php(904): App\Controllers\BaseController->initController(Object(CodeIgniter\HTTP\IncomingRequest), Object(CodeIgniter\HTTP\Response), Object(CodeIgniter\Log\Logger))
#2 /home/next0355/dev.next1crm.com.br/system/CodeIgniter.php(500): CodeIgniter\CodeIgniter->createController()
#3 /home/next0355/dev.next1crm.com.br/system/CodeIgniter.php(355): CodeIgniter\CodeIgniter->handleRequest(NULL, Object(Config\Cache), false)
#4 /home/next0355/dev.next1crm.com.br/system/Boot.php(325): CodeIgniter\CodeIgniter->run()
#5 /home/next0355/dev.next1crm.com.br/system/Boot.php(67): CodeIgniter\Boot::runCodeIgniter(Object(CodeIgniter\CodeIgniter))
#6 /home/next0355/dev.next1crm.com.br/public/index.php(56): CodeIgniter\Boot::bootWeb(Object(Config\Paths))
#7 {main}
[Method: GET, Route: panel]
in SYSTEMPATH/Helpers/number_helper.php on line 50.
 1 [internal function]: CodeIgniter\Debug\Exceptions->shutdownHandler()
CRITICAL - 2024-10-01 14:40:45 --> Error: Cannot access protected property CodeIgniter\HTTP\IncomingRequest::$config
[Method: GET, Route: panel]
in APPPATH/Controllers/BaseController.php on line 92.
 1 SYSTEMPATH/CodeIgniter.php(904): App\Controllers\BaseController->initController(Object(CodeIgniter\HTTP\IncomingRequest), Object(CodeIgniter\HTTP\Response), Object(CodeIgniter\Log\Logger))
 2 SYSTEMPATH/CodeIgniter.php(500): CodeIgniter\CodeIgniter->createController()
 3 SYSTEMPATH/CodeIgniter.php(355): CodeIgniter\CodeIgniter->handleRequest(null, Object(Config\Cache), false)
 4 SYSTEMPATH/Boot.php(325): CodeIgniter\CodeIgniter->run()
 5 SYSTEMPATH/Boot.php(67): CodeIgniter\Boot::runCodeIgniter(Object(CodeIgniter\CodeIgniter))
 6 FCPATH/index.php(56): CodeIgniter\Boot::bootWeb(Object(Config\Paths))
CRITICAL - 2024-10-01 14:40:45 --> ErrorException: Uncaught Error: Call to undefined function lang2() in /home/next0355/dev.next1crm.com.br/system/Helpers/number_helper.php:50
Stack trace:
#0 /home/next0355/dev.next1crm.com.br/system/Debug/BaseExceptionHandler.php(154): number_to_size(4.0, 2)
#1 /home/next0355/dev.next1crm.com.br/app/Views/errors/html/error_exception.php(409): CodeIgniter\Debug\BaseExceptionHandler::describeMemory(4194304)
#2 /home/next0355/dev.next1crm.com.br/system/Debug/BaseExceptionHandler.php(266): include('/home/next0355/...')
#3 /home/next0355/dev.next1crm.com.br/system/Debug/BaseExceptionHandler.php(269): CodeIgniter\Debug\BaseExceptionHandler->CodeIgniter\Debug\{closure}()
#4 /home/next0355/dev.next1crm.com.br/system/Debug/ExceptionHandler.php(114): CodeIgniter\Debug\BaseExceptionHandler->render(Object(Error), 500, '/home/next0355/...')
#5 /home/next0355/dev.next1crm.com.br/system/Debug/Exceptions.php(163): CodeIgniter\Debug\ExceptionHandler->handle(Object(Error), Object(CodeIgniter\HTTP\IncomingRequest), Object(CodeIgniter\HTTP\Response), 500, 1)
#6 [internal function]: CodeIgniter\Debug\Exceptions->exceptionHandler(Object(Error))
#7 {main}
  thrown
【Previous Exception】
Error
Cannot access protected property CodeIgniter\HTTP\IncomingRequest::$config
#0 /home/next0355/dev.next1crm.com.br/system/CodeIgniter.php(904): App\Controllers\BaseController->initController(Object(CodeIgniter\HTTP\IncomingRequest), Object(CodeIgniter\HTTP\Response), Object(CodeIgniter\Log\Logger))
#1 /home/next0355/dev.next1crm.com.br/system/CodeIgniter.php(500): CodeIgniter\CodeIgniter->createController()
#2 /home/next0355/dev.next1crm.com.br/system/CodeIgniter.php(355): CodeIgniter\CodeIgniter->handleRequest(NULL, Object(Config\Cache), false)
#3 /home/next0355/dev.next1crm.com.br/system/Boot.php(325): CodeIgniter\CodeIgniter->run()
#4 /home/next0355/dev.next1crm.com.br/system/Boot.php(67): CodeIgniter\Boot::runCodeIgniter(Object(CodeIgniter\CodeIgniter))
#5 /home/next0355/dev.next1crm.com.br/public/index.php(56): CodeIgniter\Boot::bootWeb(Object(Config\Paths))
#6 {main}
[Method: GET, Route: panel]
in SYSTEMPATH/Helpers/number_helper.php on line 50.
 1 [internal function]: CodeIgniter\Debug\Exceptions->shutdownHandler()
CRITICAL - 2024-10-01 14:41:30 --> Error: Call to undefined method CodeIgniter\HTTP\IncomingRequest::getRequestUri()
[Method: GET, Route: panel]
in APPPATH/Controllers/BaseController.php on line 92.
 1 SYSTEMPATH/CodeIgniter.php(904): App\Controllers\BaseController->initController(Object(CodeIgniter\HTTP\IncomingRequest), Object(CodeIgniter\HTTP\Response), Object(CodeIgniter\Log\Logger))
 2 SYSTEMPATH/CodeIgniter.php(500): CodeIgniter\CodeIgniter->createController()
 3 SYSTEMPATH/CodeIgniter.php(355): CodeIgniter\CodeIgniter->handleRequest(null, Object(Config\Cache), false)
 4 SYSTEMPATH/Boot.php(325): CodeIgniter\CodeIgniter->run()
 5 SYSTEMPATH/Boot.php(67): CodeIgniter\Boot::runCodeIgniter(Object(CodeIgniter\CodeIgniter))
 6 FCPATH/index.php(56): CodeIgniter\Boot::bootWeb(Object(Config\Paths))
CRITICAL - 2024-10-01 14:41:30 --> ErrorException: Uncaught Error: Call to undefined function lang2() in /home/next0355/dev.next1crm.com.br/system/Helpers/number_helper.php:50
Stack trace:
#0 /home/next0355/dev.next1crm.com.br/system/Debug/BaseExceptionHandler.php(154): number_to_size(4.0, 2)
#1 /home/next0355/dev.next1crm.com.br/app/Views/errors/html/error_exception.php(409): CodeIgniter\Debug\BaseExceptionHandler::describeMemory(4194304)
#2 /home/next0355/dev.next1crm.com.br/system/Debug/BaseExceptionHandler.php(266): include('/home/next0355/...')
#3 /home/next0355/dev.next1crm.com.br/system/Debug/BaseExceptionHandler.php(269): CodeIgniter\Debug\BaseExceptionHandler->CodeIgniter\Debug\{closure}()
#4 /home/next0355/dev.next1crm.com.br/system/Debug/ExceptionHandler.php(114): CodeIgniter\Debug\BaseExceptionHandler->render(Object(Error), 500, '/home/next0355/...')
#5 /home/next0355/dev.next1crm.com.br/system/Debug/Exceptions.php(163): CodeIgniter\Debug\ExceptionHandler->handle(Object(Error), Object(CodeIgniter\HTTP\IncomingRequest), Object(CodeIgniter\HTTP\Response), 500, 1)
#6 [internal function]: CodeIgniter\Debug\Exceptions->exceptionHandler(Object(Error))
#7 {main}
  thrown
【Previous Exception】
Error
Call to undefined method CodeIgniter\HTTP\IncomingRequest::getRequestUri()
#0 /home/next0355/dev.next1crm.com.br/system/CodeIgniter.php(904): App\Controllers\BaseController->initController(Object(CodeIgniter\HTTP\IncomingRequest), Object(CodeIgniter\HTTP\Response), Object(CodeIgniter\Log\Logger))
#1 /home/next0355/dev.next1crm.com.br/system/CodeIgniter.php(500): CodeIgniter\CodeIgniter->createController()
#2 /home/next0355/dev.next1crm.com.br/system/CodeIgniter.php(355): CodeIgniter\CodeIgniter->handleRequest(NULL, Object(Config\Cache), false)
#3 /home/next0355/dev.next1crm.com.br/system/Boot.php(325): CodeIgniter\CodeIgniter->run()
#4 /home/next0355/dev.next1crm.com.br/system/Boot.php(67): CodeIgniter\Boot::runCodeIgniter(Object(CodeIgniter\CodeIgniter))
#5 /home/next0355/dev.next1crm.com.br/public/index.php(56): CodeIgniter\Boot::bootWeb(Object(Config\Paths))
#6 {main}
[Method: GET, Route: panel]
in SYSTEMPATH/Helpers/number_helper.php on line 50.
 1 [internal function]: CodeIgniter\Debug\Exceptions->shutdownHandler()
CRITICAL - 2024-10-01 14:42:04 --> Error: Call to undefined method CodeIgniter\HTTP\IncomingRequest::getRequestUri()
[Method: GET, Route: /]
in APPPATH/Controllers/BaseController.php on line 92.
 1 SYSTEMPATH/CodeIgniter.php(904): App\Controllers\BaseController->initController(Object(CodeIgniter\HTTP\IncomingRequest), Object(CodeIgniter\HTTP\Response), Object(CodeIgniter\Log\Logger))
 2 SYSTEMPATH/CodeIgniter.php(500): CodeIgniter\CodeIgniter->createController()
 3 SYSTEMPATH/CodeIgniter.php(355): CodeIgniter\CodeIgniter->handleRequest(null, Object(Config\Cache), false)
 4 SYSTEMPATH/Boot.php(325): CodeIgniter\CodeIgniter->run()
 5 SYSTEMPATH/Boot.php(67): CodeIgniter\Boot::runCodeIgniter(Object(CodeIgniter\CodeIgniter))
 6 FCPATH/index.php(56): CodeIgniter\Boot::bootWeb(Object(Config\Paths))
CRITICAL - 2024-10-01 14:42:09 --> Error: Call to undefined method CodeIgniter\HTTP\IncomingRequest::getRequestUri()
[Method: GET, Route: panel]
in APPPATH/Controllers/BaseController.php on line 92.
 1 SYSTEMPATH/CodeIgniter.php(904): App\Controllers\BaseController->initController(Object(CodeIgniter\HTTP\IncomingRequest), Object(CodeIgniter\HTTP\Response), Object(CodeIgniter\Log\Logger))
 2 SYSTEMPATH/CodeIgniter.php(500): CodeIgniter\CodeIgniter->createController()
 3 SYSTEMPATH/CodeIgniter.php(355): CodeIgniter\CodeIgniter->handleRequest(null, Object(Config\Cache), false)
 4 SYSTEMPATH/Boot.php(325): CodeIgniter\CodeIgniter->run()
 5 SYSTEMPATH/Boot.php(67): CodeIgniter\Boot::runCodeIgniter(Object(CodeIgniter\CodeIgniter))
 6 FCPATH/index.php(56): CodeIgniter\Boot::bootWeb(Object(Config\Paths))
CRITICAL - 2024-10-01 14:42:09 --> ErrorException: Uncaught Error: Call to undefined function lang2() in /home/next0355/dev.next1crm.com.br/system/Helpers/number_helper.php:50
Stack trace:
#0 /home/next0355/dev.next1crm.com.br/system/Debug/BaseExceptionHandler.php(154): number_to_size(4.0, 2)
#1 /home/next0355/dev.next1crm.com.br/app/Views/errors/html/error_exception.php(409): CodeIgniter\Debug\BaseExceptionHandler::describeMemory(4194304)
#2 /home/next0355/dev.next1crm.com.br/system/Debug/BaseExceptionHandler.php(266): include('/home/next0355/...')
#3 /home/next0355/dev.next1crm.com.br/system/Debug/BaseExceptionHandler.php(269): CodeIgniter\Debug\BaseExceptionHandler->CodeIgniter\Debug\{closure}()
#4 /home/next0355/dev.next1crm.com.br/system/Debug/ExceptionHandler.php(114): CodeIgniter\Debug\BaseExceptionHandler->render(Object(Error), 500, '/home/next0355/...')
#5 /home/next0355/dev.next1crm.com.br/system/Debug/Exceptions.php(163): CodeIgniter\Debug\ExceptionHandler->handle(Object(Error), Object(CodeIgniter\HTTP\IncomingRequest), Object(CodeIgniter\HTTP\Response), 500, 1)
#6 [internal function]: CodeIgniter\Debug\Exceptions->exceptionHandler(Object(Error))
#7 {main}
  thrown
【Previous Exception】
Error
Call to undefined method CodeIgniter\HTTP\IncomingRequest::getRequestUri()
#0 /home/next0355/dev.next1crm.com.br/system/CodeIgniter.php(904): App\Controllers\BaseController->initController(Object(CodeIgniter\HTTP\IncomingRequest), Object(CodeIgniter\HTTP\Response), Object(CodeIgniter\Log\Logger))
#1 /home/next0355/dev.next1crm.com.br/system/CodeIgniter.php(500): CodeIgniter\CodeIgniter->createController()
#2 /home/next0355/dev.next1crm.com.br/system/CodeIgniter.php(355): CodeIgniter\CodeIgniter->handleRequest(NULL, Object(Config\Cache), false)
#3 /home/next0355/dev.next1crm.com.br/system/Boot.php(325): CodeIgniter\CodeIgniter->run()
#4 /home/next0355/dev.next1crm.com.br/system/Boot.php(67): CodeIgniter\Boot::runCodeIgniter(Object(CodeIgniter\CodeIgniter))
#5 /home/next0355/dev.next1crm.com.br/public/index.php(56): CodeIgniter\Boot::bootWeb(Object(Config\Paths))
#6 {main}
[Method: GET, Route: panel]
in SYSTEMPATH/Helpers/number_helper.php on line 50.
 1 [internal function]: CodeIgniter\Debug\Exceptions->shutdownHandler()
CRITICAL - 2024-10-01 14:45:31 --> Error: Call to undefined function CodeIgniter\HTTP\Exceptions\lang2()
[Method: GET, Route: panel]
in SYSTEMPATH/HTTP/Exceptions/HTTPException.php on line 117.
 1 SYSTEMPATH/HTTP/RedirectResponse.php(64): CodeIgniter\HTTP\Exceptions\HTTPException::forInvalidRedirectRoute('https://dev.next1crm.com.br/login')
 2 SYSTEMPATH/Common.php(851): CodeIgniter\HTTP\RedirectResponse->route(false)
 3 APPPATH/Controllers/BaseController.php(100): redirect('https://dev.next1crm.com.br/login')
 4 SYSTEMPATH/CodeIgniter.php(904): App\Controllers\BaseController->initController(Object(CodeIgniter\HTTP\IncomingRequest), Object(CodeIgniter\HTTP\Response), Object(CodeIgniter\Log\Logger))
 5 SYSTEMPATH/CodeIgniter.php(500): CodeIgniter\CodeIgniter->createController()
 6 SYSTEMPATH/CodeIgniter.php(355): CodeIgniter\CodeIgniter->handleRequest(null, Object(Config\Cache), false)
 7 SYSTEMPATH/Boot.php(325): CodeIgniter\CodeIgniter->run()
 8 SYSTEMPATH/Boot.php(67): CodeIgniter\Boot::runCodeIgniter(Object(CodeIgniter\CodeIgniter))
 9 FCPATH/index.php(56): CodeIgniter\Boot::bootWeb(Object(Config\Paths))
CRITICAL - 2024-10-01 14:45:31 --> ErrorException: Uncaught Error: Call to undefined function lang2() in /home/next0355/dev.next1crm.com.br/system/Helpers/number_helper.php:50
Stack trace:
#0 /home/next0355/dev.next1crm.com.br/system/Debug/BaseExceptionHandler.php(154): number_to_size(4.0, 2)
#1 /home/next0355/dev.next1crm.com.br/app/Views/errors/html/error_exception.php(409): CodeIgniter\Debug\BaseExceptionHandler::describeMemory(4194304)
#2 /home/next0355/dev.next1crm.com.br/system/Debug/BaseExceptionHandler.php(266): include('/home/next0355/...')
#3 /home/next0355/dev.next1crm.com.br/system/Debug/BaseExceptionHandler.php(269): CodeIgniter\Debug\BaseExceptionHandler->CodeIgniter\Debug\{closure}()
#4 /home/next0355/dev.next1crm.com.br/system/Debug/ExceptionHandler.php(114): CodeIgniter\Debug\BaseExceptionHandler->render(Object(Error), 500, '/home/next0355/...')
#5 /home/next0355/dev.next1crm.com.br/system/Debug/Exceptions.php(163): CodeIgniter\Debug\ExceptionHandler->handle(Object(Error), Object(CodeIgniter\HTTP\IncomingRequest), Object(CodeIgniter\HTTP\Response), 500, 1)
#6 [internal function]: CodeIgniter\Debug\Exceptions->exceptionHandler(Object(Error))
#7 {main}
  thrown
【Previous Exception】
Error
Call to undefined function CodeIgniter\HTTP\Exceptions\lang2()
#0 /home/next0355/dev.next1crm.com.br/system/HTTP/RedirectResponse.php(64): CodeIgniter\HTTP\Exceptions\HTTPException::forInvalidRedirectRoute('https://dev.nex...')
#1 /home/next0355/dev.next1crm.com.br/system/Common.php(851): CodeIgniter\HTTP\RedirectResponse->route(false)
#2 /home/next0355/dev.next1crm.com.br/app/Controllers/BaseController.php(100): redirect('https://dev.nex...')
#3 /home/next0355/dev.next1crm.com.br/system/CodeIgniter.php(904): App\Controllers\BaseController->initController(Object(CodeIgniter\HTTP\IncomingRequest), Object(CodeIgniter\HTTP\Response), Object(CodeIgniter\Log\Logger))
#4 /home/next0355/dev.next1crm.com.br/system/CodeIgniter.php(500): CodeIgniter\CodeIgniter->createController()
#5 /home/next0355/dev.next1crm.com.br/system/CodeIgniter.php(355): CodeIgniter\CodeIgniter->handleRequest(NULL, Object(Config\Cache), false)
#6 /home/next0355/dev.next1crm.com.br/system/Boot.php(325): CodeIgniter\CodeIgniter->run()
#7 /home/next0355/dev.next1crm.com.br/system/Boot.php(67): CodeIgniter\Boot::runCodeIgniter(Object(CodeIgniter\CodeIgniter))
#8 /home/next0355/dev.next1crm.com.br/public/index.php(56): CodeIgniter\Boot::bootWeb(Object(Config\Paths))
#9 {main}
[Method: GET, Route: panel]
in SYSTEMPATH/Helpers/number_helper.php on line 50.
 1 [internal function]: CodeIgniter\Debug\Exceptions->shutdownHandler()
CRITICAL - 2024-10-01 14:49:52 --> CodeIgniter\HTTP\Exceptions\HTTPException: The route for "https://dev.next1crm.com.br/login" cannot be found.
[Method: GET, Route: panel]
in SYSTEMPATH/HTTP/RedirectResponse.php on line 64.
 1 SYSTEMPATH/HTTP/RedirectResponse.php(64): CodeIgniter\HTTP\Exceptions\HTTPException::forInvalidRedirectRoute('https://dev.next1crm.com.br/login')
 2 SYSTEMPATH/Common.php(851): CodeIgniter\HTTP\RedirectResponse->route(false)
 3 APPPATH/Controllers/BaseController.php(100): redirect('https://dev.next1crm.com.br/login')
 4 SYSTEMPATH/CodeIgniter.php(904): App\Controllers\BaseController->initController(Object(CodeIgniter\HTTP\IncomingRequest), Object(CodeIgniter\HTTP\Response), Object(CodeIgniter\Log\Logger))
 5 SYSTEMPATH/CodeIgniter.php(500): CodeIgniter\CodeIgniter->createController()
 6 SYSTEMPATH/CodeIgniter.php(355): CodeIgniter\CodeIgniter->handleRequest(null, Object(Config\Cache), false)
 7 SYSTEMPATH/Boot.php(325): CodeIgniter\CodeIgniter->run()
 8 SYSTEMPATH/Boot.php(67): CodeIgniter\Boot::runCodeIgniter(Object(CodeIgniter\CodeIgniter))
 9 FCPATH/index.php(56): CodeIgniter\Boot::bootWeb(Object(Config\Paths))
CRITICAL - 2024-10-01 14:49:52 --> ErrorException: Uncaught Error: Call to undefined function lang2() in /home/next0355/dev.next1crm.com.br/system/Helpers/number_helper.php:50
Stack trace:
#0 /home/next0355/dev.next1crm.com.br/system/Debug/BaseExceptionHandler.php(154): number_to_size(4.0, 2)
#1 /home/next0355/dev.next1crm.com.br/app/Views/errors/html/error_exception.php(409): CodeIgniter\Debug\BaseExceptionHandler::describeMemory(4194304)
#2 /home/next0355/dev.next1crm.com.br/system/Debug/BaseExceptionHandler.php(266): include('/home/next0355/...')
#3 /home/next0355/dev.next1crm.com.br/system/Debug/BaseExceptionHandler.php(269): CodeIgniter\Debug\BaseExceptionHandler->CodeIgniter\Debug\{closure}()
#4 /home/next0355/dev.next1crm.com.br/system/Debug/ExceptionHandler.php(114): CodeIgniter\Debug\BaseExceptionHandler->render(Object(CodeIgniter\HTTP\Exceptions\HTTPException), 500, '/home/next0355/...')
#5 /home/next0355/dev.next1crm.com.br/system/Debug/Exceptions.php(163): CodeIgniter\Debug\ExceptionHandler->handle(Object(CodeIgniter\HTTP\Exceptions\HTTPException), Object(CodeIgniter\HTTP\IncomingRequest), Object(CodeIgniter\HTTP\Response), 500, 1)
#6 [internal function]: CodeIgniter\Debug\Exceptions->exceptionHandler(Object(CodeIgniter\HTTP\Exceptions\HTTPException))
#7 {main}
  thrown
【Previous Exception】
CodeIgniter\HTTP\Exceptions\HTTPException
The route for "https://dev.next1crm.com.br/login" cannot be found.
#0 /home/next0355/dev.next1crm.com.br/system/HTTP/RedirectResponse.php(64): CodeIgniter\HTTP\Exceptions\HTTPException::forInvalidRedirectRoute('https://dev.nex...')
#1 /home/next0355/dev.next1crm.com.br/system/Common.php(851): CodeIgniter\HTTP\RedirectResponse->route(false)
#2 /home/next0355/dev.next1crm.com.br/app/Controllers/BaseController.php(100): redirect('https://dev.nex...')
#3 /home/next0355/dev.next1crm.com.br/system/CodeIgniter.php(904): App\Controllers\BaseController->initController(Object(CodeIgniter\HTTP\IncomingRequest), Object(CodeIgniter\HTTP\Response), Object(CodeIgniter\Log\Logger))
#4 /home/next0355/dev.next1crm.com.br/system/CodeIgniter.php(500): CodeIgniter\CodeIgniter->createController()
#5 /home/next0355/dev.next1crm.com.br/system/CodeIgniter.php(355): CodeIgniter\CodeIgniter->handleRequest(NULL, Object(Config\Cache), false)
#6 /home/next0355/dev.next1crm.com.br/system/Boot.php(325): CodeIgniter\CodeIgniter->run()
#7 /home/next0355/dev.next1crm.com.br/system/Boot.php(67): CodeIgniter\Boot::runCodeIgniter(Object(CodeIgniter\CodeIgniter))
#8 /home/next0355/dev.next1crm.com.br/public/index.php(56): CodeIgniter\Boot::bootWeb(Object(Config\Paths))
#9 {main}
[Method: GET, Route: panel]
in SYSTEMPATH/Helpers/number_helper.php on line 50.
 1 [internal function]: CodeIgniter\Debug\Exceptions->shutdownHandler()
CRITICAL - 2024-10-01 14:50:20 --> CodeIgniter\HTTP\Exceptions\HTTPException: The route for "https://dev.next1crm.com.br/login" cannot be found.
[Method: GET, Route: login]
in SYSTEMPATH/HTTP/RedirectResponse.php on line 64.
 1 SYSTEMPATH/HTTP/RedirectResponse.php(64): CodeIgniter\HTTP\Exceptions\HTTPException::forInvalidRedirectRoute('https://dev.next1crm.com.br/login')
 2 SYSTEMPATH/Common.php(851): CodeIgniter\HTTP\RedirectResponse->route(false)
 3 APPPATH/Controllers/BaseController.php(100): redirect('https://dev.next1crm.com.br/login')
 4 SYSTEMPATH/CodeIgniter.php(904): App\Controllers\BaseController->initController(Object(CodeIgniter\HTTP\IncomingRequest), Object(CodeIgniter\HTTP\Response), Object(CodeIgniter\Log\Logger))
 5 SYSTEMPATH/CodeIgniter.php(500): CodeIgniter\CodeIgniter->createController()
 6 SYSTEMPATH/CodeIgniter.php(355): CodeIgniter\CodeIgniter->handleRequest(null, Object(Config\Cache), false)
 7 SYSTEMPATH/Boot.php(325): CodeIgniter\CodeIgniter->run()
 8 SYSTEMPATH/Boot.php(67): CodeIgniter\Boot::runCodeIgniter(Object(CodeIgniter\CodeIgniter))
 9 FCPATH/index.php(56): CodeIgniter\Boot::bootWeb(Object(Config\Paths))
CRITICAL - 2024-10-01 14:50:20 --> ErrorException: Uncaught Error: Call to undefined function lang2() in /home/next0355/dev.next1crm.com.br/system/Helpers/number_helper.php:50
Stack trace:
#0 /home/next0355/dev.next1crm.com.br/system/Debug/BaseExceptionHandler.php(154): number_to_size(4.0, 2)
#1 /home/next0355/dev.next1crm.com.br/app/Views/errors/html/error_exception.php(409): CodeIgniter\Debug\BaseExceptionHandler::describeMemory(4194304)
#2 /home/next0355/dev.next1crm.com.br/system/Debug/BaseExceptionHandler.php(266): include('/home/next0355/...')
#3 /home/next0355/dev.next1crm.com.br/system/Debug/BaseExceptionHandler.php(269): CodeIgniter\Debug\BaseExceptionHandler->CodeIgniter\Debug\{closure}()
#4 /home/next0355/dev.next1crm.com.br/system/Debug/ExceptionHandler.php(114): CodeIgniter\Debug\BaseExceptionHandler->render(Object(CodeIgniter\HTTP\Exceptions\HTTPException), 500, '/home/next0355/...')
#5 /home/next0355/dev.next1crm.com.br/system/Debug/Exceptions.php(163): CodeIgniter\Debug\ExceptionHandler->handle(Object(CodeIgniter\HTTP\Exceptions\HTTPException), Object(CodeIgniter\HTTP\IncomingRequest), Object(CodeIgniter\HTTP\Response), 500, 1)
#6 [internal function]: CodeIgniter\Debug\Exceptions->exceptionHandler(Object(CodeIgniter\HTTP\Exceptions\HTTPException))
#7 {main}
  thrown
【Previous Exception】
CodeIgniter\HTTP\Exceptions\HTTPException
The route for "https://dev.next1crm.com.br/login" cannot be found.
#0 /home/next0355/dev.next1crm.com.br/system/HTTP/RedirectResponse.php(64): CodeIgniter\HTTP\Exceptions\HTTPException::forInvalidRedirectRoute('https://dev.nex...')
#1 /home/next0355/dev.next1crm.com.br/system/Common.php(851): CodeIgniter\HTTP\RedirectResponse->route(false)
#2 /home/next0355/dev.next1crm.com.br/app/Controllers/BaseController.php(100): redirect('https://dev.nex...')
#3 /home/next0355/dev.next1crm.com.br/system/CodeIgniter.php(904): App\Controllers\BaseController->initController(Object(CodeIgniter\HTTP\IncomingRequest), Object(CodeIgniter\HTTP\Response), Object(CodeIgniter\Log\Logger))
#4 /home/next0355/dev.next1crm.com.br/system/CodeIgniter.php(500): CodeIgniter\CodeIgniter->createController()
#5 /home/next0355/dev.next1crm.com.br/system/CodeIgniter.php(355): CodeIgniter\CodeIgniter->handleRequest(NULL, Object(Config\Cache), false)
#6 /home/next0355/dev.next1crm.com.br/system/Boot.php(325): CodeIgniter\CodeIgniter->run()
#7 /home/next0355/dev.next1crm.com.br/system/Boot.php(67): CodeIgniter\Boot::runCodeIgniter(Object(CodeIgniter\CodeIgniter))
#8 /home/next0355/dev.next1crm.com.br/public/index.php(56): CodeIgniter\Boot::bootWeb(Object(Config\Paths))
#9 {main}
[Method: GET, Route: login]
in SYSTEMPATH/Helpers/number_helper.php on line 50.
 1 [internal function]: CodeIgniter\Debug\Exceptions->shutdownHandler()
CRITICAL - 2024-10-01 14:50:27 --> CodeIgniter\HTTP\Exceptions\HTTPException: The route for "https://dev.next1crm.com.br/login" cannot be found.
[Method: GET, Route: /]
in SYSTEMPATH/HTTP/RedirectResponse.php on line 64.
 1 SYSTEMPATH/HTTP/RedirectResponse.php(64): CodeIgniter\HTTP\Exceptions\HTTPException::forInvalidRedirectRoute('https://dev.next1crm.com.br/login')
 2 SYSTEMPATH/Common.php(851): CodeIgniter\HTTP\RedirectResponse->route(false)
 3 APPPATH/Controllers/BaseController.php(100): redirect('https://dev.next1crm.com.br/login')
 4 SYSTEMPATH/CodeIgniter.php(904): App\Controllers\BaseController->initController(Object(CodeIgniter\HTTP\IncomingRequest), Object(CodeIgniter\HTTP\Response), Object(CodeIgniter\Log\Logger))
 5 SYSTEMPATH/CodeIgniter.php(500): CodeIgniter\CodeIgniter->createController()
 6 SYSTEMPATH/CodeIgniter.php(355): CodeIgniter\CodeIgniter->handleRequest(null, Object(Config\Cache), false)
 7 SYSTEMPATH/Boot.php(325): CodeIgniter\CodeIgniter->run()
 8 SYSTEMPATH/Boot.php(67): CodeIgniter\Boot::runCodeIgniter(Object(CodeIgniter\CodeIgniter))
 9 FCPATH/index.php(56): CodeIgniter\Boot::bootWeb(Object(Config\Paths))
CRITICAL - 2024-10-01 14:50:27 --> ErrorException: Uncaught Error: Call to undefined function lang2() in /home/next0355/dev.next1crm.com.br/system/Helpers/number_helper.php:50
Stack trace:
#0 /home/next0355/dev.next1crm.com.br/system/Debug/BaseExceptionHandler.php(154): number_to_size(4.0, 2)
#1 /home/next0355/dev.next1crm.com.br/app/Views/errors/html/error_exception.php(409): CodeIgniter\Debug\BaseExceptionHandler::describeMemory(4194304)
#2 /home/next0355/dev.next1crm.com.br/system/Debug/BaseExceptionHandler.php(266): include('/home/next0355/...')
#3 /home/next0355/dev.next1crm.com.br/system/Debug/BaseExceptionHandler.php(269): CodeIgniter\Debug\BaseExceptionHandler->CodeIgniter\Debug\{closure}()
#4 /home/next0355/dev.next1crm.com.br/system/Debug/ExceptionHandler.php(114): CodeIgniter\Debug\BaseExceptionHandler->render(Object(CodeIgniter\HTTP\Exceptions\HTTPException), 500, '/home/next0355/...')
#5 /home/next0355/dev.next1crm.com.br/system/Debug/Exceptions.php(163): CodeIgniter\Debug\ExceptionHandler->handle(Object(CodeIgniter\HTTP\Exceptions\HTTPException), Object(CodeIgniter\HTTP\IncomingRequest), Object(CodeIgniter\HTTP\Response), 500, 1)
#6 [internal function]: CodeIgniter\Debug\Exceptions->exceptionHandler(Object(CodeIgniter\HTTP\Exceptions\HTTPException))
#7 {main}
  thrown
【Previous Exception】
CodeIgniter\HTTP\Exceptions\HTTPException
The route for "https://dev.next1crm.com.br/login" cannot be found.
#0 /home/next0355/dev.next1crm.com.br/system/HTTP/RedirectResponse.php(64): CodeIgniter\HTTP\Exceptions\HTTPException::forInvalidRedirectRoute('https://dev.nex...')
#1 /home/next0355/dev.next1crm.com.br/system/Common.php(851): CodeIgniter\HTTP\RedirectResponse->route(false)
#2 /home/next0355/dev.next1crm.com.br/app/Controllers/BaseController.php(100): redirect('https://dev.nex...')
#3 /home/next0355/dev.next1crm.com.br/system/CodeIgniter.php(904): App\Controllers\BaseController->initController(Object(CodeIgniter\HTTP\IncomingRequest), Object(CodeIgniter\HTTP\Response), Object(CodeIgniter\Log\Logger))
#4 /home/next0355/dev.next1crm.com.br/system/CodeIgniter.php(500): CodeIgniter\CodeIgniter->createController()
#5 /home/next0355/dev.next1crm.com.br/system/CodeIgniter.php(355): CodeIgniter\CodeIgniter->handleRequest(NULL, Object(Config\Cache), false)
#6 /home/next0355/dev.next1crm.com.br/system/Boot.php(325): CodeIgniter\CodeIgniter->run()
#7 /home/next0355/dev.next1crm.com.br/system/Boot.php(67): CodeIgniter\Boot::runCodeIgniter(Object(CodeIgniter\CodeIgniter))
#8 /home/next0355/dev.next1crm.com.br/public/index.php(56): CodeIgniter\Boot::bootWeb(Object(Config\Paths))
#9 {main}
[Method: GET, Route: /]
in SYSTEMPATH/Helpers/number_helper.php on line 50.
 1 [internal function]: CodeIgniter\Debug\Exceptions->shutdownHandler()
CRITICAL - 2024-10-01 14:50:27 --> CodeIgniter\HTTP\Exceptions\HTTPException: The route for "https://dev.next1crm.com.br/login" cannot be found.
[Method: GET, Route: /]
in SYSTEMPATH/HTTP/RedirectResponse.php on line 64.
 1 SYSTEMPATH/HTTP/RedirectResponse.php(64): CodeIgniter\HTTP\Exceptions\HTTPException::forInvalidRedirectRoute('https://dev.next1crm.com.br/login')
 2 SYSTEMPATH/Common.php(851): CodeIgniter\HTTP\RedirectResponse->route(false)
 3 APPPATH/Controllers/BaseController.php(100): redirect('https://dev.next1crm.com.br/login')
 4 SYSTEMPATH/CodeIgniter.php(904): App\Controllers\BaseController->initController(Object(CodeIgniter\HTTP\IncomingRequest), Object(CodeIgniter\HTTP\Response), Object(CodeIgniter\Log\Logger))
 5 SYSTEMPATH/CodeIgniter.php(500): CodeIgniter\CodeIgniter->createController()
 6 SYSTEMPATH/CodeIgniter.php(355): CodeIgniter\CodeIgniter->handleRequest(null, Object(Config\Cache), false)
 7 SYSTEMPATH/Boot.php(325): CodeIgniter\CodeIgniter->run()
 8 SYSTEMPATH/Boot.php(67): CodeIgniter\Boot::runCodeIgniter(Object(CodeIgniter\CodeIgniter))
 9 FCPATH/index.php(56): CodeIgniter\Boot::bootWeb(Object(Config\Paths))
CRITICAL - 2024-10-01 14:50:27 --> ErrorException: Uncaught Error: Call to undefined function lang2() in /home/next0355/dev.next1crm.com.br/system/Helpers/number_helper.php:50
Stack trace:
#0 /home/next0355/dev.next1crm.com.br/system/Debug/BaseExceptionHandler.php(154): number_to_size(4.0, 2)
#1 /home/next0355/dev.next1crm.com.br/app/Views/errors/html/error_exception.php(409): CodeIgniter\Debug\BaseExceptionHandler::describeMemory(4194304)
#2 /home/next0355/dev.next1crm.com.br/system/Debug/BaseExceptionHandler.php(266): include('/home/next0355/...')
#3 /home/next0355/dev.next1crm.com.br/system/Debug/BaseExceptionHandler.php(269): CodeIgniter\Debug\BaseExceptionHandler->CodeIgniter\Debug\{closure}()
#4 /home/next0355/dev.next1crm.com.br/system/Debug/ExceptionHandler.php(114): CodeIgniter\Debug\BaseExceptionHandler->render(Object(CodeIgniter\HTTP\Exceptions\HTTPException), 500, '/home/next0355/...')
#5 /home/next0355/dev.next1crm.com.br/system/Debug/Exceptions.php(163): CodeIgniter\Debug\ExceptionHandler->handle(Object(CodeIgniter\HTTP\Exceptions\HTTPException), Object(CodeIgniter\HTTP\IncomingRequest), Object(CodeIgniter\HTTP\Response), 500, 1)
#6 [internal function]: CodeIgniter\Debug\Exceptions->exceptionHandler(Object(CodeIgniter\HTTP\Exceptions\HTTPException))
#7 {main}
  thrown
【Previous Exception】
CodeIgniter\HTTP\Exceptions\HTTPException
The route for "https://dev.next1crm.com.br/login" cannot be found.
#0 /home/next0355/dev.next1crm.com.br/system/HTTP/RedirectResponse.php(64): CodeIgniter\HTTP\Exceptions\HTTPException::forInvalidRedirectRoute('https://dev.nex...')
#1 /home/next0355/dev.next1crm.com.br/system/Common.php(851): CodeIgniter\HTTP\RedirectResponse->route(false)
#2 /home/next0355/dev.next1crm.com.br/app/Controllers/BaseController.php(100): redirect('https://dev.nex...')
#3 /home/next0355/dev.next1crm.com.br/system/CodeIgniter.php(904): App\Controllers\BaseController->initController(Object(CodeIgniter\HTTP\IncomingRequest), Object(CodeIgniter\HTTP\Response), Object(CodeIgniter\Log\Logger))
#4 /home/next0355/dev.next1crm.com.br/system/CodeIgniter.php(500): CodeIgniter\CodeIgniter->createController()
#5 /home/next0355/dev.next1crm.com.br/system/CodeIgniter.php(355): CodeIgniter\CodeIgniter->handleRequest(NULL, Object(Config\Cache), false)
#6 /home/next0355/dev.next1crm.com.br/system/Boot.php(325): CodeIgniter\CodeIgniter->run()
#7 /home/next0355/dev.next1crm.com.br/system/Boot.php(67): CodeIgniter\Boot::runCodeIgniter(Object(CodeIgniter\CodeIgniter))
#8 /home/next0355/dev.next1crm.com.br/public/index.php(56): CodeIgniter\Boot::bootWeb(Object(Config\Paths))
#9 {main}
[Method: GET, Route: /]
in SYSTEMPATH/Helpers/number_helper.php on line 50.
 1 [internal function]: CodeIgniter\Debug\Exceptions->shutdownHandler()
CRITICAL - 2024-10-01 14:51:18 --> CodeIgniter\HTTP\Exceptions\HTTPException: The route for "https://dev.next1crm.com.br/login" cannot be found.
[Method: GET, Route: /]
in SYSTEMPATH/HTTP/RedirectResponse.php on line 64.
 1 SYSTEMPATH/HTTP/RedirectResponse.php(64): CodeIgniter\HTTP\Exceptions\HTTPException::forInvalidRedirectRoute('https://dev.next1crm.com.br/login')
 2 SYSTEMPATH/Common.php(851): CodeIgniter\HTTP\RedirectResponse->route(false)
 3 APPPATH/Controllers/BaseController.php(100): redirect('https://dev.next1crm.com.br/login')
 4 SYSTEMPATH/CodeIgniter.php(904): App\Controllers\BaseController->initController(Object(CodeIgniter\HTTP\IncomingRequest), Object(CodeIgniter\HTTP\Response), Object(CodeIgniter\Log\Logger))
 5 SYSTEMPATH/CodeIgniter.php(500): CodeIgniter\CodeIgniter->createController()
 6 SYSTEMPATH/CodeIgniter.php(355): CodeIgniter\CodeIgniter->handleRequest(null, Object(Config\Cache), false)
 7 SYSTEMPATH/Boot.php(325): CodeIgniter\CodeIgniter->run()
 8 SYSTEMPATH/Boot.php(67): CodeIgniter\Boot::runCodeIgniter(Object(CodeIgniter\CodeIgniter))
 9 FCPATH/index.php(56): CodeIgniter\Boot::bootWeb(Object(Config\Paths))
CRITICAL - 2024-10-01 14:51:18 --> ErrorException: Uncaught Error: Call to undefined function lang2() in /home/next0355/dev.next1crm.com.br/system/Helpers/number_helper.php:50
Stack trace:
#0 /home/next0355/dev.next1crm.com.br/system/Debug/BaseExceptionHandler.php(154): number_to_size(4.0, 2)
#1 /home/next0355/dev.next1crm.com.br/app/Views/errors/html/error_exception.php(409): CodeIgniter\Debug\BaseExceptionHandler::describeMemory(4194304)
#2 /home/next0355/dev.next1crm.com.br/system/Debug/BaseExceptionHandler.php(266): include('/home/next0355/...')
#3 /home/next0355/dev.next1crm.com.br/system/Debug/BaseExceptionHandler.php(269): CodeIgniter\Debug\BaseExceptionHandler->CodeIgniter\Debug\{closure}()
#4 /home/next0355/dev.next1crm.com.br/system/Debug/ExceptionHandler.php(114): CodeIgniter\Debug\BaseExceptionHandler->render(Object(CodeIgniter\HTTP\Exceptions\HTTPException), 500, '/home/next0355/...')
#5 /home/next0355/dev.next1crm.com.br/system/Debug/Exceptions.php(163): CodeIgniter\Debug\ExceptionHandler->handle(Object(CodeIgniter\HTTP\Exceptions\HTTPException), Object(CodeIgniter\HTTP\IncomingRequest), Object(CodeIgniter\HTTP\Response), 500, 1)
#6 [internal function]: CodeIgniter\Debug\Exceptions->exceptionHandler(Object(CodeIgniter\HTTP\Exceptions\HTTPException))
#7 {main}
  thrown
【Previous Exception】
CodeIgniter\HTTP\Exceptions\HTTPException
The route for "https://dev.next1crm.com.br/login" cannot be found.
#0 /home/next0355/dev.next1crm.com.br/system/HTTP/RedirectResponse.php(64): CodeIgniter\HTTP\Exceptions\HTTPException::forInvalidRedirectRoute('https://dev.nex...')
#1 /home/next0355/dev.next1crm.com.br/system/Common.php(851): CodeIgniter\HTTP\RedirectResponse->route(false)
#2 /home/next0355/dev.next1crm.com.br/app/Controllers/BaseController.php(100): redirect('https://dev.nex...')
#3 /home/next0355/dev.next1crm.com.br/system/CodeIgniter.php(904): App\Controllers\BaseController->initController(Object(CodeIgniter\HTTP\IncomingRequest), Object(CodeIgniter\HTTP\Response), Object(CodeIgniter\Log\Logger))
#4 /home/next0355/dev.next1crm.com.br/system/CodeIgniter.php(500): CodeIgniter\CodeIgniter->createController()
#5 /home/next0355/dev.next1crm.com.br/system/CodeIgniter.php(355): CodeIgniter\CodeIgniter->handleRequest(NULL, Object(Config\Cache), false)
#6 /home/next0355/dev.next1crm.com.br/system/Boot.php(325): CodeIgniter\CodeIgniter->run()
#7 /home/next0355/dev.next1crm.com.br/system/Boot.php(67): CodeIgniter\Boot::runCodeIgniter(Object(CodeIgniter\CodeIgniter))
#8 /home/next0355/dev.next1crm.com.br/public/index.php(56): CodeIgniter\Boot::bootWeb(Object(Config\Paths))
#9 {main}
[Method: GET, Route: /]
in SYSTEMPATH/Helpers/number_helper.php on line 50.
 1 [internal function]: CodeIgniter\Debug\Exceptions->shutdownHandler()
CRITICAL - 2024-10-01 14:51:22 --> CodeIgniter\HTTP\Exceptions\HTTPException: The route for "https://dev.next1crm.com.br/login" cannot be found.
[Method: GET, Route: panel]
in SYSTEMPATH/HTTP/RedirectResponse.php on line 64.
 1 SYSTEMPATH/HTTP/RedirectResponse.php(64): CodeIgniter\HTTP\Exceptions\HTTPException::forInvalidRedirectRoute('https://dev.next1crm.com.br/login')
 2 SYSTEMPATH/Common.php(851): CodeIgniter\HTTP\RedirectResponse->route(false)
 3 APPPATH/Controllers/BaseController.php(100): redirect('https://dev.next1crm.com.br/login')
 4 SYSTEMPATH/CodeIgniter.php(904): App\Controllers\BaseController->initController(Object(CodeIgniter\HTTP\IncomingRequest), Object(CodeIgniter\HTTP\Response), Object(CodeIgniter\Log\Logger))
 5 SYSTEMPATH/CodeIgniter.php(500): CodeIgniter\CodeIgniter->createController()
 6 SYSTEMPATH/CodeIgniter.php(355): CodeIgniter\CodeIgniter->handleRequest(null, Object(Config\Cache), false)
 7 SYSTEMPATH/Boot.php(325): CodeIgniter\CodeIgniter->run()
 8 SYSTEMPATH/Boot.php(67): CodeIgniter\Boot::runCodeIgniter(Object(CodeIgniter\CodeIgniter))
 9 FCPATH/index.php(56): CodeIgniter\Boot::bootWeb(Object(Config\Paths))
CRITICAL - 2024-10-01 14:51:22 --> ErrorException: Uncaught Error: Call to undefined function lang2() in /home/next0355/dev.next1crm.com.br/system/Helpers/number_helper.php:50
Stack trace:
#0 /home/next0355/dev.next1crm.com.br/system/Debug/BaseExceptionHandler.php(154): number_to_size(4.0, 2)
#1 /home/next0355/dev.next1crm.com.br/app/Views/errors/html/error_exception.php(409): CodeIgniter\Debug\BaseExceptionHandler::describeMemory(4194304)
#2 /home/next0355/dev.next1crm.com.br/system/Debug/BaseExceptionHandler.php(266): include('/home/next0355/...')
#3 /home/next0355/dev.next1crm.com.br/system/Debug/BaseExceptionHandler.php(269): CodeIgniter\Debug\BaseExceptionHandler->CodeIgniter\Debug\{closure}()
#4 /home/next0355/dev.next1crm.com.br/system/Debug/ExceptionHandler.php(114): CodeIgniter\Debug\BaseExceptionHandler->render(Object(CodeIgniter\HTTP\Exceptions\HTTPException), 500, '/home/next0355/...')
#5 /home/next0355/dev.next1crm.com.br/system/Debug/Exceptions.php(163): CodeIgniter\Debug\ExceptionHandler->handle(Object(CodeIgniter\HTTP\Exceptions\HTTPException), Object(CodeIgniter\HTTP\IncomingRequest), Object(CodeIgniter\HTTP\Response), 500, 1)
#6 [internal function]: CodeIgniter\Debug\Exceptions->exceptionHandler(Object(CodeIgniter\HTTP\Exceptions\HTTPException))
#7 {main}
  thrown
【Previous Exception】
CodeIgniter\HTTP\Exceptions\HTTPException
The route for "https://dev.next1crm.com.br/login" cannot be found.
#0 /home/next0355/dev.next1crm.com.br/system/HTTP/RedirectResponse.php(64): CodeIgniter\HTTP\Exceptions\HTTPException::forInvalidRedirectRoute('https://dev.nex...')
#1 /home/next0355/dev.next1crm.com.br/system/Common.php(851): CodeIgniter\HTTP\RedirectResponse->route(false)
#2 /home/next0355/dev.next1crm.com.br/app/Controllers/BaseController.php(100): redirect('https://dev.nex...')
#3 /home/next0355/dev.next1crm.com.br/system/CodeIgniter.php(904): App\Controllers\BaseController->initController(Object(CodeIgniter\HTTP\IncomingRequest), Object(CodeIgniter\HTTP\Response), Object(CodeIgniter\Log\Logger))
#4 /home/next0355/dev.next1crm.com.br/system/CodeIgniter.php(500): CodeIgniter\CodeIgniter->createController()
#5 /home/next0355/dev.next1crm.com.br/system/CodeIgniter.php(355): CodeIgniter\CodeIgniter->handleRequest(NULL, Object(Config\Cache), false)
#6 /home/next0355/dev.next1crm.com.br/system/Boot.php(325): CodeIgniter\CodeIgniter->run()
#7 /home/next0355/dev.next1crm.com.br/system/Boot.php(67): CodeIgniter\Boot::runCodeIgniter(Object(CodeIgniter\CodeIgniter))
#8 /home/next0355/dev.next1crm.com.br/public/index.php(56): CodeIgniter\Boot::bootWeb(Object(Config\Paths))
#9 {main}
[Method: GET, Route: panel]
in SYSTEMPATH/Helpers/number_helper.php on line 50.
 1 [internal function]: CodeIgniter\Debug\Exceptions->shutdownHandler()
CRITICAL - 2024-10-01 14:51:38 --> CodeIgniter\HTTP\Exceptions\HTTPException: The route for "https://dev.next1crm.com.br/login" cannot be found.
[Method: GET, Route: panel]
in SYSTEMPATH/HTTP/RedirectResponse.php on line 64.
 1 SYSTEMPATH/HTTP/RedirectResponse.php(64): CodeIgniter\HTTP\Exceptions\HTTPException::forInvalidRedirectRoute('https://dev.next1crm.com.br/login')
 2 SYSTEMPATH/Common.php(851): CodeIgniter\HTTP\RedirectResponse->route(false)
 3 APPPATH/Controllers/BaseController.php(100): redirect('https://dev.next1crm.com.br/login')
 4 SYSTEMPATH/CodeIgniter.php(904): App\Controllers\BaseController->initController(Object(CodeIgniter\HTTP\IncomingRequest), Object(CodeIgniter\HTTP\Response), Object(CodeIgniter\Log\Logger))
 5 SYSTEMPATH/CodeIgniter.php(500): CodeIgniter\CodeIgniter->createController()
 6 SYSTEMPATH/CodeIgniter.php(355): CodeIgniter\CodeIgniter->handleRequest(null, Object(Config\Cache), false)
 7 SYSTEMPATH/Boot.php(325): CodeIgniter\CodeIgniter->run()
 8 SYSTEMPATH/Boot.php(67): CodeIgniter\Boot::runCodeIgniter(Object(CodeIgniter\CodeIgniter))
 9 FCPATH/index.php(56): CodeIgniter\Boot::bootWeb(Object(Config\Paths))
CRITICAL - 2024-10-01 14:51:38 --> ErrorException: Uncaught Error: Call to undefined function lang2() in /home/next0355/dev.next1crm.com.br/system/Helpers/number_helper.php:50
Stack trace:
#0 /home/next0355/dev.next1crm.com.br/system/Debug/BaseExceptionHandler.php(154): number_to_size(4.0, 2)
#1 /home/next0355/dev.next1crm.com.br/app/Views/errors/html/error_exception.php(409): CodeIgniter\Debug\BaseExceptionHandler::describeMemory(4194304)
#2 /home/next0355/dev.next1crm.com.br/system/Debug/BaseExceptionHandler.php(266): include('/home/next0355/...')
#3 /home/next0355/dev.next1crm.com.br/system/Debug/BaseExceptionHandler.php(269): CodeIgniter\Debug\BaseExceptionHandler->CodeIgniter\Debug\{closure}()
#4 /home/next0355/dev.next1crm.com.br/system/Debug/ExceptionHandler.php(114): CodeIgniter\Debug\BaseExceptionHandler->render(Object(CodeIgniter\HTTP\Exceptions\HTTPException), 500, '/home/next0355/...')
#5 /home/next0355/dev.next1crm.com.br/system/Debug/Exceptions.php(163): CodeIgniter\Debug\ExceptionHandler->handle(Object(CodeIgniter\HTTP\Exceptions\HTTPException), Object(CodeIgniter\HTTP\IncomingRequest), Object(CodeIgniter\HTTP\Response), 500, 1)
#6 [internal function]: CodeIgniter\Debug\Exceptions->exceptionHandler(Object(CodeIgniter\HTTP\Exceptions\HTTPException))
#7 {main}
  thrown
【Previous Exception】
CodeIgniter\HTTP\Exceptions\HTTPException
The route for "https://dev.next1crm.com.br/login" cannot be found.
#0 /home/next0355/dev.next1crm.com.br/system/HTTP/RedirectResponse.php(64): CodeIgniter\HTTP\Exceptions\HTTPException::forInvalidRedirectRoute('https://dev.nex...')
#1 /home/next0355/dev.next1crm.com.br/system/Common.php(851): CodeIgniter\HTTP\RedirectResponse->route(false)
#2 /home/next0355/dev.next1crm.com.br/app/Controllers/BaseController.php(100): redirect('https://dev.nex...')
#3 /home/next0355/dev.next1crm.com.br/system/CodeIgniter.php(904): App\Controllers\BaseController->initController(Object(CodeIgniter\HTTP\IncomingRequest), Object(CodeIgniter\HTTP\Response), Object(CodeIgniter\Log\Logger))
#4 /home/next0355/dev.next1crm.com.br/system/CodeIgniter.php(500): CodeIgniter\CodeIgniter->createController()
#5 /home/next0355/dev.next1crm.com.br/system/CodeIgniter.php(355): CodeIgniter\CodeIgniter->handleRequest(NULL, Object(Config\Cache), false)
#6 /home/next0355/dev.next1crm.com.br/system/Boot.php(325): CodeIgniter\CodeIgniter->run()
#7 /home/next0355/dev.next1crm.com.br/system/Boot.php(67): CodeIgniter\Boot::runCodeIgniter(Object(CodeIgniter\CodeIgniter))
#8 /home/next0355/dev.next1crm.com.br/public/index.php(56): CodeIgniter\Boot::bootWeb(Object(Config\Paths))
#9 {main}
[Method: GET, Route: panel]
in SYSTEMPATH/Helpers/number_helper.php on line 50.
 1 [internal function]: CodeIgniter\Debug\Exceptions->shutdownHandler()
CRITICAL - 2024-10-01 14:52:59 --> Error: Call to undefined method CodeIgniter\HTTP\IncomingRequest::redirect()
[Method: GET, Route: panel]
in APPPATH/Controllers/BaseController.php on line 100.
 1 SYSTEMPATH/CodeIgniter.php(904): App\Controllers\BaseController->initController(Object(CodeIgniter\HTTP\IncomingRequest), Object(CodeIgniter\HTTP\Response), Object(CodeIgniter\Log\Logger))
 2 SYSTEMPATH/CodeIgniter.php(500): CodeIgniter\CodeIgniter->createController()
 3 SYSTEMPATH/CodeIgniter.php(355): CodeIgniter\CodeIgniter->handleRequest(null, Object(Config\Cache), false)
 4 SYSTEMPATH/Boot.php(325): CodeIgniter\CodeIgniter->run()
 5 SYSTEMPATH/Boot.php(67): CodeIgniter\Boot::runCodeIgniter(Object(CodeIgniter\CodeIgniter))
 6 FCPATH/index.php(56): CodeIgniter\Boot::bootWeb(Object(Config\Paths))
CRITICAL - 2024-10-01 14:52:59 --> ErrorException: Uncaught Error: Call to undefined function lang2() in /home/next0355/dev.next1crm.com.br/system/Helpers/number_helper.php:50
Stack trace:
#0 /home/next0355/dev.next1crm.com.br/system/Debug/BaseExceptionHandler.php(154): number_to_size(4.0, 2)
#1 /home/next0355/dev.next1crm.com.br/app/Views/errors/html/error_exception.php(409): CodeIgniter\Debug\BaseExceptionHandler::describeMemory(4194304)
#2 /home/next0355/dev.next1crm.com.br/system/Debug/BaseExceptionHandler.php(266): include('/home/next0355/...')
#3 /home/next0355/dev.next1crm.com.br/system/Debug/BaseExceptionHandler.php(269): CodeIgniter\Debug\BaseExceptionHandler->CodeIgniter\Debug\{closure}()
#4 /home/next0355/dev.next1crm.com.br/system/Debug/ExceptionHandler.php(114): CodeIgniter\Debug\BaseExceptionHandler->render(Object(Error), 500, '/home/next0355/...')
#5 /home/next0355/dev.next1crm.com.br/system/Debug/Exceptions.php(163): CodeIgniter\Debug\ExceptionHandler->handle(Object(Error), Object(CodeIgniter\HTTP\IncomingRequest), Object(CodeIgniter\HTTP\Response), 500, 1)
#6 [internal function]: CodeIgniter\Debug\Exceptions->exceptionHandler(Object(Error))
#7 {main}
  thrown
【Previous Exception】
Error
Call to undefined method CodeIgniter\HTTP\IncomingRequest::redirect()
#0 /home/next0355/dev.next1crm.com.br/system/CodeIgniter.php(904): App\Controllers\BaseController->initController(Object(CodeIgniter\HTTP\IncomingRequest), Object(CodeIgniter\HTTP\Response), Object(CodeIgniter\Log\Logger))
#1 /home/next0355/dev.next1crm.com.br/system/CodeIgniter.php(500): CodeIgniter\CodeIgniter->createController()
#2 /home/next0355/dev.next1crm.com.br/system/CodeIgniter.php(355): CodeIgniter\CodeIgniter->handleRequest(NULL, Object(Config\Cache), false)
#3 /home/next0355/dev.next1crm.com.br/system/Boot.php(325): CodeIgniter\CodeIgniter->run()
#4 /home/next0355/dev.next1crm.com.br/system/Boot.php(67): CodeIgniter\Boot::runCodeIgniter(Object(CodeIgniter\CodeIgniter))
#5 /home/next0355/dev.next1crm.com.br/public/index.php(56): CodeIgniter\Boot::bootWeb(Object(Config\Paths))
#6 {main}
[Method: GET, Route: panel]
in SYSTEMPATH/Helpers/number_helper.php on line 50.
 1 [internal function]: CodeIgniter\Debug\Exceptions->shutdownHandler()
CRITICAL - 2024-10-01 14:55:55 --> CodeIgniter\HTTP\Exceptions\HTTPException: The route for "https://www.dev.next1crm.com.br/login" cannot be found.
[Method: GET, Route: panel]
in SYSTEMPATH/HTTP/RedirectResponse.php on line 64.
 1 SYSTEMPATH/HTTP/RedirectResponse.php(64): CodeIgniter\HTTP\Exceptions\HTTPException::forInvalidRedirectRoute('https://www.dev.next1crm.com.br/login')
 2 SYSTEMPATH/Common.php(851): CodeIgniter\HTTP\RedirectResponse->route(false)
 3 APPPATH/Controllers/BaseController.php(101): redirect('https://www.dev.next1crm.com.br/login')
 4 SYSTEMPATH/CodeIgniter.php(904): App\Controllers\BaseController->initController(Object(CodeIgniter\HTTP\IncomingRequest), Object(CodeIgniter\HTTP\Response), Object(CodeIgniter\Log\Logger))
 5 SYSTEMPATH/CodeIgniter.php(500): CodeIgniter\CodeIgniter->createController()
 6 SYSTEMPATH/CodeIgniter.php(355): CodeIgniter\CodeIgniter->handleRequest(null, Object(Config\Cache), false)
 7 SYSTEMPATH/Boot.php(325): CodeIgniter\CodeIgniter->run()
 8 SYSTEMPATH/Boot.php(67): CodeIgniter\Boot::runCodeIgniter(Object(CodeIgniter\CodeIgniter))
 9 FCPATH/index.php(56): CodeIgniter\Boot::bootWeb(Object(Config\Paths))
CRITICAL - 2024-10-01 14:55:55 --> ErrorException: Uncaught Error: Call to undefined function lang2() in /home/next0355/dev.next1crm.com.br/system/Helpers/number_helper.php:50
Stack trace:
#0 /home/next0355/dev.next1crm.com.br/system/Debug/BaseExceptionHandler.php(154): number_to_size(4.0, 2)
#1 /home/next0355/dev.next1crm.com.br/app/Views/errors/html/error_exception.php(409): CodeIgniter\Debug\BaseExceptionHandler::describeMemory(4194304)
#2 /home/next0355/dev.next1crm.com.br/system/Debug/BaseExceptionHandler.php(266): include('/home/next0355/...')
#3 /home/next0355/dev.next1crm.com.br/system/Debug/BaseExceptionHandler.php(269): CodeIgniter\Debug\BaseExceptionHandler->CodeIgniter\Debug\{closure}()
#4 /home/next0355/dev.next1crm.com.br/system/Debug/ExceptionHandler.php(114): CodeIgniter\Debug\BaseExceptionHandler->render(Object(CodeIgniter\HTTP\Exceptions\HTTPException), 500, '/home/next0355/...')
#5 /home/next0355/dev.next1crm.com.br/system/Debug/Exceptions.php(163): CodeIgniter\Debug\ExceptionHandler->handle(Object(CodeIgniter\HTTP\Exceptions\HTTPException), Object(CodeIgniter\HTTP\IncomingRequest), Object(CodeIgniter\HTTP\Response), 500, 1)
#6 [internal function]: CodeIgniter\Debug\Exceptions->exceptionHandler(Object(CodeIgniter\HTTP\Exceptions\HTTPException))
#7 {main}
  thrown
【Previous Exception】
CodeIgniter\HTTP\Exceptions\HTTPException
The route for "https://www.dev.next1crm.com.br/login" cannot be found.
#0 /home/next0355/dev.next1crm.com.br/system/HTTP/RedirectResponse.php(64): CodeIgniter\HTTP\Exceptions\HTTPException::forInvalidRedirectRoute('https://www.dev...')
#1 /home/next0355/dev.next1crm.com.br/system/Common.php(851): CodeIgniter\HTTP\RedirectResponse->route(false)
#2 /home/next0355/dev.next1crm.com.br/app/Controllers/BaseController.php(101): redirect('https://www.dev...')
#3 /home/next0355/dev.next1crm.com.br/system/CodeIgniter.php(904): App\Controllers\BaseController->initController(Object(CodeIgniter\HTTP\IncomingRequest), Object(CodeIgniter\HTTP\Response), Object(CodeIgniter\Log\Logger))
#4 /home/next0355/dev.next1crm.com.br/system/CodeIgniter.php(500): CodeIgniter\CodeIgniter->createController()
#5 /home/next0355/dev.next1crm.com.br/system/CodeIgniter.php(355): CodeIgniter\CodeIgniter->handleRequest(NULL, Object(Config\Cache), false)
#6 /home/next0355/dev.next1crm.com.br/system/Boot.php(325): CodeIgniter\CodeIgniter->run()
#7 /home/next0355/dev.next1crm.com.br/system/Boot.php(67): CodeIgniter\Boot::runCodeIgniter(Object(CodeIgniter\CodeIgniter))
#8 /home/next0355/dev.next1crm.com.br/public/index.php(56): CodeIgniter\Boot::bootWeb(Object(Config\Paths))
#9 {main}
[Method: GET, Route: panel]
in SYSTEMPATH/Helpers/number_helper.php on line 50.
 1 [internal function]: CodeIgniter\Debug\Exceptions->shutdownHandler()
CRITICAL - 2024-10-01 14:56:28 --> CodeIgniter\HTTP\Exceptions\HTTPException: The route for "https://www.dev.next1crm.com.br/login" cannot be found.
[Method: GET, Route: panel]
in SYSTEMPATH/HTTP/RedirectResponse.php on line 64.
 1 SYSTEMPATH/HTTP/RedirectResponse.php(64): CodeIgniter\HTTP\Exceptions\HTTPException::forInvalidRedirectRoute('https://www.dev.next1crm.com.br/login')
 2 SYSTEMPATH/Common.php(851): CodeIgniter\HTTP\RedirectResponse->route(false)
 3 APPPATH/Controllers/BaseController.php(101): redirect('https://www.dev.next1crm.com.br/login')
 4 SYSTEMPATH/CodeIgniter.php(904): App\Controllers\BaseController->initController(Object(CodeIgniter\HTTP\IncomingRequest), Object(CodeIgniter\HTTP\Response), Object(CodeIgniter\Log\Logger))
 5 SYSTEMPATH/CodeIgniter.php(500): CodeIgniter\CodeIgniter->createController()
 6 SYSTEMPATH/CodeIgniter.php(355): CodeIgniter\CodeIgniter->handleRequest(null, Object(Config\Cache), false)
 7 SYSTEMPATH/Boot.php(325): CodeIgniter\CodeIgniter->run()
 8 SYSTEMPATH/Boot.php(67): CodeIgniter\Boot::runCodeIgniter(Object(CodeIgniter\CodeIgniter))
 9 FCPATH/index.php(56): CodeIgniter\Boot::bootWeb(Object(Config\Paths))
CRITICAL - 2024-10-01 14:56:28 --> ErrorException: Uncaught Error: Call to undefined function lang2() in /home/next0355/dev.next1crm.com.br/system/Helpers/number_helper.php:50
Stack trace:
#0 /home/next0355/dev.next1crm.com.br/system/Debug/BaseExceptionHandler.php(154): number_to_size(4.0, 2)
#1 /home/next0355/dev.next1crm.com.br/app/Views/errors/html/error_exception.php(409): CodeIgniter\Debug\BaseExceptionHandler::describeMemory(4194304)
#2 /home/next0355/dev.next1crm.com.br/system/Debug/BaseExceptionHandler.php(266): include('/home/next0355/...')
#3 /home/next0355/dev.next1crm.com.br/system/Debug/BaseExceptionHandler.php(269): CodeIgniter\Debug\BaseExceptionHandler->CodeIgniter\Debug\{closure}()
#4 /home/next0355/dev.next1crm.com.br/system/Debug/ExceptionHandler.php(114): CodeIgniter\Debug\BaseExceptionHandler->render(Object(CodeIgniter\HTTP\Exceptions\HTTPException), 500, '/home/next0355/...')
#5 /home/next0355/dev.next1crm.com.br/system/Debug/Exceptions.php(163): CodeIgniter\Debug\ExceptionHandler->handle(Object(CodeIgniter\HTTP\Exceptions\HTTPException), Object(CodeIgniter\HTTP\IncomingRequest), Object(CodeIgniter\HTTP\Response), 500, 1)
#6 [internal function]: CodeIgniter\Debug\Exceptions->exceptionHandler(Object(CodeIgniter\HTTP\Exceptions\HTTPException))
#7 {main}
  thrown
【Previous Exception】
CodeIgniter\HTTP\Exceptions\HTTPException
The route for "https://www.dev.next1crm.com.br/login" cannot be found.
#0 /home/next0355/dev.next1crm.com.br/system/HTTP/RedirectResponse.php(64): CodeIgniter\HTTP\Exceptions\HTTPException::forInvalidRedirectRoute('https://www.dev...')
#1 /home/next0355/dev.next1crm.com.br/system/Common.php(851): CodeIgniter\HTTP\RedirectResponse->route(false)
#2 /home/next0355/dev.next1crm.com.br/app/Controllers/BaseController.php(101): redirect('https://www.dev...')
#3 /home/next0355/dev.next1crm.com.br/system/CodeIgniter.php(904): App\Controllers\BaseController->initController(Object(CodeIgniter\HTTP\IncomingRequest), Object(CodeIgniter\HTTP\Response), Object(CodeIgniter\Log\Logger))
#4 /home/next0355/dev.next1crm.com.br/system/CodeIgniter.php(500): CodeIgniter\CodeIgniter->createController()
#5 /home/next0355/dev.next1crm.com.br/system/CodeIgniter.php(355): CodeIgniter\CodeIgniter->handleRequest(NULL, Object(Config\Cache), false)
#6 /home/next0355/dev.next1crm.com.br/system/Boot.php(325): CodeIgniter\CodeIgniter->run()
#7 /home/next0355/dev.next1crm.com.br/system/Boot.php(67): CodeIgniter\Boot::runCodeIgniter(Object(CodeIgniter\CodeIgniter))
#8 /home/next0355/dev.next1crm.com.br/public/index.php(56): CodeIgniter\Boot::bootWeb(Object(Config\Paths))
#9 {main}
[Method: GET, Route: panel]
in SYSTEMPATH/Helpers/number_helper.php on line 50.
 1 [internal function]: CodeIgniter\Debug\Exceptions->shutdownHandler()
CRITICAL - 2024-10-01 14:56:39 --> ErrorException: Uncaught Error: Call to undefined function lang2() in /home/next0355/dev.next1crm.com.br/app/Views/errors/html/error_404.php:5
Stack trace:
#0 /home/next0355/dev.next1crm.com.br/system/Debug/BaseExceptionHandler.php(266): include()
#1 /home/next0355/dev.next1crm.com.br/system/Debug/BaseExceptionHandler.php(269): CodeIgniter\Debug\BaseExceptionHandler->CodeIgniter\Debug\{closure}()
#2 /home/next0355/dev.next1crm.com.br/system/Debug/ExceptionHandler.php(114): CodeIgniter\Debug\BaseExceptionHandler->render(Object(CodeIgniter\Exceptions\PageNotFoundException), 404, '/home/next0355/...')
#3 /home/next0355/dev.next1crm.com.br/system/Debug/Exceptions.php(163): CodeIgniter\Debug\ExceptionHandler->handle(Object(CodeIgniter\Exceptions\PageNotFoundException), Object(CodeIgniter\HTTP\IncomingRequest), Object(CodeIgniter\HTTP\Response), 404, 1)
#4 [internal function]: CodeIgniter\Debug\Exceptions->exceptionHandler(Object(CodeIgniter\Exceptions\PageNotFoundException))
#5 {main}
  thrown
【Previous Exception】
CodeIgniter\Exceptions\PageNotFoundException
Can't find a route for 'GET: panel'.
#0 /home/next0355/dev.next1crm.com.br/system/CodeIgniter.php(981): CodeIgniter\Exceptions\PageNotFoundException::forPageNotFound('Can't find a ro...')
#1 /home/next0355/dev.next1crm.com.br/system/CodeIgniter.php(364): CodeIgniter\CodeIgniter->display404errors(Object(CodeIgniter\Exceptions\PageNotFoundException))
#2 /home/next0355/dev.next1crm.com.br/system/Boot.php(325): CodeIgniter\CodeIgniter->run()
#3 /home/next0355/dev.next1crm.com.br/system/Boot.php(67): CodeIgniter\Boot::runCodeIgniter(Object(CodeIgniter\CodeIgniter))
#4 /home/next0355/dev.next1crm.com.br/public/index.php(56): CodeIgniter\Boot::bootWeb(Object(Config\Paths))
#5 {main}
[Method: GET, Route: panel]
in APPPATH/Views/errors/html/error_404.php on line 5.
 1 [internal function]: CodeIgniter\Debug\Exceptions->shutdownHandler()
CRITICAL - 2024-10-01 14:56:59 --> CodeIgniter\HTTP\Exceptions\HTTPException: The route for "https://www.dev.next1crm.com.br/login" cannot be found.
[Method: GET, Route: login]
in SYSTEMPATH/HTTP/RedirectResponse.php on line 64.
 1 SYSTEMPATH/HTTP/RedirectResponse.php(64): CodeIgniter\HTTP\Exceptions\HTTPException::forInvalidRedirectRoute('https://www.dev.next1crm.com.br/login')
 2 SYSTEMPATH/Common.php(851): CodeIgniter\HTTP\RedirectResponse->route(false)
 3 APPPATH/Controllers/BaseController.php(101): redirect('https://www.dev.next1crm.com.br/login')
 4 SYSTEMPATH/CodeIgniter.php(904): App\Controllers\BaseController->initController(Object(CodeIgniter\HTTP\IncomingRequest), Object(CodeIgniter\HTTP\Response), Object(CodeIgniter\Log\Logger))
 5 SYSTEMPATH/CodeIgniter.php(500): CodeIgniter\CodeIgniter->createController()
 6 SYSTEMPATH/CodeIgniter.php(355): CodeIgniter\CodeIgniter->handleRequest(null, Object(Config\Cache), false)
 7 SYSTEMPATH/Boot.php(325): CodeIgniter\CodeIgniter->run()
 8 SYSTEMPATH/Boot.php(67): CodeIgniter\Boot::runCodeIgniter(Object(CodeIgniter\CodeIgniter))
 9 FCPATH/index.php(56): CodeIgniter\Boot::bootWeb(Object(Config\Paths))
CRITICAL - 2024-10-01 14:56:59 --> ErrorException: Uncaught Error: Call to undefined function lang2() in /home/next0355/dev.next1crm.com.br/system/Helpers/number_helper.php:50
Stack trace:
#0 /home/next0355/dev.next1crm.com.br/system/Debug/BaseExceptionHandler.php(154): number_to_size(4.0, 2)
#1 /home/next0355/dev.next1crm.com.br/app/Views/errors/html/error_exception.php(409): CodeIgniter\Debug\BaseExceptionHandler::describeMemory(4194304)
#2 /home/next0355/dev.next1crm.com.br/system/Debug/BaseExceptionHandler.php(266): include('/home/next0355/...')
#3 /home/next0355/dev.next1crm.com.br/system/Debug/BaseExceptionHandler.php(269): CodeIgniter\Debug\BaseExceptionHandler->CodeIgniter\Debug\{closure}()
#4 /home/next0355/dev.next1crm.com.br/system/Debug/ExceptionHandler.php(114): CodeIgniter\Debug\BaseExceptionHandler->render(Object(CodeIgniter\HTTP\Exceptions\HTTPException), 500, '/home/next0355/...')
#5 /home/next0355/dev.next1crm.com.br/system/Debug/Exceptions.php(163): CodeIgniter\Debug\ExceptionHandler->handle(Object(CodeIgniter\HTTP\Exceptions\HTTPException), Object(CodeIgniter\HTTP\IncomingRequest), Object(CodeIgniter\HTTP\Response), 500, 1)
#6 [internal function]: CodeIgniter\Debug\Exceptions->exceptionHandler(Object(CodeIgniter\HTTP\Exceptions\HTTPException))
#7 {main}
  thrown
【Previous Exception】
CodeIgniter\HTTP\Exceptions\HTTPException
The route for "https://www.dev.next1crm.com.br/login" cannot be found.
#0 /home/next0355/dev.next1crm.com.br/system/HTTP/RedirectResponse.php(64): CodeIgniter\HTTP\Exceptions\HTTPException::forInvalidRedirectRoute('https://www.dev...')
#1 /home/next0355/dev.next1crm.com.br/system/Common.php(851): CodeIgniter\HTTP\RedirectResponse->route(false)
#2 /home/next0355/dev.next1crm.com.br/app/Controllers/BaseController.php(101): redirect('https://www.dev...')
#3 /home/next0355/dev.next1crm.com.br/system/CodeIgniter.php(904): App\Controllers\BaseController->initController(Object(CodeIgniter\HTTP\IncomingRequest), Object(CodeIgniter\HTTP\Response), Object(CodeIgniter\Log\Logger))
#4 /home/next0355/dev.next1crm.com.br/system/CodeIgniter.php(500): CodeIgniter\CodeIgniter->createController()
#5 /home/next0355/dev.next1crm.com.br/system/CodeIgniter.php(355): CodeIgniter\CodeIgniter->handleRequest(NULL, Object(Config\Cache), false)
#6 /home/next0355/dev.next1crm.com.br/system/Boot.php(325): CodeIgniter\CodeIgniter->run()
#7 /home/next0355/dev.next1crm.com.br/system/Boot.php(67): CodeIgniter\Boot::runCodeIgniter(Object(CodeIgniter\CodeIgniter))
#8 /home/next0355/dev.next1crm.com.br/public/index.php(56): CodeIgniter\Boot::bootWeb(Object(Config\Paths))
#9 {main}
[Method: GET, Route: login]
in SYSTEMPATH/Helpers/number_helper.php on line 50.
 1 [internal function]: CodeIgniter\Debug\Exceptions->shutdownHandler()
CRITICAL - 2024-10-01 14:58:02 --> ErrorException: Trying to access array offset on value of type null
[Method: GET, Route: panel]
in APPPATH/Models/Privileges_Model.php on line 28.
 1 APPPATH/Models/Privileges_Model.php(28): CodeIgniter\Debug\Exceptions->errorHandler(2, 'Trying to access array offset on value of type null', '/home/next0355/dev.next1crm.com.br/app/Models/Privileges_Model.php', 28)
 2 APPPATH/Controllers/Panel.php(18): App\Models\Privileges_Model->has_privilege('dashGoals')
 3 APPPATH/Controllers/DynamicController.php(55): App\Controllers\Panel->index()
 4 SYSTEMPATH/CodeIgniter.php(933): App\Controllers\DynamicController->execute('panel')
 5 SYSTEMPATH/CodeIgniter.php(509): CodeIgniter\CodeIgniter->runController(Object(App\Controllers\DynamicController))
 6 SYSTEMPATH/CodeIgniter.php(355): CodeIgniter\CodeIgniter->handleRequest(null, Object(Config\Cache), false)
 7 SYSTEMPATH/Boot.php(325): CodeIgniter\CodeIgniter->run()
 8 SYSTEMPATH/Boot.php(67): CodeIgniter\Boot::runCodeIgniter(Object(CodeIgniter\CodeIgniter))
 9 FCPATH/index.php(56): CodeIgniter\Boot::bootWeb(Object(Config\Paths))
CRITICAL - 2024-10-01 14:58:26 --> CodeIgniter\HTTP\Exceptions\HTTPException: The route for "https://www.dev.next1crm.com.br/login" cannot be found.
[Method: GET, Route: panel]
in SYSTEMPATH/HTTP/RedirectResponse.php on line 64.
 1 SYSTEMPATH/HTTP/RedirectResponse.php(64): CodeIgniter\HTTP\Exceptions\HTTPException::forInvalidRedirectRoute('https://www.dev.next1crm.com.br/login')
 2 SYSTEMPATH/Common.php(851): CodeIgniter\HTTP\RedirectResponse->route(false)
 3 APPPATH/Controllers/DynamicController.php(34): redirect('https://www.dev.next1crm.com.br/login')
 4 SYSTEMPATH/CodeIgniter.php(933): App\Controllers\DynamicController->execute('panel')
 5 SYSTEMPATH/CodeIgniter.php(509): CodeIgniter\CodeIgniter->runController(Object(App\Controllers\DynamicController))
 6 SYSTEMPATH/CodeIgniter.php(355): CodeIgniter\CodeIgniter->handleRequest(null, Object(Config\Cache), false)
 7 SYSTEMPATH/Boot.php(325): CodeIgniter\CodeIgniter->run()
 8 SYSTEMPATH/Boot.php(67): CodeIgniter\Boot::runCodeIgniter(Object(CodeIgniter\CodeIgniter))
 9 FCPATH/index.php(56): CodeIgniter\Boot::bootWeb(Object(Config\Paths))
CRITICAL - 2024-10-01 15:04:29 --> CodeIgniter\HTTP\Exceptions\BadRequestException: The URI you submitted has disallowed characters: "{{appurl   'uploads"
[Method: GET, Route: %7B%7Bappurl%20%20%20%27uploads/images/%27%20%20%20chatAtual.details.staffavatar%7D%7D]
in SYSTEMPATH/Router/Router.php on line 737.
 1 SYSTEMPATH/Router/Router.php(204): CodeIgniter\Router\Router->checkDisallowedChars('{{appurl   \'uploads/images/\'   chatAtual.details.staffavatar}}')
 2 SYSTEMPATH/CodeIgniter.php(834): CodeIgniter\Router\Router->handle('{{appurl   \'uploads/images/\'   chatAtual.details.staffavatar}}')
 3 SYSTEMPATH/CodeIgniter.php(457): CodeIgniter\CodeIgniter->tryToRouteIt(Object(CodeIgniter\Router\RouteCollection))
 4 SYSTEMPATH/CodeIgniter.php(355): CodeIgniter\CodeIgniter->handleRequest(null, Object(Config\Cache), false)
 5 SYSTEMPATH/Boot.php(325): CodeIgniter\CodeIgniter->run()
 6 SYSTEMPATH/Boot.php(67): CodeIgniter\Boot::runCodeIgniter(Object(CodeIgniter\CodeIgniter))
 7 FCPATH/index.php(56): CodeIgniter\Boot::bootWeb(Object(Config\Paths))
CRITICAL - 2024-10-01 15:04:29 --> CodeIgniter\HTTP\Exceptions\BadRequestException: The URI you submitted has disallowed characters: "{{appurl   'assets"
[Method: GET, Route: %7B%7Bappurl%20%20%20%27assets/img/loading.gif%27%7D%7D]
in SYSTEMPATH/Router/Router.php on line 737.
 1 SYSTEMPATH/Router/Router.php(204): CodeIgniter\Router\Router->checkDisallowedChars('{{appurl   \'assets/img/loading.gif\'}}')
 2 SYSTEMPATH/CodeIgniter.php(834): CodeIgniter\Router\Router->handle('{{appurl   \'assets/img/loading.gif\'}}')
 3 SYSTEMPATH/CodeIgniter.php(457): CodeIgniter\CodeIgniter->tryToRouteIt(Object(CodeIgniter\Router\RouteCollection))
 4 SYSTEMPATH/CodeIgniter.php(355): CodeIgniter\CodeIgniter->handleRequest(null, Object(Config\Cache), false)
 5 SYSTEMPATH/Boot.php(325): CodeIgniter\CodeIgniter->run()
 6 SYSTEMPATH/Boot.php(67): CodeIgniter\Boot::runCodeIgniter(Object(CodeIgniter\CodeIgniter))
 7 FCPATH/index.php(56): CodeIgniter\Boot::bootWeb(Object(Config\Paths))
CRITICAL - 2024-10-01 15:04:29 --> CodeIgniter\HTTP\Exceptions\BadRequestException: The URI you submitted has disallowed characters: "{{appurl   'uploads"
[Method: GET, Route: %7B%7Bappurl%20%20%20%27uploads/images/%27%20%20%20chat.details.staffavatar%7D%7D]
in SYSTEMPATH/Router/Router.php on line 737.
 1 SYSTEMPATH/Router/Router.php(204): CodeIgniter\Router\Router->checkDisallowedChars('{{appurl   \'uploads/images/\'   chat.details.staffavatar}}')
 2 SYSTEMPATH/CodeIgniter.php(834): CodeIgniter\Router\Router->handle('{{appurl   \'uploads/images/\'   chat.details.staffavatar}}')
 3 SYSTEMPATH/CodeIgniter.php(457): CodeIgniter\CodeIgniter->tryToRouteIt(Object(CodeIgniter\Router\RouteCollection))
 4 SYSTEMPATH/CodeIgniter.php(355): CodeIgniter\CodeIgniter->handleRequest(null, Object(Config\Cache), false)
 5 SYSTEMPATH/Boot.php(325): CodeIgniter\CodeIgniter->run()
 6 SYSTEMPATH/Boot.php(67): CodeIgniter\Boot::runCodeIgniter(Object(CodeIgniter\CodeIgniter))
 7 FCPATH/index.php(56): CodeIgniter\Boot::bootWeb(Object(Config\Paths))
CRITICAL - 2024-10-01 15:04:29 --> CodeIgniter\HTTP\Exceptions\BadRequestException: The URI you submitted has disallowed characters: "{{appurl   'assets"
[Method: GET, Route: %7B%7Bappurl%20%20%20%27assets/img/menu/Dashboard%20Leads.svg%27%7D%7D]
in SYSTEMPATH/Router/Router.php on line 737.
 1 SYSTEMPATH/Router/Router.php(204): CodeIgniter\Router\Router->checkDisallowedChars('{{appurl   \'assets/img/menu/Dashboard Leads.svg\'}}')
 2 SYSTEMPATH/CodeIgniter.php(834): CodeIgniter\Router\Router->handle('{{appurl   \'assets/img/menu/Dashboard Leads.svg\'}}')
 3 SYSTEMPATH/CodeIgniter.php(457): CodeIgniter\CodeIgniter->tryToRouteIt(Object(CodeIgniter\Router\RouteCollection))
 4 SYSTEMPATH/CodeIgniter.php(355): CodeIgniter\CodeIgniter->handleRequest(null, Object(Config\Cache), false)
 5 SYSTEMPATH/Boot.php(325): CodeIgniter\CodeIgniter->run()
 6 SYSTEMPATH/Boot.php(67): CodeIgniter\Boot::runCodeIgniter(Object(CodeIgniter\CodeIgniter))
 7 FCPATH/index.php(56): CodeIgniter\Boot::bootWeb(Object(Config\Paths))
CRITICAL - 2024-10-01 15:04:29 --> CodeIgniter\HTTP\Exceptions\BadRequestException: The URI you submitted has disallowed characters: "{{appurl   'uploads"
[Method: GET, Route: %7B%7Bappurl%20%20%20%27uploads/images/%27%20%20%20chat.details.staffavatar%20%7D%7D]
in SYSTEMPATH/Router/Router.php on line 737.
 1 SYSTEMPATH/Router/Router.php(204): CodeIgniter\Router\Router->checkDisallowedChars('{{appurl   \'uploads/images/\'   chat.details.staffavatar }}')
 2 SYSTEMPATH/CodeIgniter.php(834): CodeIgniter\Router\Router->handle('{{appurl   \'uploads/images/\'   chat.details.staffavatar }}')
 3 SYSTEMPATH/CodeIgniter.php(457): CodeIgniter\CodeIgniter->tryToRouteIt(Object(CodeIgniter\Router\RouteCollection))
 4 SYSTEMPATH/CodeIgniter.php(355): CodeIgniter\CodeIgniter->handleRequest(null, Object(Config\Cache), false)
 5 SYSTEMPATH/Boot.php(325): CodeIgniter\CodeIgniter->run()
 6 SYSTEMPATH/Boot.php(67): CodeIgniter\Boot::runCodeIgniter(Object(CodeIgniter\CodeIgniter))
 7 FCPATH/index.php(56): CodeIgniter\Boot::bootWeb(Object(Config\Paths))
CRITICAL - 2024-10-01 15:04:36 --> ErrorException: filesize(): stat failed for /home/next0355/dev.next1crm.com.br/writable/session/ci_session986d6ef088575d278e9c081422cd0d373f9e81b9
[Method: GET, Route: api/settings]
in SYSTEMPATH/Session/Handlers/FileHandler.php on line 162.
 1 [internal function]: CodeIgniter\Debug\Exceptions->errorHandler(2, 'filesize(): stat failed for /home/next0355/dev.next1crm.com.br/writable/session/ci_session986d6ef088575d278e9c081422cd0d373f9e81b9', '/home/next0355/dev.next1crm.com.br/system/Session/Handlers/FileHandler.php', 162)
 2 SYSTEMPATH/Session/Handlers/FileHandler.php(162): filesize('/home/next0355/dev.next1crm.com.br/writable/session/ci_session986d6ef088575d278e9c081422cd0d373f9e81b9')
 3 [internal function]: CodeIgniter\Session\Handlers\FileHandler->read('986d6ef088575d278e9c081422cd0d373f9e81b9')
 4 SYSTEMPATH/Session/Session.php(920): session_start()
 5 SYSTEMPATH/Session/Session.php(242): CodeIgniter\Session\Session->startSession()
 6 SYSTEMPATH/Config/Services.php(710): CodeIgniter\Session\Session->start()
 7 SYSTEMPATH/Config/BaseService.php(312): CodeIgniter\Config\Services::session(Object(Config\Session), false)
 8 SYSTEMPATH/Config/BaseService.php(251): CodeIgniter\Config\BaseService::__callStatic('session', [...])
 9 SYSTEMPATH/Config/Services.php(668): CodeIgniter\Config\BaseService::getSharedInstance('session', null)
10 SYSTEMPATH/Config/BaseService.php(321): CodeIgniter\Config\Services::session()
11 SYSTEMPATH/Config/BaseService.php(202): CodeIgniter\Config\BaseService::__callStatic('session', [])
12 SYSTEMPATH/Common.php(996): CodeIgniter\Config\BaseService::get('session')
13 SYSTEMPATH/Common.php(969): service('session')
14 APPPATH/Controllers/BaseController.php(126): session()
15 SYSTEMPATH/CodeIgniter.php(904): App\Controllers\BaseController->initController(Object(CodeIgniter\HTTP\IncomingRequest), Object(CodeIgniter\HTTP\Response), Object(CodeIgniter\Log\Logger))
16 SYSTEMPATH/CodeIgniter.php(500): CodeIgniter\CodeIgniter->createController()
17 SYSTEMPATH/CodeIgniter.php(355): CodeIgniter\CodeIgniter->handleRequest(null, Object(Config\Cache), false)
18 SYSTEMPATH/Boot.php(325): CodeIgniter\CodeIgniter->run()
19 SYSTEMPATH/Boot.php(67): CodeIgniter\Boot::runCodeIgniter(Object(CodeIgniter\CodeIgniter))
20 FCPATH/index.php(56): CodeIgniter\Boot::bootWeb(Object(Config\Paths))
CRITICAL - 2024-10-01 15:04:36 --> ErrorException: filesize(): stat failed for /home/next0355/dev.next1crm.com.br/writable/session/ci_session986d6ef088575d278e9c081422cd0d373f9e81b9
[Method: GET, Route: api/newtickets]
in SYSTEMPATH/Session/Handlers/FileHandler.php on line 162.
 1 [internal function]: CodeIgniter\Debug\Exceptions->errorHandler(2, 'filesize(): stat failed for /home/next0355/dev.next1crm.com.br/writable/session/ci_session986d6ef088575d278e9c081422cd0d373f9e81b9', '/home/next0355/dev.next1crm.com.br/system/Session/Handlers/FileHandler.php', 162)
 2 SYSTEMPATH/Session/Handlers/FileHandler.php(162): filesize('/home/next0355/dev.next1crm.com.br/writable/session/ci_session986d6ef088575d278e9c081422cd0d373f9e81b9')
 3 [internal function]: CodeIgniter\Session\Handlers\FileHandler->read('986d6ef088575d278e9c081422cd0d373f9e81b9')
 4 SYSTEMPATH/Session/Session.php(920): session_start()
 5 SYSTEMPATH/Session/Session.php(242): CodeIgniter\Session\Session->startSession()
 6 SYSTEMPATH/Config/Services.php(710): CodeIgniter\Session\Session->start()
 7 SYSTEMPATH/Config/BaseService.php(312): CodeIgniter\Config\Services::session(Object(Config\Session), false)
 8 SYSTEMPATH/Config/BaseService.php(251): CodeIgniter\Config\BaseService::__callStatic('session', [...])
 9 SYSTEMPATH/Config/Services.php(668): CodeIgniter\Config\BaseService::getSharedInstance('session', null)
10 SYSTEMPATH/Config/BaseService.php(321): CodeIgniter\Config\Services::session()
11 SYSTEMPATH/Config/BaseService.php(202): CodeIgniter\Config\BaseService::__callStatic('session', [])
12 SYSTEMPATH/Common.php(996): CodeIgniter\Config\BaseService::get('session')
13 SYSTEMPATH/Common.php(969): service('session')
14 APPPATH/Controllers/BaseController.php(126): session()
15 SYSTEMPATH/CodeIgniter.php(904): App\Controllers\BaseController->initController(Object(CodeIgniter\HTTP\IncomingRequest), Object(CodeIgniter\HTTP\Response), Object(CodeIgniter\Log\Logger))
16 SYSTEMPATH/CodeIgniter.php(500): CodeIgniter\CodeIgniter->createController()
17 SYSTEMPATH/CodeIgniter.php(355): CodeIgniter\CodeIgniter->handleRequest(null, Object(Config\Cache), false)
18 SYSTEMPATH/Boot.php(325): CodeIgniter\CodeIgniter->run()
19 SYSTEMPATH/Boot.php(67): CodeIgniter\Boot::runCodeIgniter(Object(CodeIgniter\CodeIgniter))
20 FCPATH/index.php(56): CodeIgniter\Boot::bootWeb(Object(Config\Paths))
CRITICAL - 2024-10-01 15:04:36 --> ErrorException: filesize(): stat failed for /home/next0355/dev.next1crm.com.br/writable/session/ci_session986d6ef088575d278e9c081422cd0d373f9e81b9
[Method: GET, Route: api/logs]
in SYSTEMPATH/Session/Handlers/FileHandler.php on line 162.
 1 [internal function]: CodeIgniter\Debug\Exceptions->errorHandler(2, 'filesize(): stat failed for /home/next0355/dev.next1crm.com.br/writable/session/ci_session986d6ef088575d278e9c081422cd0d373f9e81b9', '/home/next0355/dev.next1crm.com.br/system/Session/Handlers/FileHandler.php', 162)
 2 SYSTEMPATH/Session/Handlers/FileHandler.php(162): filesize('/home/next0355/dev.next1crm.com.br/writable/session/ci_session986d6ef088575d278e9c081422cd0d373f9e81b9')
 3 [internal function]: CodeIgniter\Session\Handlers\FileHandler->read('986d6ef088575d278e9c081422cd0d373f9e81b9')
 4 SYSTEMPATH/Session/Session.php(920): session_start()
 5 SYSTEMPATH/Session/Session.php(242): CodeIgniter\Session\Session->startSession()
 6 SYSTEMPATH/Config/Services.php(710): CodeIgniter\Session\Session->start()
 7 SYSTEMPATH/Config/BaseService.php(312): CodeIgniter\Config\Services::session(Object(Config\Session), false)
 8 SYSTEMPATH/Config/BaseService.php(251): CodeIgniter\Config\BaseService::__callStatic('session', [...])
 9 SYSTEMPATH/Config/Services.php(668): CodeIgniter\Config\BaseService::getSharedInstance('session', null)
10 SYSTEMPATH/Config/BaseService.php(321): CodeIgniter\Config\Services::session()
11 SYSTEMPATH/Config/BaseService.php(202): CodeIgniter\Config\BaseService::__callStatic('session', [])
12 SYSTEMPATH/Common.php(996): CodeIgniter\Config\BaseService::get('session')
13 SYSTEMPATH/Common.php(969): service('session')
14 APPPATH/Controllers/BaseController.php(126): session()
15 SYSTEMPATH/CodeIgniter.php(904): App\Controllers\BaseController->initController(Object(CodeIgniter\HTTP\IncomingRequest), Object(CodeIgniter\HTTP\Response), Object(CodeIgniter\Log\Logger))
16 SYSTEMPATH/CodeIgniter.php(500): CodeIgniter\CodeIgniter->createController()
17 SYSTEMPATH/CodeIgniter.php(355): CodeIgniter\CodeIgniter->handleRequest(null, Object(Config\Cache), false)
18 SYSTEMPATH/Boot.php(325): CodeIgniter\CodeIgniter->run()
19 SYSTEMPATH/Boot.php(67): CodeIgniter\Boot::runCodeIgniter(Object(CodeIgniter\CodeIgniter))
20 FCPATH/index.php(56): CodeIgniter\Boot::bootWeb(Object(Config\Paths))
CRITICAL - 2024-10-01 15:04:36 --> ErrorException: filesize(): stat failed for /home/next0355/dev.next1crm.com.br/writable/session/ci_session986d6ef088575d278e9c081422cd0d373f9e81b9
[Method: GET, Route: api/overdueinvoices]
in SYSTEMPATH/Session/Handlers/FileHandler.php on line 162.
 1 [internal function]: CodeIgniter\Debug\Exceptions->errorHandler(2, 'filesize(): stat failed for /home/next0355/dev.next1crm.com.br/writable/session/ci_session986d6ef088575d278e9c081422cd0d373f9e81b9', '/home/next0355/dev.next1crm.com.br/system/Session/Handlers/FileHandler.php', 162)
 2 SYSTEMPATH/Session/Handlers/FileHandler.php(162): filesize('/home/next0355/dev.next1crm.com.br/writable/session/ci_session986d6ef088575d278e9c081422cd0d373f9e81b9')
 3 [internal function]: CodeIgniter\Session\Handlers\FileHandler->read('986d6ef088575d278e9c081422cd0d373f9e81b9')
 4 SYSTEMPATH/Session/Session.php(920): session_start()
 5 SYSTEMPATH/Session/Session.php(242): CodeIgniter\Session\Session->startSession()
 6 SYSTEMPATH/Config/Services.php(710): CodeIgniter\Session\Session->start()
 7 SYSTEMPATH/Config/BaseService.php(312): CodeIgniter\Config\Services::session(Object(Config\Session), false)
 8 SYSTEMPATH/Config/BaseService.php(251): CodeIgniter\Config\BaseService::__callStatic('session', [...])
 9 SYSTEMPATH/Config/Services.php(668): CodeIgniter\Config\BaseService::getSharedInstance('session', null)
10 SYSTEMPATH/Config/BaseService.php(321): CodeIgniter\Config\Services::session()
11 SYSTEMPATH/Config/BaseService.php(202): CodeIgniter\Config\BaseService::__callStatic('session', [])
12 SYSTEMPATH/Common.php(996): CodeIgniter\Config\BaseService::get('session')
13 SYSTEMPATH/Common.php(969): service('session')
14 APPPATH/Controllers/BaseController.php(126): session()
15 SYSTEMPATH/CodeIgniter.php(904): App\Controllers\BaseController->initController(Object(CodeIgniter\HTTP\IncomingRequest), Object(CodeIgniter\HTTP\Response), Object(CodeIgniter\Log\Logger))
16 SYSTEMPATH/CodeIgniter.php(500): CodeIgniter\CodeIgniter->createController()
17 SYSTEMPATH/CodeIgniter.php(355): CodeIgniter\CodeIgniter->handleRequest(null, Object(Config\Cache), false)
18 SYSTEMPATH/Boot.php(325): CodeIgniter\CodeIgniter->run()
19 SYSTEMPATH/Boot.php(67): CodeIgniter\Boot::runCodeIgniter(Object(CodeIgniter\CodeIgniter))
20 FCPATH/index.php(56): CodeIgniter\Boot::bootWeb(Object(Config\Paths))
CRITICAL - 2024-10-01 15:04:36 --> ErrorException: filesize(): stat failed for /home/next0355/dev.next1crm.com.br/writable/session/ci_session986d6ef088575d278e9c081422cd0d373f9e81b9
[Method: POST, Route: panel/getReports_nvOportunidade_mes]
in SYSTEMPATH/Session/Handlers/FileHandler.php on line 162.
 1 [internal function]: CodeIgniter\Debug\Exceptions->errorHandler(2, 'filesize(): stat failed for /home/next0355/dev.next1crm.com.br/writable/session/ci_session986d6ef088575d278e9c081422cd0d373f9e81b9', '/home/next0355/dev.next1crm.com.br/system/Session/Handlers/FileHandler.php', 162)
 2 SYSTEMPATH/Session/Handlers/FileHandler.php(162): filesize('/home/next0355/dev.next1crm.com.br/writable/session/ci_session986d6ef088575d278e9c081422cd0d373f9e81b9')
 3 [internal function]: CodeIgniter\Session\Handlers\FileHandler->read('986d6ef088575d278e9c081422cd0d373f9e81b9')
 4 SYSTEMPATH/Session/Session.php(920): session_start()
 5 SYSTEMPATH/Session/Session.php(242): CodeIgniter\Session\Session->startSession()
 6 SYSTEMPATH/Config/Services.php(710): CodeIgniter\Session\Session->start()
 7 SYSTEMPATH/Config/BaseService.php(312): CodeIgniter\Config\Services::session(Object(Config\Session), false)
 8 SYSTEMPATH/Config/BaseService.php(251): CodeIgniter\Config\BaseService::__callStatic('session', [...])
 9 SYSTEMPATH/Config/Services.php(668): CodeIgniter\Config\BaseService::getSharedInstance('session', null)
10 SYSTEMPATH/Config/BaseService.php(321): CodeIgniter\Config\Services::session()
11 SYSTEMPATH/Config/BaseService.php(202): CodeIgniter\Config\BaseService::__callStatic('session', [])
12 SYSTEMPATH/Common.php(996): CodeIgniter\Config\BaseService::get('session')
13 SYSTEMPATH/Common.php(969): service('session')
14 APPPATH/Controllers/BaseController.php(126): session()
15 SYSTEMPATH/CodeIgniter.php(904): App\Controllers\BaseController->initController(Object(CodeIgniter\HTTP\IncomingRequest), Object(CodeIgniter\HTTP\Response), Object(CodeIgniter\Log\Logger))
16 SYSTEMPATH/CodeIgniter.php(500): CodeIgniter\CodeIgniter->createController()
17 SYSTEMPATH/CodeIgniter.php(355): CodeIgniter\CodeIgniter->handleRequest(null, Object(Config\Cache), false)
18 SYSTEMPATH/Boot.php(325): CodeIgniter\CodeIgniter->run()
19 SYSTEMPATH/Boot.php(67): CodeIgniter\Boot::runCodeIgniter(Object(CodeIgniter\CodeIgniter))
20 FCPATH/index.php(56): CodeIgniter\Boot::bootWeb(Object(Config\Paths))
CRITICAL - 2024-10-01 15:04:36 --> ErrorException: filesize(): stat failed for /home/next0355/dev.next1crm.com.br/writable/session/ci_session986d6ef088575d278e9c081422cd0d373f9e81b9
[Method: GET, Route: api/user]
in SYSTEMPATH/Session/Handlers/FileHandler.php on line 162.
 1 [internal function]: CodeIgniter\Debug\Exceptions->errorHandler(2, 'filesize(): stat failed for /home/next0355/dev.next1crm.com.br/writable/session/ci_session986d6ef088575d278e9c081422cd0d373f9e81b9', '/home/next0355/dev.next1crm.com.br/system/Session/Handlers/FileHandler.php', 162)
 2 SYSTEMPATH/Session/Handlers/FileHandler.php(162): filesize('/home/next0355/dev.next1crm.com.br/writable/session/ci_session986d6ef088575d278e9c081422cd0d373f9e81b9')
 3 [internal function]: CodeIgniter\Session\Handlers\FileHandler->read('986d6ef088575d278e9c081422cd0d373f9e81b9')
 4 SYSTEMPATH/Session/Session.php(920): session_start()
 5 SYSTEMPATH/Session/Session.php(242): CodeIgniter\Session\Session->startSession()
 6 SYSTEMPATH/Config/Services.php(710): CodeIgniter\Session\Session->start()
 7 SYSTEMPATH/Config/BaseService.php(312): CodeIgniter\Config\Services::session(Object(Config\Session), false)
 8 SYSTEMPATH/Config/BaseService.php(251): CodeIgniter\Config\BaseService::__callStatic('session', [...])
 9 SYSTEMPATH/Config/Services.php(668): CodeIgniter\Config\BaseService::getSharedInstance('session', null)
10 SYSTEMPATH/Config/BaseService.php(321): CodeIgniter\Config\Services::session()
11 SYSTEMPATH/Config/BaseService.php(202): CodeIgniter\Config\BaseService::__callStatic('session', [])
12 SYSTEMPATH/Common.php(996): CodeIgniter\Config\BaseService::get('session')
13 SYSTEMPATH/Common.php(969): service('session')
14 APPPATH/Controllers/BaseController.php(126): session()
15 SYSTEMPATH/CodeIgniter.php(904): App\Controllers\BaseController->initController(Object(CodeIgniter\HTTP\IncomingRequest), Object(CodeIgniter\HTTP\Response), Object(CodeIgniter\Log\Logger))
16 SYSTEMPATH/CodeIgniter.php(500): CodeIgniter\CodeIgniter->createController()
17 SYSTEMPATH/CodeIgniter.php(355): CodeIgniter\CodeIgniter->handleRequest(null, Object(Config\Cache), false)
18 SYSTEMPATH/Boot.php(325): CodeIgniter\CodeIgniter->run()
19 SYSTEMPATH/Boot.php(67): CodeIgniter\Boot::runCodeIgniter(Object(CodeIgniter\CodeIgniter))
20 FCPATH/index.php(56): CodeIgniter\Boot::bootWeb(Object(Config\Paths))
CRITICAL - 2024-10-01 15:04:36 --> ErrorException: filesize(): stat failed for /home/next0355/dev.next1crm.com.br/writable/session/ci_session986d6ef088575d278e9c081422cd0d373f9e81b9
[Method: POST, Route: customersDash/getReports_ramoDeAtividade]
in SYSTEMPATH/Session/Handlers/FileHandler.php on line 162.
 1 [internal function]: CodeIgniter\Debug\Exceptions->errorHandler(2, 'filesize(): stat failed for /home/next0355/dev.next1crm.com.br/writable/session/ci_session986d6ef088575d278e9c081422cd0d373f9e81b9', '/home/next0355/dev.next1crm.com.br/system/Session/Handlers/FileHandler.php', 162)
 2 SYSTEMPATH/Session/Handlers/FileHandler.php(162): filesize('/home/next0355/dev.next1crm.com.br/writable/session/ci_session986d6ef088575d278e9c081422cd0d373f9e81b9')
 3 [internal function]: CodeIgniter\Session\Handlers\FileHandler->read('986d6ef088575d278e9c081422cd0d373f9e81b9')
 4 SYSTEMPATH/Session/Session.php(920): session_start()
 5 SYSTEMPATH/Session/Session.php(242): CodeIgniter\Session\Session->startSession()
 6 SYSTEMPATH/Config/Services.php(710): CodeIgniter\Session\Session->start()
 7 SYSTEMPATH/Config/BaseService.php(312): CodeIgniter\Config\Services::session(Object(Config\Session), false)
 8 SYSTEMPATH/Config/BaseService.php(251): CodeIgniter\Config\BaseService::__callStatic('session', [...])
 9 SYSTEMPATH/Config/Services.php(668): CodeIgniter\Config\BaseService::getSharedInstance('session', null)
10 SYSTEMPATH/Config/BaseService.php(321): CodeIgniter\Config\Services::session()
11 SYSTEMPATH/Config/BaseService.php(202): CodeIgniter\Config\BaseService::__callStatic('session', [])
12 SYSTEMPATH/Common.php(996): CodeIgniter\Config\BaseService::get('session')
13 SYSTEMPATH/Common.php(969): service('session')
14 APPPATH/Controllers/BaseController.php(126): session()
15 SYSTEMPATH/CodeIgniter.php(904): App\Controllers\BaseController->initController(Object(CodeIgniter\HTTP\IncomingRequest), Object(CodeIgniter\HTTP\Response), Object(CodeIgniter\Log\Logger))
16 SYSTEMPATH/CodeIgniter.php(500): CodeIgniter\CodeIgniter->createController()
17 SYSTEMPATH/CodeIgniter.php(355): CodeIgniter\CodeIgniter->handleRequest(null, Object(Config\Cache), false)
18 SYSTEMPATH/Boot.php(325): CodeIgniter\CodeIgniter->run()
19 SYSTEMPATH/Boot.php(67): CodeIgniter\Boot::runCodeIgniter(Object(CodeIgniter\CodeIgniter))
20 FCPATH/index.php(56): CodeIgniter\Boot::bootWeb(Object(Config\Paths))
CRITICAL - 2024-10-01 15:04:36 --> ErrorException: filesize(): stat failed for /home/next0355/dev.next1crm.com.br/writable/session/ci_session986d6ef088575d278e9c081422cd0d373f9e81b9
[Method: GET, Route: api/staff/1]
in SYSTEMPATH/Session/Handlers/FileHandler.php on line 162.
 1 [internal function]: CodeIgniter\Debug\Exceptions->errorHandler(2, 'filesize(): stat failed for /home/next0355/dev.next1crm.com.br/writable/session/ci_session986d6ef088575d278e9c081422cd0d373f9e81b9', '/home/next0355/dev.next1crm.com.br/system/Session/Handlers/FileHandler.php', 162)
 2 SYSTEMPATH/Session/Handlers/FileHandler.php(162): filesize('/home/next0355/dev.next1crm.com.br/writable/session/ci_session986d6ef088575d278e9c081422cd0d373f9e81b9')
 3 [internal function]: CodeIgniter\Session\Handlers\FileHandler->read('986d6ef088575d278e9c081422cd0d373f9e81b9')
 4 SYSTEMPATH/Session/Session.php(920): session_start()
 5 SYSTEMPATH/Session/Session.php(242): CodeIgniter\Session\Session->startSession()
 6 SYSTEMPATH/Config/Services.php(710): CodeIgniter\Session\Session->start()
 7 SYSTEMPATH/Config/BaseService.php(312): CodeIgniter\Config\Services::session(Object(Config\Session), false)
 8 SYSTEMPATH/Config/BaseService.php(251): CodeIgniter\Config\BaseService::__callStatic('session', [...])
 9 SYSTEMPATH/Config/Services.php(668): CodeIgniter\Config\BaseService::getSharedInstance('session', null)
10 SYSTEMPATH/Config/BaseService.php(321): CodeIgniter\Config\Services::session()
11 SYSTEMPATH/Config/BaseService.php(202): CodeIgniter\Config\BaseService::__callStatic('session', [])
12 SYSTEMPATH/Common.php(996): CodeIgniter\Config\BaseService::get('session')
13 SYSTEMPATH/Common.php(969): service('session')
14 APPPATH/Controllers/BaseController.php(126): session()
15 SYSTEMPATH/CodeIgniter.php(904): App\Controllers\BaseController->initController(Object(CodeIgniter\HTTP\IncomingRequest), Object(CodeIgniter\HTTP\Response), Object(CodeIgniter\Log\Logger))
16 SYSTEMPATH/CodeIgniter.php(500): CodeIgniter\CodeIgniter->createController()
17 SYSTEMPATH/CodeIgniter.php(355): CodeIgniter\CodeIgniter->handleRequest(null, Object(Config\Cache), false)
18 SYSTEMPATH/Boot.php(325): CodeIgniter\CodeIgniter->run()
19 SYSTEMPATH/Boot.php(67): CodeIgniter\Boot::runCodeIgniter(Object(CodeIgniter\CodeIgniter))
20 FCPATH/index.php(56): CodeIgniter\Boot::bootWeb(Object(Config\Paths))
CRITICAL - 2024-10-01 15:04:36 --> ErrorException: filesize(): stat failed for /home/next0355/dev.next1crm.com.br/writable/session/ci_session986d6ef088575d278e9c081422cd0d373f9e81b9
[Method: GET, Route: api/chats]
in SYSTEMPATH/Session/Handlers/FileHandler.php on line 162.
 1 [internal function]: CodeIgniter\Debug\Exceptions->errorHandler(2, 'filesize(): stat failed for /home/next0355/dev.next1crm.com.br/writable/session/ci_session986d6ef088575d278e9c081422cd0d373f9e81b9', '/home/next0355/dev.next1crm.com.br/system/Session/Handlers/FileHandler.php', 162)
 2 SYSTEMPATH/Session/Handlers/FileHandler.php(162): filesize('/home/next0355/dev.next1crm.com.br/writable/session/ci_session986d6ef088575d278e9c081422cd0d373f9e81b9')
 3 [internal function]: CodeIgniter\Session\Handlers\FileHandler->read('986d6ef088575d278e9c081422cd0d373f9e81b9')
 4 SYSTEMPATH/Session/Session.php(920): session_start()
 5 SYSTEMPATH/Session/Session.php(242): CodeIgniter\Session\Session->startSession()
 6 SYSTEMPATH/Config/Services.php(710): CodeIgniter\Session\Session->start()
 7 SYSTEMPATH/Config/BaseService.php(312): CodeIgniter\Config\Services::session(Object(Config\Session), false)
 8 SYSTEMPATH/Config/BaseService.php(251): CodeIgniter\Config\BaseService::__callStatic('session', [...])
 9 SYSTEMPATH/Config/Services.php(668): CodeIgniter\Config\BaseService::getSharedInstance('session', null)
10 SYSTEMPATH/Config/BaseService.php(321): CodeIgniter\Config\Services::session()
11 SYSTEMPATH/Config/BaseService.php(202): CodeIgniter\Config\BaseService::__callStatic('session', [])
12 SYSTEMPATH/Common.php(996): CodeIgniter\Config\BaseService::get('session')
13 SYSTEMPATH/Common.php(969): service('session')
14 APPPATH/Controllers/BaseController.php(126): session()
15 SYSTEMPATH/CodeIgniter.php(904): App\Controllers\BaseController->initController(Object(CodeIgniter\HTTP\IncomingRequest), Object(CodeIgniter\HTTP\Response), Object(CodeIgniter\Log\Logger))
16 SYSTEMPATH/CodeIgniter.php(500): CodeIgniter\CodeIgniter->createController()
17 SYSTEMPATH/CodeIgniter.php(355): CodeIgniter\CodeIgniter->handleRequest(null, Object(Config\Cache), false)
18 SYSTEMPATH/Boot.php(325): CodeIgniter\CodeIgniter->run()
19 SYSTEMPATH/Boot.php(67): CodeIgniter\Boot::runCodeIgniter(Object(CodeIgniter\CodeIgniter))
20 FCPATH/index.php(56): CodeIgniter\Boot::bootWeb(Object(Config\Paths))
CRITICAL - 2024-10-01 15:04:36 --> ErrorException: filesize(): stat failed for /home/next0355/dev.next1crm.com.br/writable/session/ci_session986d6ef088575d278e9c081422cd0d373f9e81b9
[Method: GET, Route: api/dueinvoices]
in SYSTEMPATH/Session/Handlers/FileHandler.php on line 162.
 1 [internal function]: CodeIgniter\Debug\Exceptions->errorHandler(2, 'filesize(): stat failed for /home/next0355/dev.next1crm.com.br/writable/session/ci_session986d6ef088575d278e9c081422cd0d373f9e81b9', '/home/next0355/dev.next1crm.com.br/system/Session/Handlers/FileHandler.php', 162)
 2 SYSTEMPATH/Session/Handlers/FileHandler.php(162): filesize('/home/next0355/dev.next1crm.com.br/writable/session/ci_session986d6ef088575d278e9c081422cd0d373f9e81b9')
 3 [internal function]: CodeIgniter\Session\Handlers\FileHandler->read('986d6ef088575d278e9c081422cd0d373f9e81b9')
 4 SYSTEMPATH/Session/Session.php(920): session_start()
 5 SYSTEMPATH/Session/Session.php(242): CodeIgniter\Session\Session->startSession()
 6 SYSTEMPATH/Config/Services.php(710): CodeIgniter\Session\Session->start()
 7 SYSTEMPATH/Config/BaseService.php(312): CodeIgniter\Config\Services::session(Object(Config\Session), false)
 8 SYSTEMPATH/Config/BaseService.php(251): CodeIgniter\Config\BaseService::__callStatic('session', [...])
 9 SYSTEMPATH/Config/Services.php(668): CodeIgniter\Config\BaseService::getSharedInstance('session', null)
10 SYSTEMPATH/Config/BaseService.php(321): CodeIgniter\Config\Services::session()
11 SYSTEMPATH/Config/BaseService.php(202): CodeIgniter\Config\BaseService::__callStatic('session', [])
12 SYSTEMPATH/Common.php(996): CodeIgniter\Config\BaseService::get('session')
13 SYSTEMPATH/Common.php(969): service('session')
14 APPPATH/Controllers/BaseController.php(126): session()
15 SYSTEMPATH/CodeIgniter.php(904): App\Controllers\BaseController->initController(Object(CodeIgniter\HTTP\IncomingRequest), Object(CodeIgniter\HTTP\Response), Object(CodeIgniter\Log\Logger))
16 SYSTEMPATH/CodeIgniter.php(500): CodeIgniter\CodeIgniter->createController()
17 SYSTEMPATH/CodeIgniter.php(355): CodeIgniter\CodeIgniter->handleRequest(null, Object(Config\Cache), false)
18 SYSTEMPATH/Boot.php(325): CodeIgniter\CodeIgniter->run()
19 SYSTEMPATH/Boot.php(67): CodeIgniter\Boot::runCodeIgniter(Object(CodeIgniter\CodeIgniter))
20 FCPATH/index.php(56): CodeIgniter\Boot::bootWeb(Object(Config\Paths))
CRITICAL - 2024-10-01 15:04:36 --> ErrorException: filesize(): stat failed for /home/next0355/dev.next1crm.com.br/writable/session/ci_session986d6ef088575d278e9c081422cd0d373f9e81b9
[Method: POST, Route: customersDash/getReports_graphNovosClientes]
in SYSTEMPATH/Session/Handlers/FileHandler.php on line 162.
 1 [internal function]: CodeIgniter\Debug\Exceptions->errorHandler(2, 'filesize(): stat failed for /home/next0355/dev.next1crm.com.br/writable/session/ci_session986d6ef088575d278e9c081422cd0d373f9e81b9', '/home/next0355/dev.next1crm.com.br/system/Session/Handlers/FileHandler.php', 162)
 2 SYSTEMPATH/Session/Handlers/FileHandler.php(162): filesize('/home/next0355/dev.next1crm.com.br/writable/session/ci_session986d6ef088575d278e9c081422cd0d373f9e81b9')
 3 [internal function]: CodeIgniter\Session\Handlers\FileHandler->read('986d6ef088575d278e9c081422cd0d373f9e81b9')
 4 SYSTEMPATH/Session/Session.php(920): session_start()
 5 SYSTEMPATH/Session/Session.php(242): CodeIgniter\Session\Session->startSession()
 6 SYSTEMPATH/Config/Services.php(710): CodeIgniter\Session\Session->start()
 7 SYSTEMPATH/Config/BaseService.php(312): CodeIgniter\Config\Services::session(Object(Config\Session), false)
 8 SYSTEMPATH/Config/BaseService.php(251): CodeIgniter\Config\BaseService::__callStatic('session', [...])
 9 SYSTEMPATH/Config/Services.php(668): CodeIgniter\Config\BaseService::getSharedInstance('session', null)
10 SYSTEMPATH/Config/BaseService.php(321): CodeIgniter\Config\Services::session()
11 SYSTEMPATH/Config/BaseService.php(202): CodeIgniter\Config\BaseService::__callStatic('session', [])
12 SYSTEMPATH/Common.php(996): CodeIgniter\Config\BaseService::get('session')
13 SYSTEMPATH/Common.php(969): service('session')
14 APPPATH/Controllers/BaseController.php(126): session()
15 SYSTEMPATH/CodeIgniter.php(904): App\Controllers\BaseController->initController(Object(CodeIgniter\HTTP\IncomingRequest), Object(CodeIgniter\HTTP\Response), Object(CodeIgniter\Log\Logger))
16 SYSTEMPATH/CodeIgniter.php(500): CodeIgniter\CodeIgniter->createController()
17 SYSTEMPATH/CodeIgniter.php(355): CodeIgniter\CodeIgniter->handleRequest(null, Object(Config\Cache), false)
18 SYSTEMPATH/Boot.php(325): CodeIgniter\CodeIgniter->run()
19 SYSTEMPATH/Boot.php(67): CodeIgniter\Boot::runCodeIgniter(Object(CodeIgniter\CodeIgniter))
20 FCPATH/index.php(56): CodeIgniter\Boot::bootWeb(Object(Config\Paths))
CRITICAL - 2024-10-01 15:04:36 --> ErrorException: filesize(): stat failed for /home/next0355/dev.next1crm.com.br/writable/session/ci_session986d6ef088575d278e9c081422cd0d373f9e81b9
[Method: GET, Route: api/transactions]
in SYSTEMPATH/Session/Handlers/FileHandler.php on line 162.
 1 [internal function]: CodeIgniter\Debug\Exceptions->errorHandler(2, 'filesize(): stat failed for /home/next0355/dev.next1crm.com.br/writable/session/ci_session986d6ef088575d278e9c081422cd0d373f9e81b9', '/home/next0355/dev.next1crm.com.br/system/Session/Handlers/FileHandler.php', 162)
 2 SYSTEMPATH/Session/Handlers/FileHandler.php(162): filesize('/home/next0355/dev.next1crm.com.br/writable/session/ci_session986d6ef088575d278e9c081422cd0d373f9e81b9')
 3 [internal function]: CodeIgniter\Session\Handlers\FileHandler->read('986d6ef088575d278e9c081422cd0d373f9e81b9')
 4 SYSTEMPATH/Session/Session.php(920): session_start()
 5 SYSTEMPATH/Session/Session.php(242): CodeIgniter\Session\Session->startSession()
 6 SYSTEMPATH/Config/Services.php(710): CodeIgniter\Session\Session->start()
 7 SYSTEMPATH/Config/BaseService.php(312): CodeIgniter\Config\Services::session(Object(Config\Session), false)
 8 SYSTEMPATH/Config/BaseService.php(251): CodeIgniter\Config\BaseService::__callStatic('session', [...])
 9 SYSTEMPATH/Config/Services.php(668): CodeIgniter\Config\BaseService::getSharedInstance('session', null)
10 SYSTEMPATH/Config/BaseService.php(321): CodeIgniter\Config\Services::session()
11 SYSTEMPATH/Config/BaseService.php(202): CodeIgniter\Config\BaseService::__callStatic('session', [])
12 SYSTEMPATH/Common.php(996): CodeIgniter\Config\BaseService::get('session')
13 SYSTEMPATH/Common.php(969): service('session')
14 APPPATH/Controllers/BaseController.php(126): session()
15 SYSTEMPATH/CodeIgniter.php(904): App\Controllers\BaseController->initController(Object(CodeIgniter\HTTP\IncomingRequest), Object(CodeIgniter\HTTP\Response), Object(CodeIgniter\Log\Logger))
16 SYSTEMPATH/CodeIgniter.php(500): CodeIgniter\CodeIgniter->createController()
17 SYSTEMPATH/CodeIgniter.php(355): CodeIgniter\CodeIgniter->handleRequest(null, Object(Config\Cache), false)
18 SYSTEMPATH/Boot.php(325): CodeIgniter\CodeIgniter->run()
19 SYSTEMPATH/Boot.php(67): CodeIgniter\Boot::runCodeIgniter(Object(CodeIgniter\CodeIgniter))
20 FCPATH/index.php(56): CodeIgniter\Boot::bootWeb(Object(Config\Paths))
CRITICAL - 2024-10-01 15:04:36 --> ErrorException: filesize(): stat failed for /home/next0355/dev.next1crm.com.br/writable/session/ci_session986d6ef088575d278e9c081422cd0d373f9e81b9
[Method: GET, Route: api/newtickets]
in SYSTEMPATH/Session/Handlers/FileHandler.php on line 162.
 1 [internal function]: CodeIgniter\Debug\Exceptions->errorHandler(2, 'filesize(): stat failed for /home/next0355/dev.next1crm.com.br/writable/session/ci_session986d6ef088575d278e9c081422cd0d373f9e81b9', '/home/next0355/dev.next1crm.com.br/system/Session/Handlers/FileHandler.php', 162)
 2 SYSTEMPATH/Session/Handlers/FileHandler.php(162): filesize('/home/next0355/dev.next1crm.com.br/writable/session/ci_session986d6ef088575d278e9c081422cd0d373f9e81b9')
 3 [internal function]: CodeIgniter\Session\Handlers\FileHandler->read('986d6ef088575d278e9c081422cd0d373f9e81b9')
 4 SYSTEMPATH/Session/Session.php(920): session_start()
 5 SYSTEMPATH/Session/Session.php(242): CodeIgniter\Session\Session->startSession()
 6 SYSTEMPATH/Config/Services.php(710): CodeIgniter\Session\Session->start()
 7 SYSTEMPATH/Config/BaseService.php(312): CodeIgniter\Config\Services::session(Object(Config\Session), false)
 8 SYSTEMPATH/Config/BaseService.php(251): CodeIgniter\Config\BaseService::__callStatic('session', [...])
 9 SYSTEMPATH/Config/Services.php(668): CodeIgniter\Config\BaseService::getSharedInstance('session', null)
10 SYSTEMPATH/Config/BaseService.php(321): CodeIgniter\Config\Services::session()
11 SYSTEMPATH/Config/BaseService.php(202): CodeIgniter\Config\BaseService::__callStatic('session', [])
12 SYSTEMPATH/Common.php(996): CodeIgniter\Config\BaseService::get('session')
13 SYSTEMPATH/Common.php(969): service('session')
14 APPPATH/Controllers/BaseController.php(126): session()
15 SYSTEMPATH/CodeIgniter.php(904): App\Controllers\BaseController->initController(Object(CodeIgniter\HTTP\IncomingRequest), Object(CodeIgniter\HTTP\Response), Object(CodeIgniter\Log\Logger))
16 SYSTEMPATH/CodeIgniter.php(500): CodeIgniter\CodeIgniter->createController()
17 SYSTEMPATH/CodeIgniter.php(355): CodeIgniter\CodeIgniter->handleRequest(null, Object(Config\Cache), false)
18 SYSTEMPATH/Boot.php(325): CodeIgniter\CodeIgniter->run()
19 SYSTEMPATH/Boot.php(67): CodeIgniter\Boot::runCodeIgniter(Object(CodeIgniter\CodeIgniter))
20 FCPATH/index.php(56): CodeIgniter\Boot::bootWeb(Object(Config\Paths))
CRITICAL - 2024-10-01 15:04:36 --> ErrorException: filesize(): stat failed for /home/next0355/dev.next1crm.com.br/writable/session/ci_session986d6ef088575d278e9c081422cd0d373f9e81b9
[Method: GET, Route: goals/get_metas]
in SYSTEMPATH/Session/Handlers/FileHandler.php on line 162.
 1 [internal function]: CodeIgniter\Debug\Exceptions->errorHandler(2, 'filesize(): stat failed for /home/next0355/dev.next1crm.com.br/writable/session/ci_session986d6ef088575d278e9c081422cd0d373f9e81b9', '/home/next0355/dev.next1crm.com.br/system/Session/Handlers/FileHandler.php', 162)
 2 SYSTEMPATH/Session/Handlers/FileHandler.php(162): filesize('/home/next0355/dev.next1crm.com.br/writable/session/ci_session986d6ef088575d278e9c081422cd0d373f9e81b9')
 3 [internal function]: CodeIgniter\Session\Handlers\FileHandler->read('986d6ef088575d278e9c081422cd0d373f9e81b9')
 4 SYSTEMPATH/Session/Session.php(920): session_start()
 5 SYSTEMPATH/Session/Session.php(242): CodeIgniter\Session\Session->startSession()
 6 SYSTEMPATH/Config/Services.php(710): CodeIgniter\Session\Session->start()
 7 SYSTEMPATH/Config/BaseService.php(312): CodeIgniter\Config\Services::session(Object(Config\Session), false)
 8 SYSTEMPATH/Config/BaseService.php(251): CodeIgniter\Config\BaseService::__callStatic('session', [...])
 9 SYSTEMPATH/Config/Services.php(668): CodeIgniter\Config\BaseService::getSharedInstance('session', null)
10 SYSTEMPATH/Config/BaseService.php(321): CodeIgniter\Config\Services::session()
11 SYSTEMPATH/Config/BaseService.php(202): CodeIgniter\Config\BaseService::__callStatic('session', [])
12 SYSTEMPATH/Common.php(996): CodeIgniter\Config\BaseService::get('session')
13 SYSTEMPATH/Common.php(969): service('session')
14 APPPATH/Controllers/BaseController.php(126): session()
15 SYSTEMPATH/CodeIgniter.php(904): App\Controllers\BaseController->initController(Object(CodeIgniter\HTTP\IncomingRequest), Object(CodeIgniter\HTTP\Response), Object(CodeIgniter\Log\Logger))
16 SYSTEMPATH/CodeIgniter.php(500): CodeIgniter\CodeIgniter->createController()
17 SYSTEMPATH/CodeIgniter.php(355): CodeIgniter\CodeIgniter->handleRequest(null, Object(Config\Cache), false)
18 SYSTEMPATH/Boot.php(325): CodeIgniter\CodeIgniter->run()
19 SYSTEMPATH/Boot.php(67): CodeIgniter\Boot::runCodeIgniter(Object(CodeIgniter\CodeIgniter))
20 FCPATH/index.php(56): CodeIgniter\Boot::bootWeb(Object(Config\Paths))
CRITICAL - 2024-10-01 15:04:36 --> ErrorException: filesize(): stat failed for /home/next0355/dev.next1crm.com.br/writable/session/ci_session986d6ef088575d278e9c081422cd0d373f9e81b9
[Method: GET, Route: api/events]
in SYSTEMPATH/Session/Handlers/FileHandler.php on line 162.
 1 [internal function]: CodeIgniter\Debug\Exceptions->errorHandler(2, 'filesize(): stat failed for /home/next0355/dev.next1crm.com.br/writable/session/ci_session986d6ef088575d278e9c081422cd0d373f9e81b9', '/home/next0355/dev.next1crm.com.br/system/Session/Handlers/FileHandler.php', 162)
 2 SYSTEMPATH/Session/Handlers/FileHandler.php(162): filesize('/home/next0355/dev.next1crm.com.br/writable/session/ci_session986d6ef088575d278e9c081422cd0d373f9e81b9')
 3 [internal function]: CodeIgniter\Session\Handlers\FileHandler->read('986d6ef088575d278e9c081422cd0d373f9e81b9')
 4 SYSTEMPATH/Session/Session.php(920): session_start()
 5 SYSTEMPATH/Session/Session.php(242): CodeIgniter\Session\Session->startSession()
 6 SYSTEMPATH/Config/Services.php(710): CodeIgniter\Session\Session->start()
 7 SYSTEMPATH/Config/BaseService.php(312): CodeIgniter\Config\Services::session(Object(Config\Session), false)
 8 SYSTEMPATH/Config/BaseService.php(251): CodeIgniter\Config\BaseService::__callStatic('session', [...])
 9 SYSTEMPATH/Config/Services.php(668): CodeIgniter\Config\BaseService::getSharedInstance('session', null)
10 SYSTEMPATH/Config/BaseService.php(321): CodeIgniter\Config\Services::session()
11 SYSTEMPATH/Config/BaseService.php(202): CodeIgniter\Config\BaseService::__callStatic('session', [])
12 SYSTEMPATH/Common.php(996): CodeIgniter\Config\BaseService::get('session')
13 SYSTEMPATH/Common.php(969): service('session')
14 APPPATH/Controllers/BaseController.php(126): session()
15 SYSTEMPATH/CodeIgniter.php(904): App\Controllers\BaseController->initController(Object(CodeIgniter\HTTP\IncomingRequest), Object(CodeIgniter\HTTP\Response), Object(CodeIgniter\Log\Logger))
16 SYSTEMPATH/CodeIgniter.php(500): CodeIgniter\CodeIgniter->createController()
17 SYSTEMPATH/CodeIgniter.php(355): CodeIgniter\CodeIgniter->handleRequest(null, Object(Config\Cache), false)
18 SYSTEMPATH/Boot.php(325): CodeIgniter\CodeIgniter->run()
19 SYSTEMPATH/Boot.php(67): CodeIgniter\Boot::runCodeIgniter(Object(CodeIgniter\CodeIgniter))
20 FCPATH/index.php(56): CodeIgniter\Boot::bootWeb(Object(Config\Paths))
CRITICAL - 2024-10-01 15:04:36 --> ErrorException: filesize(): stat failed for /home/next0355/dev.next1crm.com.br/writable/session/ci_session986d6ef088575d278e9c081422cd0d373f9e81b9
[Method: POST, Route: DashInvoices/getReports_graphFaturamento]
in SYSTEMPATH/Session/Handlers/FileHandler.php on line 162.
 1 [internal function]: CodeIgniter\Debug\Exceptions->errorHandler(2, 'filesize(): stat failed for /home/next0355/dev.next1crm.com.br/writable/session/ci_session986d6ef088575d278e9c081422cd0d373f9e81b9', '/home/next0355/dev.next1crm.com.br/system/Session/Handlers/FileHandler.php', 162)
 2 SYSTEMPATH/Session/Handlers/FileHandler.php(162): filesize('/home/next0355/dev.next1crm.com.br/writable/session/ci_session986d6ef088575d278e9c081422cd0d373f9e81b9')
 3 [internal function]: CodeIgniter\Session\Handlers\FileHandler->read('986d6ef088575d278e9c081422cd0d373f9e81b9')
 4 SYSTEMPATH/Session/Session.php(920): session_start()
 5 SYSTEMPATH/Session/Session.php(242): CodeIgniter\Session\Session->startSession()
 6 SYSTEMPATH/Config/Services.php(710): CodeIgniter\Session\Session->start()
 7 SYSTEMPATH/Config/BaseService.php(312): CodeIgniter\Config\Services::session(Object(Config\Session), false)
 8 SYSTEMPATH/Config/BaseService.php(251): CodeIgniter\Config\BaseService::__callStatic('session', [...])
 9 SYSTEMPATH/Config/Services.php(668): CodeIgniter\Config\BaseService::getSharedInstance('session', null)
10 SYSTEMPATH/Config/BaseService.php(321): CodeIgniter\Config\Services::session()
11 SYSTEMPATH/Config/BaseService.php(202): CodeIgniter\Config\BaseService::__callStatic('session', [])
12 SYSTEMPATH/Common.php(996): CodeIgniter\Config\BaseService::get('session')
13 SYSTEMPATH/Common.php(969): service('session')
14 APPPATH/Controllers/BaseController.php(126): session()
15 SYSTEMPATH/CodeIgniter.php(904): App\Controllers\BaseController->initController(Object(CodeIgniter\HTTP\IncomingRequest), Object(CodeIgniter\HTTP\Response), Object(CodeIgniter\Log\Logger))
16 SYSTEMPATH/CodeIgniter.php(500): CodeIgniter\CodeIgniter->createController()
17 SYSTEMPATH/CodeIgniter.php(355): CodeIgniter\CodeIgniter->handleRequest(null, Object(Config\Cache), false)
18 SYSTEMPATH/Boot.php(325): CodeIgniter\CodeIgniter->run()
19 SYSTEMPATH/Boot.php(67): CodeIgniter\Boot::runCodeIgniter(Object(CodeIgniter\CodeIgniter))
20 FCPATH/index.php(56): CodeIgniter\Boot::bootWeb(Object(Config\Paths))
CRITICAL - 2024-10-01 15:04:36 --> ErrorException: filesize(): stat failed for /home/next0355/dev.next1crm.com.br/writable/session/ci_session986d6ef088575d278e9c081422cd0d373f9e81b9
[Method: GET, Route: api/logs]
in SYSTEMPATH/Session/Handlers/FileHandler.php on line 162.
 1 [internal function]: CodeIgniter\Debug\Exceptions->errorHandler(2, 'filesize(): stat failed for /home/next0355/dev.next1crm.com.br/writable/session/ci_session986d6ef088575d278e9c081422cd0d373f9e81b9', '/home/next0355/dev.next1crm.com.br/system/Session/Handlers/FileHandler.php', 162)
 2 SYSTEMPATH/Session/Handlers/FileHandler.php(162): filesize('/home/next0355/dev.next1crm.com.br/writable/session/ci_session986d6ef088575d278e9c081422cd0d373f9e81b9')
 3 [internal function]: CodeIgniter\Session\Handlers\FileHandler->read('986d6ef088575d278e9c081422cd0d373f9e81b9')
 4 SYSTEMPATH/Session/Session.php(920): session_start()
 5 SYSTEMPATH/Session/Session.php(242): CodeIgniter\Session\Session->startSession()
 6 SYSTEMPATH/Config/Services.php(710): CodeIgniter\Session\Session->start()
 7 SYSTEMPATH/Config/BaseService.php(312): CodeIgniter\Config\Services::session(Object(Config\Session), false)
 8 SYSTEMPATH/Config/BaseService.php(251): CodeIgniter\Config\BaseService::__callStatic('session', [...])
 9 SYSTEMPATH/Config/Services.php(668): CodeIgniter\Config\BaseService::getSharedInstance('session', null)
10 SYSTEMPATH/Config/BaseService.php(321): CodeIgniter\Config\Services::session()
11 SYSTEMPATH/Config/BaseService.php(202): CodeIgniter\Config\BaseService::__callStatic('session', [])
12 SYSTEMPATH/Common.php(996): CodeIgniter\Config\BaseService::get('session')
13 SYSTEMPATH/Common.php(969): service('session')
14 APPPATH/Controllers/BaseController.php(126): session()
15 SYSTEMPATH/CodeIgniter.php(904): App\Controllers\BaseController->initController(Object(CodeIgniter\HTTP\IncomingRequest), Object(CodeIgniter\HTTP\Response), Object(CodeIgniter\Log\Logger))
16 SYSTEMPATH/CodeIgniter.php(500): CodeIgniter\CodeIgniter->createController()
17 SYSTEMPATH/CodeIgniter.php(355): CodeIgniter\CodeIgniter->handleRequest(null, Object(Config\Cache), false)
18 SYSTEMPATH/Boot.php(325): CodeIgniter\CodeIgniter->run()
19 SYSTEMPATH/Boot.php(67): CodeIgniter\Boot::runCodeIgniter(Object(CodeIgniter\CodeIgniter))
20 FCPATH/index.php(56): CodeIgniter\Boot::bootWeb(Object(Config\Paths))
CRITICAL - 2024-10-01 15:04:36 --> ErrorException: filesize(): stat failed for /home/next0355/dev.next1crm.com.br/writable/session/ci_session986d6ef088575d278e9c081422cd0d373f9e81b9
[Method: GET, Route: api/dueinvoices]
in SYSTEMPATH/Session/Handlers/FileHandler.php on line 162.
 1 [internal function]: CodeIgniter\Debug\Exceptions->errorHandler(2, 'filesize(): stat failed for /home/next0355/dev.next1crm.com.br/writable/session/ci_session986d6ef088575d278e9c081422cd0d373f9e81b9', '/home/next0355/dev.next1crm.com.br/system/Session/Handlers/FileHandler.php', 162)
 2 SYSTEMPATH/Session/Handlers/FileHandler.php(162): filesize('/home/next0355/dev.next1crm.com.br/writable/session/ci_session986d6ef088575d278e9c081422cd0d373f9e81b9')
 3 [internal function]: CodeIgniter\Session\Handlers\FileHandler->read('986d6ef088575d278e9c081422cd0d373f9e81b9')
 4 SYSTEMPATH/Session/Session.php(920): session_start()
 5 SYSTEMPATH/Session/Session.php(242): CodeIgniter\Session\Session->startSession()
 6 SYSTEMPATH/Config/Services.php(710): CodeIgniter\Session\Session->start()
 7 SYSTEMPATH/Config/BaseService.php(312): CodeIgniter\Config\Services::session(Object(Config\Session), false)
 8 SYSTEMPATH/Config/BaseService.php(251): CodeIgniter\Config\BaseService::__callStatic('session', [...])
 9 SYSTEMPATH/Config/Services.php(668): CodeIgniter\Config\BaseService::getSharedInstance('session', null)
10 SYSTEMPATH/Config/BaseService.php(321): CodeIgniter\Config\Services::session()
11 SYSTEMPATH/Config/BaseService.php(202): CodeIgniter\Config\BaseService::__callStatic('session', [])
12 SYSTEMPATH/Common.php(996): CodeIgniter\Config\BaseService::get('session')
13 SYSTEMPATH/Common.php(969): service('session')
14 APPPATH/Controllers/BaseController.php(126): session()
15 SYSTEMPATH/CodeIgniter.php(904): App\Controllers\BaseController->initController(Object(CodeIgniter\HTTP\IncomingRequest), Object(CodeIgniter\HTTP\Response), Object(CodeIgniter\Log\Logger))
16 SYSTEMPATH/CodeIgniter.php(500): CodeIgniter\CodeIgniter->createController()
17 SYSTEMPATH/CodeIgniter.php(355): CodeIgniter\CodeIgniter->handleRequest(null, Object(Config\Cache), false)
18 SYSTEMPATH/Boot.php(325): CodeIgniter\CodeIgniter->run()
19 SYSTEMPATH/Boot.php(67): CodeIgniter\Boot::runCodeIgniter(Object(CodeIgniter\CodeIgniter))
20 FCPATH/index.php(56): CodeIgniter\Boot::bootWeb(Object(Config\Paths))
CRITICAL - 2024-10-01 15:04:36 --> ErrorException: filesize(): stat failed for /home/next0355/dev.next1crm.com.br/writable/session/ci_session986d6ef088575d278e9c081422cd0d373f9e81b9
[Method: GET, Route: api/getAllExplicacaoBalao]
in SYSTEMPATH/Session/Handlers/FileHandler.php on line 162.
 1 [internal function]: CodeIgniter\Debug\Exceptions->errorHandler(2, 'filesize(): stat failed for /home/next0355/dev.next1crm.com.br/writable/session/ci_session986d6ef088575d278e9c081422cd0d373f9e81b9', '/home/next0355/dev.next1crm.com.br/system/Session/Handlers/FileHandler.php', 162)
 2 SYSTEMPATH/Session/Handlers/FileHandler.php(162): filesize('/home/next0355/dev.next1crm.com.br/writable/session/ci_session986d6ef088575d278e9c081422cd0d373f9e81b9')
 3 [internal function]: CodeIgniter\Session\Handlers\FileHandler->read('986d6ef088575d278e9c081422cd0d373f9e81b9')
 4 SYSTEMPATH/Session/Session.php(920): session_start()
 5 SYSTEMPATH/Session/Session.php(242): CodeIgniter\Session\Session->startSession()
 6 SYSTEMPATH/Config/Services.php(710): CodeIgniter\Session\Session->start()
 7 SYSTEMPATH/Config/BaseService.php(312): CodeIgniter\Config\Services::session(Object(Config\Session), false)
 8 SYSTEMPATH/Config/BaseService.php(251): CodeIgniter\Config\BaseService::__callStatic('session', [...])
 9 SYSTEMPATH/Config/Services.php(668): CodeIgniter\Config\BaseService::getSharedInstance('session', null)
10 SYSTEMPATH/Config/BaseService.php(321): CodeIgniter\Config\Services::session()
11 SYSTEMPATH/Config/BaseService.php(202): CodeIgniter\Config\BaseService::__callStatic('session', [])
12 SYSTEMPATH/Common.php(996): CodeIgniter\Config\BaseService::get('session')
13 SYSTEMPATH/Common.php(969): service('session')
14 APPPATH/Controllers/BaseController.php(126): session()
15 SYSTEMPATH/CodeIgniter.php(904): App\Controllers\BaseController->initController(Object(CodeIgniter\HTTP\IncomingRequest), Object(CodeIgniter\HTTP\Response), Object(CodeIgniter\Log\Logger))
16 SYSTEMPATH/CodeIgniter.php(500): CodeIgniter\CodeIgniter->createController()
17 SYSTEMPATH/CodeIgniter.php(355): CodeIgniter\CodeIgniter->handleRequest(null, Object(Config\Cache), false)
18 SYSTEMPATH/Boot.php(325): CodeIgniter\CodeIgniter->run()
19 SYSTEMPATH/Boot.php(67): CodeIgniter\Boot::runCodeIgniter(Object(CodeIgniter\CodeIgniter))
20 FCPATH/index.php(56): CodeIgniter\Boot::bootWeb(Object(Config\Paths))
CRITICAL - 2024-10-01 15:04:47 --> CodeIgniter\HTTP\Exceptions\BadRequestException: The URI you submitted has disallowed characters: "{{appurl   'assets"
[Method: GET, Route: %7B%7Bappurl%20%20%20%27assets/img/menu/Dashboard%20Leads.svg%27%7D%7D]
in SYSTEMPATH/Router/Router.php on line 737.
 1 SYSTEMPATH/Router/Router.php(204): CodeIgniter\Router\Router->checkDisallowedChars('{{appurl   \'assets/img/menu/Dashboard Leads.svg\'}}')
 2 SYSTEMPATH/CodeIgniter.php(834): CodeIgniter\Router\Router->handle('{{appurl   \'assets/img/menu/Dashboard Leads.svg\'}}')
 3 SYSTEMPATH/CodeIgniter.php(457): CodeIgniter\CodeIgniter->tryToRouteIt(Object(CodeIgniter\Router\RouteCollection))
 4 SYSTEMPATH/CodeIgniter.php(355): CodeIgniter\CodeIgniter->handleRequest(null, Object(Config\Cache), false)
 5 SYSTEMPATH/Boot.php(325): CodeIgniter\CodeIgniter->run()
 6 SYSTEMPATH/Boot.php(67): CodeIgniter\Boot::runCodeIgniter(Object(CodeIgniter\CodeIgniter))
 7 FCPATH/index.php(56): CodeIgniter\Boot::bootWeb(Object(Config\Paths))
CRITICAL - 2024-10-01 15:04:47 --> CodeIgniter\HTTP\Exceptions\BadRequestException: The URI you submitted has disallowed characters: "{{appurl   'uploads"
[Method: GET, Route: %7B%7Bappurl%20%20%20%27uploads/images/%27%20%20%20chat.details.staffavatar%7D%7D]
in SYSTEMPATH/Router/Router.php on line 737.
 1 SYSTEMPATH/Router/Router.php(204): CodeIgniter\Router\Router->checkDisallowedChars('{{appurl   \'uploads/images/\'   chat.details.staffavatar}}')
 2 SYSTEMPATH/CodeIgniter.php(834): CodeIgniter\Router\Router->handle('{{appurl   \'uploads/images/\'   chat.details.staffavatar}}')
 3 SYSTEMPATH/CodeIgniter.php(457): CodeIgniter\CodeIgniter->tryToRouteIt(Object(CodeIgniter\Router\RouteCollection))
 4 SYSTEMPATH/CodeIgniter.php(355): CodeIgniter\CodeIgniter->handleRequest(null, Object(Config\Cache), false)
 5 SYSTEMPATH/Boot.php(325): CodeIgniter\CodeIgniter->run()
 6 SYSTEMPATH/Boot.php(67): CodeIgniter\Boot::runCodeIgniter(Object(CodeIgniter\CodeIgniter))
 7 FCPATH/index.php(56): CodeIgniter\Boot::bootWeb(Object(Config\Paths))
CRITICAL - 2024-10-01 15:04:47 --> CodeIgniter\HTTP\Exceptions\BadRequestException: The URI you submitted has disallowed characters: "{{appurl   'assets"
[Method: GET, Route: %7B%7Bappurl%20%20%20%27assets/img/loading.gif%27%7D%7D]
in SYSTEMPATH/Router/Router.php on line 737.
 1 SYSTEMPATH/Router/Router.php(204): CodeIgniter\Router\Router->checkDisallowedChars('{{appurl   \'assets/img/loading.gif\'}}')
 2 SYSTEMPATH/CodeIgniter.php(834): CodeIgniter\Router\Router->handle('{{appurl   \'assets/img/loading.gif\'}}')
 3 SYSTEMPATH/CodeIgniter.php(457): CodeIgniter\CodeIgniter->tryToRouteIt(Object(CodeIgniter\Router\RouteCollection))
 4 SYSTEMPATH/CodeIgniter.php(355): CodeIgniter\CodeIgniter->handleRequest(null, Object(Config\Cache), false)
 5 SYSTEMPATH/Boot.php(325): CodeIgniter\CodeIgniter->run()
 6 SYSTEMPATH/Boot.php(67): CodeIgniter\Boot::runCodeIgniter(Object(CodeIgniter\CodeIgniter))
 7 FCPATH/index.php(56): CodeIgniter\Boot::bootWeb(Object(Config\Paths))
CRITICAL - 2024-10-01 15:04:48 --> CodeIgniter\HTTP\Exceptions\BadRequestException: The URI you submitted has disallowed characters: "{{appurl   'uploads"
[Method: GET, Route: %7B%7Bappurl%20%20%20%27uploads/images/%27%20%20%20chat.details.staffavatar%20%7D%7D]
in SYSTEMPATH/Router/Router.php on line 737.
 1 SYSTEMPATH/Router/Router.php(204): CodeIgniter\Router\Router->checkDisallowedChars('{{appurl   \'uploads/images/\'   chat.details.staffavatar }}')
 2 SYSTEMPATH/CodeIgniter.php(834): CodeIgniter\Router\Router->handle('{{appurl   \'uploads/images/\'   chat.details.staffavatar }}')
 3 SYSTEMPATH/CodeIgniter.php(457): CodeIgniter\CodeIgniter->tryToRouteIt(Object(CodeIgniter\Router\RouteCollection))
 4 SYSTEMPATH/CodeIgniter.php(355): CodeIgniter\CodeIgniter->handleRequest(null, Object(Config\Cache), false)
 5 SYSTEMPATH/Boot.php(325): CodeIgniter\CodeIgniter->run()
 6 SYSTEMPATH/Boot.php(67): CodeIgniter\Boot::runCodeIgniter(Object(CodeIgniter\CodeIgniter))
 7 FCPATH/index.php(56): CodeIgniter\Boot::bootWeb(Object(Config\Paths))
CRITICAL - 2024-10-01 15:04:48 --> CodeIgniter\HTTP\Exceptions\BadRequestException: The URI you submitted has disallowed characters: "{{appurl   'uploads"
[Method: GET, Route: %7B%7Bappurl%20%20%20%27uploads/images/%27%20%20%20chatAtual.details.staffavatar%7D%7D]
in SYSTEMPATH/Router/Router.php on line 737.
 1 SYSTEMPATH/Router/Router.php(204): CodeIgniter\Router\Router->checkDisallowedChars('{{appurl   \'uploads/images/\'   chatAtual.details.staffavatar}}')
 2 SYSTEMPATH/CodeIgniter.php(834): CodeIgniter\Router\Router->handle('{{appurl   \'uploads/images/\'   chatAtual.details.staffavatar}}')
 3 SYSTEMPATH/CodeIgniter.php(457): CodeIgniter\CodeIgniter->tryToRouteIt(Object(CodeIgniter\Router\RouteCollection))
 4 SYSTEMPATH/CodeIgniter.php(355): CodeIgniter\CodeIgniter->handleRequest(null, Object(Config\Cache), false)
 5 SYSTEMPATH/Boot.php(325): CodeIgniter\CodeIgniter->run()
 6 SYSTEMPATH/Boot.php(67): CodeIgniter\Boot::runCodeIgniter(Object(CodeIgniter\CodeIgniter))
 7 FCPATH/index.php(56): CodeIgniter\Boot::bootWeb(Object(Config\Paths))
CRITICAL - 2024-10-01 15:05:14 --> CodeIgniter\HTTP\Exceptions\BadRequestException: The URI you submitted has disallowed characters: "{{appurl   'uploads"
[Method: GET, Route: %7B%7Bappurl%20%20%20%27uploads/images/%27%20%20%20chatAtual.details.staffavatar%7D%7D]
in SYSTEMPATH/Router/Router.php on line 737.
 1 SYSTEMPATH/Router/Router.php(204): CodeIgniter\Router\Router->checkDisallowedChars('{{appurl   \'uploads/images/\'   chatAtual.details.staffavatar}}')
 2 SYSTEMPATH/CodeIgniter.php(834): CodeIgniter\Router\Router->handle('{{appurl   \'uploads/images/\'   chatAtual.details.staffavatar}}')
 3 SYSTEMPATH/CodeIgniter.php(457): CodeIgniter\CodeIgniter->tryToRouteIt(Object(CodeIgniter\Router\RouteCollection))
 4 SYSTEMPATH/CodeIgniter.php(355): CodeIgniter\CodeIgniter->handleRequest(null, Object(Config\Cache), false)
 5 SYSTEMPATH/Boot.php(325): CodeIgniter\CodeIgniter->run()
 6 SYSTEMPATH/Boot.php(67): CodeIgniter\Boot::runCodeIgniter(Object(CodeIgniter\CodeIgniter))
 7 FCPATH/index.php(56): CodeIgniter\Boot::bootWeb(Object(Config\Paths))
CRITICAL - 2024-10-01 15:05:15 --> CodeIgniter\HTTP\Exceptions\BadRequestException: The URI you submitted has disallowed characters: "{{appurl   'uploads"
[Method: GET, Route: %7B%7Bappurl%20%20%20%27uploads/images/%27%20%20%20chat.details.staffavatar%20%7D%7D]
in SYSTEMPATH/Router/Router.php on line 737.
 1 SYSTEMPATH/Router/Router.php(204): CodeIgniter\Router\Router->checkDisallowedChars('{{appurl   \'uploads/images/\'   chat.details.staffavatar }}')
 2 SYSTEMPATH/CodeIgniter.php(834): CodeIgniter\Router\Router->handle('{{appurl   \'uploads/images/\'   chat.details.staffavatar }}')
 3 SYSTEMPATH/CodeIgniter.php(457): CodeIgniter\CodeIgniter->tryToRouteIt(Object(CodeIgniter\Router\RouteCollection))
 4 SYSTEMPATH/CodeIgniter.php(355): CodeIgniter\CodeIgniter->handleRequest(null, Object(Config\Cache), false)
 5 SYSTEMPATH/Boot.php(325): CodeIgniter\CodeIgniter->run()
 6 SYSTEMPATH/Boot.php(67): CodeIgniter\Boot::runCodeIgniter(Object(CodeIgniter\CodeIgniter))
 7 FCPATH/index.php(56): CodeIgniter\Boot::bootWeb(Object(Config\Paths))
CRITICAL - 2024-10-01 15:05:15 --> CodeIgniter\HTTP\Exceptions\BadRequestException: The URI you submitted has disallowed characters: "{{appurl   'assets"
[Method: GET, Route: %7B%7Bappurl%20%20%20%27assets/img/menu/Dashboard%20Leads.svg%27%7D%7D]
in SYSTEMPATH/Router/Router.php on line 737.
 1 SYSTEMPATH/Router/Router.php(204): CodeIgniter\Router\Router->checkDisallowedChars('{{appurl   \'assets/img/menu/Dashboard Leads.svg\'}}')
 2 SYSTEMPATH/CodeIgniter.php(834): CodeIgniter\Router\Router->handle('{{appurl   \'assets/img/menu/Dashboard Leads.svg\'}}')
 3 SYSTEMPATH/CodeIgniter.php(457): CodeIgniter\CodeIgniter->tryToRouteIt(Object(CodeIgniter\Router\RouteCollection))
 4 SYSTEMPATH/CodeIgniter.php(355): CodeIgniter\CodeIgniter->handleRequest(null, Object(Config\Cache), false)
 5 SYSTEMPATH/Boot.php(325): CodeIgniter\CodeIgniter->run()
 6 SYSTEMPATH/Boot.php(67): CodeIgniter\Boot::runCodeIgniter(Object(CodeIgniter\CodeIgniter))
 7 FCPATH/index.php(56): CodeIgniter\Boot::bootWeb(Object(Config\Paths))
CRITICAL - 2024-10-01 15:05:15 --> CodeIgniter\HTTP\Exceptions\BadRequestException: The URI you submitted has disallowed characters: "{{appurl   'assets"
[Method: GET, Route: %7B%7Bappurl%20%20%20%27assets/img/loading.gif%27%7D%7D]
in SYSTEMPATH/Router/Router.php on line 737.
 1 SYSTEMPATH/Router/Router.php(204): CodeIgniter\Router\Router->checkDisallowedChars('{{appurl   \'assets/img/loading.gif\'}}')
 2 SYSTEMPATH/CodeIgniter.php(834): CodeIgniter\Router\Router->handle('{{appurl   \'assets/img/loading.gif\'}}')
 3 SYSTEMPATH/CodeIgniter.php(457): CodeIgniter\CodeIgniter->tryToRouteIt(Object(CodeIgniter\Router\RouteCollection))
 4 SYSTEMPATH/CodeIgniter.php(355): CodeIgniter\CodeIgniter->handleRequest(null, Object(Config\Cache), false)
 5 SYSTEMPATH/Boot.php(325): CodeIgniter\CodeIgniter->run()
 6 SYSTEMPATH/Boot.php(67): CodeIgniter\Boot::runCodeIgniter(Object(CodeIgniter\CodeIgniter))
 7 FCPATH/index.php(56): CodeIgniter\Boot::bootWeb(Object(Config\Paths))
CRITICAL - 2024-10-01 15:05:15 --> CodeIgniter\HTTP\Exceptions\BadRequestException: The URI you submitted has disallowed characters: "{{appurl   'uploads"
[Method: GET, Route: %7B%7Bappurl%20%20%20%27uploads/images/%27%20%20%20chat.details.staffavatar%7D%7D]
in SYSTEMPATH/Router/Router.php on line 737.
 1 SYSTEMPATH/Router/Router.php(204): CodeIgniter\Router\Router->checkDisallowedChars('{{appurl   \'uploads/images/\'   chat.details.staffavatar}}')
 2 SYSTEMPATH/CodeIgniter.php(834): CodeIgniter\Router\Router->handle('{{appurl   \'uploads/images/\'   chat.details.staffavatar}}')
 3 SYSTEMPATH/CodeIgniter.php(457): CodeIgniter\CodeIgniter->tryToRouteIt(Object(CodeIgniter\Router\RouteCollection))
 4 SYSTEMPATH/CodeIgniter.php(355): CodeIgniter\CodeIgniter->handleRequest(null, Object(Config\Cache), false)
 5 SYSTEMPATH/Boot.php(325): CodeIgniter\CodeIgniter->run()
 6 SYSTEMPATH/Boot.php(67): CodeIgniter\Boot::runCodeIgniter(Object(CodeIgniter\CodeIgniter))
 7 FCPATH/index.php(56): CodeIgniter\Boot::bootWeb(Object(Config\Paths))
CRITICAL - 2024-10-01 15:05:25 --> CodeIgniter\HTTP\Exceptions\BadRequestException: The URI you submitted has disallowed characters: "{{appurl   'uploads"
[Method: GET, Route: %7B%7Bappurl%20%20%20%27uploads/images/%27%20%20%20chatAtual.details.staffavatar%7D%7D]
in SYSTEMPATH/Router/Router.php on line 737.
 1 SYSTEMPATH/Router/Router.php(204): CodeIgniter\Router\Router->checkDisallowedChars('{{appurl   \'uploads/images/\'   chatAtual.details.staffavatar}}')
 2 SYSTEMPATH/CodeIgniter.php(834): CodeIgniter\Router\Router->handle('{{appurl   \'uploads/images/\'   chatAtual.details.staffavatar}}')
 3 SYSTEMPATH/CodeIgniter.php(457): CodeIgniter\CodeIgniter->tryToRouteIt(Object(CodeIgniter\Router\RouteCollection))
 4 SYSTEMPATH/CodeIgniter.php(355): CodeIgniter\CodeIgniter->handleRequest(null, Object(Config\Cache), false)
 5 SYSTEMPATH/Boot.php(325): CodeIgniter\CodeIgniter->run()
 6 SYSTEMPATH/Boot.php(67): CodeIgniter\Boot::runCodeIgniter(Object(CodeIgniter\CodeIgniter))
 7 FCPATH/index.php(56): CodeIgniter\Boot::bootWeb(Object(Config\Paths))
CRITICAL - 2024-10-01 15:05:25 --> CodeIgniter\HTTP\Exceptions\BadRequestException: The URI you submitted has disallowed characters: "{{appurl   'uploads"
[Method: GET, Route: %7B%7Bappurl%20%20%20%27uploads/images/%27%20%20%20chat.details.staffavatar%7D%7D]
in SYSTEMPATH/Router/Router.php on line 737.
 1 SYSTEMPATH/Router/Router.php(204): CodeIgniter\Router\Router->checkDisallowedChars('{{appurl   \'uploads/images/\'   chat.details.staffavatar}}')
 2 SYSTEMPATH/CodeIgniter.php(834): CodeIgniter\Router\Router->handle('{{appurl   \'uploads/images/\'   chat.details.staffavatar}}')
 3 SYSTEMPATH/CodeIgniter.php(457): CodeIgniter\CodeIgniter->tryToRouteIt(Object(CodeIgniter\Router\RouteCollection))
 4 SYSTEMPATH/CodeIgniter.php(355): CodeIgniter\CodeIgniter->handleRequest(null, Object(Config\Cache), false)
 5 SYSTEMPATH/Boot.php(325): CodeIgniter\CodeIgniter->run()
 6 SYSTEMPATH/Boot.php(67): CodeIgniter\Boot::runCodeIgniter(Object(CodeIgniter\CodeIgniter))
 7 FCPATH/index.php(56): CodeIgniter\Boot::bootWeb(Object(Config\Paths))
CRITICAL - 2024-10-01 15:05:25 --> CodeIgniter\HTTP\Exceptions\BadRequestException: The URI you submitted has disallowed characters: "{{appurl   'assets"
[Method: GET, Route: %7B%7Bappurl%20%20%20%27assets/img/loading.gif%27%7D%7D]
in SYSTEMPATH/Router/Router.php on line 737.
 1 SYSTEMPATH/Router/Router.php(204): CodeIgniter\Router\Router->checkDisallowedChars('{{appurl   \'assets/img/loading.gif\'}}')
 2 SYSTEMPATH/CodeIgniter.php(834): CodeIgniter\Router\Router->handle('{{appurl   \'assets/img/loading.gif\'}}')
 3 SYSTEMPATH/CodeIgniter.php(457): CodeIgniter\CodeIgniter->tryToRouteIt(Object(CodeIgniter\Router\RouteCollection))
 4 SYSTEMPATH/CodeIgniter.php(355): CodeIgniter\CodeIgniter->handleRequest(null, Object(Config\Cache), false)
 5 SYSTEMPATH/Boot.php(325): CodeIgniter\CodeIgniter->run()
 6 SYSTEMPATH/Boot.php(67): CodeIgniter\Boot::runCodeIgniter(Object(CodeIgniter\CodeIgniter))
 7 FCPATH/index.php(56): CodeIgniter\Boot::bootWeb(Object(Config\Paths))
CRITICAL - 2024-10-01 15:05:25 --> CodeIgniter\HTTP\Exceptions\BadRequestException: The URI you submitted has disallowed characters: "{{appurl   'uploads"
[Method: GET, Route: %7B%7Bappurl%20%20%20%27uploads/images/%27%20%20%20chat.details.staffavatar%20%7D%7D]
in SYSTEMPATH/Router/Router.php on line 737.
 1 SYSTEMPATH/Router/Router.php(204): CodeIgniter\Router\Router->checkDisallowedChars('{{appurl   \'uploads/images/\'   chat.details.staffavatar }}')
 2 SYSTEMPATH/CodeIgniter.php(834): CodeIgniter\Router\Router->handle('{{appurl   \'uploads/images/\'   chat.details.staffavatar }}')
 3 SYSTEMPATH/CodeIgniter.php(457): CodeIgniter\CodeIgniter->tryToRouteIt(Object(CodeIgniter\Router\RouteCollection))
 4 SYSTEMPATH/CodeIgniter.php(355): CodeIgniter\CodeIgniter->handleRequest(null, Object(Config\Cache), false)
 5 SYSTEMPATH/Boot.php(325): CodeIgniter\CodeIgniter->run()
 6 SYSTEMPATH/Boot.php(67): CodeIgniter\Boot::runCodeIgniter(Object(CodeIgniter\CodeIgniter))
 7 FCPATH/index.php(56): CodeIgniter\Boot::bootWeb(Object(Config\Paths))
CRITICAL - 2024-10-01 15:05:25 --> CodeIgniter\HTTP\Exceptions\BadRequestException: The URI you submitted has disallowed characters: "{{appurl   'assets"
[Method: GET, Route: %7B%7Bappurl%20%20%20%27assets/img/menu/Dashboard%20Leads.svg%27%7D%7D]
in SYSTEMPATH/Router/Router.php on line 737.
 1 SYSTEMPATH/Router/Router.php(204): CodeIgniter\Router\Router->checkDisallowedChars('{{appurl   \'assets/img/menu/Dashboard Leads.svg\'}}')
 2 SYSTEMPATH/CodeIgniter.php(834): CodeIgniter\Router\Router->handle('{{appurl   \'assets/img/menu/Dashboard Leads.svg\'}}')
 3 SYSTEMPATH/CodeIgniter.php(457): CodeIgniter\CodeIgniter->tryToRouteIt(Object(CodeIgniter\Router\RouteCollection))
 4 SYSTEMPATH/CodeIgniter.php(355): CodeIgniter\CodeIgniter->handleRequest(null, Object(Config\Cache), false)
 5 SYSTEMPATH/Boot.php(325): CodeIgniter\CodeIgniter->run()
 6 SYSTEMPATH/Boot.php(67): CodeIgniter\Boot::runCodeIgniter(Object(CodeIgniter\CodeIgniter))
 7 FCPATH/index.php(56): CodeIgniter\Boot::bootWeb(Object(Config\Paths))
CRITICAL - 2024-10-01 15:07:12 --> CodeIgniter\HTTP\Exceptions\BadRequestException: The URI you submitted has disallowed characters: "{{appurl   'assets"
[Method: GET, Route: %7B%7Bappurl%20%20%20%27assets/img/menu/Dashboard%20Leads.svg%27%7D%7D]
in SYSTEMPATH/Router/Router.php on line 737.
 1 SYSTEMPATH/Router/Router.php(204): CodeIgniter\Router\Router->checkDisallowedChars('{{appurl   \'assets/img/menu/Dashboard Leads.svg\'}}')
 2 SYSTEMPATH/CodeIgniter.php(834): CodeIgniter\Router\Router->handle('{{appurl   \'assets/img/menu/Dashboard Leads.svg\'}}')
 3 SYSTEMPATH/CodeIgniter.php(457): CodeIgniter\CodeIgniter->tryToRouteIt(Object(CodeIgniter\Router\RouteCollection))
 4 SYSTEMPATH/CodeIgniter.php(355): CodeIgniter\CodeIgniter->handleRequest(null, Object(Config\Cache), false)
 5 SYSTEMPATH/Boot.php(325): CodeIgniter\CodeIgniter->run()
 6 SYSTEMPATH/Boot.php(67): CodeIgniter\Boot::runCodeIgniter(Object(CodeIgniter\CodeIgniter))
 7 FCPATH/index.php(56): CodeIgniter\Boot::bootWeb(Object(Config\Paths))
CRITICAL - 2024-10-01 15:07:12 --> CodeIgniter\HTTP\Exceptions\BadRequestException: The URI you submitted has disallowed characters: "{{appurl   'assets"
[Method: GET, Route: %7B%7Bappurl%20%20%20%27assets/img/loading.gif%27%7D%7D]
in SYSTEMPATH/Router/Router.php on line 737.
 1 SYSTEMPATH/Router/Router.php(204): CodeIgniter\Router\Router->checkDisallowedChars('{{appurl   \'assets/img/loading.gif\'}}')
 2 SYSTEMPATH/CodeIgniter.php(834): CodeIgniter\Router\Router->handle('{{appurl   \'assets/img/loading.gif\'}}')
 3 SYSTEMPATH/CodeIgniter.php(457): CodeIgniter\CodeIgniter->tryToRouteIt(Object(CodeIgniter\Router\RouteCollection))
 4 SYSTEMPATH/CodeIgniter.php(355): CodeIgniter\CodeIgniter->handleRequest(null, Object(Config\Cache), false)
 5 SYSTEMPATH/Boot.php(325): CodeIgniter\CodeIgniter->run()
 6 SYSTEMPATH/Boot.php(67): CodeIgniter\Boot::runCodeIgniter(Object(CodeIgniter\CodeIgniter))
 7 FCPATH/index.php(56): CodeIgniter\Boot::bootWeb(Object(Config\Paths))
CRITICAL - 2024-10-01 15:07:12 --> CodeIgniter\HTTP\Exceptions\BadRequestException: The URI you submitted has disallowed characters: "{{appurl   'uploads"
[Method: GET, Route: %7B%7Bappurl%20%20%20%27uploads/images/%27%20%20%20chat.details.staffavatar%7D%7D]
in SYSTEMPATH/Router/Router.php on line 737.
 1 SYSTEMPATH/Router/Router.php(204): CodeIgniter\Router\Router->checkDisallowedChars('{{appurl   \'uploads/images/\'   chat.details.staffavatar}}')
 2 SYSTEMPATH/CodeIgniter.php(834): CodeIgniter\Router\Router->handle('{{appurl   \'uploads/images/\'   chat.details.staffavatar}}')
 3 SYSTEMPATH/CodeIgniter.php(457): CodeIgniter\CodeIgniter->tryToRouteIt(Object(CodeIgniter\Router\RouteCollection))
 4 SYSTEMPATH/CodeIgniter.php(355): CodeIgniter\CodeIgniter->handleRequest(null, Object(Config\Cache), false)
 5 SYSTEMPATH/Boot.php(325): CodeIgniter\CodeIgniter->run()
 6 SYSTEMPATH/Boot.php(67): CodeIgniter\Boot::runCodeIgniter(Object(CodeIgniter\CodeIgniter))
 7 FCPATH/index.php(56): CodeIgniter\Boot::bootWeb(Object(Config\Paths))
CRITICAL - 2024-10-01 15:07:12 --> CodeIgniter\HTTP\Exceptions\BadRequestException: The URI you submitted has disallowed characters: "{{appurl   'uploads"
[Method: GET, Route: %7B%7Bappurl%20%20%20%27uploads/images/%27%20%20%20chat.details.staffavatar%20%7D%7D]
in SYSTEMPATH/Router/Router.php on line 737.
 1 SYSTEMPATH/Router/Router.php(204): CodeIgniter\Router\Router->checkDisallowedChars('{{appurl   \'uploads/images/\'   chat.details.staffavatar }}')
 2 SYSTEMPATH/CodeIgniter.php(834): CodeIgniter\Router\Router->handle('{{appurl   \'uploads/images/\'   chat.details.staffavatar }}')
 3 SYSTEMPATH/CodeIgniter.php(457): CodeIgniter\CodeIgniter->tryToRouteIt(Object(CodeIgniter\Router\RouteCollection))
 4 SYSTEMPATH/CodeIgniter.php(355): CodeIgniter\CodeIgniter->handleRequest(null, Object(Config\Cache), false)
 5 SYSTEMPATH/Boot.php(325): CodeIgniter\CodeIgniter->run()
 6 SYSTEMPATH/Boot.php(67): CodeIgniter\Boot::runCodeIgniter(Object(CodeIgniter\CodeIgniter))
 7 FCPATH/index.php(56): CodeIgniter\Boot::bootWeb(Object(Config\Paths))
CRITICAL - 2024-10-01 15:07:12 --> CodeIgniter\HTTP\Exceptions\BadRequestException: The URI you submitted has disallowed characters: "{{appurl   'uploads"
[Method: GET, Route: %7B%7Bappurl%20%20%20%27uploads/images/%27%20%20%20chatAtual.details.staffavatar%7D%7D]
in SYSTEMPATH/Router/Router.php on line 737.
 1 SYSTEMPATH/Router/Router.php(204): CodeIgniter\Router\Router->checkDisallowedChars('{{appurl   \'uploads/images/\'   chatAtual.details.staffavatar}}')
 2 SYSTEMPATH/CodeIgniter.php(834): CodeIgniter\Router\Router->handle('{{appurl   \'uploads/images/\'   chatAtual.details.staffavatar}}')
 3 SYSTEMPATH/CodeIgniter.php(457): CodeIgniter\CodeIgniter->tryToRouteIt(Object(CodeIgniter\Router\RouteCollection))
 4 SYSTEMPATH/CodeIgniter.php(355): CodeIgniter\CodeIgniter->handleRequest(null, Object(Config\Cache), false)
 5 SYSTEMPATH/Boot.php(325): CodeIgniter\CodeIgniter->run()
 6 SYSTEMPATH/Boot.php(67): CodeIgniter\Boot::runCodeIgniter(Object(CodeIgniter\CodeIgniter))
 7 FCPATH/index.php(56): CodeIgniter\Boot::bootWeb(Object(Config\Paths))
