CRITICAL - 2024-09-20 00:00:02 --> ErrorException: Constant LANG already defined
[Method: GET, Route: CronJob/envia_avisos]
in APPPATH/Controllers/CronJob.php on line 18.
 1 [internal function]: CodeIgniter\Debug\Exceptions->errorHandler(2, 'Constant LANG already defined', '/home/next0355/dev.next1crm.com.br/app/Controllers/CronJob.php', 18)
 2 APPPATH/Controllers/CronJob.php(18): define('LANG', 'portuguese_br')
 3 APPPATH/Controllers/DynamicController.php(19): App\Controllers\CronJob->__construct()
 4 SYSTEMPATH/CodeIgniter.php(933): App\Controllers\DynamicController->execute('CronJob', 'envia_avisos')
 5 SYSTEMPATH/CodeIgniter.php(509): CodeIgniter\CodeIgniter->runController(Object(App\Controllers\DynamicController))
 6 SYSTEMPATH/CodeIgniter.php(355): CodeIgniter\CodeIgniter->handleRequest(null, Object(Config\Cache), false)
 7 SYSTEMPATH/Boot.php(325): CodeIgniter\CodeIgniter->run()
 8 SYSTEMPATH/Boot.php(67): CodeIgniter\Boot::runCodeIgniter(Object(CodeIgniter\CodeIgniter))
 9 FCPATH/index.php(56): CodeIgniter\Boot::bootWeb(Object(Config\Paths))
CRITICAL - 2024-09-20 00:15:02 --> ErrorException: Constant LANG already defined
[Method: GET, Route: CronJob/envia_avisos]
in APPPATH/Controllers/CronJob.php on line 18.
 1 [internal function]: CodeIgniter\Debug\Exceptions->errorHandler(2, 'Constant LANG already defined', '/home/next0355/dev.next1crm.com.br/app/Controllers/CronJob.php', 18)
 2 APPPATH/Controllers/CronJob.php(18): define('LANG', 'portuguese_br')
 3 APPPATH/Controllers/DynamicController.php(19): App\Controllers\CronJob->__construct()
 4 SYSTEMPATH/CodeIgniter.php(933): App\Controllers\DynamicController->execute('CronJob', 'envia_avisos')
 5 SYSTEMPATH/CodeIgniter.php(509): CodeIgniter\CodeIgniter->runController(Object(App\Controllers\DynamicController))
 6 SYSTEMPATH/CodeIgniter.php(355): CodeIgniter\CodeIgniter->handleRequest(null, Object(Config\Cache), false)
 7 SYSTEMPATH/Boot.php(325): CodeIgniter\CodeIgniter->run()
 8 SYSTEMPATH/Boot.php(67): CodeIgniter\Boot::runCodeIgniter(Object(CodeIgniter\CodeIgniter))
 9 FCPATH/index.php(56): CodeIgniter\Boot::bootWeb(Object(Config\Paths))
CRITICAL - 2024-09-20 00:30:02 --> ErrorException: Constant LANG already defined
[Method: GET, Route: CronJob/envia_avisos]
in APPPATH/Controllers/CronJob.php on line 18.
 1 [internal function]: CodeIgniter\Debug\Exceptions->errorHandler(2, 'Constant LANG already defined', '/home/next0355/dev.next1crm.com.br/app/Controllers/CronJob.php', 18)
 2 APPPATH/Controllers/CronJob.php(18): define('LANG', 'portuguese_br')
 3 APPPATH/Controllers/DynamicController.php(19): App\Controllers\CronJob->__construct()
 4 SYSTEMPATH/CodeIgniter.php(933): App\Controllers\DynamicController->execute('CronJob', 'envia_avisos')
 5 SYSTEMPATH/CodeIgniter.php(509): CodeIgniter\CodeIgniter->runController(Object(App\Controllers\DynamicController))
 6 SYSTEMPATH/CodeIgniter.php(355): CodeIgniter\CodeIgniter->handleRequest(null, Object(Config\Cache), false)
 7 SYSTEMPATH/Boot.php(325): CodeIgniter\CodeIgniter->run()
 8 SYSTEMPATH/Boot.php(67): CodeIgniter\Boot::runCodeIgniter(Object(CodeIgniter\CodeIgniter))
 9 FCPATH/index.php(56): CodeIgniter\Boot::bootWeb(Object(Config\Paths))
CRITICAL - 2024-09-20 00:45:03 --> ErrorException: Constant LANG already defined
[Method: GET, Route: CronJob/envia_avisos]
in APPPATH/Controllers/CronJob.php on line 18.
 1 [internal function]: CodeIgniter\Debug\Exceptions->errorHandler(2, 'Constant LANG already defined', '/home/next0355/dev.next1crm.com.br/app/Controllers/CronJob.php', 18)
 2 APPPATH/Controllers/CronJob.php(18): define('LANG', 'portuguese_br')
 3 APPPATH/Controllers/DynamicController.php(19): App\Controllers\CronJob->__construct()
 4 SYSTEMPATH/CodeIgniter.php(933): App\Controllers\DynamicController->execute('CronJob', 'envia_avisos')
 5 SYSTEMPATH/CodeIgniter.php(509): CodeIgniter\CodeIgniter->runController(Object(App\Controllers\DynamicController))
 6 SYSTEMPATH/CodeIgniter.php(355): CodeIgniter\CodeIgniter->handleRequest(null, Object(Config\Cache), false)
 7 SYSTEMPATH/Boot.php(325): CodeIgniter\CodeIgniter->run()
 8 SYSTEMPATH/Boot.php(67): CodeIgniter\Boot::runCodeIgniter(Object(CodeIgniter\CodeIgniter))
 9 FCPATH/index.php(56): CodeIgniter\Boot::bootWeb(Object(Config\Paths))
CRITICAL - 2024-09-20 01:00:02 --> ErrorException: Constant LANG already defined
[Method: GET, Route: CronJob/envia_avisos]
in APPPATH/Controllers/CronJob.php on line 18.
 1 [internal function]: CodeIgniter\Debug\Exceptions->errorHandler(2, 'Constant LANG already defined', '/home/next0355/dev.next1crm.com.br/app/Controllers/CronJob.php', 18)
 2 APPPATH/Controllers/CronJob.php(18): define('LANG', 'portuguese_br')
 3 APPPATH/Controllers/DynamicController.php(19): App\Controllers\CronJob->__construct()
 4 SYSTEMPATH/CodeIgniter.php(933): App\Controllers\DynamicController->execute('CronJob', 'envia_avisos')
 5 SYSTEMPATH/CodeIgniter.php(509): CodeIgniter\CodeIgniter->runController(Object(App\Controllers\DynamicController))
 6 SYSTEMPATH/CodeIgniter.php(355): CodeIgniter\CodeIgniter->handleRequest(null, Object(Config\Cache), false)
 7 SYSTEMPATH/Boot.php(325): CodeIgniter\CodeIgniter->run()
 8 SYSTEMPATH/Boot.php(67): CodeIgniter\Boot::runCodeIgniter(Object(CodeIgniter\CodeIgniter))
 9 FCPATH/index.php(56): CodeIgniter\Boot::bootWeb(Object(Config\Paths))
CRITICAL - 2024-09-20 01:15:03 --> ErrorException: Constant LANG already defined
[Method: GET, Route: CronJob/envia_avisos]
in APPPATH/Controllers/CronJob.php on line 18.
 1 [internal function]: CodeIgniter\Debug\Exceptions->errorHandler(2, 'Constant LANG already defined', '/home/next0355/dev.next1crm.com.br/app/Controllers/CronJob.php', 18)
 2 APPPATH/Controllers/CronJob.php(18): define('LANG', 'portuguese_br')
 3 APPPATH/Controllers/DynamicController.php(19): App\Controllers\CronJob->__construct()
 4 SYSTEMPATH/CodeIgniter.php(933): App\Controllers\DynamicController->execute('CronJob', 'envia_avisos')
 5 SYSTEMPATH/CodeIgniter.php(509): CodeIgniter\CodeIgniter->runController(Object(App\Controllers\DynamicController))
 6 SYSTEMPATH/CodeIgniter.php(355): CodeIgniter\CodeIgniter->handleRequest(null, Object(Config\Cache), false)
 7 SYSTEMPATH/Boot.php(325): CodeIgniter\CodeIgniter->run()
 8 SYSTEMPATH/Boot.php(67): CodeIgniter\Boot::runCodeIgniter(Object(CodeIgniter\CodeIgniter))
 9 FCPATH/index.php(56): CodeIgniter\Boot::bootWeb(Object(Config\Paths))
CRITICAL - 2024-09-20 01:30:02 --> ErrorException: Constant LANG already defined
[Method: GET, Route: CronJob/envia_avisos]
in APPPATH/Controllers/CronJob.php on line 18.
 1 [internal function]: CodeIgniter\Debug\Exceptions->errorHandler(2, 'Constant LANG already defined', '/home/next0355/dev.next1crm.com.br/app/Controllers/CronJob.php', 18)
 2 APPPATH/Controllers/CronJob.php(18): define('LANG', 'portuguese_br')
 3 APPPATH/Controllers/DynamicController.php(19): App\Controllers\CronJob->__construct()
 4 SYSTEMPATH/CodeIgniter.php(933): App\Controllers\DynamicController->execute('CronJob', 'envia_avisos')
 5 SYSTEMPATH/CodeIgniter.php(509): CodeIgniter\CodeIgniter->runController(Object(App\Controllers\DynamicController))
 6 SYSTEMPATH/CodeIgniter.php(355): CodeIgniter\CodeIgniter->handleRequest(null, Object(Config\Cache), false)
 7 SYSTEMPATH/Boot.php(325): CodeIgniter\CodeIgniter->run()
 8 SYSTEMPATH/Boot.php(67): CodeIgniter\Boot::runCodeIgniter(Object(CodeIgniter\CodeIgniter))
 9 FCPATH/index.php(56): CodeIgniter\Boot::bootWeb(Object(Config\Paths))
CRITICAL - 2024-09-20 01:45:02 --> ErrorException: Constant LANG already defined
[Method: GET, Route: CronJob/envia_avisos]
in APPPATH/Controllers/CronJob.php on line 18.
 1 [internal function]: CodeIgniter\Debug\Exceptions->errorHandler(2, 'Constant LANG already defined', '/home/next0355/dev.next1crm.com.br/app/Controllers/CronJob.php', 18)
 2 APPPATH/Controllers/CronJob.php(18): define('LANG', 'portuguese_br')
 3 APPPATH/Controllers/DynamicController.php(19): App\Controllers\CronJob->__construct()
 4 SYSTEMPATH/CodeIgniter.php(933): App\Controllers\DynamicController->execute('CronJob', 'envia_avisos')
 5 SYSTEMPATH/CodeIgniter.php(509): CodeIgniter\CodeIgniter->runController(Object(App\Controllers\DynamicController))
 6 SYSTEMPATH/CodeIgniter.php(355): CodeIgniter\CodeIgniter->handleRequest(null, Object(Config\Cache), false)
 7 SYSTEMPATH/Boot.php(325): CodeIgniter\CodeIgniter->run()
 8 SYSTEMPATH/Boot.php(67): CodeIgniter\Boot::runCodeIgniter(Object(CodeIgniter\CodeIgniter))
 9 FCPATH/index.php(56): CodeIgniter\Boot::bootWeb(Object(Config\Paths))
CRITICAL - 2024-09-20 02:00:02 --> ErrorException: Constant LANG already defined
[Method: GET, Route: CronJob/envia_avisos]
in APPPATH/Controllers/CronJob.php on line 18.
 1 [internal function]: CodeIgniter\Debug\Exceptions->errorHandler(2, 'Constant LANG already defined', '/home/next0355/dev.next1crm.com.br/app/Controllers/CronJob.php', 18)
 2 APPPATH/Controllers/CronJob.php(18): define('LANG', 'portuguese_br')
 3 APPPATH/Controllers/DynamicController.php(19): App\Controllers\CronJob->__construct()
 4 SYSTEMPATH/CodeIgniter.php(933): App\Controllers\DynamicController->execute('CronJob', 'envia_avisos')
 5 SYSTEMPATH/CodeIgniter.php(509): CodeIgniter\CodeIgniter->runController(Object(App\Controllers\DynamicController))
 6 SYSTEMPATH/CodeIgniter.php(355): CodeIgniter\CodeIgniter->handleRequest(null, Object(Config\Cache), false)
 7 SYSTEMPATH/Boot.php(325): CodeIgniter\CodeIgniter->run()
 8 SYSTEMPATH/Boot.php(67): CodeIgniter\Boot::runCodeIgniter(Object(CodeIgniter\CodeIgniter))
 9 FCPATH/index.php(56): CodeIgniter\Boot::bootWeb(Object(Config\Paths))
CRITICAL - 2024-09-20 02:15:03 --> ErrorException: Constant LANG already defined
[Method: GET, Route: CronJob/envia_avisos]
in APPPATH/Controllers/CronJob.php on line 18.
 1 [internal function]: CodeIgniter\Debug\Exceptions->errorHandler(2, 'Constant LANG already defined', '/home/next0355/dev.next1crm.com.br/app/Controllers/CronJob.php', 18)
 2 APPPATH/Controllers/CronJob.php(18): define('LANG', 'portuguese_br')
 3 APPPATH/Controllers/DynamicController.php(19): App\Controllers\CronJob->__construct()
 4 SYSTEMPATH/CodeIgniter.php(933): App\Controllers\DynamicController->execute('CronJob', 'envia_avisos')
 5 SYSTEMPATH/CodeIgniter.php(509): CodeIgniter\CodeIgniter->runController(Object(App\Controllers\DynamicController))
 6 SYSTEMPATH/CodeIgniter.php(355): CodeIgniter\CodeIgniter->handleRequest(null, Object(Config\Cache), false)
 7 SYSTEMPATH/Boot.php(325): CodeIgniter\CodeIgniter->run()
 8 SYSTEMPATH/Boot.php(67): CodeIgniter\Boot::runCodeIgniter(Object(CodeIgniter\CodeIgniter))
 9 FCPATH/index.php(56): CodeIgniter\Boot::bootWeb(Object(Config\Paths))
CRITICAL - 2024-09-20 02:30:03 --> ErrorException: Constant LANG already defined
[Method: GET, Route: CronJob/envia_avisos]
in APPPATH/Controllers/CronJob.php on line 18.
 1 [internal function]: CodeIgniter\Debug\Exceptions->errorHandler(2, 'Constant LANG already defined', '/home/next0355/dev.next1crm.com.br/app/Controllers/CronJob.php', 18)
 2 APPPATH/Controllers/CronJob.php(18): define('LANG', 'portuguese_br')
 3 APPPATH/Controllers/DynamicController.php(19): App\Controllers\CronJob->__construct()
 4 SYSTEMPATH/CodeIgniter.php(933): App\Controllers\DynamicController->execute('CronJob', 'envia_avisos')
 5 SYSTEMPATH/CodeIgniter.php(509): CodeIgniter\CodeIgniter->runController(Object(App\Controllers\DynamicController))
 6 SYSTEMPATH/CodeIgniter.php(355): CodeIgniter\CodeIgniter->handleRequest(null, Object(Config\Cache), false)
 7 SYSTEMPATH/Boot.php(325): CodeIgniter\CodeIgniter->run()
 8 SYSTEMPATH/Boot.php(67): CodeIgniter\Boot::runCodeIgniter(Object(CodeIgniter\CodeIgniter))
 9 FCPATH/index.php(56): CodeIgniter\Boot::bootWeb(Object(Config\Paths))
CRITICAL - 2024-09-20 02:45:03 --> ErrorException: Constant LANG already defined
[Method: GET, Route: CronJob/envia_avisos]
in APPPATH/Controllers/CronJob.php on line 18.
 1 [internal function]: CodeIgniter\Debug\Exceptions->errorHandler(2, 'Constant LANG already defined', '/home/next0355/dev.next1crm.com.br/app/Controllers/CronJob.php', 18)
 2 APPPATH/Controllers/CronJob.php(18): define('LANG', 'portuguese_br')
 3 APPPATH/Controllers/DynamicController.php(19): App\Controllers\CronJob->__construct()
 4 SYSTEMPATH/CodeIgniter.php(933): App\Controllers\DynamicController->execute('CronJob', 'envia_avisos')
 5 SYSTEMPATH/CodeIgniter.php(509): CodeIgniter\CodeIgniter->runController(Object(App\Controllers\DynamicController))
 6 SYSTEMPATH/CodeIgniter.php(355): CodeIgniter\CodeIgniter->handleRequest(null, Object(Config\Cache), false)
 7 SYSTEMPATH/Boot.php(325): CodeIgniter\CodeIgniter->run()
 8 SYSTEMPATH/Boot.php(67): CodeIgniter\Boot::runCodeIgniter(Object(CodeIgniter\CodeIgniter))
 9 FCPATH/index.php(56): CodeIgniter\Boot::bootWeb(Object(Config\Paths))
CRITICAL - 2024-09-20 03:00:02 --> ErrorException: Constant LANG already defined
[Method: GET, Route: CronJob/envia_avisos]
in APPPATH/Controllers/CronJob.php on line 18.
 1 [internal function]: CodeIgniter\Debug\Exceptions->errorHandler(2, 'Constant LANG already defined', '/home/next0355/dev.next1crm.com.br/app/Controllers/CronJob.php', 18)
 2 APPPATH/Controllers/CronJob.php(18): define('LANG', 'portuguese_br')
 3 APPPATH/Controllers/DynamicController.php(19): App\Controllers\CronJob->__construct()
 4 SYSTEMPATH/CodeIgniter.php(933): App\Controllers\DynamicController->execute('CronJob', 'envia_avisos')
 5 SYSTEMPATH/CodeIgniter.php(509): CodeIgniter\CodeIgniter->runController(Object(App\Controllers\DynamicController))
 6 SYSTEMPATH/CodeIgniter.php(355): CodeIgniter\CodeIgniter->handleRequest(null, Object(Config\Cache), false)
 7 SYSTEMPATH/Boot.php(325): CodeIgniter\CodeIgniter->run()
 8 SYSTEMPATH/Boot.php(67): CodeIgniter\Boot::runCodeIgniter(Object(CodeIgniter\CodeIgniter))
 9 FCPATH/index.php(56): CodeIgniter\Boot::bootWeb(Object(Config\Paths))
CRITICAL - 2024-09-20 03:15:03 --> ErrorException: Constant LANG already defined
[Method: GET, Route: CronJob/envia_avisos]
in APPPATH/Controllers/CronJob.php on line 18.
 1 [internal function]: CodeIgniter\Debug\Exceptions->errorHandler(2, 'Constant LANG already defined', '/home/next0355/dev.next1crm.com.br/app/Controllers/CronJob.php', 18)
 2 APPPATH/Controllers/CronJob.php(18): define('LANG', 'portuguese_br')
 3 APPPATH/Controllers/DynamicController.php(19): App\Controllers\CronJob->__construct()
 4 SYSTEMPATH/CodeIgniter.php(933): App\Controllers\DynamicController->execute('CronJob', 'envia_avisos')
 5 SYSTEMPATH/CodeIgniter.php(509): CodeIgniter\CodeIgniter->runController(Object(App\Controllers\DynamicController))
 6 SYSTEMPATH/CodeIgniter.php(355): CodeIgniter\CodeIgniter->handleRequest(null, Object(Config\Cache), false)
 7 SYSTEMPATH/Boot.php(325): CodeIgniter\CodeIgniter->run()
 8 SYSTEMPATH/Boot.php(67): CodeIgniter\Boot::runCodeIgniter(Object(CodeIgniter\CodeIgniter))
 9 FCPATH/index.php(56): CodeIgniter\Boot::bootWeb(Object(Config\Paths))
CRITICAL - 2024-09-20 03:30:02 --> ErrorException: Constant LANG already defined
[Method: GET, Route: CronJob/envia_avisos]
in APPPATH/Controllers/CronJob.php on line 18.
 1 [internal function]: CodeIgniter\Debug\Exceptions->errorHandler(2, 'Constant LANG already defined', '/home/next0355/dev.next1crm.com.br/app/Controllers/CronJob.php', 18)
 2 APPPATH/Controllers/CronJob.php(18): define('LANG', 'portuguese_br')
 3 APPPATH/Controllers/DynamicController.php(19): App\Controllers\CronJob->__construct()
 4 SYSTEMPATH/CodeIgniter.php(933): App\Controllers\DynamicController->execute('CronJob', 'envia_avisos')
 5 SYSTEMPATH/CodeIgniter.php(509): CodeIgniter\CodeIgniter->runController(Object(App\Controllers\DynamicController))
 6 SYSTEMPATH/CodeIgniter.php(355): CodeIgniter\CodeIgniter->handleRequest(null, Object(Config\Cache), false)
 7 SYSTEMPATH/Boot.php(325): CodeIgniter\CodeIgniter->run()
 8 SYSTEMPATH/Boot.php(67): CodeIgniter\Boot::runCodeIgniter(Object(CodeIgniter\CodeIgniter))
 9 FCPATH/index.php(56): CodeIgniter\Boot::bootWeb(Object(Config\Paths))
CRITICAL - 2024-09-20 03:45:02 --> ErrorException: Constant LANG already defined
[Method: GET, Route: CronJob/envia_avisos]
in APPPATH/Controllers/CronJob.php on line 18.
 1 [internal function]: CodeIgniter\Debug\Exceptions->errorHandler(2, 'Constant LANG already defined', '/home/next0355/dev.next1crm.com.br/app/Controllers/CronJob.php', 18)
 2 APPPATH/Controllers/CronJob.php(18): define('LANG', 'portuguese_br')
 3 APPPATH/Controllers/DynamicController.php(19): App\Controllers\CronJob->__construct()
 4 SYSTEMPATH/CodeIgniter.php(933): App\Controllers\DynamicController->execute('CronJob', 'envia_avisos')
 5 SYSTEMPATH/CodeIgniter.php(509): CodeIgniter\CodeIgniter->runController(Object(App\Controllers\DynamicController))
 6 SYSTEMPATH/CodeIgniter.php(355): CodeIgniter\CodeIgniter->handleRequest(null, Object(Config\Cache), false)
 7 SYSTEMPATH/Boot.php(325): CodeIgniter\CodeIgniter->run()
 8 SYSTEMPATH/Boot.php(67): CodeIgniter\Boot::runCodeIgniter(Object(CodeIgniter\CodeIgniter))
 9 FCPATH/index.php(56): CodeIgniter\Boot::bootWeb(Object(Config\Paths))
CRITICAL - 2024-09-20 04:00:03 --> ErrorException: Constant LANG already defined
[Method: GET, Route: CronJob/envia_avisos]
in APPPATH/Controllers/CronJob.php on line 18.
 1 [internal function]: CodeIgniter\Debug\Exceptions->errorHandler(2, 'Constant LANG already defined', '/home/next0355/dev.next1crm.com.br/app/Controllers/CronJob.php', 18)
 2 APPPATH/Controllers/CronJob.php(18): define('LANG', 'portuguese_br')
 3 APPPATH/Controllers/DynamicController.php(19): App\Controllers\CronJob->__construct()
 4 SYSTEMPATH/CodeIgniter.php(933): App\Controllers\DynamicController->execute('CronJob', 'envia_avisos')
 5 SYSTEMPATH/CodeIgniter.php(509): CodeIgniter\CodeIgniter->runController(Object(App\Controllers\DynamicController))
 6 SYSTEMPATH/CodeIgniter.php(355): CodeIgniter\CodeIgniter->handleRequest(null, Object(Config\Cache), false)
 7 SYSTEMPATH/Boot.php(325): CodeIgniter\CodeIgniter->run()
 8 SYSTEMPATH/Boot.php(67): CodeIgniter\Boot::runCodeIgniter(Object(CodeIgniter\CodeIgniter))
 9 FCPATH/index.php(56): CodeIgniter\Boot::bootWeb(Object(Config\Paths))
CRITICAL - 2024-09-20 04:15:02 --> ErrorException: Constant LANG already defined
[Method: GET, Route: CronJob/envia_avisos]
in APPPATH/Controllers/CronJob.php on line 18.
 1 [internal function]: CodeIgniter\Debug\Exceptions->errorHandler(2, 'Constant LANG already defined', '/home/next0355/dev.next1crm.com.br/app/Controllers/CronJob.php', 18)
 2 APPPATH/Controllers/CronJob.php(18): define('LANG', 'portuguese_br')
 3 APPPATH/Controllers/DynamicController.php(19): App\Controllers\CronJob->__construct()
 4 SYSTEMPATH/CodeIgniter.php(933): App\Controllers\DynamicController->execute('CronJob', 'envia_avisos')
 5 SYSTEMPATH/CodeIgniter.php(509): CodeIgniter\CodeIgniter->runController(Object(App\Controllers\DynamicController))
 6 SYSTEMPATH/CodeIgniter.php(355): CodeIgniter\CodeIgniter->handleRequest(null, Object(Config\Cache), false)
 7 SYSTEMPATH/Boot.php(325): CodeIgniter\CodeIgniter->run()
 8 SYSTEMPATH/Boot.php(67): CodeIgniter\Boot::runCodeIgniter(Object(CodeIgniter\CodeIgniter))
 9 FCPATH/index.php(56): CodeIgniter\Boot::bootWeb(Object(Config\Paths))
CRITICAL - 2024-09-20 04:30:02 --> ErrorException: Constant LANG already defined
[Method: GET, Route: CronJob/envia_avisos]
in APPPATH/Controllers/CronJob.php on line 18.
 1 [internal function]: CodeIgniter\Debug\Exceptions->errorHandler(2, 'Constant LANG already defined', '/home/next0355/dev.next1crm.com.br/app/Controllers/CronJob.php', 18)
 2 APPPATH/Controllers/CronJob.php(18): define('LANG', 'portuguese_br')
 3 APPPATH/Controllers/DynamicController.php(19): App\Controllers\CronJob->__construct()
 4 SYSTEMPATH/CodeIgniter.php(933): App\Controllers\DynamicController->execute('CronJob', 'envia_avisos')
 5 SYSTEMPATH/CodeIgniter.php(509): CodeIgniter\CodeIgniter->runController(Object(App\Controllers\DynamicController))
 6 SYSTEMPATH/CodeIgniter.php(355): CodeIgniter\CodeIgniter->handleRequest(null, Object(Config\Cache), false)
 7 SYSTEMPATH/Boot.php(325): CodeIgniter\CodeIgniter->run()
 8 SYSTEMPATH/Boot.php(67): CodeIgniter\Boot::runCodeIgniter(Object(CodeIgniter\CodeIgniter))
 9 FCPATH/index.php(56): CodeIgniter\Boot::bootWeb(Object(Config\Paths))
CRITICAL - 2024-09-20 04:45:02 --> ErrorException: Constant LANG already defined
[Method: GET, Route: CronJob/envia_avisos]
in APPPATH/Controllers/CronJob.php on line 18.
 1 [internal function]: CodeIgniter\Debug\Exceptions->errorHandler(2, 'Constant LANG already defined', '/home/next0355/dev.next1crm.com.br/app/Controllers/CronJob.php', 18)
 2 APPPATH/Controllers/CronJob.php(18): define('LANG', 'portuguese_br')
 3 APPPATH/Controllers/DynamicController.php(19): App\Controllers\CronJob->__construct()
 4 SYSTEMPATH/CodeIgniter.php(933): App\Controllers\DynamicController->execute('CronJob', 'envia_avisos')
 5 SYSTEMPATH/CodeIgniter.php(509): CodeIgniter\CodeIgniter->runController(Object(App\Controllers\DynamicController))
 6 SYSTEMPATH/CodeIgniter.php(355): CodeIgniter\CodeIgniter->handleRequest(null, Object(Config\Cache), false)
 7 SYSTEMPATH/Boot.php(325): CodeIgniter\CodeIgniter->run()
 8 SYSTEMPATH/Boot.php(67): CodeIgniter\Boot::runCodeIgniter(Object(CodeIgniter\CodeIgniter))
 9 FCPATH/index.php(56): CodeIgniter\Boot::bootWeb(Object(Config\Paths))
CRITICAL - 2024-09-20 05:00:02 --> ErrorException: Constant LANG already defined
[Method: GET, Route: CronJob/envia_avisos]
in APPPATH/Controllers/CronJob.php on line 18.
 1 [internal function]: CodeIgniter\Debug\Exceptions->errorHandler(2, 'Constant LANG already defined', '/home/next0355/dev.next1crm.com.br/app/Controllers/CronJob.php', 18)
 2 APPPATH/Controllers/CronJob.php(18): define('LANG', 'portuguese_br')
 3 APPPATH/Controllers/DynamicController.php(19): App\Controllers\CronJob->__construct()
 4 SYSTEMPATH/CodeIgniter.php(933): App\Controllers\DynamicController->execute('CronJob', 'envia_avisos')
 5 SYSTEMPATH/CodeIgniter.php(509): CodeIgniter\CodeIgniter->runController(Object(App\Controllers\DynamicController))
 6 SYSTEMPATH/CodeIgniter.php(355): CodeIgniter\CodeIgniter->handleRequest(null, Object(Config\Cache), false)
 7 SYSTEMPATH/Boot.php(325): CodeIgniter\CodeIgniter->run()
 8 SYSTEMPATH/Boot.php(67): CodeIgniter\Boot::runCodeIgniter(Object(CodeIgniter\CodeIgniter))
 9 FCPATH/index.php(56): CodeIgniter\Boot::bootWeb(Object(Config\Paths))
CRITICAL - 2024-09-20 05:15:02 --> ErrorException: Constant LANG already defined
[Method: GET, Route: CronJob/envia_avisos]
in APPPATH/Controllers/CronJob.php on line 18.
 1 [internal function]: CodeIgniter\Debug\Exceptions->errorHandler(2, 'Constant LANG already defined', '/home/next0355/dev.next1crm.com.br/app/Controllers/CronJob.php', 18)
 2 APPPATH/Controllers/CronJob.php(18): define('LANG', 'portuguese_br')
 3 APPPATH/Controllers/DynamicController.php(19): App\Controllers\CronJob->__construct()
 4 SYSTEMPATH/CodeIgniter.php(933): App\Controllers\DynamicController->execute('CronJob', 'envia_avisos')
 5 SYSTEMPATH/CodeIgniter.php(509): CodeIgniter\CodeIgniter->runController(Object(App\Controllers\DynamicController))
 6 SYSTEMPATH/CodeIgniter.php(355): CodeIgniter\CodeIgniter->handleRequest(null, Object(Config\Cache), false)
 7 SYSTEMPATH/Boot.php(325): CodeIgniter\CodeIgniter->run()
 8 SYSTEMPATH/Boot.php(67): CodeIgniter\Boot::runCodeIgniter(Object(CodeIgniter\CodeIgniter))
 9 FCPATH/index.php(56): CodeIgniter\Boot::bootWeb(Object(Config\Paths))
CRITICAL - 2024-09-20 05:30:03 --> ErrorException: Constant LANG already defined
[Method: GET, Route: CronJob/envia_avisos]
in APPPATH/Controllers/CronJob.php on line 18.
 1 [internal function]: CodeIgniter\Debug\Exceptions->errorHandler(2, 'Constant LANG already defined', '/home/next0355/dev.next1crm.com.br/app/Controllers/CronJob.php', 18)
 2 APPPATH/Controllers/CronJob.php(18): define('LANG', 'portuguese_br')
 3 APPPATH/Controllers/DynamicController.php(19): App\Controllers\CronJob->__construct()
 4 SYSTEMPATH/CodeIgniter.php(933): App\Controllers\DynamicController->execute('CronJob', 'envia_avisos')
 5 SYSTEMPATH/CodeIgniter.php(509): CodeIgniter\CodeIgniter->runController(Object(App\Controllers\DynamicController))
 6 SYSTEMPATH/CodeIgniter.php(355): CodeIgniter\CodeIgniter->handleRequest(null, Object(Config\Cache), false)
 7 SYSTEMPATH/Boot.php(325): CodeIgniter\CodeIgniter->run()
 8 SYSTEMPATH/Boot.php(67): CodeIgniter\Boot::runCodeIgniter(Object(CodeIgniter\CodeIgniter))
 9 FCPATH/index.php(56): CodeIgniter\Boot::bootWeb(Object(Config\Paths))
CRITICAL - 2024-09-20 05:45:02 --> ErrorException: Constant LANG already defined
[Method: GET, Route: CronJob/envia_avisos]
in APPPATH/Controllers/CronJob.php on line 18.
 1 [internal function]: CodeIgniter\Debug\Exceptions->errorHandler(2, 'Constant LANG already defined', '/home/next0355/dev.next1crm.com.br/app/Controllers/CronJob.php', 18)
 2 APPPATH/Controllers/CronJob.php(18): define('LANG', 'portuguese_br')
 3 APPPATH/Controllers/DynamicController.php(19): App\Controllers\CronJob->__construct()
 4 SYSTEMPATH/CodeIgniter.php(933): App\Controllers\DynamicController->execute('CronJob', 'envia_avisos')
 5 SYSTEMPATH/CodeIgniter.php(509): CodeIgniter\CodeIgniter->runController(Object(App\Controllers\DynamicController))
 6 SYSTEMPATH/CodeIgniter.php(355): CodeIgniter\CodeIgniter->handleRequest(null, Object(Config\Cache), false)
 7 SYSTEMPATH/Boot.php(325): CodeIgniter\CodeIgniter->run()
 8 SYSTEMPATH/Boot.php(67): CodeIgniter\Boot::runCodeIgniter(Object(CodeIgniter\CodeIgniter))
 9 FCPATH/index.php(56): CodeIgniter\Boot::bootWeb(Object(Config\Paths))
CRITICAL - 2024-09-20 06:00:03 --> ErrorException: Constant LANG already defined
[Method: GET, Route: CronJob/envia_avisos]
in APPPATH/Controllers/CronJob.php on line 18.
 1 [internal function]: CodeIgniter\Debug\Exceptions->errorHandler(2, 'Constant LANG already defined', '/home/next0355/dev.next1crm.com.br/app/Controllers/CronJob.php', 18)
 2 APPPATH/Controllers/CronJob.php(18): define('LANG', 'portuguese_br')
 3 APPPATH/Controllers/DynamicController.php(19): App\Controllers\CronJob->__construct()
 4 SYSTEMPATH/CodeIgniter.php(933): App\Controllers\DynamicController->execute('CronJob', 'envia_avisos')
 5 SYSTEMPATH/CodeIgniter.php(509): CodeIgniter\CodeIgniter->runController(Object(App\Controllers\DynamicController))
 6 SYSTEMPATH/CodeIgniter.php(355): CodeIgniter\CodeIgniter->handleRequest(null, Object(Config\Cache), false)
 7 SYSTEMPATH/Boot.php(325): CodeIgniter\CodeIgniter->run()
 8 SYSTEMPATH/Boot.php(67): CodeIgniter\Boot::runCodeIgniter(Object(CodeIgniter\CodeIgniter))
 9 FCPATH/index.php(56): CodeIgniter\Boot::bootWeb(Object(Config\Paths))
CRITICAL - 2024-09-20 06:15:02 --> ErrorException: Constant LANG already defined
[Method: GET, Route: CronJob/envia_avisos]
in APPPATH/Controllers/CronJob.php on line 18.
 1 [internal function]: CodeIgniter\Debug\Exceptions->errorHandler(2, 'Constant LANG already defined', '/home/next0355/dev.next1crm.com.br/app/Controllers/CronJob.php', 18)
 2 APPPATH/Controllers/CronJob.php(18): define('LANG', 'portuguese_br')
 3 APPPATH/Controllers/DynamicController.php(19): App\Controllers\CronJob->__construct()
 4 SYSTEMPATH/CodeIgniter.php(933): App\Controllers\DynamicController->execute('CronJob', 'envia_avisos')
 5 SYSTEMPATH/CodeIgniter.php(509): CodeIgniter\CodeIgniter->runController(Object(App\Controllers\DynamicController))
 6 SYSTEMPATH/CodeIgniter.php(355): CodeIgniter\CodeIgniter->handleRequest(null, Object(Config\Cache), false)
 7 SYSTEMPATH/Boot.php(325): CodeIgniter\CodeIgniter->run()
 8 SYSTEMPATH/Boot.php(67): CodeIgniter\Boot::runCodeIgniter(Object(CodeIgniter\CodeIgniter))
 9 FCPATH/index.php(56): CodeIgniter\Boot::bootWeb(Object(Config\Paths))
CRITICAL - 2024-09-20 06:30:02 --> ErrorException: Constant LANG already defined
[Method: GET, Route: CronJob/envia_avisos]
in APPPATH/Controllers/CronJob.php on line 18.
 1 [internal function]: CodeIgniter\Debug\Exceptions->errorHandler(2, 'Constant LANG already defined', '/home/next0355/dev.next1crm.com.br/app/Controllers/CronJob.php', 18)
 2 APPPATH/Controllers/CronJob.php(18): define('LANG', 'portuguese_br')
 3 APPPATH/Controllers/DynamicController.php(19): App\Controllers\CronJob->__construct()
 4 SYSTEMPATH/CodeIgniter.php(933): App\Controllers\DynamicController->execute('CronJob', 'envia_avisos')
 5 SYSTEMPATH/CodeIgniter.php(509): CodeIgniter\CodeIgniter->runController(Object(App\Controllers\DynamicController))
 6 SYSTEMPATH/CodeIgniter.php(355): CodeIgniter\CodeIgniter->handleRequest(null, Object(Config\Cache), false)
 7 SYSTEMPATH/Boot.php(325): CodeIgniter\CodeIgniter->run()
 8 SYSTEMPATH/Boot.php(67): CodeIgniter\Boot::runCodeIgniter(Object(CodeIgniter\CodeIgniter))
 9 FCPATH/index.php(56): CodeIgniter\Boot::bootWeb(Object(Config\Paths))
CRITICAL - 2024-09-20 06:45:02 --> ErrorException: Constant LANG already defined
[Method: GET, Route: CronJob/envia_avisos]
in APPPATH/Controllers/CronJob.php on line 18.
 1 [internal function]: CodeIgniter\Debug\Exceptions->errorHandler(2, 'Constant LANG already defined', '/home/next0355/dev.next1crm.com.br/app/Controllers/CronJob.php', 18)
 2 APPPATH/Controllers/CronJob.php(18): define('LANG', 'portuguese_br')
 3 APPPATH/Controllers/DynamicController.php(19): App\Controllers\CronJob->__construct()
 4 SYSTEMPATH/CodeIgniter.php(933): App\Controllers\DynamicController->execute('CronJob', 'envia_avisos')
 5 SYSTEMPATH/CodeIgniter.php(509): CodeIgniter\CodeIgniter->runController(Object(App\Controllers\DynamicController))
 6 SYSTEMPATH/CodeIgniter.php(355): CodeIgniter\CodeIgniter->handleRequest(null, Object(Config\Cache), false)
 7 SYSTEMPATH/Boot.php(325): CodeIgniter\CodeIgniter->run()
 8 SYSTEMPATH/Boot.php(67): CodeIgniter\Boot::runCodeIgniter(Object(CodeIgniter\CodeIgniter))
 9 FCPATH/index.php(56): CodeIgniter\Boot::bootWeb(Object(Config\Paths))
CRITICAL - 2024-09-20 07:00:03 --> ErrorException: Constant LANG already defined
[Method: GET, Route: CronJob/envia_avisos]
in APPPATH/Controllers/CronJob.php on line 18.
 1 [internal function]: CodeIgniter\Debug\Exceptions->errorHandler(2, 'Constant LANG already defined', '/home/next0355/dev.next1crm.com.br/app/Controllers/CronJob.php', 18)
 2 APPPATH/Controllers/CronJob.php(18): define('LANG', 'portuguese_br')
 3 APPPATH/Controllers/DynamicController.php(19): App\Controllers\CronJob->__construct()
 4 SYSTEMPATH/CodeIgniter.php(933): App\Controllers\DynamicController->execute('CronJob', 'envia_avisos')
 5 SYSTEMPATH/CodeIgniter.php(509): CodeIgniter\CodeIgniter->runController(Object(App\Controllers\DynamicController))
 6 SYSTEMPATH/CodeIgniter.php(355): CodeIgniter\CodeIgniter->handleRequest(null, Object(Config\Cache), false)
 7 SYSTEMPATH/Boot.php(325): CodeIgniter\CodeIgniter->run()
 8 SYSTEMPATH/Boot.php(67): CodeIgniter\Boot::runCodeIgniter(Object(CodeIgniter\CodeIgniter))
 9 FCPATH/index.php(56): CodeIgniter\Boot::bootWeb(Object(Config\Paths))
CRITICAL - 2024-09-20 07:15:03 --> ErrorException: Constant LANG already defined
[Method: GET, Route: CronJob/envia_avisos]
in APPPATH/Controllers/CronJob.php on line 18.
 1 [internal function]: CodeIgniter\Debug\Exceptions->errorHandler(2, 'Constant LANG already defined', '/home/next0355/dev.next1crm.com.br/app/Controllers/CronJob.php', 18)
 2 APPPATH/Controllers/CronJob.php(18): define('LANG', 'portuguese_br')
 3 APPPATH/Controllers/DynamicController.php(19): App\Controllers\CronJob->__construct()
 4 SYSTEMPATH/CodeIgniter.php(933): App\Controllers\DynamicController->execute('CronJob', 'envia_avisos')
 5 SYSTEMPATH/CodeIgniter.php(509): CodeIgniter\CodeIgniter->runController(Object(App\Controllers\DynamicController))
 6 SYSTEMPATH/CodeIgniter.php(355): CodeIgniter\CodeIgniter->handleRequest(null, Object(Config\Cache), false)
 7 SYSTEMPATH/Boot.php(325): CodeIgniter\CodeIgniter->run()
 8 SYSTEMPATH/Boot.php(67): CodeIgniter\Boot::runCodeIgniter(Object(CodeIgniter\CodeIgniter))
 9 FCPATH/index.php(56): CodeIgniter\Boot::bootWeb(Object(Config\Paths))
CRITICAL - 2024-09-20 07:30:02 --> ErrorException: Constant LANG already defined
[Method: GET, Route: CronJob/envia_avisos]
in APPPATH/Controllers/CronJob.php on line 18.
 1 [internal function]: CodeIgniter\Debug\Exceptions->errorHandler(2, 'Constant LANG already defined', '/home/next0355/dev.next1crm.com.br/app/Controllers/CronJob.php', 18)
 2 APPPATH/Controllers/CronJob.php(18): define('LANG', 'portuguese_br')
 3 APPPATH/Controllers/DynamicController.php(19): App\Controllers\CronJob->__construct()
 4 SYSTEMPATH/CodeIgniter.php(933): App\Controllers\DynamicController->execute('CronJob', 'envia_avisos')
 5 SYSTEMPATH/CodeIgniter.php(509): CodeIgniter\CodeIgniter->runController(Object(App\Controllers\DynamicController))
 6 SYSTEMPATH/CodeIgniter.php(355): CodeIgniter\CodeIgniter->handleRequest(null, Object(Config\Cache), false)
 7 SYSTEMPATH/Boot.php(325): CodeIgniter\CodeIgniter->run()
 8 SYSTEMPATH/Boot.php(67): CodeIgniter\Boot::runCodeIgniter(Object(CodeIgniter\CodeIgniter))
 9 FCPATH/index.php(56): CodeIgniter\Boot::bootWeb(Object(Config\Paths))
CRITICAL - 2024-09-20 07:45:02 --> ErrorException: Constant LANG already defined
[Method: GET, Route: CronJob/envia_avisos]
in APPPATH/Controllers/CronJob.php on line 18.
 1 [internal function]: CodeIgniter\Debug\Exceptions->errorHandler(2, 'Constant LANG already defined', '/home/next0355/dev.next1crm.com.br/app/Controllers/CronJob.php', 18)
 2 APPPATH/Controllers/CronJob.php(18): define('LANG', 'portuguese_br')
 3 APPPATH/Controllers/DynamicController.php(19): App\Controllers\CronJob->__construct()
 4 SYSTEMPATH/CodeIgniter.php(933): App\Controllers\DynamicController->execute('CronJob', 'envia_avisos')
 5 SYSTEMPATH/CodeIgniter.php(509): CodeIgniter\CodeIgniter->runController(Object(App\Controllers\DynamicController))
 6 SYSTEMPATH/CodeIgniter.php(355): CodeIgniter\CodeIgniter->handleRequest(null, Object(Config\Cache), false)
 7 SYSTEMPATH/Boot.php(325): CodeIgniter\CodeIgniter->run()
 8 SYSTEMPATH/Boot.php(67): CodeIgniter\Boot::runCodeIgniter(Object(CodeIgniter\CodeIgniter))
 9 FCPATH/index.php(56): CodeIgniter\Boot::bootWeb(Object(Config\Paths))
CRITICAL - 2024-09-20 08:00:02 --> ErrorException: Constant LANG already defined
[Method: GET, Route: CronJob/envia_avisos]
in APPPATH/Controllers/CronJob.php on line 18.
 1 [internal function]: CodeIgniter\Debug\Exceptions->errorHandler(2, 'Constant LANG already defined', '/home/next0355/dev.next1crm.com.br/app/Controllers/CronJob.php', 18)
 2 APPPATH/Controllers/CronJob.php(18): define('LANG', 'portuguese_br')
 3 APPPATH/Controllers/DynamicController.php(19): App\Controllers\CronJob->__construct()
 4 SYSTEMPATH/CodeIgniter.php(933): App\Controllers\DynamicController->execute('CronJob', 'envia_avisos')
 5 SYSTEMPATH/CodeIgniter.php(509): CodeIgniter\CodeIgniter->runController(Object(App\Controllers\DynamicController))
 6 SYSTEMPATH/CodeIgniter.php(355): CodeIgniter\CodeIgniter->handleRequest(null, Object(Config\Cache), false)
 7 SYSTEMPATH/Boot.php(325): CodeIgniter\CodeIgniter->run()
 8 SYSTEMPATH/Boot.php(67): CodeIgniter\Boot::runCodeIgniter(Object(CodeIgniter\CodeIgniter))
 9 FCPATH/index.php(56): CodeIgniter\Boot::bootWeb(Object(Config\Paths))
CRITICAL - 2024-09-20 08:15:03 --> ErrorException: Constant LANG already defined
[Method: GET, Route: CronJob/envia_avisos]
in APPPATH/Controllers/CronJob.php on line 18.
 1 [internal function]: CodeIgniter\Debug\Exceptions->errorHandler(2, 'Constant LANG already defined', '/home/next0355/dev.next1crm.com.br/app/Controllers/CronJob.php', 18)
 2 APPPATH/Controllers/CronJob.php(18): define('LANG', 'portuguese_br')
 3 APPPATH/Controllers/DynamicController.php(19): App\Controllers\CronJob->__construct()
 4 SYSTEMPATH/CodeIgniter.php(933): App\Controllers\DynamicController->execute('CronJob', 'envia_avisos')
 5 SYSTEMPATH/CodeIgniter.php(509): CodeIgniter\CodeIgniter->runController(Object(App\Controllers\DynamicController))
 6 SYSTEMPATH/CodeIgniter.php(355): CodeIgniter\CodeIgniter->handleRequest(null, Object(Config\Cache), false)
 7 SYSTEMPATH/Boot.php(325): CodeIgniter\CodeIgniter->run()
 8 SYSTEMPATH/Boot.php(67): CodeIgniter\Boot::runCodeIgniter(Object(CodeIgniter\CodeIgniter))
 9 FCPATH/index.php(56): CodeIgniter\Boot::bootWeb(Object(Config\Paths))
CRITICAL - 2024-09-20 08:30:02 --> ErrorException: Constant LANG already defined
[Method: GET, Route: CronJob/envia_avisos]
in APPPATH/Controllers/CronJob.php on line 18.
 1 [internal function]: CodeIgniter\Debug\Exceptions->errorHandler(2, 'Constant LANG already defined', '/home/next0355/dev.next1crm.com.br/app/Controllers/CronJob.php', 18)
 2 APPPATH/Controllers/CronJob.php(18): define('LANG', 'portuguese_br')
 3 APPPATH/Controllers/DynamicController.php(19): App\Controllers\CronJob->__construct()
 4 SYSTEMPATH/CodeIgniter.php(933): App\Controllers\DynamicController->execute('CronJob', 'envia_avisos')
 5 SYSTEMPATH/CodeIgniter.php(509): CodeIgniter\CodeIgniter->runController(Object(App\Controllers\DynamicController))
 6 SYSTEMPATH/CodeIgniter.php(355): CodeIgniter\CodeIgniter->handleRequest(null, Object(Config\Cache), false)
 7 SYSTEMPATH/Boot.php(325): CodeIgniter\CodeIgniter->run()
 8 SYSTEMPATH/Boot.php(67): CodeIgniter\Boot::runCodeIgniter(Object(CodeIgniter\CodeIgniter))
 9 FCPATH/index.php(56): CodeIgniter\Boot::bootWeb(Object(Config\Paths))
CRITICAL - 2024-09-20 08:45:03 --> ErrorException: Constant LANG already defined
[Method: GET, Route: CronJob/envia_avisos]
in APPPATH/Controllers/CronJob.php on line 18.
 1 [internal function]: CodeIgniter\Debug\Exceptions->errorHandler(2, 'Constant LANG already defined', '/home/next0355/dev.next1crm.com.br/app/Controllers/CronJob.php', 18)
 2 APPPATH/Controllers/CronJob.php(18): define('LANG', 'portuguese_br')
 3 APPPATH/Controllers/DynamicController.php(19): App\Controllers\CronJob->__construct()
 4 SYSTEMPATH/CodeIgniter.php(933): App\Controllers\DynamicController->execute('CronJob', 'envia_avisos')
 5 SYSTEMPATH/CodeIgniter.php(509): CodeIgniter\CodeIgniter->runController(Object(App\Controllers\DynamicController))
 6 SYSTEMPATH/CodeIgniter.php(355): CodeIgniter\CodeIgniter->handleRequest(null, Object(Config\Cache), false)
 7 SYSTEMPATH/Boot.php(325): CodeIgniter\CodeIgniter->run()
 8 SYSTEMPATH/Boot.php(67): CodeIgniter\Boot::runCodeIgniter(Object(CodeIgniter\CodeIgniter))
 9 FCPATH/index.php(56): CodeIgniter\Boot::bootWeb(Object(Config\Paths))
CRITICAL - 2024-09-20 09:00:02 --> ErrorException: Constant LANG already defined
[Method: GET, Route: CronJob/envia_avisos]
in APPPATH/Controllers/CronJob.php on line 18.
 1 [internal function]: CodeIgniter\Debug\Exceptions->errorHandler(2, 'Constant LANG already defined', '/home/next0355/dev.next1crm.com.br/app/Controllers/CronJob.php', 18)
 2 APPPATH/Controllers/CronJob.php(18): define('LANG', 'portuguese_br')
 3 APPPATH/Controllers/DynamicController.php(19): App\Controllers\CronJob->__construct()
 4 SYSTEMPATH/CodeIgniter.php(933): App\Controllers\DynamicController->execute('CronJob', 'envia_avisos')
 5 SYSTEMPATH/CodeIgniter.php(509): CodeIgniter\CodeIgniter->runController(Object(App\Controllers\DynamicController))
 6 SYSTEMPATH/CodeIgniter.php(355): CodeIgniter\CodeIgniter->handleRequest(null, Object(Config\Cache), false)
 7 SYSTEMPATH/Boot.php(325): CodeIgniter\CodeIgniter->run()
 8 SYSTEMPATH/Boot.php(67): CodeIgniter\Boot::runCodeIgniter(Object(CodeIgniter\CodeIgniter))
 9 FCPATH/index.php(56): CodeIgniter\Boot::bootWeb(Object(Config\Paths))
CRITICAL - 2024-09-20 09:15:02 --> ErrorException: Constant LANG already defined
[Method: GET, Route: CronJob/envia_avisos]
in APPPATH/Controllers/CronJob.php on line 18.
 1 [internal function]: CodeIgniter\Debug\Exceptions->errorHandler(2, 'Constant LANG already defined', '/home/next0355/dev.next1crm.com.br/app/Controllers/CronJob.php', 18)
 2 APPPATH/Controllers/CronJob.php(18): define('LANG', 'portuguese_br')
 3 APPPATH/Controllers/DynamicController.php(19): App\Controllers\CronJob->__construct()
 4 SYSTEMPATH/CodeIgniter.php(933): App\Controllers\DynamicController->execute('CronJob', 'envia_avisos')
 5 SYSTEMPATH/CodeIgniter.php(509): CodeIgniter\CodeIgniter->runController(Object(App\Controllers\DynamicController))
 6 SYSTEMPATH/CodeIgniter.php(355): CodeIgniter\CodeIgniter->handleRequest(null, Object(Config\Cache), false)
 7 SYSTEMPATH/Boot.php(325): CodeIgniter\CodeIgniter->run()
 8 SYSTEMPATH/Boot.php(67): CodeIgniter\Boot::runCodeIgniter(Object(CodeIgniter\CodeIgniter))
 9 FCPATH/index.php(56): CodeIgniter\Boot::bootWeb(Object(Config\Paths))
CRITICAL - 2024-09-20 09:30:03 --> ErrorException: Constant LANG already defined
[Method: GET, Route: CronJob/envia_avisos]
in APPPATH/Controllers/CronJob.php on line 18.
 1 [internal function]: CodeIgniter\Debug\Exceptions->errorHandler(2, 'Constant LANG already defined', '/home/next0355/dev.next1crm.com.br/app/Controllers/CronJob.php', 18)
 2 APPPATH/Controllers/CronJob.php(18): define('LANG', 'portuguese_br')
 3 APPPATH/Controllers/DynamicController.php(19): App\Controllers\CronJob->__construct()
 4 SYSTEMPATH/CodeIgniter.php(933): App\Controllers\DynamicController->execute('CronJob', 'envia_avisos')
 5 SYSTEMPATH/CodeIgniter.php(509): CodeIgniter\CodeIgniter->runController(Object(App\Controllers\DynamicController))
 6 SYSTEMPATH/CodeIgniter.php(355): CodeIgniter\CodeIgniter->handleRequest(null, Object(Config\Cache), false)
 7 SYSTEMPATH/Boot.php(325): CodeIgniter\CodeIgniter->run()
 8 SYSTEMPATH/Boot.php(67): CodeIgniter\Boot::runCodeIgniter(Object(CodeIgniter\CodeIgniter))
 9 FCPATH/index.php(56): CodeIgniter\Boot::bootWeb(Object(Config\Paths))
CRITICAL - 2024-09-20 09:45:02 --> ErrorException: Constant LANG already defined
[Method: GET, Route: CronJob/envia_avisos]
in APPPATH/Controllers/CronJob.php on line 18.
 1 [internal function]: CodeIgniter\Debug\Exceptions->errorHandler(2, 'Constant LANG already defined', '/home/next0355/dev.next1crm.com.br/app/Controllers/CronJob.php', 18)
 2 APPPATH/Controllers/CronJob.php(18): define('LANG', 'portuguese_br')
 3 APPPATH/Controllers/DynamicController.php(19): App\Controllers\CronJob->__construct()
 4 SYSTEMPATH/CodeIgniter.php(933): App\Controllers\DynamicController->execute('CronJob', 'envia_avisos')
 5 SYSTEMPATH/CodeIgniter.php(509): CodeIgniter\CodeIgniter->runController(Object(App\Controllers\DynamicController))
 6 SYSTEMPATH/CodeIgniter.php(355): CodeIgniter\CodeIgniter->handleRequest(null, Object(Config\Cache), false)
 7 SYSTEMPATH/Boot.php(325): CodeIgniter\CodeIgniter->run()
 8 SYSTEMPATH/Boot.php(67): CodeIgniter\Boot::runCodeIgniter(Object(CodeIgniter\CodeIgniter))
 9 FCPATH/index.php(56): CodeIgniter\Boot::bootWeb(Object(Config\Paths))
CRITICAL - 2024-09-20 10:00:02 --> ErrorException: Constant LANG already defined
[Method: GET, Route: CronJob/envia_avisos]
in APPPATH/Controllers/CronJob.php on line 18.
 1 [internal function]: CodeIgniter\Debug\Exceptions->errorHandler(2, 'Constant LANG already defined', '/home/next0355/dev.next1crm.com.br/app/Controllers/CronJob.php', 18)
 2 APPPATH/Controllers/CronJob.php(18): define('LANG', 'portuguese_br')
 3 APPPATH/Controllers/DynamicController.php(19): App\Controllers\CronJob->__construct()
 4 SYSTEMPATH/CodeIgniter.php(933): App\Controllers\DynamicController->execute('CronJob', 'envia_avisos')
 5 SYSTEMPATH/CodeIgniter.php(509): CodeIgniter\CodeIgniter->runController(Object(App\Controllers\DynamicController))
 6 SYSTEMPATH/CodeIgniter.php(355): CodeIgniter\CodeIgniter->handleRequest(null, Object(Config\Cache), false)
 7 SYSTEMPATH/Boot.php(325): CodeIgniter\CodeIgniter->run()
 8 SYSTEMPATH/Boot.php(67): CodeIgniter\Boot::runCodeIgniter(Object(CodeIgniter\CodeIgniter))
 9 FCPATH/index.php(56): CodeIgniter\Boot::bootWeb(Object(Config\Paths))
CRITICAL - 2024-09-20 10:15:02 --> ErrorException: Constant LANG already defined
[Method: GET, Route: CronJob/envia_avisos]
in APPPATH/Controllers/CronJob.php on line 18.
 1 [internal function]: CodeIgniter\Debug\Exceptions->errorHandler(2, 'Constant LANG already defined', '/home/next0355/dev.next1crm.com.br/app/Controllers/CronJob.php', 18)
 2 APPPATH/Controllers/CronJob.php(18): define('LANG', 'portuguese_br')
 3 APPPATH/Controllers/DynamicController.php(19): App\Controllers\CronJob->__construct()
 4 SYSTEMPATH/CodeIgniter.php(933): App\Controllers\DynamicController->execute('CronJob', 'envia_avisos')
 5 SYSTEMPATH/CodeIgniter.php(509): CodeIgniter\CodeIgniter->runController(Object(App\Controllers\DynamicController))
 6 SYSTEMPATH/CodeIgniter.php(355): CodeIgniter\CodeIgniter->handleRequest(null, Object(Config\Cache), false)
 7 SYSTEMPATH/Boot.php(325): CodeIgniter\CodeIgniter->run()
 8 SYSTEMPATH/Boot.php(67): CodeIgniter\Boot::runCodeIgniter(Object(CodeIgniter\CodeIgniter))
 9 FCPATH/index.php(56): CodeIgniter\Boot::bootWeb(Object(Config\Paths))
CRITICAL - 2024-09-20 10:30:02 --> ErrorException: Constant LANG already defined
[Method: GET, Route: CronJob/envia_avisos]
in APPPATH/Controllers/CronJob.php on line 18.
 1 [internal function]: CodeIgniter\Debug\Exceptions->errorHandler(2, 'Constant LANG already defined', '/home/next0355/dev.next1crm.com.br/app/Controllers/CronJob.php', 18)
 2 APPPATH/Controllers/CronJob.php(18): define('LANG', 'portuguese_br')
 3 APPPATH/Controllers/DynamicController.php(19): App\Controllers\CronJob->__construct()
 4 SYSTEMPATH/CodeIgniter.php(933): App\Controllers\DynamicController->execute('CronJob', 'envia_avisos')
 5 SYSTEMPATH/CodeIgniter.php(509): CodeIgniter\CodeIgniter->runController(Object(App\Controllers\DynamicController))
 6 SYSTEMPATH/CodeIgniter.php(355): CodeIgniter\CodeIgniter->handleRequest(null, Object(Config\Cache), false)
 7 SYSTEMPATH/Boot.php(325): CodeIgniter\CodeIgniter->run()
 8 SYSTEMPATH/Boot.php(67): CodeIgniter\Boot::runCodeIgniter(Object(CodeIgniter\CodeIgniter))
 9 FCPATH/index.php(56): CodeIgniter\Boot::bootWeb(Object(Config\Paths))
CRITICAL - 2024-09-20 10:45:02 --> ErrorException: Constant LANG already defined
[Method: GET, Route: CronJob/envia_avisos]
in APPPATH/Controllers/CronJob.php on line 18.
 1 [internal function]: CodeIgniter\Debug\Exceptions->errorHandler(2, 'Constant LANG already defined', '/home/next0355/dev.next1crm.com.br/app/Controllers/CronJob.php', 18)
 2 APPPATH/Controllers/CronJob.php(18): define('LANG', 'portuguese_br')
 3 APPPATH/Controllers/DynamicController.php(19): App\Controllers\CronJob->__construct()
 4 SYSTEMPATH/CodeIgniter.php(933): App\Controllers\DynamicController->execute('CronJob', 'envia_avisos')
 5 SYSTEMPATH/CodeIgniter.php(509): CodeIgniter\CodeIgniter->runController(Object(App\Controllers\DynamicController))
 6 SYSTEMPATH/CodeIgniter.php(355): CodeIgniter\CodeIgniter->handleRequest(null, Object(Config\Cache), false)
 7 SYSTEMPATH/Boot.php(325): CodeIgniter\CodeIgniter->run()
 8 SYSTEMPATH/Boot.php(67): CodeIgniter\Boot::runCodeIgniter(Object(CodeIgniter\CodeIgniter))
 9 FCPATH/index.php(56): CodeIgniter\Boot::bootWeb(Object(Config\Paths))
CRITICAL - 2024-09-20 11:00:03 --> ErrorException: Constant LANG already defined
[Method: GET, Route: CronJob/envia_avisos]
in APPPATH/Controllers/CronJob.php on line 18.
 1 [internal function]: CodeIgniter\Debug\Exceptions->errorHandler(2, 'Constant LANG already defined', '/home/next0355/dev.next1crm.com.br/app/Controllers/CronJob.php', 18)
 2 APPPATH/Controllers/CronJob.php(18): define('LANG', 'portuguese_br')
 3 APPPATH/Controllers/DynamicController.php(19): App\Controllers\CronJob->__construct()
 4 SYSTEMPATH/CodeIgniter.php(933): App\Controllers\DynamicController->execute('CronJob', 'envia_avisos')
 5 SYSTEMPATH/CodeIgniter.php(509): CodeIgniter\CodeIgniter->runController(Object(App\Controllers\DynamicController))
 6 SYSTEMPATH/CodeIgniter.php(355): CodeIgniter\CodeIgniter->handleRequest(null, Object(Config\Cache), false)
 7 SYSTEMPATH/Boot.php(325): CodeIgniter\CodeIgniter->run()
 8 SYSTEMPATH/Boot.php(67): CodeIgniter\Boot::runCodeIgniter(Object(CodeIgniter\CodeIgniter))
 9 FCPATH/index.php(56): CodeIgniter\Boot::bootWeb(Object(Config\Paths))
CRITICAL - 2024-09-20 11:15:02 --> ErrorException: Constant LANG already defined
[Method: GET, Route: CronJob/envia_avisos]
in APPPATH/Controllers/CronJob.php on line 18.
 1 [internal function]: CodeIgniter\Debug\Exceptions->errorHandler(2, 'Constant LANG already defined', '/home/next0355/dev.next1crm.com.br/app/Controllers/CronJob.php', 18)
 2 APPPATH/Controllers/CronJob.php(18): define('LANG', 'portuguese_br')
 3 APPPATH/Controllers/DynamicController.php(19): App\Controllers\CronJob->__construct()
 4 SYSTEMPATH/CodeIgniter.php(933): App\Controllers\DynamicController->execute('CronJob', 'envia_avisos')
 5 SYSTEMPATH/CodeIgniter.php(509): CodeIgniter\CodeIgniter->runController(Object(App\Controllers\DynamicController))
 6 SYSTEMPATH/CodeIgniter.php(355): CodeIgniter\CodeIgniter->handleRequest(null, Object(Config\Cache), false)
 7 SYSTEMPATH/Boot.php(325): CodeIgniter\CodeIgniter->run()
 8 SYSTEMPATH/Boot.php(67): CodeIgniter\Boot::runCodeIgniter(Object(CodeIgniter\CodeIgniter))
 9 FCPATH/index.php(56): CodeIgniter\Boot::bootWeb(Object(Config\Paths))
CRITICAL - 2024-09-20 11:30:03 --> ErrorException: Constant LANG already defined
[Method: GET, Route: CronJob/envia_avisos]
in APPPATH/Controllers/CronJob.php on line 18.
 1 [internal function]: CodeIgniter\Debug\Exceptions->errorHandler(2, 'Constant LANG already defined', '/home/next0355/dev.next1crm.com.br/app/Controllers/CronJob.php', 18)
 2 APPPATH/Controllers/CronJob.php(18): define('LANG', 'portuguese_br')
 3 APPPATH/Controllers/DynamicController.php(19): App\Controllers\CronJob->__construct()
 4 SYSTEMPATH/CodeIgniter.php(933): App\Controllers\DynamicController->execute('CronJob', 'envia_avisos')
 5 SYSTEMPATH/CodeIgniter.php(509): CodeIgniter\CodeIgniter->runController(Object(App\Controllers\DynamicController))
 6 SYSTEMPATH/CodeIgniter.php(355): CodeIgniter\CodeIgniter->handleRequest(null, Object(Config\Cache), false)
 7 SYSTEMPATH/Boot.php(325): CodeIgniter\CodeIgniter->run()
 8 SYSTEMPATH/Boot.php(67): CodeIgniter\Boot::runCodeIgniter(Object(CodeIgniter\CodeIgniter))
 9 FCPATH/index.php(56): CodeIgniter\Boot::bootWeb(Object(Config\Paths))
CRITICAL - 2024-09-20 11:45:02 --> ErrorException: Constant LANG already defined
[Method: GET, Route: CronJob/envia_avisos]
in APPPATH/Controllers/CronJob.php on line 18.
 1 [internal function]: CodeIgniter\Debug\Exceptions->errorHandler(2, 'Constant LANG already defined', '/home/next0355/dev.next1crm.com.br/app/Controllers/CronJob.php', 18)
 2 APPPATH/Controllers/CronJob.php(18): define('LANG', 'portuguese_br')
 3 APPPATH/Controllers/DynamicController.php(19): App\Controllers\CronJob->__construct()
 4 SYSTEMPATH/CodeIgniter.php(933): App\Controllers\DynamicController->execute('CronJob', 'envia_avisos')
 5 SYSTEMPATH/CodeIgniter.php(509): CodeIgniter\CodeIgniter->runController(Object(App\Controllers\DynamicController))
 6 SYSTEMPATH/CodeIgniter.php(355): CodeIgniter\CodeIgniter->handleRequest(null, Object(Config\Cache), false)
 7 SYSTEMPATH/Boot.php(325): CodeIgniter\CodeIgniter->run()
 8 SYSTEMPATH/Boot.php(67): CodeIgniter\Boot::runCodeIgniter(Object(CodeIgniter\CodeIgniter))
 9 FCPATH/index.php(56): CodeIgniter\Boot::bootWeb(Object(Config\Paths))
CRITICAL - 2024-09-20 12:00:02 --> ErrorException: Constant LANG already defined
[Method: GET, Route: CronJob/envia_avisos]
in APPPATH/Controllers/CronJob.php on line 18.
 1 [internal function]: CodeIgniter\Debug\Exceptions->errorHandler(2, 'Constant LANG already defined', '/home/next0355/dev.next1crm.com.br/app/Controllers/CronJob.php', 18)
 2 APPPATH/Controllers/CronJob.php(18): define('LANG', 'portuguese_br')
 3 APPPATH/Controllers/DynamicController.php(19): App\Controllers\CronJob->__construct()
 4 SYSTEMPATH/CodeIgniter.php(933): App\Controllers\DynamicController->execute('CronJob', 'envia_avisos')
 5 SYSTEMPATH/CodeIgniter.php(509): CodeIgniter\CodeIgniter->runController(Object(App\Controllers\DynamicController))
 6 SYSTEMPATH/CodeIgniter.php(355): CodeIgniter\CodeIgniter->handleRequest(null, Object(Config\Cache), false)
 7 SYSTEMPATH/Boot.php(325): CodeIgniter\CodeIgniter->run()
 8 SYSTEMPATH/Boot.php(67): CodeIgniter\Boot::runCodeIgniter(Object(CodeIgniter\CodeIgniter))
 9 FCPATH/index.php(56): CodeIgniter\Boot::bootWeb(Object(Config\Paths))
CRITICAL - 2024-09-20 12:15:02 --> ErrorException: Constant LANG already defined
[Method: GET, Route: CronJob/envia_avisos]
in APPPATH/Controllers/CronJob.php on line 18.
 1 [internal function]: CodeIgniter\Debug\Exceptions->errorHandler(2, 'Constant LANG already defined', '/home/next0355/dev.next1crm.com.br/app/Controllers/CronJob.php', 18)
 2 APPPATH/Controllers/CronJob.php(18): define('LANG', 'portuguese_br')
 3 APPPATH/Controllers/DynamicController.php(19): App\Controllers\CronJob->__construct()
 4 SYSTEMPATH/CodeIgniter.php(933): App\Controllers\DynamicController->execute('CronJob', 'envia_avisos')
 5 SYSTEMPATH/CodeIgniter.php(509): CodeIgniter\CodeIgniter->runController(Object(App\Controllers\DynamicController))
 6 SYSTEMPATH/CodeIgniter.php(355): CodeIgniter\CodeIgniter->handleRequest(null, Object(Config\Cache), false)
 7 SYSTEMPATH/Boot.php(325): CodeIgniter\CodeIgniter->run()
 8 SYSTEMPATH/Boot.php(67): CodeIgniter\Boot::runCodeIgniter(Object(CodeIgniter\CodeIgniter))
 9 FCPATH/index.php(56): CodeIgniter\Boot::bootWeb(Object(Config\Paths))
CRITICAL - 2024-09-20 12:30:03 --> ErrorException: Constant LANG already defined
[Method: GET, Route: CronJob/envia_avisos]
in APPPATH/Controllers/CronJob.php on line 18.
 1 [internal function]: CodeIgniter\Debug\Exceptions->errorHandler(2, 'Constant LANG already defined', '/home/next0355/dev.next1crm.com.br/app/Controllers/CronJob.php', 18)
 2 APPPATH/Controllers/CronJob.php(18): define('LANG', 'portuguese_br')
 3 APPPATH/Controllers/DynamicController.php(19): App\Controllers\CronJob->__construct()
 4 SYSTEMPATH/CodeIgniter.php(933): App\Controllers\DynamicController->execute('CronJob', 'envia_avisos')
 5 SYSTEMPATH/CodeIgniter.php(509): CodeIgniter\CodeIgniter->runController(Object(App\Controllers\DynamicController))
 6 SYSTEMPATH/CodeIgniter.php(355): CodeIgniter\CodeIgniter->handleRequest(null, Object(Config\Cache), false)
 7 SYSTEMPATH/Boot.php(325): CodeIgniter\CodeIgniter->run()
 8 SYSTEMPATH/Boot.php(67): CodeIgniter\Boot::runCodeIgniter(Object(CodeIgniter\CodeIgniter))
 9 FCPATH/index.php(56): CodeIgniter\Boot::bootWeb(Object(Config\Paths))
CRITICAL - 2024-09-20 12:45:02 --> ErrorException: Constant LANG already defined
[Method: GET, Route: CronJob/envia_avisos]
in APPPATH/Controllers/CronJob.php on line 18.
 1 [internal function]: CodeIgniter\Debug\Exceptions->errorHandler(2, 'Constant LANG already defined', '/home/next0355/dev.next1crm.com.br/app/Controllers/CronJob.php', 18)
 2 APPPATH/Controllers/CronJob.php(18): define('LANG', 'portuguese_br')
 3 APPPATH/Controllers/DynamicController.php(19): App\Controllers\CronJob->__construct()
 4 SYSTEMPATH/CodeIgniter.php(933): App\Controllers\DynamicController->execute('CronJob', 'envia_avisos')
 5 SYSTEMPATH/CodeIgniter.php(509): CodeIgniter\CodeIgniter->runController(Object(App\Controllers\DynamicController))
 6 SYSTEMPATH/CodeIgniter.php(355): CodeIgniter\CodeIgniter->handleRequest(null, Object(Config\Cache), false)
 7 SYSTEMPATH/Boot.php(325): CodeIgniter\CodeIgniter->run()
 8 SYSTEMPATH/Boot.php(67): CodeIgniter\Boot::runCodeIgniter(Object(CodeIgniter\CodeIgniter))
 9 FCPATH/index.php(56): CodeIgniter\Boot::bootWeb(Object(Config\Paths))
CRITICAL - 2024-09-20 13:00:02 --> ErrorException: Constant LANG already defined
[Method: GET, Route: CronJob/envia_avisos]
in APPPATH/Controllers/CronJob.php on line 18.
 1 [internal function]: CodeIgniter\Debug\Exceptions->errorHandler(2, 'Constant LANG already defined', '/home/next0355/dev.next1crm.com.br/app/Controllers/CronJob.php', 18)
 2 APPPATH/Controllers/CronJob.php(18): define('LANG', 'portuguese_br')
 3 APPPATH/Controllers/DynamicController.php(19): App\Controllers\CronJob->__construct()
 4 SYSTEMPATH/CodeIgniter.php(933): App\Controllers\DynamicController->execute('CronJob', 'envia_avisos')
 5 SYSTEMPATH/CodeIgniter.php(509): CodeIgniter\CodeIgniter->runController(Object(App\Controllers\DynamicController))
 6 SYSTEMPATH/CodeIgniter.php(355): CodeIgniter\CodeIgniter->handleRequest(null, Object(Config\Cache), false)
 7 SYSTEMPATH/Boot.php(325): CodeIgniter\CodeIgniter->run()
 8 SYSTEMPATH/Boot.php(67): CodeIgniter\Boot::runCodeIgniter(Object(CodeIgniter\CodeIgniter))
 9 FCPATH/index.php(56): CodeIgniter\Boot::bootWeb(Object(Config\Paths))
CRITICAL - 2024-09-20 13:15:02 --> ErrorException: Constant LANG already defined
[Method: GET, Route: CronJob/envia_avisos]
in APPPATH/Controllers/CronJob.php on line 18.
 1 [internal function]: CodeIgniter\Debug\Exceptions->errorHandler(2, 'Constant LANG already defined', '/home/next0355/dev.next1crm.com.br/app/Controllers/CronJob.php', 18)
 2 APPPATH/Controllers/CronJob.php(18): define('LANG', 'portuguese_br')
 3 APPPATH/Controllers/DynamicController.php(19): App\Controllers\CronJob->__construct()
 4 SYSTEMPATH/CodeIgniter.php(933): App\Controllers\DynamicController->execute('CronJob', 'envia_avisos')
 5 SYSTEMPATH/CodeIgniter.php(509): CodeIgniter\CodeIgniter->runController(Object(App\Controllers\DynamicController))
 6 SYSTEMPATH/CodeIgniter.php(355): CodeIgniter\CodeIgniter->handleRequest(null, Object(Config\Cache), false)
 7 SYSTEMPATH/Boot.php(325): CodeIgniter\CodeIgniter->run()
 8 SYSTEMPATH/Boot.php(67): CodeIgniter\Boot::runCodeIgniter(Object(CodeIgniter\CodeIgniter))
 9 FCPATH/index.php(56): CodeIgniter\Boot::bootWeb(Object(Config\Paths))
CRITICAL - 2024-09-20 13:30:03 --> ErrorException: Constant LANG already defined
[Method: GET, Route: CronJob/envia_avisos]
in APPPATH/Controllers/CronJob.php on line 18.
 1 [internal function]: CodeIgniter\Debug\Exceptions->errorHandler(2, 'Constant LANG already defined', '/home/next0355/dev.next1crm.com.br/app/Controllers/CronJob.php', 18)
 2 APPPATH/Controllers/CronJob.php(18): define('LANG', 'portuguese_br')
 3 APPPATH/Controllers/DynamicController.php(19): App\Controllers\CronJob->__construct()
 4 SYSTEMPATH/CodeIgniter.php(933): App\Controllers\DynamicController->execute('CronJob', 'envia_avisos')
 5 SYSTEMPATH/CodeIgniter.php(509): CodeIgniter\CodeIgniter->runController(Object(App\Controllers\DynamicController))
 6 SYSTEMPATH/CodeIgniter.php(355): CodeIgniter\CodeIgniter->handleRequest(null, Object(Config\Cache), false)
 7 SYSTEMPATH/Boot.php(325): CodeIgniter\CodeIgniter->run()
 8 SYSTEMPATH/Boot.php(67): CodeIgniter\Boot::runCodeIgniter(Object(CodeIgniter\CodeIgniter))
 9 FCPATH/index.php(56): CodeIgniter\Boot::bootWeb(Object(Config\Paths))
CRITICAL - 2024-09-20 13:45:03 --> ErrorException: Constant LANG already defined
[Method: GET, Route: CronJob/envia_avisos]
in APPPATH/Controllers/CronJob.php on line 18.
 1 [internal function]: CodeIgniter\Debug\Exceptions->errorHandler(2, 'Constant LANG already defined', '/home/next0355/dev.next1crm.com.br/app/Controllers/CronJob.php', 18)
 2 APPPATH/Controllers/CronJob.php(18): define('LANG', 'portuguese_br')
 3 APPPATH/Controllers/DynamicController.php(19): App\Controllers\CronJob->__construct()
 4 SYSTEMPATH/CodeIgniter.php(933): App\Controllers\DynamicController->execute('CronJob', 'envia_avisos')
 5 SYSTEMPATH/CodeIgniter.php(509): CodeIgniter\CodeIgniter->runController(Object(App\Controllers\DynamicController))
 6 SYSTEMPATH/CodeIgniter.php(355): CodeIgniter\CodeIgniter->handleRequest(null, Object(Config\Cache), false)
 7 SYSTEMPATH/Boot.php(325): CodeIgniter\CodeIgniter->run()
 8 SYSTEMPATH/Boot.php(67): CodeIgniter\Boot::runCodeIgniter(Object(CodeIgniter\CodeIgniter))
 9 FCPATH/index.php(56): CodeIgniter\Boot::bootWeb(Object(Config\Paths))
CRITICAL - 2024-09-20 14:00:02 --> ErrorException: Constant LANG already defined
[Method: GET, Route: CronJob/envia_avisos]
in APPPATH/Controllers/CronJob.php on line 18.
 1 [internal function]: CodeIgniter\Debug\Exceptions->errorHandler(2, 'Constant LANG already defined', '/home/next0355/dev.next1crm.com.br/app/Controllers/CronJob.php', 18)
 2 APPPATH/Controllers/CronJob.php(18): define('LANG', 'portuguese_br')
 3 APPPATH/Controllers/DynamicController.php(19): App\Controllers\CronJob->__construct()
 4 SYSTEMPATH/CodeIgniter.php(933): App\Controllers\DynamicController->execute('CronJob', 'envia_avisos')
 5 SYSTEMPATH/CodeIgniter.php(509): CodeIgniter\CodeIgniter->runController(Object(App\Controllers\DynamicController))
 6 SYSTEMPATH/CodeIgniter.php(355): CodeIgniter\CodeIgniter->handleRequest(null, Object(Config\Cache), false)
 7 SYSTEMPATH/Boot.php(325): CodeIgniter\CodeIgniter->run()
 8 SYSTEMPATH/Boot.php(67): CodeIgniter\Boot::runCodeIgniter(Object(CodeIgniter\CodeIgniter))
 9 FCPATH/index.php(56): CodeIgniter\Boot::bootWeb(Object(Config\Paths))
CRITICAL - 2024-09-20 14:15:02 --> ErrorException: Constant LANG already defined
[Method: GET, Route: CronJob/envia_avisos]
in APPPATH/Controllers/CronJob.php on line 18.
 1 [internal function]: CodeIgniter\Debug\Exceptions->errorHandler(2, 'Constant LANG already defined', '/home/next0355/dev.next1crm.com.br/app/Controllers/CronJob.php', 18)
 2 APPPATH/Controllers/CronJob.php(18): define('LANG', 'portuguese_br')
 3 APPPATH/Controllers/DynamicController.php(19): App\Controllers\CronJob->__construct()
 4 SYSTEMPATH/CodeIgniter.php(933): App\Controllers\DynamicController->execute('CronJob', 'envia_avisos')
 5 SYSTEMPATH/CodeIgniter.php(509): CodeIgniter\CodeIgniter->runController(Object(App\Controllers\DynamicController))
 6 SYSTEMPATH/CodeIgniter.php(355): CodeIgniter\CodeIgniter->handleRequest(null, Object(Config\Cache), false)
 7 SYSTEMPATH/Boot.php(325): CodeIgniter\CodeIgniter->run()
 8 SYSTEMPATH/Boot.php(67): CodeIgniter\Boot::runCodeIgniter(Object(CodeIgniter\CodeIgniter))
 9 FCPATH/index.php(56): CodeIgniter\Boot::bootWeb(Object(Config\Paths))
CRITICAL - 2024-09-20 14:30:02 --> ErrorException: Constant LANG already defined
[Method: GET, Route: CronJob/envia_avisos]
in APPPATH/Controllers/CronJob.php on line 18.
 1 [internal function]: CodeIgniter\Debug\Exceptions->errorHandler(2, 'Constant LANG already defined', '/home/next0355/dev.next1crm.com.br/app/Controllers/CronJob.php', 18)
 2 APPPATH/Controllers/CronJob.php(18): define('LANG', 'portuguese_br')
 3 APPPATH/Controllers/DynamicController.php(19): App\Controllers\CronJob->__construct()
 4 SYSTEMPATH/CodeIgniter.php(933): App\Controllers\DynamicController->execute('CronJob', 'envia_avisos')
 5 SYSTEMPATH/CodeIgniter.php(509): CodeIgniter\CodeIgniter->runController(Object(App\Controllers\DynamicController))
 6 SYSTEMPATH/CodeIgniter.php(355): CodeIgniter\CodeIgniter->handleRequest(null, Object(Config\Cache), false)
 7 SYSTEMPATH/Boot.php(325): CodeIgniter\CodeIgniter->run()
 8 SYSTEMPATH/Boot.php(67): CodeIgniter\Boot::runCodeIgniter(Object(CodeIgniter\CodeIgniter))
 9 FCPATH/index.php(56): CodeIgniter\Boot::bootWeb(Object(Config\Paths))
CRITICAL - 2024-09-20 14:45:03 --> ErrorException: Constant LANG already defined
[Method: GET, Route: CronJob/envia_avisos]
in APPPATH/Controllers/CronJob.php on line 18.
 1 [internal function]: CodeIgniter\Debug\Exceptions->errorHandler(2, 'Constant LANG already defined', '/home/next0355/dev.next1crm.com.br/app/Controllers/CronJob.php', 18)
 2 APPPATH/Controllers/CronJob.php(18): define('LANG', 'portuguese_br')
 3 APPPATH/Controllers/DynamicController.php(19): App\Controllers\CronJob->__construct()
 4 SYSTEMPATH/CodeIgniter.php(933): App\Controllers\DynamicController->execute('CronJob', 'envia_avisos')
 5 SYSTEMPATH/CodeIgniter.php(509): CodeIgniter\CodeIgniter->runController(Object(App\Controllers\DynamicController))
 6 SYSTEMPATH/CodeIgniter.php(355): CodeIgniter\CodeIgniter->handleRequest(null, Object(Config\Cache), false)
 7 SYSTEMPATH/Boot.php(325): CodeIgniter\CodeIgniter->run()
 8 SYSTEMPATH/Boot.php(67): CodeIgniter\Boot::runCodeIgniter(Object(CodeIgniter\CodeIgniter))
 9 FCPATH/index.php(56): CodeIgniter\Boot::bootWeb(Object(Config\Paths))
CRITICAL - 2024-09-20 15:00:02 --> ErrorException: Constant LANG already defined
[Method: GET, Route: CronJob/envia_avisos]
in APPPATH/Controllers/CronJob.php on line 18.
 1 [internal function]: CodeIgniter\Debug\Exceptions->errorHandler(2, 'Constant LANG already defined', '/home/next0355/dev.next1crm.com.br/app/Controllers/CronJob.php', 18)
 2 APPPATH/Controllers/CronJob.php(18): define('LANG', 'portuguese_br')
 3 APPPATH/Controllers/DynamicController.php(19): App\Controllers\CronJob->__construct()
 4 SYSTEMPATH/CodeIgniter.php(933): App\Controllers\DynamicController->execute('CronJob', 'envia_avisos')
 5 SYSTEMPATH/CodeIgniter.php(509): CodeIgniter\CodeIgniter->runController(Object(App\Controllers\DynamicController))
 6 SYSTEMPATH/CodeIgniter.php(355): CodeIgniter\CodeIgniter->handleRequest(null, Object(Config\Cache), false)
 7 SYSTEMPATH/Boot.php(325): CodeIgniter\CodeIgniter->run()
 8 SYSTEMPATH/Boot.php(67): CodeIgniter\Boot::runCodeIgniter(Object(CodeIgniter\CodeIgniter))
 9 FCPATH/index.php(56): CodeIgniter\Boot::bootWeb(Object(Config\Paths))
CRITICAL - 2024-09-20 15:15:02 --> ErrorException: Constant LANG already defined
[Method: GET, Route: CronJob/envia_avisos]
in APPPATH/Controllers/CronJob.php on line 18.
 1 [internal function]: CodeIgniter\Debug\Exceptions->errorHandler(2, 'Constant LANG already defined', '/home/next0355/dev.next1crm.com.br/app/Controllers/CronJob.php', 18)
 2 APPPATH/Controllers/CronJob.php(18): define('LANG', 'portuguese_br')
 3 APPPATH/Controllers/DynamicController.php(19): App\Controllers\CronJob->__construct()
 4 SYSTEMPATH/CodeIgniter.php(933): App\Controllers\DynamicController->execute('CronJob', 'envia_avisos')
 5 SYSTEMPATH/CodeIgniter.php(509): CodeIgniter\CodeIgniter->runController(Object(App\Controllers\DynamicController))
 6 SYSTEMPATH/CodeIgniter.php(355): CodeIgniter\CodeIgniter->handleRequest(null, Object(Config\Cache), false)
 7 SYSTEMPATH/Boot.php(325): CodeIgniter\CodeIgniter->run()
 8 SYSTEMPATH/Boot.php(67): CodeIgniter\Boot::runCodeIgniter(Object(CodeIgniter\CodeIgniter))
 9 FCPATH/index.php(56): CodeIgniter\Boot::bootWeb(Object(Config\Paths))
CRITICAL - 2024-09-20 15:30:03 --> ErrorException: Constant LANG already defined
[Method: GET, Route: CronJob/envia_avisos]
in APPPATH/Controllers/CronJob.php on line 18.
 1 [internal function]: CodeIgniter\Debug\Exceptions->errorHandler(2, 'Constant LANG already defined', '/home/next0355/dev.next1crm.com.br/app/Controllers/CronJob.php', 18)
 2 APPPATH/Controllers/CronJob.php(18): define('LANG', 'portuguese_br')
 3 APPPATH/Controllers/DynamicController.php(19): App\Controllers\CronJob->__construct()
 4 SYSTEMPATH/CodeIgniter.php(933): App\Controllers\DynamicController->execute('CronJob', 'envia_avisos')
 5 SYSTEMPATH/CodeIgniter.php(509): CodeIgniter\CodeIgniter->runController(Object(App\Controllers\DynamicController))
 6 SYSTEMPATH/CodeIgniter.php(355): CodeIgniter\CodeIgniter->handleRequest(null, Object(Config\Cache), false)
 7 SYSTEMPATH/Boot.php(325): CodeIgniter\CodeIgniter->run()
 8 SYSTEMPATH/Boot.php(67): CodeIgniter\Boot::runCodeIgniter(Object(CodeIgniter\CodeIgniter))
 9 FCPATH/index.php(56): CodeIgniter\Boot::bootWeb(Object(Config\Paths))
CRITICAL - 2024-09-20 15:45:02 --> ErrorException: Constant LANG already defined
[Method: GET, Route: CronJob/envia_avisos]
in APPPATH/Controllers/CronJob.php on line 18.
 1 [internal function]: CodeIgniter\Debug\Exceptions->errorHandler(2, 'Constant LANG already defined', '/home/next0355/dev.next1crm.com.br/app/Controllers/CronJob.php', 18)
 2 APPPATH/Controllers/CronJob.php(18): define('LANG', 'portuguese_br')
 3 APPPATH/Controllers/DynamicController.php(19): App\Controllers\CronJob->__construct()
 4 SYSTEMPATH/CodeIgniter.php(933): App\Controllers\DynamicController->execute('CronJob', 'envia_avisos')
 5 SYSTEMPATH/CodeIgniter.php(509): CodeIgniter\CodeIgniter->runController(Object(App\Controllers\DynamicController))
 6 SYSTEMPATH/CodeIgniter.php(355): CodeIgniter\CodeIgniter->handleRequest(null, Object(Config\Cache), false)
 7 SYSTEMPATH/Boot.php(325): CodeIgniter\CodeIgniter->run()
 8 SYSTEMPATH/Boot.php(67): CodeIgniter\Boot::runCodeIgniter(Object(CodeIgniter\CodeIgniter))
 9 FCPATH/index.php(56): CodeIgniter\Boot::bootWeb(Object(Config\Paths))
CRITICAL - 2024-09-20 16:00:03 --> ErrorException: Constant LANG already defined
[Method: GET, Route: CronJob/envia_avisos]
in APPPATH/Controllers/CronJob.php on line 18.
 1 [internal function]: CodeIgniter\Debug\Exceptions->errorHandler(2, 'Constant LANG already defined', '/home/next0355/dev.next1crm.com.br/app/Controllers/CronJob.php', 18)
 2 APPPATH/Controllers/CronJob.php(18): define('LANG', 'portuguese_br')
 3 APPPATH/Controllers/DynamicController.php(19): App\Controllers\CronJob->__construct()
 4 SYSTEMPATH/CodeIgniter.php(933): App\Controllers\DynamicController->execute('CronJob', 'envia_avisos')
 5 SYSTEMPATH/CodeIgniter.php(509): CodeIgniter\CodeIgniter->runController(Object(App\Controllers\DynamicController))
 6 SYSTEMPATH/CodeIgniter.php(355): CodeIgniter\CodeIgniter->handleRequest(null, Object(Config\Cache), false)
 7 SYSTEMPATH/Boot.php(325): CodeIgniter\CodeIgniter->run()
 8 SYSTEMPATH/Boot.php(67): CodeIgniter\Boot::runCodeIgniter(Object(CodeIgniter\CodeIgniter))
 9 FCPATH/index.php(56): CodeIgniter\Boot::bootWeb(Object(Config\Paths))
CRITICAL - 2024-09-20 16:15:02 --> ErrorException: Constant LANG already defined
[Method: GET, Route: CronJob/envia_avisos]
in APPPATH/Controllers/CronJob.php on line 18.
 1 [internal function]: CodeIgniter\Debug\Exceptions->errorHandler(2, 'Constant LANG already defined', '/home/next0355/dev.next1crm.com.br/app/Controllers/CronJob.php', 18)
 2 APPPATH/Controllers/CronJob.php(18): define('LANG', 'portuguese_br')
 3 APPPATH/Controllers/DynamicController.php(19): App\Controllers\CronJob->__construct()
 4 SYSTEMPATH/CodeIgniter.php(933): App\Controllers\DynamicController->execute('CronJob', 'envia_avisos')
 5 SYSTEMPATH/CodeIgniter.php(509): CodeIgniter\CodeIgniter->runController(Object(App\Controllers\DynamicController))
 6 SYSTEMPATH/CodeIgniter.php(355): CodeIgniter\CodeIgniter->handleRequest(null, Object(Config\Cache), false)
 7 SYSTEMPATH/Boot.php(325): CodeIgniter\CodeIgniter->run()
 8 SYSTEMPATH/Boot.php(67): CodeIgniter\Boot::runCodeIgniter(Object(CodeIgniter\CodeIgniter))
 9 FCPATH/index.php(56): CodeIgniter\Boot::bootWeb(Object(Config\Paths))
CRITICAL - 2024-09-20 16:30:03 --> ErrorException: Constant LANG already defined
[Method: GET, Route: CronJob/envia_avisos]
in APPPATH/Controllers/CronJob.php on line 18.
 1 [internal function]: CodeIgniter\Debug\Exceptions->errorHandler(2, 'Constant LANG already defined', '/home/next0355/dev.next1crm.com.br/app/Controllers/CronJob.php', 18)
 2 APPPATH/Controllers/CronJob.php(18): define('LANG', 'portuguese_br')
 3 APPPATH/Controllers/DynamicController.php(19): App\Controllers\CronJob->__construct()
 4 SYSTEMPATH/CodeIgniter.php(933): App\Controllers\DynamicController->execute('CronJob', 'envia_avisos')
 5 SYSTEMPATH/CodeIgniter.php(509): CodeIgniter\CodeIgniter->runController(Object(App\Controllers\DynamicController))
 6 SYSTEMPATH/CodeIgniter.php(355): CodeIgniter\CodeIgniter->handleRequest(null, Object(Config\Cache), false)
 7 SYSTEMPATH/Boot.php(325): CodeIgniter\CodeIgniter->run()
 8 SYSTEMPATH/Boot.php(67): CodeIgniter\Boot::runCodeIgniter(Object(CodeIgniter\CodeIgniter))
 9 FCPATH/index.php(56): CodeIgniter\Boot::bootWeb(Object(Config\Paths))
CRITICAL - 2024-09-20 16:45:02 --> ErrorException: Constant LANG already defined
[Method: GET, Route: CronJob/envia_avisos]
in APPPATH/Controllers/CronJob.php on line 18.
 1 [internal function]: CodeIgniter\Debug\Exceptions->errorHandler(2, 'Constant LANG already defined', '/home/next0355/dev.next1crm.com.br/app/Controllers/CronJob.php', 18)
 2 APPPATH/Controllers/CronJob.php(18): define('LANG', 'portuguese_br')
 3 APPPATH/Controllers/DynamicController.php(19): App\Controllers\CronJob->__construct()
 4 SYSTEMPATH/CodeIgniter.php(933): App\Controllers\DynamicController->execute('CronJob', 'envia_avisos')
 5 SYSTEMPATH/CodeIgniter.php(509): CodeIgniter\CodeIgniter->runController(Object(App\Controllers\DynamicController))
 6 SYSTEMPATH/CodeIgniter.php(355): CodeIgniter\CodeIgniter->handleRequest(null, Object(Config\Cache), false)
 7 SYSTEMPATH/Boot.php(325): CodeIgniter\CodeIgniter->run()
 8 SYSTEMPATH/Boot.php(67): CodeIgniter\Boot::runCodeIgniter(Object(CodeIgniter\CodeIgniter))
 9 FCPATH/index.php(56): CodeIgniter\Boot::bootWeb(Object(Config\Paths))
CRITICAL - 2024-09-20 17:00:02 --> ErrorException: Constant LANG already defined
[Method: GET, Route: CronJob/envia_avisos]
in APPPATH/Controllers/CronJob.php on line 18.
 1 [internal function]: CodeIgniter\Debug\Exceptions->errorHandler(2, 'Constant LANG already defined', '/home/next0355/dev.next1crm.com.br/app/Controllers/CronJob.php', 18)
 2 APPPATH/Controllers/CronJob.php(18): define('LANG', 'portuguese_br')
 3 APPPATH/Controllers/DynamicController.php(19): App\Controllers\CronJob->__construct()
 4 SYSTEMPATH/CodeIgniter.php(933): App\Controllers\DynamicController->execute('CronJob', 'envia_avisos')
 5 SYSTEMPATH/CodeIgniter.php(509): CodeIgniter\CodeIgniter->runController(Object(App\Controllers\DynamicController))
 6 SYSTEMPATH/CodeIgniter.php(355): CodeIgniter\CodeIgniter->handleRequest(null, Object(Config\Cache), false)
 7 SYSTEMPATH/Boot.php(325): CodeIgniter\CodeIgniter->run()
 8 SYSTEMPATH/Boot.php(67): CodeIgniter\Boot::runCodeIgniter(Object(CodeIgniter\CodeIgniter))
 9 FCPATH/index.php(56): CodeIgniter\Boot::bootWeb(Object(Config\Paths))
CRITICAL - 2024-09-20 17:15:03 --> ErrorException: Constant LANG already defined
[Method: GET, Route: CronJob/envia_avisos]
in APPPATH/Controllers/CronJob.php on line 18.
 1 [internal function]: CodeIgniter\Debug\Exceptions->errorHandler(2, 'Constant LANG already defined', '/home/next0355/dev.next1crm.com.br/app/Controllers/CronJob.php', 18)
 2 APPPATH/Controllers/CronJob.php(18): define('LANG', 'portuguese_br')
 3 APPPATH/Controllers/DynamicController.php(19): App\Controllers\CronJob->__construct()
 4 SYSTEMPATH/CodeIgniter.php(933): App\Controllers\DynamicController->execute('CronJob', 'envia_avisos')
 5 SYSTEMPATH/CodeIgniter.php(509): CodeIgniter\CodeIgniter->runController(Object(App\Controllers\DynamicController))
 6 SYSTEMPATH/CodeIgniter.php(355): CodeIgniter\CodeIgniter->handleRequest(null, Object(Config\Cache), false)
 7 SYSTEMPATH/Boot.php(325): CodeIgniter\CodeIgniter->run()
 8 SYSTEMPATH/Boot.php(67): CodeIgniter\Boot::runCodeIgniter(Object(CodeIgniter\CodeIgniter))
 9 FCPATH/index.php(56): CodeIgniter\Boot::bootWeb(Object(Config\Paths))
CRITICAL - 2024-09-20 17:30:02 --> ErrorException: Constant LANG already defined
[Method: GET, Route: CronJob/envia_avisos]
in APPPATH/Controllers/CronJob.php on line 18.
 1 [internal function]: CodeIgniter\Debug\Exceptions->errorHandler(2, 'Constant LANG already defined', '/home/next0355/dev.next1crm.com.br/app/Controllers/CronJob.php', 18)
 2 APPPATH/Controllers/CronJob.php(18): define('LANG', 'portuguese_br')
 3 APPPATH/Controllers/DynamicController.php(19): App\Controllers\CronJob->__construct()
 4 SYSTEMPATH/CodeIgniter.php(933): App\Controllers\DynamicController->execute('CronJob', 'envia_avisos')
 5 SYSTEMPATH/CodeIgniter.php(509): CodeIgniter\CodeIgniter->runController(Object(App\Controllers\DynamicController))
 6 SYSTEMPATH/CodeIgniter.php(355): CodeIgniter\CodeIgniter->handleRequest(null, Object(Config\Cache), false)
 7 SYSTEMPATH/Boot.php(325): CodeIgniter\CodeIgniter->run()
 8 SYSTEMPATH/Boot.php(67): CodeIgniter\Boot::runCodeIgniter(Object(CodeIgniter\CodeIgniter))
 9 FCPATH/index.php(56): CodeIgniter\Boot::bootWeb(Object(Config\Paths))
CRITICAL - 2024-09-20 17:45:02 --> ErrorException: Constant LANG already defined
[Method: GET, Route: CronJob/envia_avisos]
in APPPATH/Controllers/CronJob.php on line 18.
 1 [internal function]: CodeIgniter\Debug\Exceptions->errorHandler(2, 'Constant LANG already defined', '/home/next0355/dev.next1crm.com.br/app/Controllers/CronJob.php', 18)
 2 APPPATH/Controllers/CronJob.php(18): define('LANG', 'portuguese_br')
 3 APPPATH/Controllers/DynamicController.php(19): App\Controllers\CronJob->__construct()
 4 SYSTEMPATH/CodeIgniter.php(933): App\Controllers\DynamicController->execute('CronJob', 'envia_avisos')
 5 SYSTEMPATH/CodeIgniter.php(509): CodeIgniter\CodeIgniter->runController(Object(App\Controllers\DynamicController))
 6 SYSTEMPATH/CodeIgniter.php(355): CodeIgniter\CodeIgniter->handleRequest(null, Object(Config\Cache), false)
 7 SYSTEMPATH/Boot.php(325): CodeIgniter\CodeIgniter->run()
 8 SYSTEMPATH/Boot.php(67): CodeIgniter\Boot::runCodeIgniter(Object(CodeIgniter\CodeIgniter))
 9 FCPATH/index.php(56): CodeIgniter\Boot::bootWeb(Object(Config\Paths))
CRITICAL - 2024-09-20 18:00:02 --> ErrorException: Constant LANG already defined
[Method: GET, Route: CronJob/envia_avisos]
in APPPATH/Controllers/CronJob.php on line 18.
 1 [internal function]: CodeIgniter\Debug\Exceptions->errorHandler(2, 'Constant LANG already defined', '/home/next0355/dev.next1crm.com.br/app/Controllers/CronJob.php', 18)
 2 APPPATH/Controllers/CronJob.php(18): define('LANG', 'portuguese_br')
 3 APPPATH/Controllers/DynamicController.php(19): App\Controllers\CronJob->__construct()
 4 SYSTEMPATH/CodeIgniter.php(933): App\Controllers\DynamicController->execute('CronJob', 'envia_avisos')
 5 SYSTEMPATH/CodeIgniter.php(509): CodeIgniter\CodeIgniter->runController(Object(App\Controllers\DynamicController))
 6 SYSTEMPATH/CodeIgniter.php(355): CodeIgniter\CodeIgniter->handleRequest(null, Object(Config\Cache), false)
 7 SYSTEMPATH/Boot.php(325): CodeIgniter\CodeIgniter->run()
 8 SYSTEMPATH/Boot.php(67): CodeIgniter\Boot::runCodeIgniter(Object(CodeIgniter\CodeIgniter))
 9 FCPATH/index.php(56): CodeIgniter\Boot::bootWeb(Object(Config\Paths))
CRITICAL - 2024-09-20 18:15:02 --> ErrorException: Constant LANG already defined
[Method: GET, Route: CronJob/envia_avisos]
in APPPATH/Controllers/CronJob.php on line 18.
 1 [internal function]: CodeIgniter\Debug\Exceptions->errorHandler(2, 'Constant LANG already defined', '/home/next0355/dev.next1crm.com.br/app/Controllers/CronJob.php', 18)
 2 APPPATH/Controllers/CronJob.php(18): define('LANG', 'portuguese_br')
 3 APPPATH/Controllers/DynamicController.php(19): App\Controllers\CronJob->__construct()
 4 SYSTEMPATH/CodeIgniter.php(933): App\Controllers\DynamicController->execute('CronJob', 'envia_avisos')
 5 SYSTEMPATH/CodeIgniter.php(509): CodeIgniter\CodeIgniter->runController(Object(App\Controllers\DynamicController))
 6 SYSTEMPATH/CodeIgniter.php(355): CodeIgniter\CodeIgniter->handleRequest(null, Object(Config\Cache), false)
 7 SYSTEMPATH/Boot.php(325): CodeIgniter\CodeIgniter->run()
 8 SYSTEMPATH/Boot.php(67): CodeIgniter\Boot::runCodeIgniter(Object(CodeIgniter\CodeIgniter))
 9 FCPATH/index.php(56): CodeIgniter\Boot::bootWeb(Object(Config\Paths))
CRITICAL - 2024-09-20 18:30:02 --> ErrorException: Constant LANG already defined
[Method: GET, Route: CronJob/envia_avisos]
in APPPATH/Controllers/CronJob.php on line 18.
 1 [internal function]: CodeIgniter\Debug\Exceptions->errorHandler(2, 'Constant LANG already defined', '/home/next0355/dev.next1crm.com.br/app/Controllers/CronJob.php', 18)
 2 APPPATH/Controllers/CronJob.php(18): define('LANG', 'portuguese_br')
 3 APPPATH/Controllers/DynamicController.php(19): App\Controllers\CronJob->__construct()
 4 SYSTEMPATH/CodeIgniter.php(933): App\Controllers\DynamicController->execute('CronJob', 'envia_avisos')
 5 SYSTEMPATH/CodeIgniter.php(509): CodeIgniter\CodeIgniter->runController(Object(App\Controllers\DynamicController))
 6 SYSTEMPATH/CodeIgniter.php(355): CodeIgniter\CodeIgniter->handleRequest(null, Object(Config\Cache), false)
 7 SYSTEMPATH/Boot.php(325): CodeIgniter\CodeIgniter->run()
 8 SYSTEMPATH/Boot.php(67): CodeIgniter\Boot::runCodeIgniter(Object(CodeIgniter\CodeIgniter))
 9 FCPATH/index.php(56): CodeIgniter\Boot::bootWeb(Object(Config\Paths))
CRITICAL - 2024-09-20 18:45:02 --> ErrorException: Constant LANG already defined
[Method: GET, Route: CronJob/envia_avisos]
in APPPATH/Controllers/CronJob.php on line 18.
 1 [internal function]: CodeIgniter\Debug\Exceptions->errorHandler(2, 'Constant LANG already defined', '/home/next0355/dev.next1crm.com.br/app/Controllers/CronJob.php', 18)
 2 APPPATH/Controllers/CronJob.php(18): define('LANG', 'portuguese_br')
 3 APPPATH/Controllers/DynamicController.php(19): App\Controllers\CronJob->__construct()
 4 SYSTEMPATH/CodeIgniter.php(933): App\Controllers\DynamicController->execute('CronJob', 'envia_avisos')
 5 SYSTEMPATH/CodeIgniter.php(509): CodeIgniter\CodeIgniter->runController(Object(App\Controllers\DynamicController))
 6 SYSTEMPATH/CodeIgniter.php(355): CodeIgniter\CodeIgniter->handleRequest(null, Object(Config\Cache), false)
 7 SYSTEMPATH/Boot.php(325): CodeIgniter\CodeIgniter->run()
 8 SYSTEMPATH/Boot.php(67): CodeIgniter\Boot::runCodeIgniter(Object(CodeIgniter\CodeIgniter))
 9 FCPATH/index.php(56): CodeIgniter\Boot::bootWeb(Object(Config\Paths))
CRITICAL - 2024-09-20 19:00:03 --> ErrorException: Constant LANG already defined
[Method: GET, Route: CronJob/envia_avisos]
in APPPATH/Controllers/CronJob.php on line 18.
 1 [internal function]: CodeIgniter\Debug\Exceptions->errorHandler(2, 'Constant LANG already defined', '/home/next0355/dev.next1crm.com.br/app/Controllers/CronJob.php', 18)
 2 APPPATH/Controllers/CronJob.php(18): define('LANG', 'portuguese_br')
 3 APPPATH/Controllers/DynamicController.php(19): App\Controllers\CronJob->__construct()
 4 SYSTEMPATH/CodeIgniter.php(933): App\Controllers\DynamicController->execute('CronJob', 'envia_avisos')
 5 SYSTEMPATH/CodeIgniter.php(509): CodeIgniter\CodeIgniter->runController(Object(App\Controllers\DynamicController))
 6 SYSTEMPATH/CodeIgniter.php(355): CodeIgniter\CodeIgniter->handleRequest(null, Object(Config\Cache), false)
 7 SYSTEMPATH/Boot.php(325): CodeIgniter\CodeIgniter->run()
 8 SYSTEMPATH/Boot.php(67): CodeIgniter\Boot::runCodeIgniter(Object(CodeIgniter\CodeIgniter))
 9 FCPATH/index.php(56): CodeIgniter\Boot::bootWeb(Object(Config\Paths))
CRITICAL - 2024-09-20 19:15:02 --> ErrorException: Constant LANG already defined
[Method: GET, Route: CronJob/envia_avisos]
in APPPATH/Controllers/CronJob.php on line 18.
 1 [internal function]: CodeIgniter\Debug\Exceptions->errorHandler(2, 'Constant LANG already defined', '/home/next0355/dev.next1crm.com.br/app/Controllers/CronJob.php', 18)
 2 APPPATH/Controllers/CronJob.php(18): define('LANG', 'portuguese_br')
 3 APPPATH/Controllers/DynamicController.php(19): App\Controllers\CronJob->__construct()
 4 SYSTEMPATH/CodeIgniter.php(933): App\Controllers\DynamicController->execute('CronJob', 'envia_avisos')
 5 SYSTEMPATH/CodeIgniter.php(509): CodeIgniter\CodeIgniter->runController(Object(App\Controllers\DynamicController))
 6 SYSTEMPATH/CodeIgniter.php(355): CodeIgniter\CodeIgniter->handleRequest(null, Object(Config\Cache), false)
 7 SYSTEMPATH/Boot.php(325): CodeIgniter\CodeIgniter->run()
 8 SYSTEMPATH/Boot.php(67): CodeIgniter\Boot::runCodeIgniter(Object(CodeIgniter\CodeIgniter))
 9 FCPATH/index.php(56): CodeIgniter\Boot::bootWeb(Object(Config\Paths))
CRITICAL - 2024-09-20 19:30:02 --> ErrorException: Constant LANG already defined
[Method: GET, Route: CronJob/envia_avisos]
in APPPATH/Controllers/CronJob.php on line 18.
 1 [internal function]: CodeIgniter\Debug\Exceptions->errorHandler(2, 'Constant LANG already defined', '/home/next0355/dev.next1crm.com.br/app/Controllers/CronJob.php', 18)
 2 APPPATH/Controllers/CronJob.php(18): define('LANG', 'portuguese_br')
 3 APPPATH/Controllers/DynamicController.php(19): App\Controllers\CronJob->__construct()
 4 SYSTEMPATH/CodeIgniter.php(933): App\Controllers\DynamicController->execute('CronJob', 'envia_avisos')
 5 SYSTEMPATH/CodeIgniter.php(509): CodeIgniter\CodeIgniter->runController(Object(App\Controllers\DynamicController))
 6 SYSTEMPATH/CodeIgniter.php(355): CodeIgniter\CodeIgniter->handleRequest(null, Object(Config\Cache), false)
 7 SYSTEMPATH/Boot.php(325): CodeIgniter\CodeIgniter->run()
 8 SYSTEMPATH/Boot.php(67): CodeIgniter\Boot::runCodeIgniter(Object(CodeIgniter\CodeIgniter))
 9 FCPATH/index.php(56): CodeIgniter\Boot::bootWeb(Object(Config\Paths))
CRITICAL - 2024-09-20 19:45:03 --> ErrorException: Constant LANG already defined
[Method: GET, Route: CronJob/envia_avisos]
in APPPATH/Controllers/CronJob.php on line 18.
 1 [internal function]: CodeIgniter\Debug\Exceptions->errorHandler(2, 'Constant LANG already defined', '/home/next0355/dev.next1crm.com.br/app/Controllers/CronJob.php', 18)
 2 APPPATH/Controllers/CronJob.php(18): define('LANG', 'portuguese_br')
 3 APPPATH/Controllers/DynamicController.php(19): App\Controllers\CronJob->__construct()
 4 SYSTEMPATH/CodeIgniter.php(933): App\Controllers\DynamicController->execute('CronJob', 'envia_avisos')
 5 SYSTEMPATH/CodeIgniter.php(509): CodeIgniter\CodeIgniter->runController(Object(App\Controllers\DynamicController))
 6 SYSTEMPATH/CodeIgniter.php(355): CodeIgniter\CodeIgniter->handleRequest(null, Object(Config\Cache), false)
 7 SYSTEMPATH/Boot.php(325): CodeIgniter\CodeIgniter->run()
 8 SYSTEMPATH/Boot.php(67): CodeIgniter\Boot::runCodeIgniter(Object(CodeIgniter\CodeIgniter))
 9 FCPATH/index.php(56): CodeIgniter\Boot::bootWeb(Object(Config\Paths))
CRITICAL - 2024-09-20 20:00:02 --> ErrorException: Constant LANG already defined
[Method: GET, Route: CronJob/envia_avisos]
in APPPATH/Controllers/CronJob.php on line 18.
 1 [internal function]: CodeIgniter\Debug\Exceptions->errorHandler(2, 'Constant LANG already defined', '/home/next0355/dev.next1crm.com.br/app/Controllers/CronJob.php', 18)
 2 APPPATH/Controllers/CronJob.php(18): define('LANG', 'portuguese_br')
 3 APPPATH/Controllers/DynamicController.php(19): App\Controllers\CronJob->__construct()
 4 SYSTEMPATH/CodeIgniter.php(933): App\Controllers\DynamicController->execute('CronJob', 'envia_avisos')
 5 SYSTEMPATH/CodeIgniter.php(509): CodeIgniter\CodeIgniter->runController(Object(App\Controllers\DynamicController))
 6 SYSTEMPATH/CodeIgniter.php(355): CodeIgniter\CodeIgniter->handleRequest(null, Object(Config\Cache), false)
 7 SYSTEMPATH/Boot.php(325): CodeIgniter\CodeIgniter->run()
 8 SYSTEMPATH/Boot.php(67): CodeIgniter\Boot::runCodeIgniter(Object(CodeIgniter\CodeIgniter))
 9 FCPATH/index.php(56): CodeIgniter\Boot::bootWeb(Object(Config\Paths))
CRITICAL - 2024-09-20 20:15:02 --> ErrorException: Constant LANG already defined
[Method: GET, Route: CronJob/envia_avisos]
in APPPATH/Controllers/CronJob.php on line 18.
 1 [internal function]: CodeIgniter\Debug\Exceptions->errorHandler(2, 'Constant LANG already defined', '/home/next0355/dev.next1crm.com.br/app/Controllers/CronJob.php', 18)
 2 APPPATH/Controllers/CronJob.php(18): define('LANG', 'portuguese_br')
 3 APPPATH/Controllers/DynamicController.php(19): App\Controllers\CronJob->__construct()
 4 SYSTEMPATH/CodeIgniter.php(933): App\Controllers\DynamicController->execute('CronJob', 'envia_avisos')
 5 SYSTEMPATH/CodeIgniter.php(509): CodeIgniter\CodeIgniter->runController(Object(App\Controllers\DynamicController))
 6 SYSTEMPATH/CodeIgniter.php(355): CodeIgniter\CodeIgniter->handleRequest(null, Object(Config\Cache), false)
 7 SYSTEMPATH/Boot.php(325): CodeIgniter\CodeIgniter->run()
 8 SYSTEMPATH/Boot.php(67): CodeIgniter\Boot::runCodeIgniter(Object(CodeIgniter\CodeIgniter))
 9 FCPATH/index.php(56): CodeIgniter\Boot::bootWeb(Object(Config\Paths))
CRITICAL - 2024-09-20 20:30:02 --> ErrorException: Constant LANG already defined
[Method: GET, Route: CronJob/envia_avisos]
in APPPATH/Controllers/CronJob.php on line 18.
 1 [internal function]: CodeIgniter\Debug\Exceptions->errorHandler(2, 'Constant LANG already defined', '/home/next0355/dev.next1crm.com.br/app/Controllers/CronJob.php', 18)
 2 APPPATH/Controllers/CronJob.php(18): define('LANG', 'portuguese_br')
 3 APPPATH/Controllers/DynamicController.php(19): App\Controllers\CronJob->__construct()
 4 SYSTEMPATH/CodeIgniter.php(933): App\Controllers\DynamicController->execute('CronJob', 'envia_avisos')
 5 SYSTEMPATH/CodeIgniter.php(509): CodeIgniter\CodeIgniter->runController(Object(App\Controllers\DynamicController))
 6 SYSTEMPATH/CodeIgniter.php(355): CodeIgniter\CodeIgniter->handleRequest(null, Object(Config\Cache), false)
 7 SYSTEMPATH/Boot.php(325): CodeIgniter\CodeIgniter->run()
 8 SYSTEMPATH/Boot.php(67): CodeIgniter\Boot::runCodeIgniter(Object(CodeIgniter\CodeIgniter))
 9 FCPATH/index.php(56): CodeIgniter\Boot::bootWeb(Object(Config\Paths))
CRITICAL - 2024-09-20 20:45:02 --> ErrorException: Constant LANG already defined
[Method: GET, Route: CronJob/envia_avisos]
in APPPATH/Controllers/CronJob.php on line 18.
 1 [internal function]: CodeIgniter\Debug\Exceptions->errorHandler(2, 'Constant LANG already defined', '/home/next0355/dev.next1crm.com.br/app/Controllers/CronJob.php', 18)
 2 APPPATH/Controllers/CronJob.php(18): define('LANG', 'portuguese_br')
 3 APPPATH/Controllers/DynamicController.php(19): App\Controllers\CronJob->__construct()
 4 SYSTEMPATH/CodeIgniter.php(933): App\Controllers\DynamicController->execute('CronJob', 'envia_avisos')
 5 SYSTEMPATH/CodeIgniter.php(509): CodeIgniter\CodeIgniter->runController(Object(App\Controllers\DynamicController))
 6 SYSTEMPATH/CodeIgniter.php(355): CodeIgniter\CodeIgniter->handleRequest(null, Object(Config\Cache), false)
 7 SYSTEMPATH/Boot.php(325): CodeIgniter\CodeIgniter->run()
 8 SYSTEMPATH/Boot.php(67): CodeIgniter\Boot::runCodeIgniter(Object(CodeIgniter\CodeIgniter))
 9 FCPATH/index.php(56): CodeIgniter\Boot::bootWeb(Object(Config\Paths))
CRITICAL - 2024-09-20 21:00:03 --> ErrorException: Constant LANG already defined
[Method: GET, Route: CronJob/envia_avisos]
in APPPATH/Controllers/CronJob.php on line 18.
 1 [internal function]: CodeIgniter\Debug\Exceptions->errorHandler(2, 'Constant LANG already defined', '/home/next0355/dev.next1crm.com.br/app/Controllers/CronJob.php', 18)
 2 APPPATH/Controllers/CronJob.php(18): define('LANG', 'portuguese_br')
 3 APPPATH/Controllers/DynamicController.php(19): App\Controllers\CronJob->__construct()
 4 SYSTEMPATH/CodeIgniter.php(933): App\Controllers\DynamicController->execute('CronJob', 'envia_avisos')
 5 SYSTEMPATH/CodeIgniter.php(509): CodeIgniter\CodeIgniter->runController(Object(App\Controllers\DynamicController))
 6 SYSTEMPATH/CodeIgniter.php(355): CodeIgniter\CodeIgniter->handleRequest(null, Object(Config\Cache), false)
 7 SYSTEMPATH/Boot.php(325): CodeIgniter\CodeIgniter->run()
 8 SYSTEMPATH/Boot.php(67): CodeIgniter\Boot::runCodeIgniter(Object(CodeIgniter\CodeIgniter))
 9 FCPATH/index.php(56): CodeIgniter\Boot::bootWeb(Object(Config\Paths))
CRITICAL - 2024-09-20 21:15:02 --> ErrorException: Constant LANG already defined
[Method: GET, Route: CronJob/envia_avisos]
in APPPATH/Controllers/CronJob.php on line 18.
 1 [internal function]: CodeIgniter\Debug\Exceptions->errorHandler(2, 'Constant LANG already defined', '/home/next0355/dev.next1crm.com.br/app/Controllers/CronJob.php', 18)
 2 APPPATH/Controllers/CronJob.php(18): define('LANG', 'portuguese_br')
 3 APPPATH/Controllers/DynamicController.php(19): App\Controllers\CronJob->__construct()
 4 SYSTEMPATH/CodeIgniter.php(933): App\Controllers\DynamicController->execute('CronJob', 'envia_avisos')
 5 SYSTEMPATH/CodeIgniter.php(509): CodeIgniter\CodeIgniter->runController(Object(App\Controllers\DynamicController))
 6 SYSTEMPATH/CodeIgniter.php(355): CodeIgniter\CodeIgniter->handleRequest(null, Object(Config\Cache), false)
 7 SYSTEMPATH/Boot.php(325): CodeIgniter\CodeIgniter->run()
 8 SYSTEMPATH/Boot.php(67): CodeIgniter\Boot::runCodeIgniter(Object(CodeIgniter\CodeIgniter))
 9 FCPATH/index.php(56): CodeIgniter\Boot::bootWeb(Object(Config\Paths))
CRITICAL - 2024-09-20 21:30:02 --> ErrorException: Constant LANG already defined
[Method: GET, Route: CronJob/envia_avisos]
in APPPATH/Controllers/CronJob.php on line 18.
 1 [internal function]: CodeIgniter\Debug\Exceptions->errorHandler(2, 'Constant LANG already defined', '/home/next0355/dev.next1crm.com.br/app/Controllers/CronJob.php', 18)
 2 APPPATH/Controllers/CronJob.php(18): define('LANG', 'portuguese_br')
 3 APPPATH/Controllers/DynamicController.php(19): App\Controllers\CronJob->__construct()
 4 SYSTEMPATH/CodeIgniter.php(933): App\Controllers\DynamicController->execute('CronJob', 'envia_avisos')
 5 SYSTEMPATH/CodeIgniter.php(509): CodeIgniter\CodeIgniter->runController(Object(App\Controllers\DynamicController))
 6 SYSTEMPATH/CodeIgniter.php(355): CodeIgniter\CodeIgniter->handleRequest(null, Object(Config\Cache), false)
 7 SYSTEMPATH/Boot.php(325): CodeIgniter\CodeIgniter->run()
 8 SYSTEMPATH/Boot.php(67): CodeIgniter\Boot::runCodeIgniter(Object(CodeIgniter\CodeIgniter))
 9 FCPATH/index.php(56): CodeIgniter\Boot::bootWeb(Object(Config\Paths))
CRITICAL - 2024-09-20 21:45:02 --> ErrorException: Constant LANG already defined
[Method: GET, Route: CronJob/envia_avisos]
in APPPATH/Controllers/CronJob.php on line 18.
 1 [internal function]: CodeIgniter\Debug\Exceptions->errorHandler(2, 'Constant LANG already defined', '/home/next0355/dev.next1crm.com.br/app/Controllers/CronJob.php', 18)
 2 APPPATH/Controllers/CronJob.php(18): define('LANG', 'portuguese_br')
 3 APPPATH/Controllers/DynamicController.php(19): App\Controllers\CronJob->__construct()
 4 SYSTEMPATH/CodeIgniter.php(933): App\Controllers\DynamicController->execute('CronJob', 'envia_avisos')
 5 SYSTEMPATH/CodeIgniter.php(509): CodeIgniter\CodeIgniter->runController(Object(App\Controllers\DynamicController))
 6 SYSTEMPATH/CodeIgniter.php(355): CodeIgniter\CodeIgniter->handleRequest(null, Object(Config\Cache), false)
 7 SYSTEMPATH/Boot.php(325): CodeIgniter\CodeIgniter->run()
 8 SYSTEMPATH/Boot.php(67): CodeIgniter\Boot::runCodeIgniter(Object(CodeIgniter\CodeIgniter))
 9 FCPATH/index.php(56): CodeIgniter\Boot::bootWeb(Object(Config\Paths))
CRITICAL - 2024-09-20 22:00:03 --> ErrorException: Constant LANG already defined
[Method: GET, Route: CronJob/envia_avisos]
in APPPATH/Controllers/CronJob.php on line 18.
 1 [internal function]: CodeIgniter\Debug\Exceptions->errorHandler(2, 'Constant LANG already defined', '/home/next0355/dev.next1crm.com.br/app/Controllers/CronJob.php', 18)
 2 APPPATH/Controllers/CronJob.php(18): define('LANG', 'portuguese_br')
 3 APPPATH/Controllers/DynamicController.php(19): App\Controllers\CronJob->__construct()
 4 SYSTEMPATH/CodeIgniter.php(933): App\Controllers\DynamicController->execute('CronJob', 'envia_avisos')
 5 SYSTEMPATH/CodeIgniter.php(509): CodeIgniter\CodeIgniter->runController(Object(App\Controllers\DynamicController))
 6 SYSTEMPATH/CodeIgniter.php(355): CodeIgniter\CodeIgniter->handleRequest(null, Object(Config\Cache), false)
 7 SYSTEMPATH/Boot.php(325): CodeIgniter\CodeIgniter->run()
 8 SYSTEMPATH/Boot.php(67): CodeIgniter\Boot::runCodeIgniter(Object(CodeIgniter\CodeIgniter))
 9 FCPATH/index.php(56): CodeIgniter\Boot::bootWeb(Object(Config\Paths))
CRITICAL - 2024-09-20 22:15:03 --> ErrorException: Constant LANG already defined
[Method: GET, Route: CronJob/envia_avisos]
in APPPATH/Controllers/CronJob.php on line 18.
 1 [internal function]: CodeIgniter\Debug\Exceptions->errorHandler(2, 'Constant LANG already defined', '/home/next0355/dev.next1crm.com.br/app/Controllers/CronJob.php', 18)
 2 APPPATH/Controllers/CronJob.php(18): define('LANG', 'portuguese_br')
 3 APPPATH/Controllers/DynamicController.php(19): App\Controllers\CronJob->__construct()
 4 SYSTEMPATH/CodeIgniter.php(933): App\Controllers\DynamicController->execute('CronJob', 'envia_avisos')
 5 SYSTEMPATH/CodeIgniter.php(509): CodeIgniter\CodeIgniter->runController(Object(App\Controllers\DynamicController))
 6 SYSTEMPATH/CodeIgniter.php(355): CodeIgniter\CodeIgniter->handleRequest(null, Object(Config\Cache), false)
 7 SYSTEMPATH/Boot.php(325): CodeIgniter\CodeIgniter->run()
 8 SYSTEMPATH/Boot.php(67): CodeIgniter\Boot::runCodeIgniter(Object(CodeIgniter\CodeIgniter))
 9 FCPATH/index.php(56): CodeIgniter\Boot::bootWeb(Object(Config\Paths))
CRITICAL - 2024-09-20 22:30:03 --> ErrorException: Constant LANG already defined
[Method: GET, Route: CronJob/envia_avisos]
in APPPATH/Controllers/CronJob.php on line 18.
 1 [internal function]: CodeIgniter\Debug\Exceptions->errorHandler(2, 'Constant LANG already defined', '/home/next0355/dev.next1crm.com.br/app/Controllers/CronJob.php', 18)
 2 APPPATH/Controllers/CronJob.php(18): define('LANG', 'portuguese_br')
 3 APPPATH/Controllers/DynamicController.php(19): App\Controllers\CronJob->__construct()
 4 SYSTEMPATH/CodeIgniter.php(933): App\Controllers\DynamicController->execute('CronJob', 'envia_avisos')
 5 SYSTEMPATH/CodeIgniter.php(509): CodeIgniter\CodeIgniter->runController(Object(App\Controllers\DynamicController))
 6 SYSTEMPATH/CodeIgniter.php(355): CodeIgniter\CodeIgniter->handleRequest(null, Object(Config\Cache), false)
 7 SYSTEMPATH/Boot.php(325): CodeIgniter\CodeIgniter->run()
 8 SYSTEMPATH/Boot.php(67): CodeIgniter\Boot::runCodeIgniter(Object(CodeIgniter\CodeIgniter))
 9 FCPATH/index.php(56): CodeIgniter\Boot::bootWeb(Object(Config\Paths))
CRITICAL - 2024-09-20 22:45:02 --> ErrorException: Constant LANG already defined
[Method: GET, Route: CronJob/envia_avisos]
in APPPATH/Controllers/CronJob.php on line 18.
 1 [internal function]: CodeIgniter\Debug\Exceptions->errorHandler(2, 'Constant LANG already defined', '/home/next0355/dev.next1crm.com.br/app/Controllers/CronJob.php', 18)
 2 APPPATH/Controllers/CronJob.php(18): define('LANG', 'portuguese_br')
 3 APPPATH/Controllers/DynamicController.php(19): App\Controllers\CronJob->__construct()
 4 SYSTEMPATH/CodeIgniter.php(933): App\Controllers\DynamicController->execute('CronJob', 'envia_avisos')
 5 SYSTEMPATH/CodeIgniter.php(509): CodeIgniter\CodeIgniter->runController(Object(App\Controllers\DynamicController))
 6 SYSTEMPATH/CodeIgniter.php(355): CodeIgniter\CodeIgniter->handleRequest(null, Object(Config\Cache), false)
 7 SYSTEMPATH/Boot.php(325): CodeIgniter\CodeIgniter->run()
 8 SYSTEMPATH/Boot.php(67): CodeIgniter\Boot::runCodeIgniter(Object(CodeIgniter\CodeIgniter))
 9 FCPATH/index.php(56): CodeIgniter\Boot::bootWeb(Object(Config\Paths))
CRITICAL - 2024-09-20 23:00:02 --> ErrorException: Constant LANG already defined
[Method: GET, Route: CronJob/envia_avisos]
in APPPATH/Controllers/CronJob.php on line 18.
 1 [internal function]: CodeIgniter\Debug\Exceptions->errorHandler(2, 'Constant LANG already defined', '/home/next0355/dev.next1crm.com.br/app/Controllers/CronJob.php', 18)
 2 APPPATH/Controllers/CronJob.php(18): define('LANG', 'portuguese_br')
 3 APPPATH/Controllers/DynamicController.php(19): App\Controllers\CronJob->__construct()
 4 SYSTEMPATH/CodeIgniter.php(933): App\Controllers\DynamicController->execute('CronJob', 'envia_avisos')
 5 SYSTEMPATH/CodeIgniter.php(509): CodeIgniter\CodeIgniter->runController(Object(App\Controllers\DynamicController))
 6 SYSTEMPATH/CodeIgniter.php(355): CodeIgniter\CodeIgniter->handleRequest(null, Object(Config\Cache), false)
 7 SYSTEMPATH/Boot.php(325): CodeIgniter\CodeIgniter->run()
 8 SYSTEMPATH/Boot.php(67): CodeIgniter\Boot::runCodeIgniter(Object(CodeIgniter\CodeIgniter))
 9 FCPATH/index.php(56): CodeIgniter\Boot::bootWeb(Object(Config\Paths))
CRITICAL - 2024-09-20 23:15:03 --> ErrorException: Constant LANG already defined
[Method: GET, Route: CronJob/envia_avisos]
in APPPATH/Controllers/CronJob.php on line 18.
 1 [internal function]: CodeIgniter\Debug\Exceptions->errorHandler(2, 'Constant LANG already defined', '/home/next0355/dev.next1crm.com.br/app/Controllers/CronJob.php', 18)
 2 APPPATH/Controllers/CronJob.php(18): define('LANG', 'portuguese_br')
 3 APPPATH/Controllers/DynamicController.php(19): App\Controllers\CronJob->__construct()
 4 SYSTEMPATH/CodeIgniter.php(933): App\Controllers\DynamicController->execute('CronJob', 'envia_avisos')
 5 SYSTEMPATH/CodeIgniter.php(509): CodeIgniter\CodeIgniter->runController(Object(App\Controllers\DynamicController))
 6 SYSTEMPATH/CodeIgniter.php(355): CodeIgniter\CodeIgniter->handleRequest(null, Object(Config\Cache), false)
 7 SYSTEMPATH/Boot.php(325): CodeIgniter\CodeIgniter->run()
 8 SYSTEMPATH/Boot.php(67): CodeIgniter\Boot::runCodeIgniter(Object(CodeIgniter\CodeIgniter))
 9 FCPATH/index.php(56): CodeIgniter\Boot::bootWeb(Object(Config\Paths))
CRITICAL - 2024-09-20 23:30:02 --> ErrorException: Constant LANG already defined
[Method: GET, Route: CronJob/envia_avisos]
in APPPATH/Controllers/CronJob.php on line 18.
 1 [internal function]: CodeIgniter\Debug\Exceptions->errorHandler(2, 'Constant LANG already defined', '/home/next0355/dev.next1crm.com.br/app/Controllers/CronJob.php', 18)
 2 APPPATH/Controllers/CronJob.php(18): define('LANG', 'portuguese_br')
 3 APPPATH/Controllers/DynamicController.php(19): App\Controllers\CronJob->__construct()
 4 SYSTEMPATH/CodeIgniter.php(933): App\Controllers\DynamicController->execute('CronJob', 'envia_avisos')
 5 SYSTEMPATH/CodeIgniter.php(509): CodeIgniter\CodeIgniter->runController(Object(App\Controllers\DynamicController))
 6 SYSTEMPATH/CodeIgniter.php(355): CodeIgniter\CodeIgniter->handleRequest(null, Object(Config\Cache), false)
 7 SYSTEMPATH/Boot.php(325): CodeIgniter\CodeIgniter->run()
 8 SYSTEMPATH/Boot.php(67): CodeIgniter\Boot::runCodeIgniter(Object(CodeIgniter\CodeIgniter))
 9 FCPATH/index.php(56): CodeIgniter\Boot::bootWeb(Object(Config\Paths))
CRITICAL - 2024-09-20 23:45:02 --> ErrorException: Constant LANG already defined
[Method: GET, Route: CronJob/envia_avisos]
in APPPATH/Controllers/CronJob.php on line 18.
 1 [internal function]: CodeIgniter\Debug\Exceptions->errorHandler(2, 'Constant LANG already defined', '/home/next0355/dev.next1crm.com.br/app/Controllers/CronJob.php', 18)
 2 APPPATH/Controllers/CronJob.php(18): define('LANG', 'portuguese_br')
 3 APPPATH/Controllers/DynamicController.php(19): App\Controllers\CronJob->__construct()
 4 SYSTEMPATH/CodeIgniter.php(933): App\Controllers\DynamicController->execute('CronJob', 'envia_avisos')
 5 SYSTEMPATH/CodeIgniter.php(509): CodeIgniter\CodeIgniter->runController(Object(App\Controllers\DynamicController))
 6 SYSTEMPATH/CodeIgniter.php(355): CodeIgniter\CodeIgniter->handleRequest(null, Object(Config\Cache), false)
 7 SYSTEMPATH/Boot.php(325): CodeIgniter\CodeIgniter->run()
 8 SYSTEMPATH/Boot.php(67): CodeIgniter\Boot::runCodeIgniter(Object(CodeIgniter\CodeIgniter))
 9 FCPATH/index.php(56): CodeIgniter\Boot::bootWeb(Object(Config\Paths))
